# Plot Type : plot_data 
# 
# X-axis    : \frEnergy (keV) 
# Y-Axis    : \frCounts s\u-1\d keV\u-1\d 
# Residual  : NONE 
# 
# Index-   1,  Model Plotted-       no,  Data File: heg_m1.pha/part=1/order=-1,   Scale: 1.0000e+00 
# 
# Background included in data and model-    no 
# 
# XAXIS_COLS   :   1 set  (X 2 columns - bin_lo, bin_hi)
# DATA_COLS    :   1 set  (X 2 columns - Data, Error)
# 
#         X_LO          X_HI    DATA_VALUE    DATA_ERROR
0.5772075653076172  0.5772747397422791           0.0  1.6442555553436855
0.5772747397422791  0.5773419737815857           0.0  1.642797881979019
0.5773419737815857  0.5774091482162476           0.0  1.6442555553436855
0.5774091482162476  0.577476441860199           0.0  1.641342790852377
0.577476441860199  0.5775436758995056           0.0  1.642797881979019
0.5775436758995056  0.5776109099388123           0.0  1.642797881979019
0.5776109099388123  0.5776782035827637           0.0  1.641342790852377
0.5776782035827637  0.5777454972267151           0.0  1.641342790852377
0.5777454972267151  0.5778127908706665           0.0  1.641342790852377
0.5778127908706665  0.5778801441192627           0.0  1.6398902751082598
0.5778801441192627  0.5779474973678589           0.0  1.6398902751082598
0.5779474973678589  0.5780148506164551           0.0  1.6398902751082598
0.5780148506164551  0.5780822038650513           0.0  1.6398902751082598
0.5780822038650513  0.5781496167182922           0.0  1.6384403279154143
0.5781496167182922  0.5782170295715332           0.0  1.6384403279154143
0.5782170295715332  0.5782844424247742           0.0  1.6384403279154143
0.5782844424247742  0.5783519148826599           0.0  1.6369929424667258
0.5783519148826599  0.5784193277359009           0.0  1.6384403279154143
0.5784193277359009  0.5784868001937866           0.0  1.6369929424667258
0.5784868001937866  0.5785542726516724           0.0  1.6369929424667258
0.5785542726516724  0.5786218047142029           0.0  1.6355481119791115
0.5786218047142029  0.5786893367767334           0.0  1.6355481119791115
0.5786893367767334  0.5787568688392639           0.0  1.6355481119791115
0.5787568688392639  0.5788244009017944           0.0  1.6355481119791115
0.5788244009017944  0.578891932964325           0.0  1.6355481119791115
0.578891932964325  0.5789595246315002           0.0  1.6341058296934161
0.5789595246315002  0.5790271162986755           0.0  1.6341058296934161
0.5790271162986755  0.5790947675704956           0.0  1.632666088874303
0.5790947675704956  0.5791623592376709           0.0  1.6341058296934161
0.5791623592376709  0.579230010509491           0.0  1.632666088874303
0.579230010509491  0.579297661781311           0.0  1.632666088874303
0.579297661781311  0.5793653726577759           0.0  1.631228882810153
0.5793653726577759  0.5794330239295959           0.0  1.632666088874303
0.5794330239295959  0.5795007348060608           0.0  1.631228882810153
0.5795007348060608  0.5795684456825256           0.0  1.631228882810153
0.5795684456825256  0.5796362161636353           0.0  1.6297942048129586
0.5796362161636353  0.5797039866447449           0.0  1.6297942048129586
0.5797039866447449  0.5797717571258545           0.0  1.6297942048129586
0.5797717571258545  0.5798395276069641           0.0  1.6297942048129586
0.5798395276069641  0.5799072980880737           0.0  1.6297942048129586
0.5799072980880737  0.5799751281738281           0.0  1.6283620482182195
0.5799751281738281  0.5800429582595825           0.0  1.6283620482182195
0.5800429582595825  0.5801108479499817           0.0  1.626932406384841
0.5801108479499817  0.5801786780357361           0.0  1.6283620482182195
0.5801786780357361  0.5802465677261353           0.0  1.626932406384841
0.5802465677261353  0.5803144574165344           0.0  1.626932406384841
0.5803144574165344  0.5803824067115784           0.0  1.6255052726950296
0.5803824067115784  0.5804502964019775           0.0  1.626932406384841
0.5804502964019775  0.5805182456970215           0.0  1.6255052726950296
0.5805182456970215  0.5805861949920654           0.0  1.6255052726950296
0.5805861949920654  0.5806542038917542           0.0  1.6240806405541925
0.5806542038917542  0.5807221531867981           0.0  1.6255052726950296
0.5807221531867981  0.5807901620864868           0.0  1.6240806405541925
0.5807901620864868  0.5808582305908203           0.0  1.6226585033908352
0.5808582305908203  0.580926239490509           0.0  1.6240806405541925
0.580926239490509  0.5809943079948425           0.0  1.6226585033908352
0.5809943079948425  0.581062376499176           0.0  1.6226585033908352
0.581062376499176  0.5811304450035095           0.0  1.6226585033908352
0.5811304450035095  0.5811985731124878           0.0  1.62123885465646
0.5811985731124878  0.5812667012214661           0.0  1.62123885465646
0.5812667012214661  0.5813348293304443           0.0  1.62123885465646
0.5813348293304443  0.5814029574394226           0.0  1.62123885465646
0.5814029574394226  0.5814711451530457           0.0  1.6198216878254665
0.5814711451530457  0.5815393328666687           0.0  1.6198216878254665
0.5815393328666687  0.5816075205802917           0.0  1.6198216878254665
0.5816075205802917  0.5816757678985596           0.0  1.6184069963950514
0.5816757678985596  0.5817439556121826           0.0  1.6198216878254665
0.5817439556121826  0.5818122029304504           0.0  1.6184069963950514
0.5818122029304504  0.581880509853363           0.0  1.616994773885108
0.581880509853363  0.5819487571716309           0.0  1.6184069963950514
0.5819487571716309  0.5820170640945435           0.0  1.616994773885108
0.5820170640945435  0.5820853710174561           0.0  1.616994773885108
0.5820853710174561  0.5821536779403687           0.0  1.616994773885108
0.5821536779403687  0.582222044467926           0.0  1.615585013838129
0.582222044467926  0.5822904109954834           0.0  1.615585013838129
0.5822904109954834  0.5823587775230408           0.0  1.615585013838129
0.5823587775230408  0.5824272036552429           0.0  1.6141777098191061
0.5824272036552429  0.5824955701828003           0.0  1.615585013838129
0.5824955701828003  0.5825639963150024           0.0  1.6141777098191061
0.5825639963150024  0.5826324224472046           0.0  1.6141777098191061
0.5826324224472046  0.5827009081840515           0.0  1.6127728554154341
0.5827009081840515  0.5827693939208984           0.0  1.6127728554154341
0.5827693939208984  0.5828378796577454           0.0  1.6127728554154341
0.5828378796577454  0.5829063653945923           0.0  1.6127728554154341
0.5829063653945923  0.582974910736084           0.0  1.611370444236812
0.582974910736084  0.5830434560775757           0.0  1.611370444236812
0.5830434560775757  0.5831120014190674           0.0  1.611370444236812
0.5831120014190674  0.5831805467605591           0.0  1.611370444236812
0.5831805467605591  0.5832491517066956           0.0  1.6099704699151467
0.5832491517066956  0.583317756652832           0.0  1.6099704699151467
0.583317756652832  0.5833863615989685           0.0  1.6099704699151467
0.5833863615989685  0.583454966545105           0.0  1.6099704699151467
0.583454966545105  0.5835236310958862           0.0  1.6085729261044563
0.5835236310958862  0.5835922956466675           0.0  1.6085729261044563
0.5835922956466675  0.5836609601974487           0.0  1.6085729261044563
0.5836609601974487  0.5837296843528748           0.0  1.6071778064807751
0.5837296843528748  0.5837984085083008           0.0  1.6071778064807751
0.5837984085083008  0.5838671326637268           0.0  1.6071778064807751
0.5838671326637268  0.5839358568191528           0.0  1.6071778064807751
0.5839358568191528  0.5840046405792236           0.0  1.605785104742057
0.5840046405792236  0.5840734243392944           0.0  1.605785104742057
0.5840734243392944  0.5841422080993652           0.0  1.605785104742057
0.5841422080993652  0.5842110514640808           0.0  1.604394814608081
0.5842110514640808  0.5842798352241516           0.0  1.605785104742057
0.5842798352241516  0.5843486785888672           0.0  1.604394814608081
0.5843486785888672  0.5844175815582275           0.0  1.603006929820358
0.5844175815582275  0.5844864249229431           0.0  1.604394814608081
0.5844864249229431  0.5845553278923035           0.0  1.603006929820358
0.5845553278923035  0.5846242308616638           0.0  1.603006929820358
0.5846242308616638  0.5846931934356689           0.0  1.6016214441420344
0.5846931934356689  0.5847620964050293           0.0  1.603006929820358
0.5847620964050293  0.5848310589790344           0.0  1.6016214441420344
0.5848310589790344  0.5849000215530396           0.0  1.6016214441420344
0.5849000215530396  0.5849690437316895           0.0  1.6002383513578011
0.5849690437316895  0.5850380063056946           0.0  1.6016214441420344
0.5850380063056946  0.5851070880889893           0.0  1.5988576452737995
0.5851070880889893  0.5851761102676392           0.0  1.6002383513578011
0.5851761102676392  0.5852451324462891           0.0  1.6002383513578011
0.5852451324462891  0.5853142142295837           0.0  1.5988576452737995
0.5853142142295837  0.5853832960128784           0.0  1.5988576452737995
0.5853832960128784  0.5854524374008179           0.0  1.597479319717529
0.5854524374008179  0.5855215191841125           0.0  1.5988576452737995
0.5855215191841125  0.585590660572052           0.0  1.597479319717529
0.585590660572052  0.5856598019599915           0.0  1.597479319717529
0.5856598019599915  0.5857290029525757           0.0  1.596103368537755
0.5857290029525757  0.5857982039451599           0.0  1.596103368537755
0.5857982039451599  0.5858674049377441           0.0  1.596103368537755
0.5858674049377441  0.5859366059303284           0.0  1.596103368537755
0.5859366059303284  0.5860058665275574           0.0  1.594729785604418
0.5860058665275574  0.5860750675201416           0.0  1.596103368537755
0.5860750675201416  0.5861443877220154           0.0  1.5933585648085415
0.5861443877220154  0.5862136483192444           0.0  1.594729785604418
0.5862136483192444  0.5862829685211182           0.0  1.5933585648085415
0.5862829685211182  0.5863522887229919           0.0  1.5933585648085415
0.5863522887229919  0.5864216089248657           0.0  1.5933585648085415
0.5864216089248657  0.5864909291267395           0.0  1.5933585648085415
0.5864909291267395  0.5865603089332581           0.0  1.5919897000621424
0.5865603089332581  0.5866296887397766           0.0  1.5919897000621424
0.5866296887397766  0.5866990685462952           0.0  1.5919897000621424
0.5866990685462952  0.5867685079574585           0.0  1.5906231852981405
0.5867685079574585  0.5868379473686218           0.0  1.5906231852981405
0.5868379473686218  0.5869073867797852           0.0  1.5906231852981405
0.5869073867797852  0.5869768261909485           0.0  1.5906231852981405
0.5869768261909485  0.5870463252067566           0.0  1.589259014470269
0.5870463252067566  0.5871158242225647           0.0  1.589259014470269
0.5871158242225647  0.5871853232383728           0.0  1.589259014470269
0.5871853232383728  0.5872548818588257           0.0  1.5878971815529852
0.5872548818588257  0.5873244404792786           0.0  1.5878971815529852
0.5873244404792786  0.5873939990997314           0.0  1.5878971815529852
0.5873939990997314  0.5874635577201843           0.0  1.5878971815529852
0.5874635577201843  0.587533175945282           0.0  1.5865376805413816
0.587533175945282  0.5876027941703796           0.0  1.5865376805413816
0.5876027941703796  0.5876724123954773           0.0  1.5865376805413816
0.5876724123954773  0.587742030620575           0.0  1.5865376805413816
0.587742030620575  0.5878117084503174           0.0  1.5851805054510981
0.5878117084503174  0.5878813862800598           0.0  1.5851805054510981
0.5878813862800598  0.5879510641098022           0.0  1.5851805054510981
0.5879510641098022  0.5880208015441895           0.0  1.583825650318234
0.5880208015441895  0.5880905389785767           0.0  1.583825650318234
0.5880905389785767  0.5881602764129639           0.0  1.583825650318234
0.5881602764129639  0.5882300138473511           0.0  1.583825650318234
0.5882300138473511  0.5882998108863831           0.0  1.58247310919926
0.5882998108863831  0.588369607925415           0.0  1.58247310919926
0.588369607925415  0.588439404964447           0.0  1.58247310919926
0.588439404964447  0.5885092616081238           0.0  1.581122876170933
0.5885092616081238  0.5885791182518005           0.0  1.581122876170933
0.5885791182518005  0.5886489748954773           0.0  1.581122876170933
0.5886489748954773  0.5887188315391541           0.0  1.581122876170933
0.5887188315391541  0.5887887477874756           0.0  1.5797749453302077
0.5887887477874756  0.5888586640357971           0.0  1.5797749453302077
0.5888586640357971  0.5889285802841187           0.0  1.5797749453302077
0.5889285802841187  0.5889984965324402           0.0  1.5797749453302077
0.5889984965324402  0.5890684723854065           0.0  1.5784293107941514
0.5890684723854065  0.5891384482383728           0.0  1.5784293107941514
0.5891384482383728  0.5892084240913391           0.0  1.5784293107941514
0.5892084240913391  0.5892784595489502           0.0  1.5770859666998585
0.5892784595489502  0.5893484950065613           0.0  1.5770859666998585
0.5893484950065613  0.5894185304641724           0.0  1.5770859666998585
0.5894185304641724  0.5894885659217834           0.0  1.5770859666998585
0.5894885659217834  0.5895586609840393           0.0  1.5757449072043654
0.5895586609840393  0.5896287560462952           0.0  1.5757449072043654
0.5896287560462952  0.589698851108551           0.0  1.5757449072043654
0.589698851108551  0.5897690057754517           0.0  1.5744061264845655
0.5897690057754517  0.5898391604423523           0.0  1.5744061264845655
0.5898391604423523  0.5899093151092529           0.0  1.5744061264845655
0.5899093151092529  0.5899794697761536           0.0  1.5744061264845655
0.5899794697761536  0.590049684047699           0.0  1.5730696187371254
0.590049684047699  0.5901198983192444           0.0  1.5730696187371254
0.5901198983192444  0.5901901125907898           0.0  1.5730696187371254
0.5901901125907898  0.5902603268623352           0.0  1.5730696187371254
0.5902603268623352  0.5903306007385254           0.0  1.5717353781784
0.5903306007385254  0.5904008746147156           0.0  1.5717353781784
0.5904008746147156  0.5904712080955505           0.0  1.5704033990443504
0.5904712080955505  0.5905414819717407           0.0  1.5717353781784
0.5905414819717407  0.5906118154525757           0.0  1.5704033990443504
0.5906118154525757  0.5906821489334106           0.0  1.5704033990443504
0.5906821489334106  0.5907525420188904           0.0  1.5690736755904604
0.5907525420188904  0.5908228754997253           0.0  1.5704033990443504
0.5908228754997253  0.5908932685852051           0.0  1.5690736755904604
0.5908932685852051  0.5909637212753296           0.0  1.5677462020916528
0.5909637212753296  0.5910341143608093           0.0  1.5690736755904604
0.5910341143608093  0.5911045670509338           0.0  1.5677462020916528
0.5911045670509338  0.5911750197410583           0.0  1.5677462020916528
0.5911750197410583  0.5912455320358276           0.0  1.5664209728422094
0.5912455320358276  0.5913160443305969           0.0  1.5664209728422094
0.5913160443305969  0.5913865566253662           0.0  1.5664209728422094
0.5913865566253662  0.5914570689201355           0.0  1.5664209728422094
0.5914570689201355  0.5915275812149048           0.0  1.5664209728422094
0.5915275812149048  0.5915981531143188           0.0  1.5650979821556872
0.5915981531143188  0.5916687250137329           0.0  1.5650979821556872
0.5916687250137329  0.5917393565177917           0.0  1.5637772243648385
0.5917393565177917  0.5918099284172058           0.0  1.5650979821556872
0.5918099284172058  0.5918805599212646           0.0  1.5637772243648385
0.5918805599212646  0.5919512510299683           0.0  1.5624586938215292
0.5919512510299683  0.5920218825340271           0.0  1.5637772243648385
0.5920218825340271  0.5920925736427307           0.0  1.5624586938215292
0.5920925736427307  0.5921632647514343           0.0  1.5624586938215292
0.5921632647514343  0.5922340154647827           0.0  1.5611423848966584
0.5922340154647827  0.5923047065734863           0.0  1.5624586938215292
0.5923047065734863  0.5923754572868347           0.0  1.5611423848966584
0.5923754572868347  0.5924462080001831           0.0  1.5611423848966584
0.5924462080001831  0.5925170183181763           0.0  1.5598282919800788
0.5925170183181763  0.5925878286361694           0.0  1.5598282919800788
0.5925878286361694  0.5926586389541626           0.0  1.5598282919800788
0.5926586389541626  0.5927294492721558           0.0  1.5598282919800788
0.5927294492721558  0.5928003191947937           0.0  1.558516409480516
0.5928003191947937  0.5928711891174316           0.0  1.558516409480516
0.5928711891174316  0.5929420590400696           0.0  1.558516409480516
0.5929420590400696  0.5930129885673523           0.0  1.5572067318254903
0.5930129885673523  0.5930838584899902           0.0  1.558516409480516
0.5930838584899902  0.5931547880172729           0.0  1.5572067318254903
0.5931547880172729  0.5932257771492004           0.0  1.5558992534612373
0.5932257771492004  0.5932967662811279           0.0  1.5558992534612373
0.5932967662811279  0.5933676958084106           0.0  1.5572067318254903
0.5933676958084106  0.5934387445449829           0.0  1.554593968852629
0.5934387445449829  0.5935097336769104           0.0  1.5558992534612373
0.5935097336769104  0.5935807824134827           0.0  1.554593968852629
0.5935807824134827  0.5936518311500549           0.0  1.554593968852629
0.5936518311500549  0.5937228798866272           0.0  1.554593968852629
0.5937228798866272  0.5937939882278442           0.0  1.553290872483096
0.5937939882278442  0.5938650965690613           0.0  1.553290872483096
0.5938650965690613  0.5939362049102783           0.0  1.553290872483096
0.5939362049102783  0.5940073728561401           0.0  1.5519899588545507
0.5940073728561401  0.594078540802002           0.0  1.5519899588545507
0.594078540802002  0.5941497087478638           0.0  1.5519899588545507
0.5941497087478638  0.5942208766937256           0.0  1.5519899588545507
0.5942208766937256  0.5942921042442322           0.0  1.5506912224873084
0.5942921042442322  0.5943633317947388           0.0  1.5506912224873084
0.5943633317947388  0.5944345593452454           0.0  1.5506912224873084
0.5944345593452454  0.594505786895752           0.0  1.5506912224873084
0.594505786895752  0.5945770740509033           0.0  1.5493946579200113
0.5945770740509033  0.5946483612060547           0.0  1.5493946579200113
0.5946483612060547  0.5947197079658508           0.0  1.548100259709552
0.5947197079658508  0.5947909951210022           0.0  1.5493946579200113
0.5947909951210022  0.5948623418807983           0.0  1.548100259709552
0.5948623418807983  0.5949336886405945           0.0  1.548100259709552
0.5949336886405945  0.5950050950050354           0.0  1.5468080224309964
0.5950050950050354  0.5950765013694763           0.0  1.5468080224309964
0.5950765013694763  0.5951479077339172           0.0  1.5468080224309964
0.5951479077339172  0.5952193140983582           0.0  1.5468080224309964
0.5952193140983582  0.5952907800674438           0.0  1.5455179406775092
0.5952907800674438  0.5953622460365295           0.0  1.5455179406775092
0.5953622460365295  0.5954337120056152           0.0  1.5455179406775092
0.5954337120056152  0.5955052375793457           0.0  1.5442300090602779
0.5955052375793457  0.5955767035484314           0.0  1.5455179406775092
0.5955767035484314  0.5956482887268066           0.0  1.5429442222084375
0.5956482887268066  0.5957198143005371           0.0  1.5442300090602779
0.5957198143005371  0.5957913994789124           0.0  1.5429442222084375
0.5957913994789124  0.5958629846572876           0.0  1.5429442222084375
0.5958629846572876  0.5959345698356628           0.0  1.5429442222084375
0.5959345698356628  0.5960061550140381           0.0  1.5429442222084375
0.5960061550140381  0.5960777997970581           0.0  1.5416605747689962
0.5960777997970581  0.5961494445800781           0.0  1.5416605747689962
0.5961494445800781  0.5962211489677429           0.0  1.540379061406761
0.5962211489677429  0.5962928533554077           0.0  1.540379061406761
0.5962928533554077  0.5963645577430725           0.0  1.540379061406761
0.5963645577430725  0.5964362621307373           0.0  1.540379061406761
0.5964362621307373  0.5965079665184021           0.0  1.540379061406761
0.5965079665184021  0.5965797305107117           0.0  1.5390996768042637
0.5965797305107117  0.5966514945030212           0.0  1.5390996768042637
0.5966514945030212  0.5967233180999756           0.0  1.5378224156616875
0.5967233180999756  0.5967951416969299           0.0  1.5378224156616875
0.5967951416969299  0.5968669652938843           0.0  1.5378224156616875
0.5968669652938843  0.5969387888908386           0.0  1.5378224156616875
0.5969387888908386  0.5970106720924377           0.0  1.536547272696794
0.5970106720924377  0.5970824956893921           0.0  1.5378224156616875
0.5970824956893921  0.597154438495636           0.0  1.5352742426448498
0.597154438495636  0.5972263216972351           0.0  1.536547272696794
0.5972263216972351  0.597298264503479           0.0  1.5352742426448498
0.597298264503479  0.5973702073097229           0.0  1.5352742426448498
0.5973702073097229  0.5974421501159668           0.0  1.5352742426448498
0.5974421501159668  0.5975141525268555           0.0  1.5340033202585546
0.5975141525268555  0.5975861549377441           0.0  1.5340033202585546
0.5975861549377441  0.5976581573486328           0.0  1.5340033202585546
0.5976581573486328  0.5977302193641663           0.0  1.5327345003079684
0.5977302193641663  0.5978022217750549           0.0  1.5340033202585546
0.5978022217750549  0.5978742837905884           0.0  1.5327345003079684
0.5978742837905884  0.5979464054107666           0.0  1.531467777580441
0.5979464054107666  0.5980185270309448           0.0  1.531467777580441
0.5980185270309448  0.598090648651123           0.0  1.531467777580441
0.598090648651123  0.5981627702713013           0.0  1.531467777580441
0.5981627702713013  0.5982348918914795           0.0  1.531467777580441
0.5982348918914795  0.5983070731163025           0.0  1.53020314688054
0.5983070731163025  0.5983792543411255           0.0  1.53020314688054
0.5983792543411255  0.5984514951705933           0.0  1.5289406030299784
0.5984514951705933  0.5985236763954163           0.0  1.53020314688054
0.5985236763954163  0.5985959768295288           0.0  1.5276801408675464
0.5985959768295288  0.5986682176589966           0.0  1.5289406030299784
0.5986682176589966  0.5987404584884644           0.0  1.5289406030299784
0.5987404584884644  0.5988127589225769           0.0  1.5276801408675464
0.5988127589225769  0.5988851189613342           0.0  1.5264217552490393
0.5988851189613342  0.5989574193954468           0.0  1.5276801408675464
0.5989574193954468  0.5990297794342041           0.0  1.5264217552490393
0.5990297794342041  0.5991021394729614           0.0  1.5264217552490393
0.5991021394729614  0.5991744995117188           0.0  1.5264217552490393
0.5991744995117188  0.5992469191551208           0.0  1.5251654410471882
0.5992469191551208  0.5993193387985229           0.0  1.5251654410471882
0.5993193387985229  0.599391758441925           0.0  1.5251654410471882
0.599391758441925  0.5994642376899719           0.0  1.5239111931515903
0.5994642376899719  0.599536657333374           0.0  1.5251654410471882
0.599536657333374  0.5996091961860657           0.0  1.5226590064686392
0.5996091961860657  0.5996816754341125           0.0  1.5239111931515903
0.5996816754341125  0.5997542142868042           0.0  1.5226590064686392
0.5997542142868042  0.5998267531394958           0.0  1.5226590064686392
0.5998267531394958  0.5998992919921875           0.0  1.5226590064686392
0.5998992919921875  0.5999718904495239           0.0  1.5214088759214563
0.5999718904495239  0.6000444293022156           0.0  1.5226590064686392
0.6000444293022156  0.6001170873641968           0.0  1.5201607964498227
0.6001170873641968  0.6001896858215332           0.0  1.5214088759214563
0.6001896858215332  0.6002623438835144           0.0  1.5201607964498227
0.6002623438835144  0.6003350019454956           0.0  1.5201607964498227
0.6003350019454956  0.6004076600074768           0.0  1.5201607964498227
0.6004076600074768  0.6004803776741028           0.0  1.5189147630101096
0.6004803776741028  0.6005530953407288           0.0  1.5189147630101096
0.6005530953407288  0.6006258130073547           0.0  1.5189147630101096
0.6006258130073547  0.6006985902786255           0.0  1.517670770575212
0.6006985902786255  0.6007713675498962           0.0  1.517670770575212
0.6007713675498962  0.600844144821167           0.0  1.517670770575212
0.600844144821167  0.6009169220924377           0.0  1.517670770575212
0.6009169220924377  0.6009897589683533           0.0  1.5164288141344793
0.6009897589683533  0.6010625958442688           0.0  1.5164288141344793
0.6010625958442688  0.6011354327201843           0.0  1.5164288141344793
0.6011354327201843  0.6012083292007446           0.0  1.5151888886936498
0.6012083292007446  0.6012812256813049           0.0  1.5151888886936498
0.6012812256813049  0.6013541221618652           0.0  1.5151888886936498
0.6013541221618652  0.6014270186424255           0.0  1.5151888886936498
0.6014270186424255  0.6014999747276306           0.0  1.5139509892747824
0.6014999747276306  0.6015729308128357           0.0  1.5139509892747824
0.6015729308128357  0.6016459465026855           0.0  1.5127151109161907
0.6016459465026855  0.6017189025878906           0.0  1.5139509892747824
0.6017189025878906  0.6017919182777405           0.0  1.5127151109161907
0.6017919182777405  0.6018649935722351           0.0  1.5114812486723765
0.6018649935722351  0.601938009262085           0.0  1.5127151109161907
0.601938009262085  0.6020110845565796           0.0  1.5114812486723765
0.6020110845565796  0.6020841598510742           0.0  1.5114812486723765
0.6020841598510742  0.6021572947502136           0.0  1.510249397613964
0.6021572947502136  0.602230429649353           0.0  1.510249397613964
0.602230429649353  0.6023035645484924           0.0  1.510249397613964
0.6023035645484924  0.6023766994476318           0.0  1.510249397613964
0.6023766994476318  0.602449893951416           0.0  1.5090195528276333
0.602449893951416  0.6025230884552002           0.0  1.5090195528276333
0.6025230884552002  0.6025962829589844           0.0  1.5090195528276333
0.6025962829589844  0.6026695370674133           0.0  1.5077917094160567
0.6026695370674133  0.6027427315711975           0.0  1.5090195528276333
0.6027427315711975  0.6028160452842712           0.0  1.5065658624978322
0.6028160452842712  0.6028892993927002           0.0  1.5077917094160567
0.6028892993927002  0.6029626131057739           0.0  1.5065658624978322
0.6029626131057739  0.6030359268188477           0.0  1.5065658624978322
0.6030359268188477  0.6031092405319214           0.0  1.5065658624978322
0.6031092405319214  0.6031826138496399           0.0  1.5053420072074197
0.6031826138496399  0.6032559871673584           0.0  1.5053420072074197
0.6032559871673584  0.6033293604850769           0.0  1.5053420072074197
0.6033293604850769  0.6034027934074402           0.0  1.504120138695076
0.6034027934074402  0.6034762263298035           0.0  1.504120138695076
0.6034762263298035  0.6035496592521667           0.0  1.504120138695076
0.6035496592521667  0.60362309217453           0.0  1.504120138695076
0.60362309217453  0.6036965847015381           0.0  1.5029002521267913
0.6036965847015381  0.6037700772285461           0.0  1.5029002521267913
0.6037700772285461  0.6038435697555542           0.0  1.5029002521267913
0.6038435697555542  0.603917121887207           0.0  1.501682342684225
0.603917121887207  0.6039906740188599           0.0  1.501682342684225
0.6039906740188599  0.6040642261505127           0.0  1.501682342684225
0.6040642261505127  0.6041378378868103           0.0  1.5004664055646426
0.6041378378868103  0.6042114496231079           0.0  1.5004664055646426
0.6042114496231079  0.6042850613594055           0.0  1.5004664055646426
0.6042850613594055  0.6043586730957031           0.0  1.5004664055646426
0.6043586730957031  0.6044323444366455           0.0  1.4992524359808526
0.6044323444366455  0.6045060157775879           0.0  1.4992524359808526
0.6045060157775879  0.604579746723175           0.0  1.4980404291611429
0.604579746723175  0.6046534180641174           0.0  1.4992524359808526
0.6046534180641174  0.6047271490097046           0.0  1.4980404291611429
0.6047271490097046  0.6048008799552917           0.0  1.4980404291611429
0.6048008799552917  0.6048746705055237           0.0  1.4968303803492196
0.6048746705055237  0.6049484610557556           0.0  1.4968303803492196
0.6049484610557556  0.6050222516059875           0.0  1.4968303803492196
0.6050222516059875  0.6050961017608643           0.0  1.4956222848041434
0.6050961017608643  0.6051698923110962           0.0  1.4968303803492196
0.6051698923110962  0.6052437424659729           0.0  1.4956222848041434
0.6052437424659729  0.6053176522254944           0.0  1.4944161378002692
0.6053176522254944  0.6053915023803711           0.0  1.4956222848041434
0.6053915023803711  0.6054654121398926           0.0  1.4944161378002692
0.6054654121398926  0.6055393815040588           0.0  1.4932119346271826
0.6055393815040588  0.6056132912635803           0.0  1.4944161378002692
0.6056132912635803  0.6056872606277466           0.0  1.4932119346271826
0.6056872606277466  0.6057612299919128           0.0  1.4932119346271826
0.6057612299919128  0.6058352589607239           0.0  1.4920096705896406
0.6058352589607239  0.6059092879295349           0.0  1.4920096705896406
0.6059092879295349  0.6059833168983459           0.0  1.4920096705896406
0.6059833168983459  0.606057345867157           0.0  1.4920096705896406
0.606057345867157  0.6061314344406128           0.0  1.490809341007509
0.6061314344406128  0.6062055230140686           0.0  1.490809341007509
0.6062055230140686  0.6062796115875244           0.0  1.490809341007509
0.6062796115875244  0.606353759765625           0.0  1.4896109412157024
0.606353759765625  0.6064279079437256           0.0  1.4896109412157024
0.6064279079437256  0.6065020561218262           0.0  1.4896109412157024
0.6065020561218262  0.6065762639045715           0.0  1.4884144665641235
0.6065762639045715  0.6066504716873169           0.0  1.4884144665641235
0.6066504716873169  0.6067246794700623           0.0  1.4884144665641235
0.6067246794700623  0.6067988872528076           0.0  1.4884144665641235
0.6067988872528076  0.6068731546401978           0.0  1.4872199124176033
0.6068731546401978  0.6069474220275879           0.0  1.4872199124176033
0.6069474220275879  0.607021689414978           0.0  1.4872199124176033
0.607021689414978  0.6070960164070129           0.0  1.486027274155841
0.6070960164070129  0.6071703433990479           0.0  1.486027274155841
0.6071703433990479  0.6072446703910828           0.0  1.486027274155841
0.6072446703910828  0.6073190569877625           0.0  1.4848365471733442
0.6073190569877625  0.6073934435844421           0.0  1.4848365471733442
0.6073934435844421  0.6074678301811218           0.0  1.4848365471733442
0.6074678301811218  0.6075422763824463           0.0  1.4836477268793704
0.6075422763824463  0.607616662979126           0.0  1.4848365471733442
0.607616662979126  0.6076911687850952           0.0  1.482460808697867
0.6076911687850952  0.6077656149864197           0.0  1.4836477268793704
0.6077656149864197  0.6078401207923889           0.0  1.482460808697867
0.6078401207923889  0.6079146265983582           0.0  1.482460808697867
0.6079146265983582  0.6079891324043274           0.0  1.482460808697867
0.6079891324043274  0.6080636978149414           0.0  1.481275788067413
0.6080636978149414  0.6081382632255554           0.0  1.481275788067413
0.6081382632255554  0.6082128286361694           0.0  1.481275788067413
0.6082128286361694  0.6082874536514282           0.0  1.480092660441161
0.6082874536514282  0.608362078666687           0.0  1.480092660441161
0.608362078666687  0.6084367036819458           0.0  1.480092660441161
0.6084367036819458  0.6085113286972046           0.0  1.480092660441161
0.6085113286972046  0.6085860133171082           0.0  1.4789114212867787
0.6085860133171082  0.6086606979370117           0.0  1.4789114212867787
0.6086606979370117  0.6087354421615601           0.0  1.4777320660863904
0.6087354421615601  0.6088101267814636           0.0  1.4789114212867787
0.6088101267814636  0.608884871006012           0.0  1.4777320660863904
0.608884871006012  0.6089596748352051           0.0  1.4765545903365207
0.6089596748352051  0.6090344190597534           0.0  1.4777320660863904
0.6090344190597534  0.6091092228889465           0.0  1.4765545903365207
0.6091092228889465  0.6091840863227844           0.0  1.4753789895480363
0.6091840863227844  0.6092588901519775           0.0  1.4765545903365207
0.6092588901519775  0.6093337535858154           0.0  1.4753789895480363
0.6093337535858154  0.6094086170196533           0.0  1.4753789895480363
0.6094086170196533  0.609483540058136           0.0  1.4742052592460888
0.609483540058136  0.6095584630966187           0.0  1.4742052592460888
0.6095584630966187  0.6096333861351013           0.0  1.4742052592460888
0.6096333861351013  0.609708309173584           0.0  1.4742052592460888
0.609708309173584  0.6097832918167114           0.0  1.4730333949700585
0.6097832918167114  0.6098582744598389           0.0  1.4730333949700585
0.6098582744598389  0.6099332571029663           0.0  1.4730333949700585
0.6099332571029663  0.6100082993507385           0.0  1.4718633922734976
0.6100082993507385  0.6100833415985107           0.0  1.4718633922734976
0.6100833415985107  0.610158383846283           0.0  1.4718633922734976
0.610158383846283  0.6102334856987           0.0  1.4706952467240744
0.6102334856987  0.6103085875511169           0.0  1.4706952467240744
0.6103085875511169  0.6103836894035339           0.0  1.4706952467240744
0.6103836894035339  0.6104587912559509           0.0  1.4706952467240744
0.6104587912559509  0.6105339527130127           0.0  1.469528953903516
0.6105339527130127  0.6106091141700745           0.0  1.469528953903516
0.6106091141700745  0.610684335231781           0.0  1.4683645094075544
0.610684335231781  0.6107595562934875           0.0  1.4683645094075544
0.6107595562934875  0.6108347773551941           0.0  1.4683645094075544
0.6108347773551941  0.6109099984169006           0.0  1.4683645094075544
0.6109099984169006  0.610985279083252           0.0  1.4672019088458699
0.610985279083252  0.6110605597496033           0.0  1.4672019088458699
0.6110605597496033  0.6111358404159546           0.0  1.4672019088458699
0.6111358404159546  0.6112111806869507           0.0  1.466041147842036
0.6112111806869507  0.6112865209579468           0.0  1.466041147842036
0.6112865209579468  0.6113618612289429           0.0  1.466041147842036
0.6113618612289429  0.6114372611045837           0.0  1.4648822220334652
0.6114372611045837  0.6115126013755798           0.0  1.466041147842036
0.6115126013755798  0.6115880608558655           0.0  1.4637251270713536
0.6115880608558655  0.6116634607315063           0.0  1.4648822220334652
0.6116634607315063  0.611738920211792           0.0  1.4637251270713536
0.611738920211792  0.6118143796920776           0.0  1.4637251270713536
0.6118143796920776  0.6118898987770081           0.0  1.4625698586206264
0.6118898987770081  0.6119653582572937           0.0  1.4637251270713536
0.6119653582572937  0.6120408773422241           0.0  1.4625698586206264
0.6120408773422241  0.6121164560317993           0.0  1.4614164123598845
0.6121164560317993  0.6121919751167297           0.0  1.4625698586206264
0.6121919751167297  0.6122676134109497           0.0  1.4602647839813503
0.6122676134109497  0.6123431921005249           0.0  1.4614164123598845
0.6123431921005249  0.6124187707901001           0.0  1.4614164123598845
0.6124187707901001  0.6124944090843201           0.0  1.4602647839813503
0.6124944090843201  0.6125701069831848           0.0  1.4591149691908138
0.6125701069831848  0.6126457452774048           0.0  1.4602647839813503
0.6126457452774048  0.6127214431762695           0.0  1.4591149691908138
0.6127214431762695  0.6127971410751343           0.0  1.4591149691908138
0.6127971410751343  0.6128728985786438           0.0  1.4579669637075796
0.6128728985786438  0.6129486560821533           0.0  1.4579669637075796
0.6129486560821533  0.6130244135856628           0.0  1.4579669637075796
0.6130244135856628  0.6131001710891724           0.0  1.4579669637075796
0.6131001710891724  0.6131759881973267           0.0  1.4568207632644132
0.6131759881973267  0.613251805305481           0.0  1.4568207632644132
0.613251805305481  0.61332768201828           0.0  1.455676363607489
0.61332768201828  0.6134034991264343           0.0  1.4568207632644132
0.6134034991264343  0.6134793758392334           0.0  1.455676363607489
0.6134793758392334  0.6135553121566772           0.0  1.454533760496337
0.6135553121566772  0.6136311888694763           0.0  1.455676363607489
0.6136311888694763  0.6137071251869202           0.0  1.454533760496337
0.6137071251869202  0.6137831211090088           0.0  1.453392949703791
0.6137831211090088  0.6138590574264526           0.0  1.454533760496337
0.6138590574264526  0.6139350533485413           0.0  1.453392949703791
0.6139350533485413  0.6140110492706299           0.0  1.453392949703791
0.6140110492706299  0.6140871047973633           0.0  1.4522539270159354
0.6140871047973633  0.6141631603240967           0.0  1.4522539270159354
0.6141631603240967  0.6142392158508301           0.0  1.4522539270159354
0.6142392158508301  0.6143153309822083           0.0  1.4511166882320545
0.6143153309822083  0.6143913865089417           0.0  1.4522539270159354
0.6143913865089417  0.6144675016403198           0.0  1.4511166882320545
0.6144675016403198  0.6145436763763428           0.0  1.4499812291645802
0.6145436763763428  0.6146198511123657           0.0  1.4499812291645802
0.6146198511123657  0.6146960258483887           0.0  1.4499812291645802
0.6146960258483887  0.6147722005844116           0.0  1.4499812291645802
0.6147722005844116  0.6148484349250793           0.0  1.448847545639041
0.6148484349250793  0.6149246692657471           0.0  1.448847545639041
0.6149246692657471  0.6150009036064148           0.0  1.448847545639041
0.6150009036064148  0.6150771975517273           0.0  1.447715633494011
0.6150771975517273  0.6151534914970398           0.0  1.447715633494011
0.6151534914970398  0.6152297854423523           0.0  1.447715633494011
0.6152297854423523  0.6153061389923096           0.0  1.4465854885810567
0.6153061389923096  0.6153824925422668           0.0  1.4465854885810567
0.6153824925422668  0.6154588460922241           0.0  1.4465854885810567
0.6154588460922241  0.6155352592468262           0.0  1.4454571067646909
0.6155352592468262  0.6156116724014282           0.0  1.4454571067646909
0.6156116724014282  0.6156880855560303           0.0  1.4454571067646909
0.6156880855560303  0.6157644987106323           0.0  1.4454571067646909
0.6157644987106323  0.6158409714698792           0.0  1.4443304839223179
0.6158409714698792  0.615917444229126           0.0  1.4443304839223179
0.615917444229126  0.6159939765930176           0.0  1.4432056159441853
0.6159939765930176  0.6160705089569092           0.0  1.4432056159441853
0.6160705089569092  0.6161470413208008           0.0  1.4432056159441853
0.6161470413208008  0.6162235736846924           0.0  1.4432056159441853
0.6162235736846924  0.6163001656532288           0.0  1.4420824987333336
0.6163001656532288  0.6163767576217651           0.0  1.4420824987333336
0.6163767576217651  0.6164533495903015           0.0  1.4420824987333336
0.6164533495903015  0.6165300011634827           0.0  1.4409611282055472
0.6165300011634827  0.6166066527366638           0.0  1.4409611282055472
0.6166066527366638  0.6166833639144897           0.0  1.4398415002893037
0.6166833639144897  0.6167600154876709           0.0  1.4409611282055472
0.6167600154876709  0.6168367266654968           0.0  1.4398415002893037
0.6168367266654968  0.6169134974479675           0.0  1.438723610925725
0.6169134974479675  0.6169902086257935           0.0  1.4398415002893037
0.6169902086257935  0.6170669794082642           0.0  1.438723610925725
0.6170669794082642  0.6171438097953796           0.0  1.437607456068529
0.6171438097953796  0.6172205805778503           0.0  1.438723610925725
0.6172205805778503  0.6172974109649658           0.0  1.437607456068529
0.6172974109649658  0.6173742413520813           0.0  1.437607456068529
0.6173742413520813  0.6174511313438416           0.0  1.4364930316839797
0.6174511313438416  0.6175280213356018           0.0  1.4364930316839797
0.6175280213356018  0.6176049113273621           0.0  1.4364930316839797
0.6176049113273621  0.6176818609237671           0.0  1.4353803337508395
0.6176818609237671  0.6177587509155273           0.0  1.4364930316839797
0.6177587509155273  0.6178357601165771           0.0  1.4342693582603203
0.6178357601165771  0.6179127097129822           0.0  1.4353803337508395
0.6179127097129822  0.617989718914032           0.0  1.4342693582603203
0.617989718914032  0.6180667281150818           0.0  1.4342693582603203
0.6180667281150818  0.6181437373161316           0.0  1.4342693582603203
0.6181437373161316  0.6182208061218262           0.0  1.4331601012160353
0.6182208061218262  0.6182978749275208           0.0  1.4331601012160353
0.6182978749275208  0.6183750033378601           0.0  1.4320525586339519
0.6183750033378601  0.6184521317481995           0.0  1.4320525586339519
0.6184521317481995  0.6185292601585388           0.0  1.4320525586339519
0.6185292601585388  0.6186063885688782           0.0  1.4320525586339519
0.6186063885688782  0.6186835765838623           0.0  1.4309467265423426
0.6186835765838623  0.6187607645988464           0.0  1.4309467265423426
0.6187607645988464  0.6188379526138306           0.0  1.4309467265423426
0.6188379526138306  0.6189152002334595           0.0  1.429842600981739
0.6189152002334595  0.6189924478530884           0.0  1.429842600981739
0.6189924478530884  0.6190696954727173           0.0  1.429842600981739
0.6190696954727173  0.619147002696991           0.0  1.4287401780048834
0.619147002696991  0.6192243099212646           0.0  1.4287401780048834
0.6192243099212646  0.6193016171455383           0.0  1.4287401780048834
0.6193016171455383  0.6193789839744568           0.0  1.4276394536766823
0.6193789839744568  0.6194563508033752           0.0  1.4276394536766823
0.6194563508033752  0.6195337176322937           0.0  1.4276394536766823
0.6195337176322937  0.6196111440658569           0.0  1.42654042407416
0.6196111440658569  0.6196885704994202           0.0  1.42654042407416
0.6196885704994202  0.6197659969329834           0.0  1.42654042407416
0.6197659969329834  0.6198434233665466           0.0  1.42654042407416
0.6198434233665466  0.6199209094047546           0.0  1.4254430852864106
0.6199209094047546  0.6199984550476074           0.0  1.4243474334145532
0.6199984550476074  0.6200759410858154           0.0  1.4254430852864106
0.6200759410858154  0.6201534867286682           0.0  1.4243474334145532
0.6201534867286682  0.620231032371521           0.0  1.4243474334145532
0.620231032371521  0.6203086376190186           0.0  1.4232534645716848
0.6203086376190186  0.6203862428665161           0.0  1.4232534645716848
0.6203862428665161  0.6204638481140137           0.0  1.4232534645716848
0.6204638481140137  0.6205414533615112           0.0  1.4232534645716848
0.6205414533615112  0.6206191182136536           0.0  1.4221611748828349
0.6206191182136536  0.6206967830657959           0.0  1.4221611748828349
0.6206967830657959  0.620774507522583           0.0  1.4210705604849185
0.620774507522583  0.6208522319793701           0.0  1.4210705604849185
0.6208522319793701  0.6209299564361572           0.0  1.4210705604849185
0.6209299564361572  0.6210076808929443           0.0  1.4210705604849185
0.6210076808929443  0.6210854649543762           0.0  1.4199816175266926
0.6210854649543762  0.6211632490158081           0.0  1.4199816175266926
0.6211632490158081  0.6212410926818848           0.0  1.4188943421687088
0.6212410926818848  0.6213188767433167           0.0  1.4199816175266926
0.6213188767433167  0.6213967204093933           0.0  1.4188943421687088
0.6213967204093933  0.6214746236801147           0.0  1.4178087305832698
0.6214746236801147  0.6215525269508362           0.0  1.4178087305832698
0.6215525269508362  0.6216304302215576           0.0  1.4178087305832698
0.6216304302215576  0.6217083334922791           0.0  1.4178087305832698
0.6217083334922791  0.6217862963676453           0.0  1.4167247789543835
0.6217862963676453  0.6218642592430115           0.0  1.4167247789543835
0.6218642592430115  0.6219422221183777           0.0  1.4167247789543835
0.6219422221183777  0.6220202445983887           0.0  1.4156424834777186
0.6220202445983887  0.6220982670783997           0.0  1.4156424834777186
0.6220982670783997  0.6221762895584106           0.0  1.4156424834777186
0.6221762895584106  0.6222543716430664           0.0  1.41456184036056
0.6222543716430664  0.6223324537277222           0.0  1.41456184036056
0.6223324537277222  0.6224105954170227           0.0  1.4134828458217648
0.6224105954170227  0.6224886775016785           0.0  1.41456184036056
0.6224886775016785  0.622566819190979           0.0  1.4134828458217648
0.622566819190979  0.6226450204849243           0.0  1.4124054960917178
0.6226450204849243  0.6227231621742249           0.0  1.4134828458217648
0.6227231621742249  0.6228013634681702           0.0  1.4124054960917178
0.6228013634681702  0.6228796243667603           0.0  1.4113297874122877
0.6228796243667603  0.6229578256607056           0.0  1.4124054960917178
0.6229578256607056  0.6230360865592957           0.0  1.4113297874122877
0.6230360865592957  0.6231144070625305           0.0  1.4102557160367837
0.6231144070625305  0.6231926679611206           0.0  1.4113297874122877
0.6231926679611206  0.6232709884643555           0.0  1.4102557160367837
0.6232709884643555  0.6233493685722351           0.0  1.4091832782299116
0.6233493685722351  0.62342768907547           0.0  1.4102557160367837
0.62342768907547  0.6235060691833496           0.0  1.4091832782299116
0.6235060691833496  0.623584508895874           0.0  1.4081124702677308
0.623584508895874  0.6236628890037537           0.0  1.4091832782299116
0.6236628890037537  0.6237413287162781           0.0  1.4081124702677308
0.6237413287162781  0.6238198280334473           0.0  1.407043288437611
0.6238198280334473  0.6238982677459717           0.0  1.4081124702677308
0.6238982677459717  0.6239767670631409           0.0  1.407043288437611
0.6239767670631409  0.6240552663803101           0.0  1.407043288437611
0.6240552663803101  0.624133825302124           0.0  1.4059757290381893
0.624133825302124  0.624212384223938           0.0  1.4059757290381893
0.624212384223938  0.624290943145752           0.0  1.4059757290381893
0.624290943145752  0.6243695616722107           0.0  1.404909788379328
0.6243695616722107  0.6244481801986694           0.0  1.404909788379328
0.6244481801986694  0.6245267987251282           0.0  1.404909788379328
0.6245267987251282  0.6246054768562317           0.0  1.403845462782071
0.6246054768562317  0.6246841549873352           0.0  1.403845462782071
0.6246841549873352  0.6247628331184387           0.0  1.403845462782071
0.6247628331184387  0.624841570854187           0.0  1.4027827485786024
0.624841570854187  0.6249203085899353           0.0  1.4027827485786024
0.6249203085899353  0.6249990463256836           0.0  1.4027827485786024
0.6249990463256836  0.6250778436660767           0.0  1.401721642112204
0.6250778436660767  0.6251566410064697           0.0  1.401721642112204
0.6251566410064697  0.6252354383468628           0.0  1.401721642112204
0.6252354383468628  0.6253142356872559           0.0  1.401721642112204
0.6253142356872559  0.6253930926322937           0.0  1.4006621397372137
0.6253930926322937  0.6254720091819763           0.0  1.399604237818983
0.6254720091819763  0.6255508661270142           0.0  1.4006621397372137
0.6255508661270142  0.6256297826766969           0.0  1.399604237817014
0.6256297826766969  0.6257087588310242           0.0  1.3985479327358028
0.6257087588310242  0.6257876753807068           0.0  1.399604237818983
0.6257876753807068  0.6258666515350342           0.0  1.3985479327338366
0.6258666515350342  0.6259456276893616           0.0  1.3985479327338366
0.6259456276893616  0.6260246634483337           0.0  1.3974932208690298
0.6260246634483337  0.6261036992073059           0.0  1.3974932208690298
0.6261036992073059  0.6261827349662781           0.0  1.3974932208690298
0.6261827349662781  0.626261830329895           0.0  1.3964400986227081
0.626261830329895  0.626340925693512           0.0  1.3964400986227081
0.626340925693512  0.6264200210571289           0.0  1.3964400986227081
0.6264200210571289  0.6264991760253906           0.0  1.3953885624038658
0.6264991760253906  0.6265783309936523           0.0  1.3953885624038658
0.6265783309936523  0.6266574859619141           0.0  1.3953885624038658
0.6266574859619141  0.6267367005348206           0.0  1.3943386086323053
0.6267367005348206  0.6268159151077271           0.0  1.3943386086323053
0.6268159151077271  0.6268951296806335           0.0  1.3943386086323053
0.6268951296806335  0.6269744038581848           0.0  1.3932902337385966
0.6269744038581848  0.6270536780357361           0.0  1.3932902337385966
0.6270536780357361  0.6271329522132874           0.0  1.3932902337385966
0.6271329522132874  0.6272122859954834           0.0  1.3922434341640373
0.6272122859954834  0.6272916197776794           0.0  1.3922434341640373
0.6272916197776794  0.6273709535598755           0.0  1.3922434341640373
0.6273709535598755  0.6274503469467163           0.0  1.3911982063606108
0.6274503469467163  0.6275297403335571           0.0  1.3911982063606108
0.6275297403335571  0.6276091337203979           0.0  1.3911982063606108
0.6276091337203979  0.6276885867118835           0.0  1.390154546790948
0.6276885867118835  0.6277680397033691           0.0  1.390154546790948
0.6277680397033691  0.6278474926948547           0.0  1.390154546790948
0.6278474926948547  0.6279270052909851           0.0  1.389112451928286
0.6279270052909851  0.6280065178871155           0.0  1.389112451928286
0.6280065178871155  0.6280860304832458           0.0  1.389112451928286
0.6280860304832458  0.628165602684021           0.0  1.3880719182564296
0.628165602684021  0.6282451748847961           0.0  1.3880719182564296
0.6282451748847961  0.6283247470855713           0.0  1.3880719182564296
0.6283247470855713  0.6284043788909912           0.0  1.3870329422697107
0.6284043788909912  0.6284840106964111           0.0  1.3870329422697107
0.6284840106964111  0.6285637021064758           0.0  1.3859955204729495
0.6285637021064758  0.6286433339118958           0.0  1.3870329422697107
0.6286433339118958  0.6287230253219604           0.0  1.3859955204729495
0.6287230253219604  0.6288027763366699           0.0  1.3849596493814151
0.6288027763366699  0.6288825273513794           0.0  1.3849596493814151
0.6288825273513794  0.6289622783660889           0.0  1.3849596493814151
0.6289622783660889  0.6290420293807983           0.0  1.3849596493814151
0.6290420293807983  0.6291218400001526           0.0  1.3839253255207868
0.6291218400001526  0.6292016506195068           0.0  1.3839253255207868
0.6292016506195068  0.6292814612388611           0.0  1.3839253255207868
0.6292814612388611  0.6293613314628601           0.0  1.3828925454271146
0.6293613314628601  0.6294412016868591           0.0  1.3828925454271146
0.6294412016868591  0.6295211315155029           0.0  1.3818613056467812
0.6295211315155029  0.6296010613441467           0.0  1.3818613056467812
0.6296010613441467  0.6296809911727905           0.0  1.3818613056467812
0.6296809911727905  0.6297609210014343           0.0  1.3818613056467812
0.6297609210014343  0.6298409104347229           0.0  1.380831602736463
0.6298409104347229  0.6299208998680115           0.0  1.380831602736463
0.6299208998680115  0.6300009489059448           0.0  1.3798034332630928
0.6300009489059448  0.6300809979438782           0.0  1.3798034332630928
0.6300809979438782  0.6301610469818115           0.0  1.3798034332630928
0.6301610469818115  0.6302411556243896           0.0  1.3787767938038196
0.6302411556243896  0.630321204662323           0.0  1.3798034332630928
0.630321204662323  0.6304013729095459           0.0  1.377751680945973
0.6304013729095459  0.630481481552124           0.0  1.3787767938038196
0.630481481552124  0.6305616497993469           0.0  1.377751680945973
0.6305616497993469  0.6306418180465698           0.0  1.377751680945973
0.6306418180465698  0.6307220458984375           0.0  1.3767280912870234
0.6307220458984375  0.6308022737503052           0.0  1.3767280912870234
0.6308022737503052  0.6308825016021729           0.0  1.3767280912870234
0.6308825016021729  0.6309627890586853           0.0  1.375706021434546
0.6309627890586853  0.6310430765151976           0.0  1.3757060214364485
0.6310430765151976  0.6311233639717102           0.0  1.375706021432644
0.6311233639717102  0.6312037110328674           0.0  1.3746854680061822
0.6312037110328674  0.6312840580940247           0.0  1.3746854680061822
0.6312840580940247  0.6313644051551819           0.0  1.3746854680061822
0.6313644051551819  0.6314448118209839           0.0  1.3736664276296022
0.6314448118209839  0.6315252184867859           0.0  1.3736664276296022
0.6315252184867859  0.6316056251525879           0.0  1.3736664276296022
0.6316056251525879  0.6316860914230347           0.0  1.3726488969424693
0.6316860914230347  0.6317665576934814           0.0  1.3726488969424693
0.6317665576934814  0.6318470239639282           0.0  1.3726488969424693
0.6318470239639282  0.6319275498390197           0.0  1.371632872594292
0.6319275498390197  0.6320080757141113           0.0  1.3716328725905098
0.6320080757141113  0.6320886611938477           0.0  1.370618351236933
0.6320886611938477  0.6321691870689392           0.0  1.3716328725924007
0.6321691870689392  0.6322497725486755           0.0  1.370618351236933
0.6322497725486755  0.6323304176330566           0.0  1.3696053295434838
0.6323304176330566  0.6324110627174377           0.0  1.3696053295434838
0.6324110627174377  0.6324917078018188           0.0  1.3696053295434838
0.6324917078018188  0.6325723528862           0.0  1.3696053295434838
0.6325723528862  0.6326530575752258           0.0  1.368593804189316
0.6326530575752258  0.6327337622642517           0.0  1.368593804189316
0.6327337622642517  0.6328145265579225           0.0  1.3675837718596209
0.6328145265579225  0.632895290851593           0.0  1.3675837718633808
0.632895290851593  0.6329760551452637           0.0  1.367583771861501
0.6329760551452637  0.6330568790435791           0.0  1.3665752292568834
0.6330568790435791  0.6331377029418945           0.0  1.3665752292568834
0.6331377029418945  0.63321852684021           0.0  1.3665752292568834
0.63321852684021  0.6332993507385254           0.0  1.3665752292568834
0.6332993507385254  0.6333802342414856           0.0  1.3655681730820441
0.6333802342414856  0.6334611773490906           0.0  1.364562600053265
0.6334611773490906  0.6335420608520508           0.0  1.3655681730820441
0.6335420608520508  0.6336230039596558           0.0  1.364562600053265
0.6336230039596558  0.6337040066719055           0.0  1.3635585068964928
0.6337040066719055  0.6337849497795105           0.0  1.364562600053265
0.6337849497795105  0.6338659524917603           0.0  1.3635585068964928
0.6338659524917603  0.6339470148086548           0.0  1.3625558903473043
0.6339470148086548  0.6340280771255493           0.0  1.3625558903473043
0.6340280771255493  0.6341091394424438           0.0  1.3625558903473043
0.6341091394424438  0.6341902017593384           0.0  1.3625558903473043
0.6341902017593384  0.6342713236808777           0.0  1.3615547471508698
0.6342713236808777  0.634352445602417           0.0  1.3615547471508698
0.634352445602417  0.6344335675239563           0.0  1.3615547471508698
0.6344335675239563  0.6345147490501404           0.0  1.360555074061919
0.6345147490501404  0.6345959305763245           0.0  1.360555074061919
0.6345959305763245  0.6346771717071533           0.0  1.3595568678447056
0.6346771717071533  0.6347584128379822           0.0  1.3595568678447056
0.6347584128379822  0.634839653968811           0.0  1.3595568678447056
0.634839653968811  0.6349209547042847           0.0  1.358560125272972
0.6349209547042847  0.6350022554397583           0.0  1.358560125272972
0.6350022554397583  0.6350835561752319           0.0  1.358560125272972
0.6350835561752319  0.6351648569107056           0.0  1.358560125272972
0.6351648569107056  0.635246217250824           0.0  1.3575648431299148
0.635246217250824  0.635327637195587           0.0  1.3565710182100004
0.635327637195587  0.6354089975357056           0.0  1.3575648431280622
0.6354089975357056  0.6354904174804688           0.0  1.3565710182081507
0.6354904174804688  0.6355718970298767           0.0  1.355578647309681
0.6355718970298767  0.6356533765792847           0.0  1.355578647309681
0.6356533765792847  0.6357348561286926           0.0  1.355578647309681
0.6357348561286926  0.6358163356781007           0.0  1.3555786473078337
0.6358163356781007  0.6358978748321533           0.0  1.3545877272477023
0.6358978748321533  0.6359794139862061           0.0  1.354587727245858
0.6359794139862061  0.6360609531402588           0.0  1.354587727245858
0.6360609531402588  0.6361425518989563           0.0  1.353598254837351
0.6361425518989563  0.6362241506576538           0.0  1.353598254837351
0.6362241506576538  0.6363058090209961           0.0  1.3526102269141123
0.6363058090209961  0.6363874673843384           0.0  1.3526102269141123
0.6363874673843384  0.6364691257476807           0.0  1.3526102269141123
0.6364691257476807  0.6365508437156677           0.0  1.3516236403153419
0.6365508437156677  0.6366325616836548           0.0  1.3516236403153419
0.6366325616836548  0.6367142796516418           0.0  1.3516236403153419
0.6367142796516418  0.6367959976196289           0.0  1.3516236403153419
0.6367959976196289  0.6368777751922607           0.0  1.350638491889456
0.6368777751922607  0.6369596123695374           0.0  1.3496547784940522
0.6369596123695374  0.6370413899421692           0.0  1.350638491889456
0.6370413899421692  0.6371232271194458           0.0  1.3496547784940522
0.6371232271194458  0.6372051239013672           0.0  1.348672496995876
0.6372051239013672  0.6372870206832886           0.0  1.348672496995876
0.6372870206832886  0.63736891746521           0.0  1.348672496995876
0.63736891746521  0.6374508142471313           0.0  1.348672496995876
0.6374508142471313  0.6375327706336975           0.0  1.3476916442707882
0.6375327706336975  0.6376147270202637           0.0  1.3476916442707882
0.6376147270202637  0.6376967430114746           0.0  1.346712217203731
0.6376967430114746  0.6377787590026855           0.0  1.346712217203731
0.6377787590026855  0.6378607749938965           0.0  1.346712217203731
0.6378607749938965  0.6379427909851074           0.0  1.346712217203731
0.6379427909851074  0.6380248665809631           0.0  1.3457342126886955
0.6380248665809631  0.6381070017814636           0.0  1.3447576276286892
0.6381070017814636  0.6381890773773193           0.0  1.3457342126886955
0.6381890773773193  0.6382712125778198           0.0  1.3447576276286892
0.6382712125778198  0.6383534073829651           0.0  1.3437824589357024
0.6383534073829651  0.6384355425834656           0.0  1.3447576276286892
0.6384355425834656  0.638517737388611           0.0  1.3437824589338874
0.638517737388611  0.6385999917984009           0.0  1.3428087035324892
0.6385999917984009  0.6386822462081909           0.0  1.3428087035306766
0.6386822462081909  0.638764500617981           0.0  1.3428087035306766
0.638764500617981  0.638846755027771           0.0  1.3428087035306766
0.638846755027771  0.6389290690422058           0.0  1.3418363583434711
0.6389290690422058  0.6390113830566406           0.0  1.3418363583434711
0.6390113830566406  0.6390937566757202           0.0  1.3408654203128318
0.6390937566757202  0.6391761302947998           0.0  1.3408654203128318
0.6391761302947998  0.6392585039138794           0.0  1.3408654203128318
0.6392585039138794  0.6393409371376038           0.0  1.3398958863863584
0.6393409371376038  0.6394233107566833           0.0  1.3408654203128318
0.6394233107566833  0.6395058035850525           0.0  1.3389277535204722
0.6395058035850525  0.6395882964134216           0.0  1.3389277535204722
0.6395882964134216  0.6396707892417908           0.0  1.3389277535204722
0.6396707892417908  0.6397532820701599           0.0  1.3389277535204722
0.6397532820701599  0.6398358345031739           0.0  1.337961018678586
0.6398358345031739  0.6399183869361877           0.0  1.3379610186821849
0.6399183869361877  0.6400009393692017           0.0  1.3379610186803854
0.6400009393692017  0.6400835514068604           0.0  1.3369956788400676
0.6400835514068604  0.640166163444519           0.0  1.3369956788400676
0.640166163444519  0.6402488350868225           0.0  1.336031730982216
0.6402488350868225  0.640331506729126           0.0  1.336031730982216
0.640331506729126  0.6404141783714294           0.0  1.336031730982216
0.6404141783714294  0.6404969096183777           0.0  1.335069172098223
0.6404969096183777  0.6405796408653259           0.0  1.335069172098223
0.6405796408653259  0.6406623721122742           0.0  1.335069172098223
0.6406623721122742  0.6407451629638672           0.0  1.3341079991881453
0.6407451629638672  0.6408279538154602           0.0  1.3341079991881453
0.6408279538154602  0.6409107446670532           0.0  1.3341079991881453
0.6409107446670532  0.640993595123291           0.0  1.3331482092606717
0.640993595123291  0.6410764455795288           0.0  1.3331482092606717
0.6410764455795288  0.6411593556404114           0.0  1.332189799333094
0.6411593556404114  0.6412422060966492           0.0  1.3331482092606717
0.6412422060966492  0.6413251757621766           0.0  1.3312327664294927
0.6413251757621766  0.6414080858230591           0.0  1.332189799334878
0.6414080858230591  0.6414910554885864           0.0  1.3312327664312742
0.6414910554885864  0.6415740251541138           0.0  1.3312327664312742
0.6415740251541138  0.6416570544242859           0.0  1.330277107589615
0.6416570544242859  0.641740083694458           0.0  1.330277107589615
0.641740083694458  0.6418231725692749           0.0  1.3293228198510285
0.6418231725692749  0.641906201839447           0.0  1.330277107589615
0.641906201839447  0.6419892907142639           0.0  1.3293228198510285
0.6419892907142639  0.6420724391937256           0.0  1.3283699002669058
0.6420724391937256  0.6421555876731873           0.0  1.3283699002669058
0.6421555876731873  0.6422387361526489           0.0  1.3283699002669058
0.6422387361526489  0.6423218846321106           0.0  1.3283699002669058
0.6423218846321106  0.642405092716217           0.0  1.3274183458970872
0.642405092716217  0.6424883604049683           0.0  1.3264681538098309
0.6424883604049683  0.6425715684890747           0.0  1.3274183458970872
0.6425715684890747  0.6426548361778259           0.0  1.3264681538098309
0.6426548361778259  0.6427381038665771           0.0  1.3264681538098309
0.6427381038665771  0.6428214311599731           0.0  1.3255193210817837
0.6428214311599731  0.6429047584533691           0.0  1.3255193210817837
0.6429047584533691  0.6429881453514099           0.0  1.324571844797951
0.6429881453514099  0.6430715322494507           0.0  1.324571844797951
0.6430715322494507  0.6431549191474915           0.0  1.324571844797951
0.6431549191474915  0.6432383060455322           0.0  1.324571844797951
0.6432383060455322  0.6433217525482178           0.0  1.323625722051667
0.6433217525482178  0.6434051990509033           0.0  1.323625722051667
0.6434051990509033  0.6434887051582336           0.0  1.3226809499445635
0.6434887051582336  0.6435722112655641           0.0  1.322680949942805
0.6435722112655641  0.6436557173728943           0.0  1.3226809499463221
0.6436557173728943  0.6437392830848694           0.0  1.3217375255865433
0.6437392830848694  0.6438228487968445           0.0  1.3217375255865433
0.6438228487968445  0.6439064145088197           0.0  1.3217375255847872
0.6439064145088197  0.6439900398254395           0.0  1.3207954460975009
0.6439900398254395  0.6440736651420593           0.0  1.3207954460957474
0.6440736651420593  0.6441573500633239           0.0  1.3198547086002792
0.6441573500633239  0.6442410349845886           0.0  1.3198547085967771
0.6442410349845886  0.6443247199058533           0.0  1.3198547085985282
0.6443247199058533  0.6444084644317627           0.0  1.3189153102294189
0.6444084644317627  0.6444922089576721           0.0  1.3189153102294189
0.6444922089576721  0.6445759534835815           0.0  1.3189153102294189
0.6445759534835815  0.6446597576141357           0.0  1.317977248131105
0.6446597576141357  0.6447435617446899           0.0  1.317977248131105
0.6447435617446899  0.6448273658752441           0.0  1.317977248131105
0.6448273658752441  0.6449112296104431           0.0  1.3170405194543948
0.6449112296104431  0.6449950933456421           0.0  1.3170405194543948
0.6449950933456421  0.6450790166854858           0.0  1.3161051213581916
0.6450790166854858  0.6451629400253296           0.0  1.3161051213581916
0.6451629400253296  0.6452468633651733           0.0  1.3161051213581916
0.6452468633651733  0.6453308463096619           0.0  1.3151710510094632
0.6453308463096619  0.6454148292541504           0.0  1.3151710510094632
0.6454148292541504  0.6454988121986389           0.0  1.3151710510094632
0.6454988121986389  0.6455828547477722           0.0  1.3142383055832154
0.6455828547477722  0.6456668972969055           0.0  1.3142383055832154
0.6456668972969055  0.6457509398460388           0.0  1.3142383055832154
0.6457509398460388  0.6458350419998169           0.0  1.3133068822624618
0.6458350419998169  0.6459192037582397           0.0  1.3123767782381965
0.6459192037582397  0.6460033059120178           0.0  1.3133068822624618
0.6460033059120178  0.6460874676704407           0.0  1.3123767782381965
0.6460874676704407  0.6461716294288635           0.0  1.3123767782381965
0.6461716294288635  0.6462558507919312           0.0  1.3114479907093657
0.6462558507919312  0.6463400721549988           0.0  1.3114479907093657
0.6463400721549988  0.6464243531227112           0.0  1.3105205168828384
0.6464243531227112  0.6465085744857788           0.0  1.3114479907093657
0.6465085744857788  0.6465928554534912           0.0  1.3105205168828384
0.6465928554534912  0.6466771960258484           0.0  1.3095943539733805
0.6466771960258484  0.6467615365982056           0.0  1.3095943539733805
0.6467615365982056  0.6468458771705627           0.0  1.3095943539733805
0.6468458771705627  0.6469302773475647           0.0  1.3086694992036254
0.6469302773475647  0.6470146775245667           0.0  1.3086694992036254
0.6470146775245667  0.6470990777015686           0.0  1.3086694992036254
0.6470990777015686  0.6471835374832153           0.0  1.3077459498040462
0.6471835374832153  0.6472679972648619           0.0  1.3077459498057653
0.6472679972648619  0.6473525166511536           0.0  1.3068237030112126
0.6473525166511536  0.6474369764328003           0.0  1.3077459498040462
0.6474369764328003  0.6475215554237366           0.0  1.305902756076345
0.6475215554237366  0.6476060748100281           0.0  1.3068237030129293
0.6476060748100281  0.6476906538009644           0.0  1.305902756076345
0.6476906538009644  0.6477752923965453           0.0  1.304983106249834
0.6477752923965453  0.6478598713874817           0.0  1.305902756074631
0.6478598713874817  0.6479445099830627           0.0  1.3049831062481223
0.6479445099830627  0.6480292081832886           0.0  1.3040647507898195
0.6480292081832886  0.6481139063835144           0.0  1.3040647507898195
0.6481139063835144  0.6481986045837402           0.0  1.3040647507898195
0.6481986045837402  0.6482833027839661           0.0  1.3040647507898195
0.6482833027839661  0.6483680605888367           0.0  1.3031476869706986
0.6483680605888367  0.6484528779983521           0.0  1.3022319120676975
0.6484528779983521  0.6485376358032227           0.0  1.3031476869706986
0.6485376358032227  0.648622453212738           0.0  1.3022319120676975
0.648622453212738  0.6487073302268982           0.0  1.3013174233654028
0.6487073302268982  0.6487922072410583           0.0  1.3013174233654028
0.6487922072410583  0.6488770842552185           0.0  1.3013174233654028
0.6488770842552185  0.6489619612693787           0.0  1.3013174233654028
0.6489619612693787  0.6490468978881836           0.0  1.3004042181560236
0.6490468978881836  0.6491318345069885           0.0  1.3004042181560236
0.6491318345069885  0.6492168307304382           0.0  1.2994922937393643
0.6492168307304382  0.6493018269538879           0.0  1.2994922937393643
0.6493018269538879  0.6493868827819824           0.0  1.2985816474227987
0.6493868827819824  0.6494718790054321           0.0  1.2994922937393643
0.6494718790054321  0.6495569944381714           0.0  1.297672276521242
0.6495569944381714  0.6496420502662659           0.0  1.2985816474227987
0.6496420502662659  0.6497271656990051           0.0  1.297672276521242
0.6497271656990051  0.6498122811317444           0.0  1.297672276521242
0.6498122811317444  0.6498974561691284           0.0  1.2967641783571264
0.6498974561691284  0.6499826312065125           0.0  1.2967641783571264
0.6499826312065125  0.6500678062438965           0.0  1.2967641783571264
0.6500678062438965  0.6501530408859253           0.0  1.2958573502603732
0.6501530408859253  0.6502382755279541           0.0  1.2958573502603732
0.6502382755279541  0.6503235697746277           0.0  1.2949517895683673
0.6503235697746277  0.6504088640213013           0.0  1.2949517895683673
0.6504088640213013  0.6504941582679749           0.0  1.2949517895683673
0.6504941582679749  0.6505795121192933           0.0  1.294047493624248
0.6505795121192933  0.6506648659706116           0.0  1.2940474936276145
0.6506648659706116  0.6507502198219298           0.0  1.2940474936276145
0.6507502198219298  0.6508356332778931           0.0  1.2931444597836184
0.6508356332778931  0.6509210467338562           0.0  1.2931444597852992
0.6509210467338562  0.6510064601898193           0.0  1.2931444597852992
0.6510064601898193  0.6510919332504272           0.0  1.2922426854060904
0.6510919332504272  0.6511774659156799           0.0  1.2913421678552848
0.6511774659156799  0.6512629389762878           0.0  1.2922426854060904
0.6512629389762878  0.6513484716415405           0.0  1.2913421678552848
0.6513484716415405  0.651434063911438           0.0  1.2904429045071961
0.651434063911438  0.6515196561813354           0.0  1.2904429045071961
0.6515196561813354  0.6516052484512329           0.0  1.2904429045071961
0.6516052484512329  0.6516908407211304           0.0  1.2904429045071961
0.6516908407211304  0.6517764925956726           0.0  1.2895448927434472
0.6517764925956726  0.6518622040748596           0.0  1.2886481299529442
0.6518622040748596  0.6519478559494019           0.0  1.2895448927434472
0.6519478559494019  0.6520335674285889           0.0  1.2886481299529442
0.6520335674285889  0.6521193385124207           0.0  1.287752613531851
0.6521193385124207  0.6522051095962524           0.0  1.287752613531851
0.6522051095962524  0.6522908806800842           0.0  1.287752613531851
0.6522908806800842  0.6523766517639159           0.0  1.2877526135335178
0.6523766517639159  0.6524624824523926           0.0  1.2868583408819005
0.6524624824523926  0.6525483727455139           0.0  1.285965309418691
0.6525483727455139  0.6526342034339905           0.0  1.2868583408835652
0.6526342034339905  0.6527200937271118           0.0  1.285965309418691
0.6527200937271118  0.6528060436248779           0.0  1.2850735165550164
0.6528060436248779  0.652891993522644           0.0  1.2850735165550164
0.652891993522644  0.6529779434204102           0.0  1.2850735165550164
0.6529779434204102  0.6530638933181763           0.0  1.2850735165550164
0.6530638933181763  0.6531499028205872           0.0  1.284182959717487
0.6531499028205872  0.6532359719276428           0.0  1.2832936363381813
0.6532359719276428  0.6533220410346985           0.0  1.2832936363381813
0.6533220410346985  0.6534081101417542           0.0  1.2832936363381813
0.6534081101417542  0.6534941792488098           0.0  1.2832936363381813
0.6534941792488098  0.6535803079605103           0.0  1.2824055438562862
0.6535803079605103  0.6536664366722107           0.0  1.2824055438562862
0.6536664366722107  0.6537526249885559           0.0  1.281518679718073
0.6537526249885559  0.6538388133049011           0.0  1.281518679718073
0.6538388133049011  0.6539250016212463           0.0  1.281518679718073
0.6539250016212463  0.6540112495422363           0.0  1.280633041376872
0.6540112495422363  0.6540974974632263           0.0  1.280633041376872
0.6540974974632263  0.6541838049888611           0.0  1.2797486262930482
0.6541838049888611  0.6542701125144958           0.0  1.2797486262930482
0.6542701125144958  0.6543564200401306           0.0  1.2797486262930482
0.6543564200401306  0.6544427871704102           0.0  1.2788654319339776
0.6544427871704102  0.6545291543006897           0.0  1.2788654319339776
0.6545291543006897  0.654615581035614           0.0  1.2779834557740233
0.654615581035614  0.6547019481658936           0.0  1.2788654319339776
0.6547019481658936  0.6547884345054626           0.0  1.2771026952945097
0.6547884345054626  0.654874861240387           0.0  1.2779834557740233
0.654874861240387  0.6549613475799562           0.0  1.2771026952928703
0.6549613475799562  0.6550478935241699           0.0  1.276223147985338
0.6550478935241699  0.6551343798637389           0.0  1.2771026952961493
0.6551343798637389  0.6552209854125977           0.0  1.2753448113351398
0.6552209854125977  0.6553075313568115           0.0  1.276223147983701
0.6553075313568115  0.6553941369056702           0.0  1.2753448113367747
0.6553941369056702  0.6554807424545288           0.0  1.2753448113367747
0.6554807424545288  0.6555674076080322           0.0  1.2744676828558004
0.6555674076080322  0.6556540727615356           0.0  1.2744676828558004
0.6556540727615356  0.6557407975196838           0.0  1.273591760049714
0.6557407975196838  0.6558274626731873           0.0  1.2744676828558004
0.6558274626731873  0.6559142470359802           0.0  1.2727170404342951
0.6559142470359802  0.6560009717941284           0.0  1.273591760049714
0.6560009717941284  0.6560877561569214           0.0  1.2727170404342951
0.6560877561569214  0.6561746001243591           0.0  1.271843521532144
0.6561746001243591  0.6562613844871521           0.0  1.2727170404342951
0.6562613844871521  0.6563482284545898           0.0  1.271843521532144
0.6563482284545898  0.6564351320266724           0.0  1.2709712008726568
0.6564351320266724  0.6565220355987549           0.0  1.2709712008726568
0.6565220355987549  0.6566089391708373           0.0  1.2709712008742806
0.6566089391708373  0.6566959023475646           0.0  1.2701000759920038
0.6566959023475646  0.656782865524292           0.0  1.2701000759903824
0.656782865524292  0.6568698287010193           0.0  1.2701000759920038
0.6568698287010193  0.6569568514823914           0.0  1.2692301444331053
0.6569568514823914  0.6570439338684082           0.0  1.2683614037456084
0.6570439338684082  0.6571309566497803           0.0  1.2692301444331053
0.6571309566497803  0.6572180390357971           0.0  1.2683614037456084
0.6572180390357971  0.6573051810264587           0.0  1.2674938514858642
0.6573051810264587  0.6573922634124756           0.0  1.2683614037456084
0.6573922634124756  0.657479465007782           0.0  1.2666274852169062
0.657479465007782  0.6575666069984436           0.0  1.2674938514858642
0.6575666069984436  0.65765380859375           0.0  1.2666274852169062
0.65765380859375  0.6577410101890564           0.0  1.2666274852169062
0.6577410101890564  0.6578282713890076           0.0  1.2657623025084246
0.6578282713890076  0.6579155325889587           0.0  1.2657623025084246
0.6579155325889587  0.6580028533935546           0.0  1.2648983009383548
0.6580028533935546  0.6580901741981506           0.0  1.2648983009351382
0.6580901741981506  0.6581774950027467           0.0  1.2648983009351382
0.6581774950027467  0.6582648754119873           0.0  1.2640354780864176
0.6582648754119873  0.658352255821228           0.0  1.2640354780848115
0.658352255821228  0.6584396362304688           0.0  1.2640354780848115
0.6584396362304688  0.6585270762443542           0.0  1.2631738315421497
0.6585270762443542  0.6586145162582397           0.0  1.2631738315421497
0.6586145162582397  0.65870201587677           0.0  1.2623133589048594
0.65870201587677  0.6587895154953004           0.0  1.2623133589032578
0.6587895154953004  0.6588770151138306           0.0  1.2623133589064612
0.6588770151138306  0.6589645743370056           0.0  1.2614540577755846
0.6589645743370056  0.6590521335601807           0.0  1.2614540577755846
0.6590521335601807  0.6591397523880005           0.0  1.2605959257634922
0.6591397523880005  0.6592273712158203           0.0  1.2605959257634922
0.6592273712158203  0.6593149900436401           0.0  1.2605959257634922
0.6593149900436401  0.6594026684761047           0.0  1.2597389604842513
0.6594026684761047  0.6594903469085693           0.0  1.2597389604842513
0.6594903469085693  0.6595780849456787           0.0  1.2588831595600092
0.6595780849456787  0.6596657633781433           0.0  1.2597389604842513
0.6596657633781433  0.6597535610198975           0.0  1.258028520619371
0.6597535610198975  0.6598413586616516           0.0  1.258028520619371
0.6598413586616516  0.6599291563034057           0.0  1.258028520620962
0.6599291563034057  0.6600169539451599           0.0  1.2580285206177801
0.6600169539451599  0.6601048111915588           0.0  1.257175041297377
0.6601048111915588  0.6601926684379577           0.0  1.2571750412989657
0.6601926684379577  0.6602805852890015           0.0  1.256322719233894
0.6602805852890015  0.6603685021400453           0.0  1.256322719233894
0.6603685021400453  0.6604564189910889           0.0  1.256322719237067
0.6604564189910889  0.6605443954467773           0.0  1.255471552081527
0.6605443954467773  0.6606323719024658           0.0  1.255471552081527
0.6606323719024658  0.6607204079627991           0.0  1.2546215374897316
0.6607204079627991  0.6608084440231323           0.0  1.2546215374897316
0.6608084440231323  0.6608965396881104           0.0  1.2537726731206587
0.6608965396881104  0.6609845757484436           0.0  1.2546215374897316
0.6609845757484436  0.6610727310180663           0.0  1.2529249566427771
0.6610727310180663  0.6611608266830445           0.0  1.2537726731174987
0.6611608266830445  0.6612489819526672           0.0  1.2529249566427771
0.6612489819526672  0.6613371968269348           0.0  1.2520783857245497
0.6613371968269348  0.6614253520965576           0.0  1.2529249566411993
0.6614253520965576  0.6615135669708252           0.0  1.2520783857245497
0.6615135669708252  0.6616018414497375           0.0  1.2512329580501915
0.6616018414497375  0.6616901159286499           0.0  1.2512329580501915
0.6616901159286499  0.6617783904075623           0.0  1.2512329580501915
0.6617783904075623  0.6618667244911194           0.0  1.2503886713038688
0.6618667244911194  0.6619550585746765           0.0  1.2503886713038688
0.6619550585746765  0.6620434522628783           0.0  1.2495455231791377
0.6620434522628783  0.6621318459510803           0.0  1.2495455231759989
0.6621318459510803  0.6622202396392822           0.0  1.249545523177568
0.6622202396392822  0.6623086929321289           0.0  1.248703511369497
0.6623086929321289  0.6623971462249756           0.0  1.248703511369497
0.6623971462249756  0.662485659122467           0.0  1.247862633584063
0.662485659122467  0.6625741124153137           0.0  1.248703511369497
0.6625741124153137  0.66266268491745           0.0  1.247022887531853
0.66266268491745  0.6627511978149414           0.0  1.247862633584063
0.6627511978149414  0.6628398299217224           0.0  1.2461842709296123
0.6628398299217224  0.6629284024238588           0.0  1.24702288753029
0.6629284024238588  0.6630170345306396           0.0  1.2461842709311735
0.6630170345306396  0.6631056666374207           0.0  1.2461842709296123
0.6631056666374207  0.6631943583488465           0.0  1.2453467814986654
0.6631943583488465  0.6632830500602722           0.0  1.2453467815017831
0.6632830500602722  0.6633718013763428           0.0  1.2445104169726888
0.6633718013763428  0.6634605526924133           0.0  1.2445104169726888
0.6634605526924133  0.6635493040084839           0.0  1.2445104169726888
0.6635493040084839  0.6636381149291992           0.0  1.2436751750821031
0.6636381149291992  0.6637269258499146           0.0  1.2436751750821031
0.6637269258499146  0.6638157367706299           0.0  1.2436751750821031
0.6638157367706299  0.66390460729599           0.0  1.2428410535696401
0.66390460729599  0.6639934778213501           0.0  1.2428410535696401
0.6639934778213501  0.664082407951355           0.0  1.2420080501825292
0.664082407951355  0.6641713380813599           0.0  1.2420080501825292
0.6641713380813599  0.6642603278160095           0.0  1.2411761626740345
0.6642603278160095  0.6643492579460144           0.0  1.2420080501825292
0.6643492579460144  0.6644383072853088           0.0  1.2403453888034361
0.6644383072853088  0.6645272970199585           0.0  1.2411761626740345
0.6645272970199585  0.6646164059638977           0.0  1.239515726336009
0.6646164059638977  0.6647054553031921           0.0  1.2403453888034361
0.6647054553031921  0.6647945642471313           0.0  1.239515726336009
0.6647945642471313  0.6648836731910706           0.0  1.239515726336009
0.6648836731910706  0.6649728417396545           0.0  1.2386871730430038
0.6649728417396545  0.6650620102882386           0.0  1.2386871730414615
0.6650620102882386  0.6651512384414673           0.0  1.237859726703166
0.6651512384414673  0.6652404069900513           0.0  1.2386871730430038
0.6652404069900513  0.6653296947479248           0.0  1.2370333850950157
0.6653296947479248  0.6654189229011536           0.0  1.2378597267016256
0.6654189229011536  0.6655082702636718           0.0  1.2362081460137666
0.6655082702636718  0.6655975580215454           0.0  1.2370333850934776
0.6655975580215454  0.6656869053840637           0.0  1.2362081460122305
0.6656869053840637  0.665776252746582           0.0  1.2362081460122305
0.665776252746582  0.6658656597137452           0.0  1.2353840072466884
0.6658656597137452  0.6659550666809082           0.0  1.2353840072497564
0.6659550666809082  0.666044533252716           0.0  1.2345609666053519
0.666044533252716  0.6661339998245239           0.0  1.2345609666022879
0.6661339998245239  0.6662234663963318           0.0  1.23456096660382
0.6662234663963318  0.6663129925727843           0.0  1.2337390218872382
0.6663129925727843  0.6664025187492371           0.0  1.2337390218841782
0.6664025187492371  0.6664920449256897           0.0  1.2337390218857083
0.6664920449256897  0.6665816307067871           0.0  1.2329181709064096
0.6665816307067871  0.6666712760925293           0.0  1.2320984114842646
0.6666712760925293  0.6667608618736267           0.0  1.2329181709064096
0.6667608618736267  0.666850507259369           0.0  1.2320984114827385
0.666850507259369  0.6669402122497559           0.0  1.2312797414449348
0.6669402122497559  0.6670299172401428           0.0  1.2312797414434111
0.6670299172401428  0.6671196222305298           0.0  1.2312797414434111
0.6671196222305298  0.6672093868255615           0.0  1.2304621586137674
0.6672093868255615  0.6672991514205933           0.0  1.2304621586137674
0.6672991514205933  0.6673889756202698           0.0  1.2296456608310111
0.6673889756202698  0.6674787998199463           0.0  1.2296456608310111
0.6674787998199463  0.6675686240196229           0.0  1.2296456608294912
0.6675686240196229  0.6676585078239441           0.0  1.2288302459380787
0.6676585078239441  0.6677483916282654           0.0  1.2288302459365608
0.6677483916282654  0.6678383350372314           0.0  1.228015911777557
0.6678383350372314  0.6679282784461975           0.0  1.228015911777557
0.6679282784461975  0.6680182218551636           0.0  1.228015911777557
0.6680182218551636  0.6681082248687744           0.0  1.2272026562068437
0.6681082248687744  0.6681982278823853           0.0  1.2272026562068437
0.6681982278823853  0.6682882905006408           0.0  1.2263904770844591
0.6682882905006408  0.6683783531188966           0.0  1.2263904770799239
0.6683783531188966  0.6684684753417969           0.0  1.2255793722715718
0.6684684753417969  0.6685585379600525           0.0  1.2263904770829475
0.6685585379600525  0.6686487197875977           0.0  1.2247693396380264
0.6686487197875977  0.668738842010498           0.0  1.225579372270062
0.668738842010498  0.6688290238380432           0.0  1.2247693396380264
0.6688290238380432  0.6689192652702332           0.0  1.2239603770623075
0.6689192652702332  0.6690095067024232           0.0  1.2239603770608019
0.6690095067024232  0.669099748134613           0.0  1.2239603770638132
0.669099748134613  0.6691900491714478           0.0  1.2231524824239826
0.6691900491714478  0.6692803502082825           0.0  1.2231524824239826
0.6692803502082825  0.669370710849762           0.0  1.2223456536097188
0.669370710849762  0.6694610714912415           0.0  1.2223456536097188
0.6694610714912415  0.6695514321327209           0.0  1.2223456536097188
0.6695514321327209  0.6696418523788452           0.0  1.2215398885117559
0.6696418523788452  0.6697322726249695           0.0  1.2215398885117559
0.6697322726249695  0.6698226928710938           0.0  1.2215398885117559
0.6698226928710938  0.6699131727218628           0.0  1.2207351850278878
0.6699131727218628  0.6700037121772766           0.0  1.2199315410614442
0.6700037121772766  0.6700942516326904           0.0  1.2199315410614442
0.6700942516326904  0.6701847910881041           0.0  1.2199315410629399
0.6701847910881041  0.6702753901481628           0.0  1.219128954519778
0.6702753901481628  0.6703659892082214           0.0  1.2191289545212722
0.6703659892082214  0.67045658826828           0.0  1.2191289545212722
0.67045658826828  0.6705472469329834           0.0  1.2183274233217185
0.6705472469329834  0.6706379055976868           0.0  1.2183274233217185
0.6706379055976868  0.6707286238670349           0.0  1.2175269453826107
0.6707286238670349  0.6708193421363831           0.0  1.2175269453826107
0.6708193421363831  0.670910120010376           0.0  1.2167275186292408
0.670910120010376  0.6710008978843689           0.0  1.2167275186292408
0.6710008978843689  0.6710916757583618           0.0  1.2167275186292408
0.6710916757583618  0.6711825132369995           0.0  1.215929140992345
0.6711825132369995  0.6712733507156371           0.0  1.215929140993831
0.6712733507156371  0.6713641881942749           0.0  1.2159291409908588
0.6713641881942749  0.6714550852775574           0.0  1.2151318104080877
0.6714550852775574  0.6715460419654846           0.0  1.214335524818043
0.6715460419654846  0.6716369986534119           0.0  1.214335524818043
0.6716369986534119  0.6717279553413391           0.0  1.214335524818043
0.6717279553413391  0.6718189716339111           0.0  1.2135402821691772
0.6718189716339111  0.6719099879264832           0.0  1.2135402821691772
0.6719099879264832  0.6720010042190552           0.0  1.2135402821691772
0.6720010042190552  0.672092080116272           0.0  1.212746080413831
0.672092080116272  0.6721831560134888           0.0  1.212746080413831
0.6721831560134888  0.6722742915153505           0.0  1.211952917508225
0.6722742915153505  0.6723654270172118           0.0  1.2119529175126542
0.6723654270172118  0.6724566221237183           0.0  1.2111607914183513
0.6724566221237183  0.6725478172302246           0.0  1.211160791419826
0.6725478172302246  0.672639012336731           0.0  1.211160791419826
0.672639012336731  0.6727302670478821           0.0  1.2103697001125628
0.6727302670478821  0.6728215217590332           0.0  1.2103697001125628
0.6728215217590332  0.6729128360748292           0.0  1.2095796415601048
0.6729128360748292  0.673004150390625           0.0  1.2095796415630462
0.673004150390625  0.6730954647064209           0.0  1.2095796415615756
0.6730954647064209  0.6731868386268616           0.0  1.2087906137458144
0.6731868386268616  0.6732782125473022           0.0  1.2087906137458144
0.6732782125473022  0.6733696460723877           0.0  1.2080026146495004
0.6733696460723877  0.6734610795974731           0.0  1.2080026146495004
0.6734610795974731  0.6735525727272033           0.0  1.2072156422635716
0.6735525727272033  0.6736440658569336           0.0  1.2072156422606417
0.6736440658569336  0.6737355589866638           0.0  1.2072156422621065
0.6737355589866638  0.6738271117210389           0.0  1.206429694576879
0.6738271117210389  0.6739186644554138           0.0  1.2064296945798052
0.6739186644554138  0.6740102767944337           0.0  1.2056447695966739
0.6740102767944337  0.6741018891334534           0.0  1.2056447695995962
0.6741018891334534  0.6741935014724731           0.0  1.2056447695981352
0.6741935014724731  0.6742851734161377           0.0  1.2048608653266148
0.6742851734161377  0.6743768453598022           0.0  1.2048608653266148
0.6743768453598022  0.6744685769081117           0.0  1.2040779797726386
0.6744685769081117  0.6745603084564209           0.0  1.2040779797755532
0.6745603084564209  0.674652099609375           0.0  1.2032961109560607
0.674652099609375  0.674743890762329           0.0  1.2032961109575162
0.674743890762329  0.6748356819152832           0.0  1.2032961109546054
0.6748356819152832  0.6749275326728821           0.0  1.2025152568931432
0.6749275326728821  0.675019383430481           0.0  1.2025152568931432
0.675019383430481  0.6751112937927246           0.0  1.2017354156111113
0.6751112937927246  0.6752032041549683           0.0  1.2017354156111113
0.6752032041549683  0.6752951145172119           0.0  1.2017354156111113
0.6752951145172119  0.6753870844841003           0.0  1.2009565851408515
0.6753870844841003  0.6754790544509888           0.0  1.2009565851408515
0.6754790544509888  0.6755710840225219           0.0  1.2001787635197987
0.6755710840225219  0.6756631135940551           0.0  1.2001787635183507
0.6756631135940551  0.6757552027702332           0.0  1.199401948783236
0.6757552027702332  0.6758472919464111           0.0  1.1994019487846819
0.6758472919464111  0.6759393811225891           0.0  1.1994019487846819
0.6759393811225891  0.6760315299034119           0.0  1.1986261389859856
0.6760315299034119  0.6761237382888794           0.0  1.1978513321734543
0.6761237382888794  0.676215887069702           0.0  1.1986261389874298
0.676215887069702  0.6763080954551697           0.0  1.197851332172012
0.6763080954551697  0.676400363445282           0.0  1.1970775264033162
0.676400363445282  0.6764926314353944           0.0  1.1970775264018758
0.6764926314353944  0.6765848994255066           0.0  1.1970775264047568
0.6765848994255066  0.6766772270202637           0.0  1.1963047197368197
0.6766772270202637  0.6767695546150208           0.0  1.1963047197368197
0.6767695546150208  0.6768619418144226           0.0  1.1955329102402152
0.6768619418144226  0.6769543290138246           0.0  1.1955329102387786
0.6769543290138246  0.6770467758178711           0.0  1.194762095986176
0.6770467758178711  0.6771391630172729           0.0  1.1955329102402152
0.6771391630172729  0.6772316694259645           0.0  1.193992275045174
0.6772316694259645  0.6773241758346558           0.0  1.1939922750480398
0.6773241758346558  0.6774166822433472           0.0  1.1939922750466068
0.6774166822433472  0.6775091886520386           0.0  1.1939922750466068
0.6775091886520386  0.6776017546653748           0.0  1.193223445506976
0.6776017546653748  0.6776943802833557           0.0  1.1924556054519522
0.6776943802833557  0.6777870059013367           0.0  1.1924556054519522
0.6777870059013367  0.6778796315193176           0.0  1.1924556054519522
0.6778796315193176  0.6779723167419434           0.0  1.1916887529725617
0.6779723167419434  0.6780650019645691           0.0  1.1916887529725617
0.6780650019645691  0.6781577467918396           0.0  1.1909228861647387
0.6781577467918396  0.6782504916191101           0.0  1.1909228861647387
0.6782504916191101  0.6783432364463806           0.0  1.1909228861647387
0.6783432364463806  0.6784360408782959           0.0  1.1901580031293086
0.6784360408782959  0.6785288453102112           0.0  1.1901580031293086
0.6785288453102112  0.6786217093467712           0.0  1.1893941019719727
0.6786217093467712  0.6787145733833313           0.0  1.1893941019719727
0.6787145733833313  0.6788074970245361           0.0  1.1886311808032928
0.6788074970245361  0.6789004206657411           0.0  1.1886311808018728
0.6789004206657411  0.6789933443069458           0.0  1.188631180804713
0.6789933443069458  0.6790863275527954           0.0  1.1878692377386755
0.6790863275527954  0.6791793107986449           0.0  1.1878692377400937
0.6791793107986449  0.6792723536491395           0.0  1.187108270895523
0.6792723536491395  0.6793653964996339           0.0  1.187108270898356
0.6793653964996339  0.6794584989547729           0.0  1.1863482784087986
0.6794584989547729  0.6795516014099121           0.0  1.1863482784073838
0.6795516014099121  0.6796447038650513           0.0  1.1863482784073838
0.6796447038650513  0.6797378659248352           0.0  1.185589258395607
0.6797378659248352  0.6798310279846191           0.0  1.185589258395607
0.6798310279846191  0.6799242496490479           0.0  1.1848312089976558
0.6799242496490479  0.6800174713134766           0.0  1.1848312089976558
0.6800174713134766  0.68011075258255           0.0  1.1840741283529288
0.68011075258255  0.6802040338516234           0.0  1.1840741283543381
0.6802040338516234  0.680297315120697           0.0  1.1840741283515197
0.680297315120697  0.6803906559944153           0.0  1.183318014605577
0.6803906559944153  0.6804839968681334           0.0  1.1833180146069846
0.6804839968681334  0.6805773973464966           0.0  1.182562865903083
0.6805773973464966  0.6806707978248596           0.0  1.1825628659044884
0.6806707978248596  0.6807642579078674           0.0  1.181808680403274
0.6807642579078674  0.6808577179908751           0.0  1.181808680404678
0.6808577179908751  0.6809511780738831           0.0  1.1818086804018701
0.6809511780738831  0.6810446977615356           0.0  1.1810554562602509
0.6810446977615356  0.6811382174491882           0.0  1.1810554562602509
0.6811382174491882  0.6812317967414856           0.0  1.180303191638429
0.6812317967414856  0.681325376033783           0.0  1.180303191638429
0.681325376033783  0.6814190149307252           0.0  1.179551884704097
0.6814190149307252  0.6815126538276672           0.0  1.1795518847068942
0.6815126538276672  0.6816062927246093           0.0  1.1795518847068942
0.6816062927246093  0.6816999912261963           0.0  1.1788015336324034
0.6816999912261963  0.6817936897277832           0.0  1.1788015336338
0.6817936897277832  0.6818874478340149           0.0  1.1780521366003394
0.6818874478340149  0.6819812059402466           0.0  1.1780521366003394
0.6819812059402466  0.682075023651123           0.0  1.1773036917867432
0.682075023651123  0.6821688413619995           0.0  1.1773036917867432
0.6821688413619995  0.682262659072876           0.0  1.1773036917867432
0.682262659072876  0.6823565363883971           0.0  1.1765561973806509
0.6823565363883971  0.6824504733085632           0.0  1.17580965156735
0.6824504733085632  0.6825443506240845           0.0  1.1765561973792595
0.6825443506240845  0.6826383471488953           0.0  1.1750640525506237
0.6826383471488953  0.6827322840690613           0.0  1.1758096515687397
0.6827322840690613  0.6828262805938721           0.0  1.1750640525506237
0.6828262805938721  0.6829203367233276           0.0  1.1743193985249263
0.6829203367233276  0.6830143928527832           0.0  1.1743193985249263
0.6830143928527832  0.6831084489822388           0.0  1.1743193985249263
0.6831084489822388  0.6832025647163391           0.0  1.1735756876962216
0.6832025647163391  0.6832966804504395           0.0  1.1735756876962216
0.6832966804504395  0.6833908557891846           0.0  1.172832918273629
0.6833908557891846  0.6834850311279297           0.0  1.172832918273629
0.6834850311279297  0.6835792660713196           0.0  1.1720910884707993
0.6835792660713196  0.6836735010147095           0.0  1.1720910884707993
0.6836735010147095  0.6837677359580994           0.0  1.1720910884707993
0.6837677359580994  0.683862030506134           0.0  1.1713501965058999
0.683862030506134  0.6839563250541687           0.0  1.1713501965058999
0.6839563250541687  0.6840506792068481           0.0  1.1706102406016006
0.6840506792068481  0.6841450333595276           0.0  1.1706102406016006
0.6841450333595276  0.6842394471168518           0.0  1.169871218985059
0.6842394471168518  0.684333860874176           0.0  1.169871218985059
0.684333860874176  0.6844282746315002           0.0  1.169871218985059
0.6844282746315002  0.6845227479934691           0.0  1.1691331298892815
0.6845227479934691  0.684617280960083           0.0  1.168395971544866
0.684617280960083  0.684711754322052           0.0  1.1691331298879077
0.684711754322052  0.6848063468933105           0.0  1.1676597422005883
0.6848063468933105  0.6849008798599243           0.0  1.1683959715462382
0.6849008798599243  0.6849954724311829           0.0  1.1676597422005883
0.6849954724311829  0.6850901246070862           0.0  1.166924440095928
0.6850901246070862  0.6851847767829895           0.0  1.166924440095928
0.6851847767829895  0.6852794289588928           0.0  1.166924440095928
0.6852794289588928  0.6853741407394409           0.0  1.166190063481645
0.6853741407394409  0.6854689121246338           0.0  1.1654566106115307
0.6854689121246338  0.6855636239051819           0.0  1.166190063481645
0.6855636239051819  0.6856584548950195           0.0  1.1647240797437672
0.6856584548950195  0.6857532262802124           0.0  1.1654566106115307
0.6857532262802124  0.68584805727005           0.0  1.1647240797437672
0.68584805727005  0.6859429478645325           0.0  1.1639924691409131
0.6859429478645325  0.6860378384590149           0.0  1.1639924691409131
0.6860378384590149  0.6861327290534974           0.0  1.1639924691395511
0.6861327290534974  0.6862276792526245           0.0  1.1632617770712494
0.6862276792526245  0.6863226294517517           0.0  1.1632617770698894
0.6863226294517517  0.6864176392555237           0.0  1.162532001801966
0.6864176392555237  0.6865126490592957           0.0  1.162532001801966
0.6865126490592957  0.6866077184677124           0.0  1.1618031416127483
0.6866077184677124  0.6867027878761292           0.0  1.1618031416127483
0.6867027878761292  0.6867978572845459           0.0  1.1618031416127483
0.6867978572845459  0.6868929862976074           0.0  1.161075194782164
0.6868929862976074  0.6869881749153137           0.0  1.1603481595944483
0.6869881749153137  0.6870833039283752           0.0  1.161075194782164
0.6870833039283752  0.6871785521507263           0.0  1.1596220343381312
0.6871785521507263  0.6872737407684326           0.0  1.1603481595944483
0.6872737407684326  0.6873689889907837           0.0  1.1596220343381312
0.6873689889907837  0.6874642968177795           0.0  1.1588968173060248
0.6874642968177795  0.6875596046447754           0.0  1.1588968173060248
0.6875596046447754  0.6876549124717712           0.0  1.1588968173060248
0.6876549124717712  0.6877502799034119           0.0  1.1581725067952087
0.6877502799034119  0.6878457069396973           0.0  1.1574491011070167
0.6878457069396973  0.6879411339759827           0.0  1.1574491011070167
0.6879411339759827  0.6880365610122681           0.0  1.1574491011070167
0.6880365610122681  0.6881319880485535           0.0  1.1574491011070167
0.6881319880485535  0.6882275342941284           0.0  1.1560049974250366
0.6882275342941284  0.6883230209350586           0.0  1.1567265985470248
0.6883230209350586  0.6884185671806335           0.0  1.1560049974250366
0.6884185671806335  0.6885141730308533           0.0  1.1552842960550709
0.6885141730308533  0.688609778881073           0.0  1.1552842960550709
0.688609778881073  0.6887053847312927           0.0  1.1552842960550709
0.6887053847312927  0.6888010501861572           0.0  1.154564492755348
0.6888010501861572  0.6888967156410217           0.0  1.154564492755348
0.6888967156410217  0.688992440700531           0.0  1.1538455858482775
0.688992440700531  0.6890881657600403           0.0  1.1538455858482775
0.6890881657600403  0.6891838908195496           0.0  1.1538455858482775
0.6891838908195496  0.6892796754837036           0.0  1.153127573660444
0.6892796754837036  0.6893755197525026           0.0  1.1524104545212606
0.6893755197525026  0.6894713640213013           0.0  1.1524104545239304
0.6894713640213013  0.6895672082901001           0.0  1.1524104545225955
0.6895672082901001  0.6896631121635437           0.0  1.1516942267696293
0.6896631121635437  0.6897590160369873           0.0  1.1516942267696293
0.6897590160369873  0.6898549795150757           0.0  1.1509788887405799
0.6898549795150757  0.6899509429931641           0.0  1.1509788887405799
0.6899509429931641  0.6900469660758972           0.0  1.1502644387786056
0.6900469660758972  0.6901429891586304           0.0  1.1502644387786056
0.6901429891586304  0.6902390122413635           0.0  1.1502644387786056
0.6902390122413635  0.6903350949287413           0.0  1.1495508752323045
0.6903350949287413  0.6904312372207642           0.0  1.1488381964477332
0.6904312372207642  0.6905273795127869           0.0  1.14883819644906
0.6905273795127869  0.6906235218048096           0.0  1.14883819644906
0.6906235218048096  0.6907197237014771           0.0  1.1481264007883107
0.6907197237014771  0.6908159255981445           0.0  1.1481264007883107
0.6908159255981445  0.690912127494812           0.0  1.1481264007883107
0.690912127494812  0.691008448600769           0.0  1.1467054522724838
0.691008448600769  0.6911047101020814           0.0  1.1474154866069328
0.6911047101020814  0.6912010312080383           0.0  1.1467054522738054
0.6912010312080383  0.6912974119186402           0.0  1.1459962961473091
0.6912974119186402  0.6913937330245972           0.0  1.1467054522738054
0.6913937330245972  0.6914901733398438           0.0  1.1452880166083643
0.6914901733398438  0.6915866136550903           0.0  1.1452880166083643
0.6915866136550903  0.6916830539703369           0.0  1.1452880166083643
0.6916830539703369  0.6917795538902283           0.0  1.1445806120273834
0.6917795538902283  0.6918760538101196           0.0  1.1445806120273834
0.6918760538101196  0.691972553730011           0.0  1.1445806120273834
0.691972553730011  0.6920691132545472           0.0  1.143874080784076
0.6920691132545472  0.692165732383728           0.0  1.1431684212674047
0.692165732383728  0.692262351512909           0.0  1.1431684212647775
0.692262351512909  0.6923589706420897           0.0  1.1431684212687183
0.6923589706420897  0.6924556493759155           0.0  1.1424636318558603
0.6924556493759155  0.6925523281097412           0.0  1.1424636318571724
0.6925523281097412  0.6926490664482117           0.0  1.141759710950298
0.6926490664482117  0.6927458047866821           0.0  1.141759710950298
0.6927458047866821  0.6928426027297974           0.0  1.141056656941092
0.6928426027297974  0.6929394006729126           0.0  1.141056656941092
0.6929394006729126  0.6930362582206726           0.0  1.1403544682291284
0.6930362582206726  0.6931331157684326           0.0  1.1403544682291284
0.6931331157684326  0.6932299733161927           0.0  1.1403544682278213
0.6932299733161927  0.6933268904685973           0.0  1.1396531432205286
0.6933268904685973  0.693423867225647           0.0  1.1389526803135908
0.693423867225647  0.6935208439826964           0.0  1.1389526803161987
0.6935208439826964  0.6936178207397461           0.0  1.1389526803135908
0.6936178207397461  0.6937148571014403           0.0  1.1382530779327111
0.6937148571014403  0.6938118934631348           0.0  1.1382530779301065
0.6938118934631348  0.6939089894294739           0.0  1.1375543344827095
0.6939089894294739  0.694006085395813           0.0  1.1375543344827095
0.694006085395813  0.6941031813621521           0.0  1.1375543344827095
0.6941031813621521  0.6942003965377808           0.0  1.1361594180701002
0.6942003965377808  0.6942975521087646           0.0  1.1368564483879346
0.6942975521087646  0.6943947672843933           0.0  1.1361594180701002
0.6943947672843933  0.694491982460022           0.0  1.1361594180701002
0.694491982460022  0.6945892572402954           0.0  1.1354632419560868
0.6945892572402954  0.6946865916252136           0.0  1.134767918476628
0.6946865916252136  0.6947838664054871           0.0  1.1354632419560868
0.6947838664054871  0.69488126039505           0.0  1.1340734460662996
0.69488126039505  0.6949785947799683           0.0  1.134767918476628
0.6949785947799683  0.6950760483741759           0.0  1.133379823164798
0.6950760483741759  0.695173442363739           0.0  1.134073446065007
0.695173442363739  0.6952708959579468           0.0  1.1333798231635068
0.6952708959579468  0.6953684091567992           0.0  1.1326870482117626
0.6953684091567992  0.6954659223556519           0.0  1.1326870482091833
0.6954659223556519  0.6955634355545044           0.0  1.132687048210473
0.6955634355545044  0.6956610083580017           0.0  1.1319951196532276
0.6956610083580017  0.6957586407661438           0.0  1.1313040359415956
0.6957586407661438  0.6958562135696412           0.0  1.1319951196519398
0.6958562135696412  0.695953905582428           0.0  1.1306137955304696
0.695953905582428  0.696051597595215           0.0  1.1306137955278999
0.696051597595215  0.6961492896080017           0.0  1.1306137955304696
0.6961492896080017  0.6962469816207886           0.0  1.1306137955291846
0.6962469816207886  0.696344792842865           0.0  1.1292358384353038
0.696344792842865  0.6964425444602966           0.0  1.129924396873374
0.6964425444602966  0.696540355682373           0.0  1.1292358384353038
0.696540355682373  0.6966382265090942           0.0  1.128548118679862
0.6966382265090942  0.6967360973358154           0.0  1.128548118679862
0.6967360973358154  0.6968339681625365           0.0  1.1285481186811424
0.6968339681625365  0.6969318985939026           0.0  1.1278612360743963
0.6969318985939026  0.6970298290252686           0.0  1.1278612360756748
0.6970298290252686  0.6971278190612793           0.0  1.1271751890950934
0.6971278190612793  0.6972258687019348           0.0  1.1264899762141845
0.6972258687019348  0.6973238587379456           0.0  1.1271751890950934
0.6973238587379456  0.6974219679832458           0.0  1.125805595912718
0.6974219679832458  0.6975200176239014           0.0  1.1264899762141845
0.6975200176239014  0.6976181268692017           0.0  1.125805595912718
0.6976181268692017  0.6977162957191467           0.0  1.1251220466741554
0.6977162957191467  0.6978144645690918           0.0  1.1251220466741554
0.6978144645690918  0.6979126930236816           0.0  1.1244393269856394
0.6979126930236816  0.6980109214782715           0.0  1.1244393269856394
0.6980109214782715  0.6981091499328613           0.0  1.1244393269856394
0.6981091499328613  0.6982074379920959           0.0  1.123757435337983
0.6982074379920959  0.6983057260513305           0.0  1.123757435339252
0.6983057260513305  0.69840407371521           0.0  1.1230763702243889
0.69840407371521  0.6985024809837341           0.0  1.12239613014678
0.6985024809837341  0.6986008286476136           0.0  1.1230763702243889
0.6986008286476136  0.6986992955207825           0.0  1.1217167136043722
0.6986992955207825  0.6987977027893066           0.0  1.12239613014678
0.6987977027893066  0.6988961696624755           0.0  1.1217167136043722
0.6988961696624755  0.6989946961402893           0.0  1.121038119098757
0.6989946961402893  0.699093222618103           0.0  1.1210381191000205
0.699093222618103  0.6991918087005615           0.0  1.1203603451465138
0.6991918087005615  0.69929039478302           0.0  1.1203603451465138
0.69929039478302  0.6993889808654785           0.0  1.1203603451465138
0.6993889808654785  0.6994876265525818           0.0  1.1196833902551866
0.6994876265525818  0.6995863318443297           0.0  1.1190072529434891
0.6995863318443297  0.6996850371360778           0.0  1.1190072529422306
0.6996850371360778  0.6997837424278259           0.0  1.1190072529409718
0.6997837424278259  0.6998825073242188           0.0  1.1183319317274192
0.6998825073242188  0.6999812722206115           0.0  1.1183319317286764
0.6999812722206115  0.7000800967216491           0.0  1.1176574251340976
0.7000800967216491  0.7001789212226868           0.0  1.117657425132842
0.7001789212226868  0.7002778053283691           0.0  1.1169837316891704
0.7002778053283691  0.7003766894340515           0.0  1.1169837316891704
0.7003766894340515  0.7004756331443787           0.0  1.1163108499230927
0.7004756331443787  0.7005745768547059           0.0  1.11631084992184
0.7005745768547059  0.7006735801696777           0.0  1.1156387783711088
0.7006735801696777  0.7007725834846497           0.0  1.1156387783698578
0.7007725834846497  0.7008715867996216           0.0  1.1156387783698578
0.7008715867996216  0.7009706497192383           0.0  1.1149675155669878
0.7009706497192383  0.7010697722434998           0.0  1.1142970600555224
0.7010697722434998  0.7011688947677612           0.0  1.1142970600555224
0.7011688947677612  0.7012680172920227           0.0  1.1142970600555224
0.7012680172920227  0.701367199420929           0.0  1.1136274103800083
0.701367199420929  0.7014663815498351           0.0  1.1136274103812547
0.7014663815498351  0.7015656232833861           0.0  1.1129585650884888
0.7015656232833861  0.7016648650169373           0.0  1.1129585650872436
0.7016648650169373  0.7017641663551331           0.0  1.1122905227324933
0.7017641663551331  0.7018634676933289           0.0  1.1122905227324933
0.7018634676933289  0.7019628286361694           0.0  1.1116232818670269
0.7019628286361694  0.70206218957901           0.0  1.1116232818670269
0.70206218957901  0.7021616101264955           0.0  1.1109568410493191
0.7021616101264955  0.7022610306739806           0.0  1.1109568410530408
0.7022610306739806  0.7023605108261108           0.0  1.110291198843778
0.7023605108261108  0.702459990978241           0.0  1.1102911988450173
0.702459990978241  0.702559471130371           0.0  1.1102911988462563
0.702559471130371  0.702659010887146           0.0  1.109626353814531
0.702659010887146  0.7027586102485657           0.0  1.108962304531618
0.7027586102485657  0.7028582096099855           0.0  1.1089623045303818
0.7028582096099855  0.702957808971405           0.0  1.1089623045328543
0.702957808971405  0.7030574679374695           0.0  1.1082990495647929
0.7030574679374695  0.7031571865081787           0.0  1.1076365874909346
0.7031571865081787  0.7032568454742432           0.0  1.1082990495647929
0.7032568454742432  0.7033566236495973           0.0  1.1069749168878564
0.7033566236495973  0.7034564018249512           0.0  1.10697491689032
0.7034564018249512  0.7035561800003052           0.0  1.1069749168890883
0.7035561800003052  0.703656017780304           0.0  1.1063140363416917
0.703656017780304  0.7037558555603026           0.0  1.106314036342922
0.7037558555603026  0.7038557529449463           0.0  1.1056539444333378
0.7038557529449463  0.7039556503295898           0.0  1.1056539444345665
0.7039556503295898  0.7040555477142334           0.0  1.1056539444345665
0.7040555477142334  0.7041555047035217           0.0  1.1049946397569075
0.7041555047035217  0.7042555212974548           0.0  1.1043361209012716
0.7042555212974548  0.7043555378913881           0.0  1.1043361209000457
0.7043555378913881  0.7044556140899658           0.0  1.1036783864647943
0.7044556140899658  0.7045556902885436           0.0  1.1036783864647943
0.7045556902885436  0.7046557664871216           0.0  1.1036783864623454
0.7046557664871216  0.7047559022903442           0.0  1.1030214350430558
0.7047559022903442  0.7048560976982117           0.0  1.1023652652423164
0.7048560976982117  0.7049562931060791           0.0  1.1023652652423164
0.7049562931060791  0.7050564885139465           0.0  1.1023652652423164
0.7050564885139465  0.7051567435264587           0.0  1.1017098756672614
0.7051567435264587  0.7052570581436157           0.0  1.1010552649271146
0.7052570581436157  0.705357313156128           0.0  1.1017098756660413
0.705357313156128  0.7054576873779298           0.0  1.1004014316344024
0.7054576873779298  0.7055580615997314           0.0  1.1004014316356197
0.7055580615997314  0.7056584358215332           0.0  1.1004014316344024
0.7056584358215332  0.7057588696479798           0.0  1.09974837440373
0.7057588696479798  0.7058593034744263           0.0  1.0997483744061616
0.7058593034744263  0.7059597969055176           0.0  1.0990960918578492
0.7059597969055176  0.7060602903366089           0.0  1.0990960918578492
0.7060602903366089  0.706160843372345           0.0  1.0984445826154912
0.706160843372345  0.7062613964080811           0.0  1.0984445826154912
0.7062613964080811  0.7063619494438171           0.0  1.0984445826154912
0.7063619494438171  0.7064626216888428           0.0  1.0971438785508192
0.7064626216888428  0.7065632343292236           0.0  1.0977938453035152
0.7065632343292236  0.7066639065742493           0.0  1.0971438785508192
0.7066639065742493  0.7067646384239197           0.0  1.0964946809895466
0.7067646384239197  0.7068653702735901           0.0  1.0964946809895466
0.7068653702735901  0.7069661617279053           0.0  1.0958462512550762
0.7069661617279053  0.7070669531822205           0.0  1.0958462512550762
0.7070669531822205  0.7071677446365358           0.0  1.095846251253869
0.7071677446365358  0.7072685956954956           0.0  1.0951985879872186
0.7072685956954956  0.7073695063591003           0.0  1.094551689824178
0.7073695063591003  0.7074704170227051           0.0  1.094551689824178
0.7074704170227051  0.7075713276863099           0.0  1.094551689822974
0.7075713276863099  0.7076722979545593           0.0  1.0939055554158035
0.7076722979545593  0.7077732682228088           0.0  1.0939055554146007
0.7077732682228088  0.7078742980957031           0.0  1.0932601834055065
0.7078742980957031  0.7079753875732422           0.0  1.09261557244831
0.7079753875732422  0.7080764174461366           0.0  1.0932601834043052
0.7080764174461366  0.7081775665283203           0.0  1.0919717211988025
0.7081775665283203  0.7082787156105043           0.0  1.0919717211964053
0.7082787156105043  0.708379864692688           0.0  1.0919717211988025
0.708379864692688  0.7084810733795166           0.0  1.0913286283111505
0.7084810733795166  0.7085822820663452           0.0  1.0913286283111505
0.7085822820663452  0.7086835503578187           0.0  1.090686292448677
0.7086835503578187  0.708784818649292           0.0  1.0906862924510685
0.708784818649292  0.7088861465454102           0.0  1.0900447122778434
0.7088861465454102  0.7089874744415283           0.0  1.0900447122778434
0.7089874744415283  0.7090888619422913           0.0  1.0894038864622773
0.7090888619422913  0.7091902494430542           0.0  1.0894038864622773
0.7091902494430542  0.7092916965484619           0.0  1.0887638136735216
0.7092916965484619  0.7093931436538697           0.0  1.08876381367233
0.7093931436538697  0.709494650363922           0.0  1.0881244925874265
0.709494650363922  0.7095961570739745           0.0  1.0881244925850462
0.7095961570739745  0.7096976637840271           0.0  1.088124492583856
0.7096976637840271  0.7097992897033693           0.0  1.0868481002171901
0.7097992897033693  0.7099008560180664           0.0  1.087485921874624
0.7099008560180664  0.7100024819374084           0.0  1.0868481002183774
0.7100024819374084  0.7101041674613953           0.0  1.0862110263026574
0.7101041674613953  0.7102058529853821           0.0  1.0862110263026574
0.7102058529853821  0.7103075385093689           0.0  1.0862110263026574
0.7103075385093689  0.7104093432426453           0.0  1.0849391164357924
0.7104093432426453  0.7105110883712769           0.0  1.0855746988121462
0.7105110883712769  0.7106128931045532           0.0  1.0849391164357924
0.7106128931045532  0.7107147574424744           0.0  1.0843042778656136
0.7107147574424744  0.7108166217803955           0.0  1.0843042778656136
0.7108166217803955  0.7109184861183167           0.0  1.0843042778656136
0.7109184861183167  0.7110204100608827           0.0  1.083670181795506
0.7110204100608827  0.7111223936080933           0.0  1.0830368269283173
0.7111223936080933  0.711224377155304           0.0  1.0830368269271382
0.711224377155304  0.7113263607025146           0.0  1.0830368269271382
0.7113263607025146  0.7114284038543701           0.0  1.0824042119581387
0.7114284038543701  0.7115305066108704           0.0  1.08177233559389
0.7115305066108704  0.7116325497627259           0.0  1.0824042119569612
0.7116325497627259  0.7117347121238707           0.0  1.0811411965439681
0.7117347121238707  0.7118368744850159           0.0  1.0811411965404434
0.7118368744850159  0.7119390368461609           0.0  1.0811411965416182
0.7119390368461609  0.7120412588119507           0.0  1.0805107935115648
0.7120412588119507  0.7121435403823853           0.0  1.0798811252169775
0.7121435403823853  0.712245762348175           0.0  1.0805107935115648
0.712245762348175  0.7123481035232543           0.0  1.079252190375273
0.7123481035232543  0.7124504446983337           0.0  1.0792521903729315
0.7124504446983337  0.7125527858734131           0.0  1.0792521903741021
0.7125527858734131  0.7126551866531372           0.0  1.0786239877021733
0.7126551866531372  0.7127575874328612           0.0  1.0786239877033428
0.7127575874328612  0.7128600478172301           0.0  1.0779965159234053
0.7128600478172301  0.7129625678062439           0.0  1.077369773761818
0.7129625678062439  0.7130650281906128           0.0  1.0779965159234053
0.7130650281906128  0.7131676077842712           0.0  1.0767437599490608
0.7131676077842712  0.7132701873779297           0.0  1.0767437599490608
0.7132701873779297  0.7133727669715881           0.0  1.0767437599490608
0.7133727669715881  0.7134754061698914           0.0  1.0761184732127373
0.7134754061698914  0.7135780453681947           0.0  1.0761184732115734
0.7135780453681947  0.7136807441711426           0.0  1.0754939122892262
0.7136807441711426  0.7137834429740905           0.0  1.0754939122892262
0.7137834429740905  0.7138862013816833           0.0  1.0748700759108651
0.7138862013816833  0.713988959789276           0.0  1.0748700759131877
0.713988959789276  0.7140917778015137           0.0  1.0742469628233813
0.7140917778015137  0.7141945958137512           0.0  1.0742469628245412
0.7141945958137512  0.7142974734306335           0.0  1.0736245717684436
0.7142974734306335  0.7144003510475159           0.0  1.0736245717684436
0.7144003510475159  0.714503288269043           0.0  1.073002901489481
0.714503288269043  0.714606285095215           0.0  1.0723819507351482
0.714606285095215  0.7147092223167419           0.0  1.0730029014906382
0.7147092223167419  0.7148122787475586           0.0  1.071761718260459
0.7148122787475586  0.7149152755737305           0.0  1.0723819507363042
0.7149152755737305  0.7150183916091919           0.0  1.071142202816378
0.7150183916091919  0.7151214480400087           0.0  1.0717617182593044
0.7151214480400087  0.7152246236801147           0.0  1.0705234031625233
0.7152246236801147  0.7153277993202209           0.0  1.0705234031613713
0.7153277993202209  0.7154309749603273           0.0  1.0705234031602193
0.7154309749603273  0.7155342102050781           0.0  1.0699053180567704
0.7155342102050781  0.7156374454498292           0.0  1.0699053180544693
0.7156374454498292  0.7157407402992247           0.0  1.0692879462644644
0.7157407402992247  0.7158440351486206           0.0  1.0692879462610168
0.7158440351486206  0.7159473896026611           0.0  1.0686712865469052
0.7159473896026611  0.7160507440567015           0.0  1.0686712865480532
0.7160507440567015  0.716154158115387           0.0  1.0680553376774318
0.716154158115387  0.7162575721740723           0.0  1.0680553376785784
0.7162575721740723  0.7163610458374023           0.0  1.0674400984287638
0.7163610458374023  0.7164645195007324           0.0  1.0674400984287638
0.7164645195007324  0.7165680527687073           0.0  1.0668255675718674
0.7165680527687073  0.7166715860366821           0.0  1.0668255675718674
0.7166715860366821  0.7167751789093016           0.0  1.0662117438862597
0.7167751789093016  0.7168787717819214           0.0  1.0662117438839744
0.7168787717819214  0.7169824242591858           0.0  1.065598626148553
0.7169824242591858  0.7170860767364502           0.0  1.065598626148553
0.7170860767364502  0.7171897888183594           0.0  1.0649862131450194
0.7171897888183594  0.7172935009002686           0.0  1.0649862131450194
0.7172935009002686  0.7173972725868225           0.0  1.0643745036601573
0.7173972725868225  0.7175011038780212           0.0  1.0637634964823959
0.7175011038780212  0.7176048755645752           0.0  1.0643745036601573
0.7176048755645752  0.7177087664604187           0.0  1.0631531904029454
0.7177087664604187  0.7178125977516174           0.0  1.0637634964823959
0.7178125977516174  0.7179165482521058           0.0  1.062543584214653
0.7179165482521058  0.718020498752594           0.0  1.0625435842169226
0.718020498752594  0.7181244492530823           0.0  1.0625435842157878
0.7181244492530823  0.7182284593582153           0.0  1.0619346767176698
0.7182284593582153  0.7183324694633484           0.0  1.0619346767176698
0.7183324694633484  0.7184365391731263           0.0  1.0613264667069626
0.7184365391731263  0.7185406088829041           0.0  1.0613264667092273
0.7185406088829041  0.7186447381973268           0.0  1.0607189529881842
0.7186447381973268  0.7187489271163942           0.0  1.0601121343663236
0.7187489271163942  0.7188530564308167           0.0  1.0607189529904462
0.7188530564308167  0.7189573049545288           0.0  1.059506009646846
0.7189573049545288  0.719061553478241           0.0  1.059506009646846
0.719061553478241  0.719165802001953           0.0  1.0595060096479745
0.719165802001953  0.7192701101303101           0.0  1.0589005776402065
0.7192701101303101  0.7193744182586669           0.0  1.0589005776424607
0.7193744182586669  0.7194787859916687           0.0  1.058295837161829
0.7194787859916687  0.7195832133293152           0.0  1.0576917870275877
0.7195832133293152  0.7196876406669617           0.0  1.0576917870275877
0.7196876406669617  0.7197920680046082           0.0  1.0576917870275877
0.7197920680046082  0.7198965549468993           0.0  1.057088426054936
0.7198965549468993  0.7200011014938354           0.0  1.0564857530617822
0.7200011014938354  0.7201056480407715           0.0  1.056485753062904
0.7201056480407715  0.7202101945877075           0.0  1.056485753062904
0.7202101945877075  0.7203148007392883           0.0  1.0558837668788226
0.7203148007392883  0.7204194664955139           0.0  1.0552824663282083
0.7204194664955139  0.7205241322517395           0.0  1.0552824663282083
0.7205241322517395  0.720628798007965           0.0  1.0552824663293277
0.720628798007965  0.7207335233688354           0.0  1.0546818502392539
0.7207335233688354  0.7208383083343506           0.0  1.0540819174472889
0.7208383083343506  0.7209430932998657           0.0  1.0540819174472889
0.7209430932998657  0.7210478782653809           0.0  1.0540819174472889
0.7210478782653809  0.7211527228355408           0.0  1.0534826667835893
0.7211527228355408  0.7212576270103455           0.0  1.0528840970865532
0.7212576270103455  0.72136253118515           0.0  1.0528840970876676
0.72136253118515  0.7214674949645996           0.0  1.0522862071949879
0.7214674949645996  0.7215724587440491           0.0  1.0522862071961008
0.7215724587440491  0.7216774225234985           0.0  1.0522862071961008
0.7216774225234985  0.7217825055122374           0.0  1.0510924622089004
0.7217825055122374  0.7218875288963318           0.0  1.0516889959536746
0.7218875288963318  0.7219926118850709           0.0  1.0510924622066793
0.7219926118850709  0.7220977544784546           0.0  1.0504966048040194
0.7220977544784546  0.7222028970718385           0.0  1.050496604801801
0.7222028970718385  0.7223080992698669           0.0  1.0499014225916654
0.7223080992698669  0.7224133014678955           0.0  1.0499014225905574
0.7224133014678955  0.7225185632705688           0.0  1.049306914423745
0.7225185632705688  0.7226238250732421           0.0  1.0493069144248517
0.7226238250732421  0.7227291464805602           0.0  1.0487130791580836
0.7227291464805602  0.7228344678878784           0.0  1.048713079156978
0.7228344678878784  0.7229398488998413           0.0  1.0481199156517724
0.7229398488998413  0.7230452299118042           0.0  1.0481199156517724
0.7230452299118042  0.7231506705284119           0.0  1.0475274227655929
0.7231506705284119  0.7232561707496643           0.0  1.0469355993629004
0.7232561707496643  0.7233616709709167           0.0  1.0469355993629004
0.7233616709709167  0.7234671711921692           0.0  1.0469355993629004
0.7234671711921692  0.7235727310180664           0.0  1.0463444443096181
0.7235727310180664  0.7236782908439637           0.0  1.0463444443085177
0.7236782908439637  0.7237839102745056           0.0  1.0457539564753282
0.7237839102745056  0.7238895893096924           0.0  1.0451641347277685
0.7238895893096924  0.7239952683448792           0.0  1.0451641347277685
0.7239952683448792  0.7241009473800659           0.0  1.0451641347277685
0.7241009473800659  0.7242066860198976           0.0  1.0445749779427216
0.7242066860198976  0.7243124842643738           0.0  1.0439864849995935
0.7243124842643738  0.7244182825088501           0.0  1.0439864849984979
0.7244182825088501  0.7245240807533264           0.0  1.0439864849984979
0.7245240807533264  0.7246299386024475           0.0  1.0433986547704581
0.7246299386024475  0.7247358560562134           0.0  1.0428114861408744
0.7247358560562134  0.7248417735099791           0.0  1.0428114861419673
0.7248417735099791  0.7249477505683899           0.0  1.0422249779923467
0.7249477505683899  0.7250537276268005           0.0  1.0422249779934385
0.7250537276268005  0.725159764289856           0.0  1.0416391292143528
0.725159764289856  0.7252658009529114           0.0  1.0416391292143528
0.7252658009529114  0.7253718376159668           0.0  1.0416391292143528
0.7253718376159668  0.7254779934883118           0.0  1.0404694053185477
0.7254779934883118  0.725584089756012           0.0  1.0410539386923223
0.725584089756012  0.7256903052330017           0.0  1.0398855279867192
0.7256903052330017  0.7257965207099915           0.0  1.0398855279867192
0.7257965207099915  0.7259027361869812           0.0  1.0398855279867192
0.7259027361869812  0.7260090112686156           0.0  1.039302305594094
0.7260090112686156  0.7261152863502504           0.0  1.0393023055908368
0.7261152863502504  0.7262216210365295           0.0  1.038719737037146
0.7262216210365295  0.7263279557228087           0.0  1.038719737037146
0.7263279557228087  0.7264343500137329           0.0  1.0381378212159105
0.7264343500137329  0.7265408039093018           0.0  1.0375565570393805
0.7265408039093018  0.7266472578048706           0.0  1.0375565570393805
0.7266472578048706  0.7267537117004393           0.0  1.0375565570404626
0.7267537117004393  0.7268602252006531           0.0  1.0369759434081713
0.7268602252006531  0.7269667983055116           0.0  1.0363959792340063
0.7269667983055116  0.72707337141037           0.0  1.0363959792350859
0.72707337141037  0.727180004119873           0.0  1.0358166634288781
0.727180004119873  0.7272866368293762           0.0  1.0358166634277997
0.7272866368293762  0.7273932695388795           0.0  1.0358166634267212
0.7273932695388795  0.7274999618530273           0.0  1.0352379949018222
0.7274999618530273  0.7276067137718201           0.0  1.0346599725697005
0.7276067137718201  0.7277134656906128           0.0  1.0346599725697005
0.7277134656906128  0.7278202772140504           0.0  1.03408259535179
0.7278202772140504  0.7279270887374878           0.0  1.0340825953539396
0.7279270887374878  0.7280339598655701           0.0  1.03350586217085
0.7280339598655701  0.7281408905982971           0.0  1.0329297719466743
0.7281408905982971  0.7282477617263794           0.0  1.03350586217085
0.7282477617263794  0.7283547520637512           0.0  1.032354323605757
0.7283547520637512  0.728461742401123           0.0  1.032354323605757
0.728461742401123  0.7285687327384949           0.0  1.032354323605757
0.7285687327384949  0.7286757826805115           0.0  1.0317795160759096
0.7286757826805115  0.7287828922271729           0.0  1.031205348287331
0.7287828922271729  0.7288900017738343           0.0  1.031205348286262
0.7288900017738343  0.7289971113204955           0.0  1.0312053482894687
0.7289971113204955  0.7291042804718016           0.0  1.0306318191725994
0.7291042804718016  0.7292115092277527           0.0  1.0300589276656003
0.7292115092277527  0.7293187379837036           0.0  1.030058927666667
0.7293187379837036  0.7294260263442993           0.0  1.0294866727068521
0.7294260263442993  0.729533314704895           0.0  1.0294866727068521
0.729533314704895  0.7296406626701355           0.0  1.028915053232834
0.7296406626701355  0.729748010635376           0.0  1.028915053232834
0.729748010635376  0.7298554182052612           0.0  1.0283440681866447
0.7298554182052612  0.7299628257751464           0.0  1.0283440681877076
0.7299628257751464  0.7300702929496765           0.0  1.0277737165116025
0.7300702929496765  0.7301777601242065           0.0  1.0277737165126644
0.7301777601242065  0.7302852869033813           0.0  1.027203997157613
0.7302852869033813  0.7303928732872008           0.0  1.0266349090716043
0.7303928732872008  0.7305004596710204           0.0  1.026634909070545
0.7305004596710204  0.7306080460548402           0.0  1.0266349090684261
0.7306080460548402  0.7307156920433043           0.0  1.026066451204959
0.7307156920433043  0.7308233976364136           0.0  1.0254986225071518
0.7308233976364136  0.7309311032295227           0.0  1.025498622508209
0.7309311032295227  0.7310388088226318           0.0  1.025498622508209
0.7310388088226318  0.7311466336250305           0.0  1.0243648484645294
0.7311466336250305  0.7312543988227844           0.0  1.0249314219426624
0.7312543988227844  0.7313622236251831           0.0  1.0243648484645294
0.7313622236251831  0.7314701080322267           0.0  1.023798901033385
0.7314701080322267  0.7315780520439148           0.0  1.0232335786163664
0.7315780520439148  0.7316859364509583           0.0  1.0237989010344386
0.7316859364509583  0.7317939400672913           0.0  1.0226688801723696
0.7317939400672913  0.7319019436836243           0.0  1.0226688801723696
0.7319019436836243  0.7320099472999573           0.0  1.0226688801723696
0.7320099472999573  0.7321180105209351           0.0  1.0221048046731018
0.7321180105209351  0.7322261333465576           0.0  1.0215413510872844
0.7322261333465576  0.7323342561721801           0.0  1.0215413510883333
0.7323342561721801  0.7324423789978028           0.0  1.0215413510851863
0.7324423789978028  0.7325505614280701           0.0  1.0209785183880085
0.7325505614280701  0.7326588034629822           0.0  1.0204163055464393
0.7326588034629822  0.7327670454978943           0.0  1.0204163055464393
0.7327670454978943  0.7328753471374512           0.0  1.019854711542286
0.7328753471374512  0.7329836487770081           0.0  1.019854711542286
0.7329836487770081  0.7330920100212097           0.0  1.019293735353319
0.7330920100212097  0.7332003712654114           0.0  1.019293735353319
0.7332003712654114  0.7333087921142578           0.0  1.0187333759606012
0.7333087921142578  0.733417272567749           0.0  1.0181736323474362
0.733417272567749  0.7335257530212402           0.0  1.0181736323474362
0.7335257530212402  0.7336342334747314           0.0  1.0181736323474362
0.7336342334747314  0.7337427735328674           0.0  1.0176145034993596
0.7337427735328674  0.7338513731956482           0.0  1.0170559884041348
0.7338513731956482  0.733959972858429           0.0  1.0170559884041348
0.733959972858429  0.7340685725212097           0.0  1.0170559884041348
0.7340685725212097  0.73417729139328           0.0  1.0159407954343935
0.73417729139328  0.7342859506607056           0.0  1.0164980860517463
0.7342859506607056  0.7343947291374207           0.0  1.0153841155464842
0.7343947291374207  0.734503448009491           0.0  1.0159407954343935
0.734503448009491  0.7346122860908508           0.0  1.0148280453846297
0.7346122860908508  0.7347211241722108           0.0  1.0148280453835943
0.7347211241722108  0.7348299622535707           0.0  1.0148280453846297
0.7348299622535707  0.7349388599395752           0.0  1.0142725839486715
0.7349388599395752  0.7350478172302246           0.0  1.0137177302365064
0.7350478172302246  0.735156774520874           0.0  1.0137177302365064
0.735156774520874  0.7352657318115234           0.0  1.0137177302365064
0.7352657318115234  0.7353747487068176           0.0  1.0131634832544196
0.7353747487068176  0.7354838252067567           0.0  1.012609842005709
0.7354838252067567  0.7355929017066956           0.0  1.0126098420077705
0.7355929017066956  0.7357020378112793           0.0  1.0120568055010015
0.7357020378112793  0.7358111739158629           0.0  1.0120568055020311
0.7358111739158629  0.7359203696250917           0.0  1.0115043727448503
0.7359203696250917  0.7360296249389648           0.0  1.010952542757347
0.7360296249389648  0.7361388206481934           0.0  1.011504372746907
0.7361388206481934  0.7362481355667114           0.0  1.010401314543257
0.7362481355667114  0.7363574504852295           0.0  1.010401314543257
0.7363574504852295  0.7364668250083923           0.0  1.0098506871238875
0.7364668250083923  0.7365761995315552           0.0  1.0098506871238875
0.7365761995315552  0.7366855740547179           0.0  1.0098506871249127
0.7366855740547179  0.7367950677871703           0.0  1.0087512307416078
0.7367950677871703  0.736904501914978           0.0  1.0093006595154976
0.736904501914978  0.7370140552520751           0.0  1.0082023998227485
0.7370140552520751  0.7371235489845276           0.0  1.008751230740585
0.7371235489845276  0.7372331619262695           0.0  1.0076541657815843
0.7372331619262695  0.7373427748680115           0.0  1.0076541657815843
0.7373427748680115  0.7374523878097534           0.0  1.0076541657815843
0.7374523878097534  0.73756206035614           0.0  1.007106527649027
0.73756206035614  0.7376717925071717           0.0  1.0065594844479
0.7376717925071717  0.7377815246582031           0.0  1.006559484450955
0.7377815246582031  0.7378913164138793           0.0  1.0060130352194394
0.7378913164138793  0.7380011081695557           0.0  1.0060130352174048
0.7380011081695557  0.7381109595298767           0.0  1.005467178986616
0.7381109595298767  0.7382208108901976           0.0  1.0054671789876324
0.7382208108901976  0.7383307218551636           0.0  1.0049219147887536
0.7383307218551636  0.7384406328201294           0.0  1.0049219147897688
0.7384406328201294  0.73855060338974           0.0  1.0043772416652215
0.73855060338974  0.7386606335639954           0.0  1.0038331586524016
0.7386606335639954  0.7387706637382508           0.0  1.003833158651389
0.7387706637382508  0.7388807535171508           0.0  1.003289664794841
0.7388807535171508  0.738990843296051           0.0  1.0032896647918057
0.738990843296051  0.7391009330749512           0.0  1.0032896647928173
0.7391009330749512  0.7392111420631408           0.0  1.0022044407107629
0.7392111420631408  0.7393213510513306           0.0  1.0022044407087436
0.7393213510513306  0.7394315600395203           0.0  1.0022044407097532
0.7394315600395203  0.7395418286323547           0.0  1.0016627085796397
0.7395418286323547  0.7396520972251892           0.0  1.0016627085796397
0.7396520972251892  0.7397624254226685           0.0  1.0011215617894833
0.7397624254226685  0.7398728132247925           0.0  1.0005809993911088
0.7398728132247925  0.7399832010269165           0.0  1.0005809993911088
0.7399832010269165  0.7400936484336854           0.0  1.000041020437383
0.7400936484336854  0.7402040958404542           0.0  1.0000410204383883
0.7402040958404542  0.7403146028518677           0.0  0.9995016239882393
0.7403146028518677  0.7404251098632812           0.0  0.9995016239872351
0.7404251098632812  0.7405356764793396           0.0  0.9989628090955978
0.7405356764793396  0.7406462430953979           0.0  0.9989628090955978
0.7406462430953979  0.7407568693161011           0.0  0.9984245748234557
0.7407568693161011  0.740867555141449           0.0  0.997886920232813
0.740867555141449  0.740978240966797           0.0  0.997886920231812
0.740978240966797  0.7410889863967896           0.0  0.997349844388693
0.7410889863967896  0.7411997318267822           0.0  0.9973498443876931
0.7411997318267822  0.7413105368614197           0.0  0.9968133463541333
0.7413105368614197  0.7414213418960571           0.0  0.9968133463541333
0.7414213418960571  0.7415322065353394           0.0  0.9962774252001795
0.7415322065353394  0.7416431307792662           0.0  0.9957420799968772
0.7416431307792662  0.7417540550231935           0.0  0.9957420799938873
0.7417540550231935  0.7418649792671204           0.0  0.9957420799968772
0.7418649792671204  0.7419759631156922           0.0  0.9952073098122879
0.7419759631156922  0.7420870065689087           0.0  0.9946731137274216
0.7420870065689087  0.7421980500221252           0.0  0.9946731137264272
0.7421980500221252  0.7423091530799866           0.0  0.9941394908113379
0.7423091530799866  0.7424202561378479           0.0  0.9941394908113379
0.7424202561378479  0.742531418800354           0.0  0.9936064401460235
0.742531418800354  0.7426426410675048           0.0  0.9930739608114596
0.7426426410675048  0.7427538633346558           0.0  0.993073960809477
0.7427538633346558  0.7428650856018066           0.0  0.9930739608104683
0.7428650856018066  0.7429763674736023           0.0  0.9925420518866276
0.7429763674736023  0.7430877089500427           0.0  0.9920107124584228
0.7430877089500427  0.7431990504264832           0.0  0.9920107124584228
0.7431990504264832  0.7433104515075682           0.0  0.9914799416127237
0.7433104515075682  0.7434219121932983           0.0  0.9909497384334159
0.7434219121932983  0.7435333728790283           0.0  0.990949738434403
0.7435333728790283  0.7436448335647582           0.0  0.9909497384353901
0.7436448335647582  0.7437563538551331           0.0  0.9904201020152266
0.7437563538551331  0.7438679337501527           0.0  0.9898910314479112
0.7438679337501527  0.7439795136451721           0.0  0.9898910314498812
0.7439795136451721  0.7440911531448364           0.0  0.9893625258261258
0.7440911531448364  0.7442027926445007           0.0  0.9893625258261258
0.7442027926445007  0.7443144917488097           0.0  0.9888345842444908
0.7443144917488097  0.7444261908531188           0.0  0.9888345842435079
0.7444261908531188  0.7445379495620728           0.0  0.9883072057975961
0.7445379495620728  0.7446497678756714           0.0  0.9877803895907963
0.7446497678756714  0.7447615861892701           0.0  0.9877803895898154
0.7447615861892701  0.7448734641075134           0.0  0.9872541347225214
0.7448734641075134  0.7449853420257568           0.0  0.9872541347215417
0.7449853420257568  0.745097279548645           0.0  0.9867284402941074
0.745097279548645  0.7452092170715332           0.0  0.9867284402941074
0.7452092170715332  0.7453212141990663           0.0  0.9862033054127178
0.7453212141990663  0.7454332709312439           0.0  0.9856787291883882
0.7454332709312439  0.7455453276634216           0.0  0.9856787291874115
0.7455453276634216  0.7456573843955995           0.0  0.985678729186435
0.7456573843955995  0.7457695603370668           0.0  0.9846312491351401
0.7457695603370668  0.7458816766738892           0.0  0.985154710725236
0.7458816766738892  0.7459939122200011           0.0  0.9841083435338114
0.7459939122200011  0.7461061477661133           0.0  0.9841083435318644
0.7461061477661133  0.7462183833122253           0.0  0.9841083435328378
0.7462183833122253  0.7463306784629822           0.0  0.9835859930320243
0.7463306784629822  0.7464430332183838           0.0  0.9830641967492486
0.7464430332183838  0.7465553879737854           0.0  0.9830641967492486
0.7465553879737854  0.7466678023338318           0.0  0.9825429538029341
0.7466678023338318  0.7467802166938783           0.0  0.9825429538019637
0.7467802166938783  0.7468926906585693           0.0  0.9820222633143417
0.7468926906585693  0.7470051646232604           0.0  0.9820222633143417
0.7470051646232604  0.7471176981925964           0.0  0.9815021244017508
0.7471176981925964  0.7472302913665771           0.0  0.9809825361949888
0.7472302913665771  0.7473428845405579           0.0  0.9809825361949888
0.7473428845405579  0.7474555373191835           0.0  0.9804634978150832
0.7474555373191835  0.7475681900978088           0.0  0.9804634978170159
0.7475681900978088  0.7476809024810791           0.0  0.9799450083936191
0.7476809024810791  0.7477936148643494           0.0  0.9799450083936191
0.7477936148643494  0.7479063868522644           0.0  0.9794270670572588
0.7479063868522644  0.7480192184448242           0.0  0.9789096729383696
0.7480192184448242  0.748132050037384           0.0  0.9789096729383696
0.748132050037384  0.7482449412345886           0.0  0.9783928251701868
0.7482449412345886  0.7483578324317931           0.0  0.978392825171149
0.7483578324317931  0.7484707832336427           0.0  0.9778765228858526
0.7484707832336427  0.7485837340354919           0.0  0.9778765228887363
0.7485837340354919  0.7486967444419861           0.0  0.9773607652280241
0.7486967444419861  0.748809814453125           0.0  0.9768455513296435
0.748809814453125  0.748922884464264           0.0  0.9768455513286843
0.748922884464264  0.7490360140800476           0.0  0.9763308803341161
0.7490360140800476  0.7491491436958313           0.0  0.9763308803331578
0.7491491436958313  0.7492623329162598           0.0  0.9758167513809024
0.7492623329162598  0.7493755817413329           0.0  0.9753031636179739
0.7493755817413329  0.7494888305664061           0.0  0.9753031636170177
0.7494888305664061  0.7496020793914795           0.0  0.9753031636160615
0.7496020793914795  0.7497153878211974           0.0  0.9747901161884005
0.7497153878211974  0.7498287558555604           0.0  0.9742776082380148
0.7498287558555604  0.749942123889923           0.0  0.9742776082418314
0.749942123889923  0.7500555515289307           0.0  0.9737656389230267
0.7500555515289307  0.7501690387725831           0.0  0.9732542073899794
0.7501690387725831  0.7502825260162354           0.0  0.9732542073918837
0.7502825260162354  0.7503960132598877           0.0  0.9732542073909315
0.7503960132598877  0.7505096197128295           0.0  0.9722329542886383
0.7505096197128295  0.7506231665611266           0.0  0.9727433127938759
0.7506231665611266  0.7507368326187135           0.0  0.9717231310271177
0.7507368326187135  0.7508504986763002           0.0  0.9717231310290161
0.7508504986763002  0.7509641647338866           0.0  0.9717231310309143
0.7509641647338866  0.7510778903961182           0.0  0.9712138421753274
0.7510778903961182  0.7511916756629944           0.0  0.9707050868896457
0.7511916756629944  0.7513054609298706           0.0  0.9707050868896457
0.7513054609298706  0.7514193058013915           0.0  0.9701968643320109
0.7514193058013915  0.7515331506729125           0.0  0.9701968643310648
0.7515331506729125  0.7516470551490784           0.0  0.9696891736632797
0.7516470551490784  0.7517610192298888           0.0  0.969182014055512
0.7517610192298888  0.7518749833106995           0.0  0.9691820140536236
0.7518749833106995  0.7519890069961549           0.0  0.9686753846683374
0.7519890069961549  0.7521030306816101           0.0  0.9686753846702237
0.7521030306816101  0.7522171139717102           0.0  0.9681692846772904
0.7522171139717102  0.7523311972618103           0.0  0.9681692846772904
0.7523311972618103  0.7524453401565553           0.0  0.9676637132483191
0.7524453401565553  0.7525595426559448           0.0  0.9671586695585257
0.7525595426559448  0.7526737451553345           0.0  0.9671586695575854
0.7526737451553345  0.7527880072593689           0.0  0.9666541527763869
0.7527880072593689  0.7529022693634033           0.0  0.9666541527763869
0.7529022693634033  0.7530165910720825           0.0  0.9661501620815086
0.7530165910720825  0.7531309723854065           0.0  0.9656466966505126
0.7531309723854065  0.7532453536987305           0.0  0.9656466966505126
0.7532453536987305  0.7533597946166992           0.0  0.9651437556626737
0.7533597946166992  0.753474235534668           0.0  0.9651437556626737
0.753474235534668  0.7535887360572815           0.0  0.9646413382989764
0.7535887360572815  0.753703236579895           0.0  0.9646413382989764
0.753703236579895  0.7538177967071534           0.0  0.9641394437411747
0.7538177967071534  0.7539324164390563           0.0  0.9636380711783273
0.7539324164390563  0.7540470361709595           0.0  0.9636380711755271
0.7540470361709595  0.7541617155075073           0.0  0.9631372197881152
0.7541617155075073  0.7542763948440552           0.0  0.9631372197881152
0.7542763948440552  0.7543911337852478           0.0  0.9626368887648487
0.7543911337852478  0.7545059323310851           0.0  0.9621370772970539
0.7545059323310851  0.7546207308769225           0.0  0.9621370772961234
0.7546207308769225  0.7547355890274047           0.0  0.9616377845730844
0.7547355890274047  0.7548504471778871           0.0  0.9616377845712253
0.7548504471778871  0.7549653649330139           0.0  0.9611390097894834
0.7549653649330139  0.7550802826881409           0.0  0.9611390097885548
0.7550802826881409  0.7551952600479125           0.0  0.9606407521379591
0.7551952600479125  0.7553102970123291           0.0  0.960143010813754
0.7553102970123291  0.7554253339767456           0.0  0.9601430108146806
0.7554253339767456  0.7555404305458069           0.0  0.9596457850193338
0.7555404305458069  0.7556555867195129           0.0  0.9591490739504832
0.7556555867195129  0.755770742893219           0.0  0.9591490739504832
0.755770742893219  0.7558858990669249           0.0  0.9591490739514079
0.7558858990669249  0.7560011148452758           0.0  0.9586528768092776
0.7560011148452758  0.7561163902282715           0.0  0.958157192797595
0.7561163902282715  0.7562316656112672           0.0  0.958157192797595
0.7562316656112672  0.7563470005989075           0.0  0.9576620211235749
0.7563470005989075  0.7564623951911926           0.0  0.9571673609877756
0.7564623951911926  0.7565777897834778           0.0  0.9571673609877756
0.7565777897834778  0.7566932439804077           0.0  0.9566732116016178
0.7566932439804077  0.7568086981773376           0.0  0.9566732116016178
0.7568086981773376  0.7569242119789125           0.0  0.9561795721726277
0.7569242119789125  0.7570397257804871           0.0  0.9561795721744658
0.7570397257804871  0.7571553587913513           0.0  0.9551938200372854
0.7571553587913513  0.7572709321975708           0.0  0.9556864419145609
0.7572709321975708  0.7573866248130798           0.0  0.9547017057559678
0.7573866248130798  0.7575022578239441           0.0  0.9551938200372854
0.7575022578239441  0.7576180100440978           0.0  0.9542100982873898
0.7576180100440978  0.7577337622642517           0.0  0.9542100982855592
0.7577337622642517  0.7578495740890503           0.0  0.9537189968462859
0.7578495740890503  0.7579653859138488           0.0  0.9537189968472002
0.7579653859138488  0.7580812573432922           0.0  0.9532284006535792
0.7580812573432922  0.7581971287727356           0.0  0.9532284006544925
0.7581971287727356  0.7583130598068237           0.0  0.952738308931791
0.7583130598068237  0.7584290504455566           0.0  0.9522487209004797
0.7584290504455566  0.7585450410842897           0.0  0.9522487208995682
0.7585450410842897  0.7586610913276672           0.0  0.9517596357853654
0.7586610913276672  0.758777141571045           0.0  0.9517596357835443
0.758777141571045  0.7588932514190674           0.0  0.9512710528101157
0.7588932514190674  0.7590094208717346           0.0  0.950782971201813
0.7590094208717346  0.7591255903244017           0.0  0.9507829712027217
0.7591255903244017  0.7592418193817139           0.0  0.9502953901900325
0.7592418193817139  0.7593580484390258           0.0  0.9502953901918481
0.7593580484390258  0.7594743371009827           0.0  0.9498083090059274
0.7594743371009827  0.7595906853675842           0.0  0.9493217268813184
0.7595906853675842  0.7597070336341858           0.0  0.9493217268813184
0.7597070336341858  0.7598234415054322           0.0  0.9488356430468848
0.7598234415054322  0.7599398493766785           0.0  0.9488356430486948
0.7599398493766785  0.7600563168525696           0.0  0.9483500567412148
0.7600563168525696  0.7601727843284607           0.0  0.9483500567412148
0.7601727843284607  0.7602893710136414           0.0  0.9473803736566122
0.7602893710136414  0.7604058980941771           0.0  0.9478649671990277
0.7604058980941771  0.7605225443840027           0.0  0.9468962753554268
0.7605225443840027  0.7606391906738281           0.0  0.9468962753563278
0.7606391906738281  0.7607558369636536           0.0  0.9468962753563278
0.7607558369636536  0.7608726024627686           0.0  0.9459295614458058
0.7608726024627686  0.7609893083572388           0.0  0.9464126715384747
0.7609893083572388  0.7611061334609986           0.0  0.9454469443217208
0.7611061334609986  0.7612229585647582           0.0  0.9454469443244161
0.7612229585647582  0.7613397836685181           0.0  0.9454469443217208
0.7613397836685181  0.7614566683769225           0.0  0.944964819415652
0.7614566683769225  0.7615736126899719           0.0  0.9444831859686924
0.7615736126899719  0.7616906166076659           0.0  0.9440020432369292
0.7616906166076659  0.7618076205253601           0.0  0.9440020432351378
0.7618076205253601  0.7619246244430542           0.0  0.9440020432360333
0.7619246244430542  0.7620416879653931           0.0  0.9435213904645282
0.7620416879653931  0.7621588110923766           0.0  0.9430412269079339
0.7621588110923766  0.762275993824005           0.0  0.9425615518170567
0.762275993824005  0.7623931765556335           0.0  0.9425615518161639
0.7623931765556335  0.762510359287262           0.0  0.9425615518170567
0.762510359287262  0.7626276016235352           0.0  0.9420823644495849
0.7626276016235352  0.7627449035644532           0.0  0.9416036640602541
0.7627449035644532  0.7628622651100159           0.0  0.9411254499106585
0.7628622651100159  0.7629796266555786           0.0  0.9411254499097681
0.7629796266555786  0.7630969882011414           0.0  0.9411254499097681
0.7630969882011414  0.7632144689559937           0.0  0.9401704773578556
0.7632144689559937  0.7633318901062012           0.0  0.9406477212549916
0.7633318901062012  0.7634494304656981           0.0  0.939693717481787
0.7634494304656981  0.7635669708251953           0.0  0.939693717480012
0.7635669708251953  0.7636845707893372           0.0  0.9392174408881568
0.7636845707893372  0.7638021707534791           0.0  0.9392174408872703
0.7638021707534791  0.7639198303222656           0.0  0.9387416468460396
0.7639198303222656  0.7640374898910524           0.0  0.9387416468442681
0.7640374898910524  0.7641552090644836           0.0  0.9382663346197879
0.7641552090644836  0.7642729878425598           0.0  0.9377915034779017
0.7642729878425598  0.7643907666206359           0.0  0.9377915034787856
0.7643907666206359  0.7645086050033569           0.0  0.9373171526912433
0.7645086050033569  0.7646265029907228           0.0  0.936843281532148
0.7646265029907228  0.7647444009780884           0.0  0.9368432815339123
0.7647444009780884  0.7648623585700989           0.0  0.936369889273539
0.7648623585700989  0.7649803161621093           0.0  0.9363698892744202
0.7649803161621093  0.7650983333587646           0.0  0.935896975187167
0.7650983333587646  0.7652164101600647           0.0  0.9354245385524148
0.7652164101600647  0.7653344869613646           0.0  0.9354245385532942
0.7653344869613646  0.7654526233673096           0.0  0.9349525786430839
0.7654526233673096  0.7655707597732544           0.0  0.9349525786439625
0.7655707597732544  0.765688955783844           0.0  0.9344810947414695
0.765688955783844  0.7658072113990783           0.0  0.934010086126045
0.7658072113990783  0.7659254670143127           0.0  0.9340100861242914
0.7659254670143127  0.7660437822341918           0.0  0.9335395520776183
0.7660437822341918  0.766162097454071           0.0  0.9335395520758665
0.766162097454071  0.7662805318832396           0.0  0.9325999048183546
0.7662805318832396  0.7663989067077637           0.0  0.933069491878447
0.7663989067077637  0.7665174007415771           0.0  0.9321307901772303
0.7665174007415771  0.7666358947753907           0.0  0.9321307901763569
0.7666358947753907  0.7667543888092041           0.0  0.9321307901781035
0.7667543888092041  0.7668729424476622           0.0  0.9316621472468923
0.7668729424476622  0.7669915556907654           0.0  0.9311939753118589
0.7669915556907654  0.7671101689338684           0.0  0.9311939753127305
0.7671101689338684  0.767228901386261           0.0  0.9302590416025772
0.767228901386261  0.7673475742340088           0.0  0.9307262736676715
0.7673475742340088  0.7674663066864014           0.0  0.9302590416025772
0.7674663066864014  0.7675850987434387           0.0  0.929792278410604
0.7675850987434387  0.7677039504051208           0.0  0.9293259833863259
0.7677039504051208  0.767822802066803           0.0  0.9293259833863259
0.767822802066803  0.7679417133331299           0.0  0.9288601558257312
0.7679417133331299  0.7680606245994568           0.0  0.9288601558257312
0.7680606245994568  0.7681795954704285           0.0  0.9283947950262194
0.7681795954704285  0.7682985663414001           0.0  0.9283947950262194
0.7682985663414001  0.7684176564216615           0.0  0.9274654709062093
0.7684176564216615  0.7685366868972778           0.0  0.9279299002874624
0.7685366868972778  0.7686558365821838           0.0  0.9270015061892616
0.7686558365821838  0.7687749862670898           0.0  0.9270015061892616
0.7687749862670898  0.7688941955566406           0.0  0.9265380054361669
0.7688941955566406  0.7690134048461914           0.0  0.9265380054361669
0.7690134048461914  0.7691326737403871           0.0  0.9260749679513287
0.7691326737403871  0.7692519426345825           0.0  0.9260749679530529
0.7692519426345825  0.7693713307380675           0.0  0.9251502800170031
0.7693713307380675  0.769490659236908           0.0  0.9256123930422625
0.769490659236908  0.7696101069450378           0.0  0.9246886281798072
0.7696101069450378  0.7697295546531677           0.0  0.9246886281798072
0.7697295546531677  0.7698490023612977           0.0  0.9246886281789478
0.7698490023612977  0.7699685692787169           0.0  0.9237667053219216
0.7699685692787169  0.7700881361961365           0.0  0.9237667053193485
0.7700881361961365  0.7702077031135559           0.0  0.9237667053202062
0.7702077031135559  0.7703273296356201           0.0  0.9233064329209436
0.7703273296356201  0.7704470157623291           0.0  0.9228466189603256
0.7704470157623291  0.770566701889038           0.0  0.9228466189611817
0.770566701889038  0.7706864476203918           0.0  0.9223872627529197
0.7706864476203918  0.7708062529563904           0.0  0.9219283636180765
0.7708062529563904  0.770926058292389           0.0  0.9219283636172221
0.770926058292389  0.7710459232330322           0.0  0.9214699208722278
0.7710459232330322  0.7711658477783203           0.0  0.9210119338331678
0.7711658477783203  0.7712857723236084           0.0  0.9210119338331678
0.7712857723236084  0.7714057564735414           0.0  0.920554401823457
0.7714057564735414  0.771525740623474           0.0  0.9205544018260123
0.771525740623474  0.7716457843780518           0.0  0.9200973241661469
0.7716457843780518  0.7717658877372743           0.0  0.9196407001839308
0.7717658877372743  0.7718859910964965           0.0  0.9196407001864811
0.7718859910964965  0.7720061540603638           0.0  0.9191845292016972
0.7720061540603638  0.772126317024231           0.0  0.9191845292025465
0.772126317024231  0.7722465395927428           0.0  0.9187288105473699
0.7722465395927428  0.7723668217658998           0.0  0.9182735435425733
0.7723668217658998  0.7724871635437011           0.0  0.9178187275263759
0.7724871635437011  0.7726075053215028           0.0  0.9178187275229889
0.7726075053215028  0.7727278470993042           0.0  0.9178187275255292
0.7727278470993042  0.7728483080863953           0.0  0.9169104457557317
0.7728483080863953  0.7729687094688414           0.0  0.917364361818833
0.7729687094688414  0.7730892300605774           0.0  0.9164569786699439
0.7730892300605774  0.7732097506523132           0.0  0.9164569786707882
0.7732097506523132  0.773330330848694           0.0  0.916003959896504
0.773330330848694  0.7734509110450745           0.0  0.9160039598981908
0.7734509110450745  0.7735716104507446           0.0  0.9150992646283129
0.7735716104507446  0.77369225025177           0.0  0.9155513887709159
0.77369225025177  0.773813009262085           0.0  0.9146475868076672
0.773813009262085  0.7739337682723999           0.0  0.9146475868076672
0.7739337682723999  0.7740545272827148           0.0  0.9146475868076672
0.7740545272827148  0.7741753458976746           0.0  0.9141963546484133
0.7741753458976746  0.7742962241172791           0.0  0.9137455674912888
0.7742962241172791  0.7744171619415283           0.0  0.913295224678331
0.7744171619415283  0.7745380997657776           0.0  0.913295224678331
0.7745380997657776  0.7746590971946715           0.0  0.9128453255537113
0.7746590971946715  0.7747800946235658           0.0  0.9128453255511986
0.7747800946235658  0.7749011516571045           0.0  0.9123958694603808
0.7749011516571045  0.7750222682952881           0.0  0.9119468557442587
0.7750222682952881  0.7751433849334717           0.0  0.9119468557442587
0.7751433849334717  0.7752645611763           0.0  0.9114982837542221
0.7752645611763  0.7753857970237732           0.0  0.9110501528379221
0.7753857970237732  0.7755070328712463           0.0  0.9110501528379221
0.7755070328712463  0.7756283283233643           0.0  0.9106024623451271
0.7756283283233643  0.7757496237754822           0.0  0.9106024623451271
0.7757496237754822  0.7758709788322449           0.0  0.910155211626883
0.7758709788322449  0.7759923934936523           0.0  0.9097084000355099
0.7759923934936523  0.7761138677597046           0.0  0.9092620269245995
0.7761138677597046  0.7762353420257568           0.0  0.9092620269245995
0.7762353420257568  0.7763568162918091           0.0  0.9092620269245995
0.7763568162918091  0.7764784097671509           0.0  0.9083705935648695
0.7764784097671509  0.7765999436378479           0.0  0.9088160916490111
0.7765999436378479  0.7767215967178345           0.0  0.9079255320295608
0.7767215967178345  0.776843249797821           0.0  0.9079255320295608
0.776843249797821  0.7769649624824524           0.0  0.9074809064017305
0.7769649624824524  0.7770867347717285           0.0  0.9070367160412793
0.7770867347717285  0.7772085070610046           0.0  0.9070367160412793
0.7772085070610046  0.7773303389549255           0.0  0.9065929603093609
0.7773303389549255  0.7774521708488464           0.0  0.9065929603093609
0.7774521708488464  0.7775740623474121           0.0  0.9061496385683784
0.7775740623474121  0.7776960134506226           0.0  0.9057067501819812
0.7776960134506226  0.777817964553833           0.0  0.9057067501819812
0.777817964553833  0.7779399752616882           0.0  0.9052642945150629
0.7779399752616882  0.7780620455741882           0.0  0.9048222709337567
0.7780620455741882  0.7781841158866882           0.0  0.9048222709337567
0.7781841158866882  0.778306245803833           0.0  0.9043806788054337
0.778306245803833  0.7784284353256226           0.0  0.9039395174986994
0.7784284353256226  0.7785506248474121           0.0  0.9039395174986994
0.7785506248474121  0.7786728739738464           0.0  0.9034987863833904
0.7786728739738464  0.7787951231002808           0.0  0.9034987863833904
0.7787951231002808  0.7789174318313599           0.0  0.9030584848305719
0.7789174318313599  0.7790398001670837           0.0  0.9026186122125347
0.7790398001670837  0.7791622281074524           0.0  0.9021791679027914
0.7791622281074524  0.779284656047821           0.0  0.9021791679027914
0.779284656047821  0.7794070839881897           0.0  0.9021791679027914
0.7794070839881897  0.7795296311378479           0.0  0.9013015617083335
0.7795296311378479  0.7796521782875061           0.0  0.9013015617083335
0.7796521782875061  0.7797747254371643           0.0  0.9013015617083335
0.7797747254371643  0.7798973917961121           0.0  0.9004256612596373
0.7798973917961121  0.7800200581550598           0.0  0.9004256612596373
0.7800200581550598  0.7801427245140076           0.0  0.9004256612596373
0.7801427245140076  0.7802655100822449           0.0  0.8995514615885115
0.7802655100822449  0.7803882360458374           0.0  0.8999883491366361
0.7803882360458374  0.7805110812187195           0.0  0.8991149979972507
0.7805110812187195  0.7806339263916016           0.0  0.8991149979972507
0.7806339263916016  0.7807568311691284           0.0  0.8986789577460396
0.7807568311691284  0.7808797955513           0.0  0.8982433402192601
0.7808797955513  0.7810027599334717           0.0  0.8982433402192601
0.7810027599334717  0.7811257839202881           0.0  0.8978081448024873
0.7811257839202881  0.7812488079071045           0.0  0.8978081448024873
0.7812488079071045  0.7813718914985657           0.0  0.897373370882486
0.7813718914985657  0.7814950346946716           0.0  0.8969390178472089
0.7814950346946716  0.7816181778907776           0.0  0.8969390178472089
0.7816181778907776  0.7817413806915283           0.0  0.8965050850857927
0.7817413806915283  0.7818646430969238           0.0  0.8960715719885559
0.7818646430969238  0.7819879055023193           0.0  0.8960715719885559
0.7819879055023193  0.7821112275123596           0.0  0.8956384779469955
0.7821112275123596  0.7822346091270447           0.0  0.8952058023537843
0.7822346091270447  0.7823579907417297           0.0  0.8952058023537843
0.7823579907417297  0.7824814319610596           0.0  0.8947735446027685
0.7824814319610596  0.7826049327850342           0.0  0.8943417040889641
0.7826049327850342  0.7827284336090088           0.0  0.8943417040889641
0.7827284336090088  0.7828519940376282           0.0  0.8939102802085546
0.7828519940376282  0.7829756140708923           0.0  0.8934792723588879
0.7829756140708923  0.7830992341041565           0.0  0.8934792723588879
0.7830992341041565  0.7832229137420654           0.0  0.893048679938474
0.7832229137420654  0.7833465933799744           0.0  0.893048679938474
0.7833465933799744  0.7834703922271729           0.0  0.8921887389852352
0.7834703922271729  0.7835941314697266           0.0  0.8926185023469815
0.7835941314697266  0.7837179899215698           0.0  0.8917593892552135
0.7837179899215698  0.7838418483734131           0.0  0.8917593892552135
0.7838418483734131  0.7839657664299011           0.0  0.8913304525600451
0.7839657664299011  0.7840896844863892           0.0  0.8913304525600451
0.7840896844863892  0.7842137217521667           0.0  0.8904738158925197
0.7842137217521667  0.7843376994132996           0.0  0.8909019283040065
0.7843376994132996  0.7844617962837219           0.0  0.8900461147321487
0.7844617962837219  0.7845858931541443           0.0  0.8900461147321487
0.7845858931541443  0.7847100496292114           0.0  0.889618824230597
0.7847100496292114  0.7848342061042786           0.0  0.889618824230597
0.7848342061042786  0.7849584221839905           0.0  0.8891919437967052
0.7849584221839905  0.7850826978683472           0.0  0.8887654728404477
0.7850826978683472  0.7852069735527039           0.0  0.8887654728404477
0.7852069735527039  0.7853313684463501           0.0  0.8879137570063889
0.7853313684463501  0.7854557037353516           0.0  0.8883394107729308
0.7854557037353516  0.7855801582336426           0.0  0.8874885109541828
0.7855801582336426  0.7857046127319336           0.0  0.8874885109541828
0.7857046127319336  0.7858290672302246           0.0  0.8874885109541828
0.7858290672302246  0.7859536409378052           0.0  0.8866392396518342
0.7859536409378052  0.7860782146453857           0.0  0.8866392396518342
0.7860782146453857  0.7862028479576111           0.0  0.886215213234019
0.7862028479576111  0.7863274812698364           0.0  0.886215213234019
0.7863274812698364  0.7864521741867065           0.0  0.8857915921951881
0.7864521741867065  0.7865769267082214           0.0  0.8853683759542922
0.7865769267082214  0.7867016792297363           0.0  0.8853683759542922
0.7867016792297363  0.786826491355896           0.0  0.8849455639313913
0.786826491355896  0.7869513630867004           0.0  0.8845231555476533
0.7869513630867004  0.7870762348175049           0.0  0.8845231555476533
0.7870762348175049  0.7872011661529541           0.0  0.88410115022535
0.7872011661529541  0.7873261570930481           0.0  0.8836795473878558
0.7873261570930481  0.7874511480331421           0.0  0.8836795473878558
0.7874511480331421  0.7875761985778809           0.0  0.8832583464596442
0.7875761985778809  0.7877013087272644           0.0  0.8828375468662857
0.7877013087272644  0.7878264188766479           0.0  0.8828375468662857
0.7878264188766479  0.7879515886306763           0.0  0.8824171480344445
0.7879515886306763  0.7880768179893494           0.0  0.881997149391877
0.7880768179893494  0.7882020473480225           0.0  0.881997149391877
0.7882020473480225  0.7883273363113403           0.0  0.8815775503674279
0.7883273363113403  0.788452684879303           0.0  0.8811583503910287
0.788452684879303  0.7885780334472656           0.0  0.8811583503910287
0.7885780334472656  0.7887035012245178           0.0  0.8803211453075218
0.7887035012245178  0.7888289093971252           0.0  0.8807395488936947
0.7888289093971252  0.7889544367790222           0.0  0.8799031390656854
0.7889544367790222  0.7890799641609192           0.0  0.8799031390656854
0.7890799641609192  0.7892054915428162           0.0  0.8799031390656854
0.7892054915428162  0.7893311381340027           0.0  0.8790683163530993
0.7893311381340027  0.7894567847251892           0.0  0.8790683163530993
0.7894567847251892  0.7895824313163757           0.0  0.8790683163530993
0.7895824313163757  0.7897081971168518           0.0  0.8782350762428121
0.7897081971168518  0.7898339629173279           0.0  0.8782350762428121
0.7898339629173279  0.7899597883224487           0.0  0.8778190482578557
0.7899597883224487  0.7900856137275696           0.0  0.8778190482578557
0.7900856137275696  0.7902114987373352           0.0  0.8774034142387943
0.7902114987373352  0.7903374433517456           0.0  0.8769881736262818
0.7903374433517456  0.790463387966156           0.0  0.8769881736262818
0.790463387966156  0.7905893921852112           0.0  0.876573325862031
0.7905893921852112  0.7907154560089111           0.0  0.8761588703888101
0.7907154560089111  0.7908415794372559           0.0  0.8757448066504412
0.7908415794372559  0.7909677028656006           0.0  0.8757448066504412
0.7909677028656006  0.7910938858985901           0.0  0.8753311340917966
0.7910938858985901  0.7912200689315796           0.0  0.8753311340917966
0.7912200689315796  0.7913463115692139           0.0  0.8749178521587977
0.7913463115692139  0.7914726138114929           0.0  0.8745049602984113
0.7914726138114929  0.7915989756584167           0.0  0.8740924579586479
0.7915989756584167  0.7917253375053406           0.0  0.8740924579586479
0.7917253375053406  0.7918517589569092           0.0  0.8736803445885589
0.7918517589569092  0.7919781804084778           0.0  0.8736803445885589
0.7919781804084778  0.7921046614646912           0.0  0.8732686196382347
0.7921046614646912  0.7922312021255493           0.0  0.8728572825588007
0.7922312021255493  0.7923578023910522           0.0  0.872446332802417
0.7923578023910522  0.7924844026565552           0.0  0.872446332802417
0.7924844026565552  0.7926110625267029           0.0  0.8720357698222747
0.7926110625267029  0.7927377820014954           0.0  0.8716255930725936
0.7927377820014954  0.7928645014762878           0.0  0.8716255930725936
0.7928645014762878  0.7929912805557251           0.0  0.8712158020086196
0.7929912805557251  0.7931181192398071           0.0  0.870806396086623
0.7931181192398071  0.7932449579238892           0.0  0.870806396086623
0.7932449579238892  0.793371856212616           0.0  0.8703973747638957
0.793371856212616  0.7934988141059875           0.0  0.8699887374987483
0.7934988141059875  0.7936257719993591           0.0  0.8699887374987483
0.7936257719993591  0.7937527894973755           0.0  0.8695804837505086
0.7937527894973755  0.7938798666000366           0.0  0.8691726129795186
0.7938798666000366  0.7940069437026978           0.0  0.8691726129795186
0.7940069437026978  0.7941340804100037           0.0  0.8687651246471326
0.7941340804100037  0.7942612767219543           0.0  0.868358018215714
0.7942612767219543  0.7943885326385498           0.0  0.8679512931486341
0.7943885326385498  0.7945157885551453           0.0  0.8679512931486341
0.7945157885551453  0.7946431040763855           0.0  0.8675449489102687
0.7946431040763855  0.7947704195976257           0.0  0.8675449489102687
0.7947704195976257  0.7948977947235107           0.0  0.8671389849659962
0.7948977947235107  0.7950252294540405           0.0  0.8667334007821954
0.7950252294540405  0.7951527237892151           0.0  0.866328195826243
0.7951527237892151  0.7952802181243896           0.0  0.866328195826243
0.7952802181243896  0.795407772064209           0.0  0.8659233695665112
0.795407772064209  0.7955353856086731           0.0  0.8655189214723652
0.7955353856086731  0.7956629991531372           0.0  0.8655189214723652
0.7956629991531372  0.7957906723022461           0.0  0.8651148510141614
0.7957906723022461  0.7959184050559998           0.0  0.8647111576632449
0.7959184050559998  0.7960461378097534           0.0  0.8647111576632449
0.7960461378097534  0.7961739301681519           0.0  0.8643078408919467
0.7961739301681519  0.7963017821311951           0.0  0.8639049001735822
0.7963017821311951  0.7964296340942383           0.0  0.8639049001735822
0.7964296340942383  0.7965575456619263           0.0  0.8635023349824482
0.7965575456619263  0.796685516834259           0.0  0.863100144793821
0.796685516834259  0.7968135476112366           0.0  0.8626983290839543
0.7968135476112366  0.7969415783882141           0.0  0.8626983290839543
0.7969415783882141  0.7970696687698364           0.0  0.8622968873300763
0.7970696687698364  0.7971977591514587           0.0  0.8622968873300763
0.7971977591514587  0.7973259687423706           0.0  0.8614951236040603
0.7973259687423706  0.7974541783332825           0.0  0.8614951236040603
0.7974541783332825  0.7975823879241943           0.0  0.8614951236040603
0.7975823879241943  0.7977107167243958           0.0  0.8606948494530116
0.7977107167243958  0.7978390455245972           0.0  0.8606948494530116
0.7978390455245972  0.7979674339294434           0.0  0.8602952696714642
0.7979674339294434  0.7980958223342896           0.0  0.8602952696714642
0.7980958223342896  0.7982242703437805           0.0  0.8598960607296212
0.7982242703437805  0.7983527779579163           0.0  0.8594972221114721
0.7983527779579163  0.798481285572052           0.0  0.8594972221114721
0.798481285572052  0.7986099123954773           0.0  0.8587006537869943
0.7986099123954773  0.7987385392189026           0.0  0.8587006537869943
0.7987385392189026  0.7988671660423279           0.0  0.8587006537869943
0.7988671660423279  0.7989958524703979           0.0  0.85830292305342
0.7989958524703979  0.7991245985031128           0.0  0.8579055605890434
0.7991245985031128  0.7992534041404724           0.0  0.8575085658826163
0.7992534041404724  0.7993822693824768           0.0  0.8571119384238362
0.7993822693824768  0.7995111346244812           0.0  0.8571119384238362
0.7995111346244812  0.7996399998664856           0.0  0.8571119384238362
0.7996399998664856  0.7997689843177795           0.0  0.8563197832127235
0.7997689843177795  0.7998979687690735           0.0  0.8563197832127235
0.7998979687690735  0.8000270128250122           0.0  0.8559242544444959
0.8000270128250122  0.8001561164855957           0.0  0.8555290908921208
0.8001561164855957  0.8002852201461792           0.0  0.8555290908921208
0.8002852201461792  0.8004143834114075           0.0  0.8551342920499925
0.8004143834114075  0.8005435466766357           0.0  0.8551342920499925
0.8005435466766357  0.8006728291511536           0.0  0.8543457864787154
0.8006728291511536  0.8008021116256714           0.0  0.8543457864787154
0.8008021116256714  0.800931453704834           0.0  0.8539520787430109
0.800931453704834  0.8010607957839966           0.0  0.8539520787430109
0.8010607957839966  0.801190197467804           0.0  0.8535587337044375
0.801190197467804  0.8013196587562561           0.0  0.8531657508620321
0.8013196587562561  0.801449179649353           0.0  0.8527731297157541
0.801449179649353  0.80157870054245           0.0  0.8527731297157541
0.80157870054245  0.8017082810401917           0.0  0.8523808697664829
0.8017082810401917  0.8018379211425781           0.0  0.8519889705160155
0.8018379211425781  0.8019675612449646           0.0  0.8519889705160155
0.8019675612449646  0.8020972609519958           0.0  0.8515974314670651
0.8020972609519958  0.8022270202636719           0.0  0.8512062521232585
0.8022270202636719  0.8023567795753479           0.0  0.8512062521232585
0.8023567795753479  0.8024866580963135           0.0  0.8504249705701393
0.8024866580963135  0.8026165366172791           0.0  0.8504249705701393
0.8026165366172791  0.8027464151382446           0.0  0.8504249705701393
0.8027464151382446  0.8028764128684998           0.0  0.8496451219038669
0.8028764128684998  0.8030064105987549           0.0  0.8496451219038669
0.8030064105987549  0.80313640832901           0.0  0.8496451219038669
0.80313640832901  0.8032665252685547           0.0  0.8488667021861355
0.8032665252685547  0.8033966422080994           0.0  0.8488667021861355
0.8033966422080994  0.8035268187522888           0.0  0.8484780269561968
0.8035268187522888  0.8036569952964783           0.0  0.8484780269561968
0.8036569952964783  0.8037872910499573           0.0  0.8477017433084784
0.8037872910499573  0.8039175868034363           0.0  0.8477017433084784
0.8039175868034363  0.8040478825569153           0.0  0.8477017433084784
0.8040478825569153  0.8041782975196838           0.0  0.8469268788264779
0.8041782975196838  0.8043087124824524           0.0  0.8469268788264779
0.8043087124824524  0.8044391870498657           0.0  0.8465399775570277
0.8044391870498657  0.8045696616172791           0.0  0.8465399775570277
0.8045696616172791  0.8047001957893372           0.0  0.8461534296220702
0.8047001957893372  0.80483078956604           0.0  0.8457672345378063
0.80483078956604  0.8049614429473877           0.0  0.8453813918213201
0.8049614429473877  0.8050920963287354           0.0  0.8453813918213201
0.8050920963287354  0.8052228093147278           0.0  0.8449959009905762
0.8052228093147278  0.805353581905365           0.0  0.8446107615644183
0.805353581905365  0.805484414100647           0.0  0.8442259730625666
0.805484414100647  0.805615246295929           0.0  0.8442259730625666
0.805615246295929  0.8057461380958557           0.0  0.8438415350056164
0.8057461380958557  0.8058770895004272           0.0  0.8434574469150358
0.8058770895004272  0.8060080409049988           0.0  0.8434574469150358
0.8060080409049988  0.8061390519142151           0.0  0.8430737083131636
0.8061390519142151  0.8062701225280762           0.0  0.8426903187232077
0.8062701225280762  0.8064011931419373           0.0  0.8426903187232077
0.8064011931419373  0.8065323233604431           0.0  0.8423072776692425
0.8065323233604431  0.8066635131835938           0.0  0.8419245846762079
0.8066635131835938  0.8067947626113892           0.0  0.8415422392699062
0.8067947626113892  0.8069260120391846           0.0  0.8415422392699062
0.8069260120391846  0.8070573806762695           0.0  0.8407785893250153
0.8070573806762695  0.8071886897087097           0.0  0.8411602409770012
0.8071886897087097  0.8073201179504395  1.6807945676846563  1.188501236591332
0.8073201179504395  0.8074515461921692  0.8403972838423281  0.8403972838423281
0.8074515461921692  0.8075830340385437           0.0  0.8400163240581748
0.8075830340385437  0.807714581489563  0.8396357095026432  0.8396357095026432
0.807714581489563  0.8078461289405823           0.0  0.8396357095026432
0.8078461289405823  0.8079777359962463           0.0  0.8392554397066728
0.8079777359962463  0.8081094026565552           0.0  0.8388755142020523
0.8081094026565552  0.8082411289215088           0.0  0.838495932521418
0.8082411289215088  0.8083728551864624           0.0  0.838495932521418
0.8083728551864624  0.8085046410560608           0.0  0.8381166941982513
0.8085046410560608  0.808636486530304           0.0  0.8377377987668778
0.808636486530304  0.8087683320045471           0.0  0.8377377987668778
0.8087683320045471  0.8089002370834351           0.0  0.8373592457624643
0.8089002370834351  0.8090322017669678           0.0  0.8369810347210179
0.8090322017669678  0.8091642260551453           0.0  0.8366031651793832
0.8091642260551453  0.8092962503433228           0.0  0.8366031651793832
0.8092962503433228  0.809428334236145           0.0  0.8362256366752407
0.809428334236145  0.8095604777336121           0.0  0.8358484487471058
0.8095604777336121  0.8096926212310791           0.0  0.8358484487471058
0.8096926212310791  0.8098248839378357           0.0  0.8350950927770768
0.8098248839378357  0.8099571466445923           0.0  0.8350950927770768
0.8099571466445923  0.8100894093513489           0.0  0.8350950927770768
0.8100894093513489  0.810221791267395           0.0  0.8343430935940268
0.810221791267395  0.8103541731834412           0.0  0.8343430935940268
0.8103541731834412  0.8104866147041321           0.0  0.8339676016527154
0.8104866147041321  0.810619056224823           0.0  0.8339676016527154
0.810619056224823  0.8107515573501587           0.0  0.8335924475359126
0.8107515573501587  0.8108841180801392           0.0  0.8332176307879198
0.8108841180801392  0.8110167384147644           0.0  0.8328431509538577
0.8110167384147644  0.8111494183540344           0.0  0.8324690075796647
0.8111494183540344  0.8112820982933044           0.0  0.8324690075796647
0.8112820982933044  0.8114148378372192           0.0  0.8320952002120942
0.8114148378372192  0.8115476369857788           0.0  0.8317217283987135
0.8115476369857788  0.8116804361343384           0.0  0.8317217283987135
0.8116804361343384  0.8118132948875427           0.0  0.831348591687902
0.8118132948875427  0.8119462132453918           0.0  0.8309757896288491
0.8119462132453918  0.812079131603241           0.0  0.8309757896288491
0.812079131603241  0.8122121691703796           0.0  0.8302311876668161
0.8122121691703796  0.8123452067375183           0.0  0.8302311876668161
0.8123452067375183  0.8124783039093018           0.0  0.8298593868662488
0.8124783039093018  0.8126114010810852           0.0  0.8298593868662488
0.8126114010810852  0.8127445578575134           0.0  0.8294879189222621
0.8127445578575134  0.8128777742385864           0.0  0.8291167833880687
0.8128777742385864  0.8130110502243042           0.0  0.8287459798176805
0.8130110502243042  0.8131443858146667           0.0  0.8283755077659068
0.8131443858146667  0.8132777214050293           0.0  0.8283755077659068
0.8132777214050293  0.8134111166000366           0.0  0.8280053667883528
0.8134111166000366  0.8135445117950439           0.0  0.8280053667883528
0.8135445117950439  0.8136780261993408           0.0  0.8272660762822918
0.8136780261993408  0.8138115406036377           0.0  0.8272660762822918
0.8138115406036377  0.8139451146125793           0.0  0.8268969258689574
0.8139451146125793  0.814078688621521           0.0  0.8268969258689574
0.814078688621521  0.8142123222351074           0.0  0.8265281047601845
0.8142123222351074  0.8143460750579834           0.0  0.8257914486953358
0.8143460750579834  0.8144797682762146           0.0  0.8261596125155299
0.8144797682762146  0.8146135807037354           0.0  0.8254236128607276
0.8146135807037354  0.8147473931312561           0.0  0.8254236128607276
0.8147473931312561  0.8148812651634216           0.0  0.8250561045736124
0.8148812651634216  0.8150151968002319           0.0  0.8246889233966771
0.8150151968002319  0.8151491284370422           0.0  0.8246889233966771
0.8151491284370422  0.8152831792831421           0.0  0.8239555406279829
0.8152831792831421  0.8154172301292419           0.0  0.8239555406279829
0.8154172301292419  0.8155512809753418           0.0  0.8239555406279829
0.8155512809753418  0.8156854510307312           0.0  0.823223461071672
0.8156854510307312  0.8158196210861206           0.0  0.823223461071672
0.8158196210861206  0.8159538507461548           0.0  0.8228579089131144
0.8159538507461548  0.816088080406189           0.0  0.8228579089131144
0.816088080406189  0.8162224292755127           0.0  0.8221277776718428
0.8162224292755127  0.8163567781448364           0.0  0.8221277776718428
0.8163567781448364  0.8164911866188049           0.0  0.8217631977260903
0.8164911866188049  0.8166256546974182           0.0  0.8213989409895095
0.8166256546974182  0.8167601227760315           0.0  0.8213989409895095
0.8167601227760315  0.8168946504592896           0.0  0.8210350070324915
0.8168946504592896  0.8170292377471924           0.0  0.8206713954261885
0.8170292377471924  0.8171638250350952           0.0  0.8206713954261885
0.8171638250350952  0.8172985315322876           0.0  0.8199451375541299
0.8172985315322876  0.81743323802948           0.0  0.8199451375541299
0.81743323802948  0.8175680041313171           0.0  0.8195824904344686
0.8175680041313171  0.8177027702331543           0.0  0.8195824904344686
0.8177027702331543  0.817837655544281           0.0  0.8188581576987775
0.817837655544281  0.8179725408554077           0.0  0.8188581576987775
0.8179725408554077  0.8181074857711792           0.0  0.8184964712333629
0.8181074857711792  0.8182424306869507           0.0  0.8184964712333629
0.8182424306869507  0.8183774352073669           0.0  0.8181351041378956
0.8183774352073669  0.8185125589370728           0.0  0.8174133263662697
0.8185125589370728  0.8186476230621338           0.0  0.8177740559895558
0.8186476230621338  0.8187828063964844           0.0  0.8170529148467081
0.8187828063964844  0.818917989730835           0.0  0.8170529148467081
0.818917989730835  0.8190532326698303           0.0  0.8166928210102837
0.8190532326698303  0.8191885352134705           0.0  0.8163330444371515
0.8191885352134705  0.8193238973617554           0.0  0.8159735847082051
0.8193238973617554  0.8194592595100403           0.0  0.8159735847082051
0.8194592595100403  0.81959468126297           0.0  0.8156144414050766
0.81959468126297  0.8197301626205444           0.0  0.8152556141101337
0.8197301626205444  0.8198656439781189           0.0  0.8152556141101337
0.8198656439781189  0.8200012445449829           0.0  0.814538905877949
0.8200012445449829  0.8201368451118469           0.0  0.814538905877949
0.8201368451118469  0.8202725052833557           0.0  0.8141810241091098
0.8202725052833557  0.8204081654548645           0.0  0.8141810241091098
0.8204081654548645  0.8205439448356628           0.0  0.8134662031924205
0.8205439448356628  0.8206797242164612           0.0  0.8134662031924205
0.8206797242164612  0.8208155035972595           0.0  0.8134662031924205
0.8208155035972595  0.8209514021873474           0.0  0.8127526363475148
0.8209514021873474  0.8210873007774353           0.0  0.8127526363475148
0.8210873007774353  0.821223258972168           0.0  0.812396322171124
0.821223258972168  0.8213592767715454           0.0  0.8120403202770963
0.8213592767715454  0.8214953541755676           0.0  0.811684630255074
0.8214953541755676  0.8216314315795898           0.0  0.811684630255074
0.8216314315795898  0.8217675685882568           0.0  0.8113292516954176
0.8217675685882568  0.8219037652015686           0.0  0.8109741841892052
0.8219037652015686  0.8220400214195251           0.0  0.81061942732823
0.8220400214195251  0.8221762776374817           0.0  0.81061942732823
0.8221762776374817  0.822312593460083           0.0  0.8102649807049994
0.822312593460083  0.8224489688873291           0.0  0.8099108439127333
0.8224489688873291  0.82258540391922           0.0  0.8095570165453621
0.82258540391922  0.8227218985557556           0.0  0.8092034981975257
0.8227218985557556  0.8228583931922913           0.0  0.8092034981975257
0.8228583931922913  0.8229949474334717           0.0  0.8088502884645717
0.8229949474334717  0.8231315016746521           0.0  0.8088502884645717
0.8231315016746521  0.8232681751251221           0.0  0.8081447932282311
0.8232681751251221  0.823404848575592           0.0  0.8081447932282311
0.823404848575592  0.8235415816307068           0.0  0.8077925069190645
0.8235415816307068  0.8236783742904663           0.0  0.8074405276132173
0.8236783742904663  0.8238151669502258           0.0  0.8074405276132173
0.8238151669502258  0.8239520788192749           0.0  0.8067374884076334
0.8239520788192749  0.824088990688324           0.0  0.8067374884076334
0.824088990688324  0.824225902557373           0.0  0.8067374884076334
0.824225902557373  0.8243629336357117           0.0  0.8060356724107585
0.8243629336357117  0.8244999647140503           0.0  0.8060356724107585
0.8244999647140503  0.8246370553970337           0.0  0.805685222118406
0.8246370553970337  0.8247742056846619           0.0  0.8053350764330003
0.8247742056846619  0.8249114155769348           0.0  0.8049852349575733
0.8249114155769348  0.8250486254692078           0.0  0.8049852349575733
0.8250486254692078  0.8251859545707703           0.0  0.8042864630522282
0.8251859545707703  0.825323224067688           0.0  0.8046356972958462
0.825323224067688  0.8254606127738953           0.0  0.803937531831815
0.8254606127738953  0.8255980610847473           0.0  0.8035889032403876
0.8255980610847473  0.8257355093955994           0.0  0.8035889032403876
0.8257355093955994  0.8258730173110962           0.0  0.80324057688441
0.8258730173110962  0.8260105848312378           0.0  0.8028925523710285
0.8260105848312378  0.8261481523513794           0.0  0.8028925523710285
0.8261481523513794  0.8262858390808105           0.0  0.8021974073040405
0.8262858390808105  0.8264235258102417           0.0  0.8021974073040405
0.8264235258102417  0.8265612125396729           0.0  0.8021974073040405
0.8265612125396729  0.8266990184783936           0.0  0.801503464910179
0.8266990184783936  0.8268368244171143           0.0  0.801503464910179
0.8268368244171143  0.8269747495651245           0.0  0.8008107220710172
0.8269747495651245  0.8271126747131348           0.0  0.8008107220710172
0.8271126747131348  0.827250599861145           0.0  0.8008107220710172
0.827250599861145  0.8273886442184448           0.0  0.8001191756789006
0.8273886442184448  0.8275266885757446           0.0  0.8001191756789006
0.8275266885757446  0.8276647925376892           0.0  0.7997738501822761
0.8276647925376892  0.8278029561042786           0.0  0.7994288226368997
0.8278029561042786  0.8279411196708679           0.0  0.7994288226368997
0.8279411196708679  0.8280794024467468           0.0  0.7987396598587645
0.8280794024467468  0.8282176852226257           0.0  0.7987396598587645
0.8282176852226257  0.8283560276031494           0.0  0.798395523857102
0.8283560276031494  0.8284943699836731           0.0  0.798395523857102
0.8284943699836731  0.8286328315734863           0.0  0.797708140711293
0.8286328315734863  0.8287712931632996           0.0  0.797708140711293
0.8287712931632996  0.8289098143577576           0.0  0.797364892802209
0.8289098143577576  0.8290483951568604           0.0  0.7970219401601435
0.8290483951568604  0.8291869759559631           0.0  0.7970219401601435
0.8291869759559631  0.8293256759643555           0.0  0.7963369191544193
0.8293256759643555  0.8294643759727478           0.0  0.7963369191544193
0.8294643759727478  0.8296031355857849           0.0  0.7959948500310712
0.8296031355857849  0.829741895198822           0.0  0.7959948500310712
0.829741895198822  0.8298807740211487           0.0  0.7953115926490703
0.8298807740211487  0.8300196528434753           0.0  0.7953115926490703
0.8300196528434753  0.8301585912704468           0.0  0.7949704036346348
0.8301585912704468  0.830297589302063           0.0  0.7946295072351345
0.830297589302063  0.8304365873336792           0.0  0.7946295072351345
0.8304365873336792  0.830575704574585           0.0  0.7939485907764926
0.830575704574585  0.8307148218154907           0.0  0.7939485907764926
0.8307148218154907  0.8308539986610413           0.0  0.7936085699667382
0.8308539986610413  0.8309931755065918           0.0  0.7936085699667382
0.8309931755065918  0.8311324715614319           0.0  0.7929294013146485
0.8311324715614319  0.831271767616272           0.0  0.7929294013146485
0.831271767616272  0.8314111232757568           0.0  0.7925902527255491
0.8314111232757568  0.8315505385398865           0.0  0.7922513941309678
0.8315505385398865  0.8316900134086609           0.0  0.791912825159117
0.8316900134086609  0.8318294882774353           0.0  0.791912825159117
0.8318294882774353  0.8319690227508545           0.0  0.791574545438844
0.8319690227508545  0.8321086168289185           0.0  0.79123655459963
0.8321086168289185  0.8322482705116272           0.0  0.7908988522715893
0.8322482705116272  0.8323879241943359           0.0  0.7908988522715893
0.8323879241943359  0.8325276970863342           0.0  0.790224311672637
0.8325276970863342  0.8326674699783325           0.0  0.790224311672637
0.8326674699783325  0.8328073024749756           0.0  0.7898874726651038
0.8328073024749756  0.8329471945762634           0.0  0.7895509206954979
0.8329471945762634  0.8330870866775513           0.0  0.7895509206954979
0.8330870866775513  0.8332270383834839  -0.09754337850592569  0.8365658588224513
0.8332270383834839  0.8333670496940613           0.0  0.788878676403718
0.8333670496940613  0.8335071206092834           0.0  0.7885429833499292
0.8335071206092834  0.8336472511291504           0.0  0.7882075758708352
0.8336472511291504  0.8337873816490173           0.0  0.7882075758708352
0.8337873816490173  0.8339275717735291           0.0  0.7878724536021827
0.8339275717735291  0.8340678215026855           0.0  0.7875376161803372
0.8340678215026855  0.8342081308364868           0.0  0.7872030632422827
0.8342081308364868  0.8343484997749329           0.0  0.7868687944256194
0.8343484997749329  0.8344888687133789           0.0  0.7868687944256194
0.8344888687133789  0.8346292972564697           0.0  0.7865348093685627
0.8346292972564697  0.8347697854042053           0.0  0.7862011077099421
0.8347697854042053  0.8349103331565857           0.0  0.7858676890892
0.8349103331565857  0.8350509405136108           0.0  0.7855345531463899
0.8350509405136108  0.835191547870636           0.0  0.7855345531463899
0.835191547870636  0.8353322148323059           0.0  0.7852016995221752
0.8353322148323059  0.8354729413986206           0.0  0.7848691278578287
0.8354729413986206  0.8356137275695801           0.0  0.7845368377952302
0.8356137275695801  0.8357545137405396           0.0  0.7845368377952302
0.8357545137405396  0.8358954191207886           0.0  0.7838731010458264
0.8358954191207886  0.8360363245010376           0.0  0.7838731010458264
0.8360363245010376  0.8361772894859314           0.0  0.7835416536458071
0.8361772894859314  0.83631831407547           0.0  0.7832104864211047
0.83631831407547  0.8364593386650085           0.0  0.7832104864211047
0.8364593386650085  0.8366004228591919           0.0  0.7828795990166175
0.8366004228591919  0.83674156665802           0.0  0.7825489910778436
0.83674156665802  0.8368827700614929           0.0  0.7822186622508795
0.8368827700614929  0.8370240330696106           0.0  0.7818886121824192
0.8370240330696106  0.837165355682373           0.0  0.7815588405197527
0.837165355682373  0.8373066782951355           0.0  0.7815588405197527
0.8373066782951355  0.8374480605125427           0.0  0.7812293469107646
0.8374480605125427  0.8375895023345947           0.0  0.7809001310039333
0.8375895023345947  0.8377310037612915           0.0  0.7805711924483292
0.8377310037612915  0.8378725051879883           0.0  0.7805711924483292
0.8378725051879883  0.8380141258239746           0.0  0.7799141459900394
0.8380141258239746  0.8381557464599609           0.0  0.7799141459900394
0.8381557464599609  0.838297426700592           0.0  0.7795860373884449
0.838297426700592  0.8384391069412231           0.0  0.7795860373884449
0.8384391069412231  0.8385809063911438           0.0  0.7789306476974921
0.8385809063911438  0.8387227058410645           0.0  0.7789306476974921
0.8387227058410645  0.8388645648956299           0.0  0.7786033659127451
0.8388645648956299  0.8390064835548401           0.0  0.7782763590391993
0.8390064835548401  0.8391484618186951           0.0  0.7779496267306186
0.8391484618186951  0.8392904996871948           0.0  0.7776231686413485
0.8392904996871948  0.8394325375556946           0.0  0.7776231686413485
0.8394325375556946  0.8395746350288391           0.0  0.7772969844263145
0.8395746350288391  0.8397167921066284           0.0  0.7769710737410204
0.8397167921066284  0.8398590087890625           0.0  0.776645436241548
0.8398590087890625  0.8400012850761414           0.0  0.7763200715845553
0.8400012850761414  0.8401435613632202           0.0  0.7763200715845553
0.8401435613632202  0.8402858972549438           0.0  0.7759949794272754
0.8402858972549438  0.8404282927513123           0.0  0.775670159427515
0.8404282927513123  0.8405707478523254           0.0  0.7753456112436542
0.8405707478523254  0.8407132625579834           0.0  0.7750213345346439
0.8407132625579834  0.8408557772636414           0.0  0.7750213345346439
0.8408557772636414  0.8409983515739441           0.0  0.7746973289600056
0.8409983515739441  0.8411410450935364           0.0  0.7740501298547759
0.8411410450935364  0.8412836790084839           0.0  0.7743735941798302
0.8412836790084839  0.8414264321327209           0.0  0.7737269356460683
0.8414264321327209  0.8415692448616028           0.0  0.7734040112154982
0.8415692448616028  0.8417120575904846           0.0  0.7734040112154982
0.8417120575904846  0.8418549299240112           0.0  0.7730813562254207
0.8418549299240112  0.8419978618621826           0.0  0.7727589703387546
0.8419978618621826  0.8421408534049988           0.0  0.7724368532189803
0.8421408534049988  0.8422838449478149           0.0  0.7724368532189803
0.8422838449478149  0.8424269556999207           0.0  0.7717934239368319
0.8424269556999207  0.8425700664520264           0.0  0.7717934239368319
0.8425700664520264  0.8427132368087769           0.0  0.7714721111042188
0.8427132368087769  0.8428564667701721           0.0  0.7711510656980165
0.8428564667701721  0.8429997563362122           0.0  0.7708302873844981
0.8429997563362122  0.8431430459022522           0.0  0.7708302873844981
0.8431430459022522  0.843286395072937           0.0  0.7705097758304921
0.843286395072937  0.8434298634529114           0.0  0.7698695516710983
0.8434298634529114  0.843573272228241           0.0  0.7701895307033805
0.843573272228241  0.8437168002128601           0.0  0.7695498384021319
0.8437168002128601  0.843860387802124           0.0  0.7692303905655182
0.843860387802124  0.8440039753913879           0.0  0.7692303905655182
0.8440039753913879  0.8441476225852966           0.0  0.7689112078308438
0.8441476225852966  0.8442913293838501           0.0  0.7685922898682429
0.8442913293838501  0.8444350957870483           0.0  0.768273636348397
0.8444350957870483  0.8445789217948914           0.0  0.7679552469425336
0.8445789217948914  0.8447228074073792           0.0  0.7676371213224249
0.8447228074073792  0.8448666930198669           0.0  0.7676371213224249
0.8448666930198669  0.8450106382369995           0.0  0.7673192591603867
0.8450106382369995  0.8451546430587769           0.0  0.7670016601292773
0.8451546430587769  0.845298707485199           0.0  0.7666843239024964
0.845298707485199  0.8454427719116211           0.0  0.7666843239024964
0.8454427719116211  0.8455869555473328           0.0  0.7660504385582199
0.8455869555473328  0.8457311391830444           0.0  0.7660504385582199
0.8457311391830444  0.8458753824234009           0.0  0.7657338887902205
0.8458753824234009  0.8460196852684021           0.0  0.7654176005255406
0.8460196852684021  0.8461640477180481           0.0  0.76510157344027
0.8461640477180481  0.8463084101676941           0.0  0.76510157344027
0.8463084101676941  0.8464528918266296           0.0  0.7644703015149892
0.8464528918266296  0.8465973734855652           0.0  0.7644703015149892
0.8465973734855652  0.8467419147491455           0.0  0.7641550560298284
0.8467419147491455  0.8468865156173706           0.0  0.7638400704337732
0.8468865156173706  0.8470311760902405           0.0  0.7635253444055764
0.8470311760902405  0.8471758365631104           0.0  0.7635253444055764
0.8471758365631104  0.8473206162452698           0.0  0.7628966697704133
0.8473206162452698  0.8474653959274292           0.0  0.7628966697704133
0.8474653959274292  0.8476102352142334           0.0  0.7625827205235941
0.8476102352142334  0.8477551341056824           0.0  0.7622690295649255
0.8477551341056824  0.8479000329971313           0.0  0.7622690295649255
0.8479000329971313  0.8480450510978699           0.0  0.761642421238115
0.8480450510978699  0.8481900691986084           0.0  0.761642421238115
0.8481900691986084  0.8483351469039917           0.0  0.7613295032343196
0.8483351469039917  0.8484802842140198           0.0  0.761016842247365
0.8484802842140198  0.8486254811286926           0.0  0.7607044379607282
0.8486254811286926  0.8487707376480103           0.0  0.7603922900584054
0.8487707376480103  0.8489160537719727           0.0  0.7600803982249114
0.8489160537719727  0.8490613698959351           0.0  0.7600803982249114
0.8490613698959351  0.8492067456245422           0.0  0.7597687621452783
0.8492067456245422  0.8493521809577942           0.0  0.7594573815050548
0.8493521809577942  0.8494976758956909           0.0  0.7591462559903047
0.8494976758956909  0.8496432304382324           0.0  0.758835385287606
0.8496432304382324  0.8497887849807739           0.0  0.758835385287606
0.8497887849807739  0.849934458732605           0.0  0.7582144070672396
0.849934458732605  0.850080132484436           0.0  0.7582144070672396
0.850080132484436  0.8502258658409119           0.0  0.7579042989252899
0.8502258658409119  0.8503716588020325           0.0  0.7575944443468249
0.8503716588020325  0.8505174517631531           0.0  0.7575944443468249
0.8505174517631531  0.8506633639335632           0.0  0.7569754946373912
0.8506633639335632  0.8508092761039734           0.0  0.7569754946373912
0.8508092761039734  0.8509553074836731           0.0  0.7563575554580954
0.8509553074836731  0.8511013388633728           0.0  0.7563575554580954
0.8511013388633728  0.8512474298477173           0.0  0.7560489640441999
0.8512474298477173  0.8513935208320618           0.0  0.7560489640441999
0.8513935208320618  0.8515397310256958           0.0  0.7554325360262265
0.8515397310256958  0.8516860008239746           0.0  0.755124698806982
0.8516860008239746  0.8518322706222534           0.0  0.755124698806982
0.8518322706222534  0.851978600025177           0.0  0.7548171123716227
0.851978600025177  0.8521249890327454           0.0  0.7545097764138167
0.8521249890327454  0.8522714376449585           0.0  0.7542026906277305
0.8522714376449585  0.8524178862571716           0.0  0.7542026906277305
0.8524178862571716  0.8525644540786743           0.0  0.7535892683498714
0.8525644540786743  0.852711021900177           0.0  0.7535892683498714
0.852711021900177  0.8528577089309692           0.0  0.752976843101314
0.8528577089309692  0.8530043959617615           0.0  0.752976843101314
0.8530043959617615  0.8531511425971985           0.0  0.7526710036037099
0.8531511425971985  0.8532978892326355           0.0  0.7526710036037099
0.8532978892326355  0.8534447550773621           0.0  0.752060069347538
0.8534447550773621  0.8535916209220886           0.0  0.752060069347538
0.8535916209220886  0.8537386059761047           0.0  0.7514501260633957
0.8537386059761047  0.8538855910301208           0.0  0.7514501260633957
0.8538855910301208  0.8540326356887817           0.0  0.7511455252826647
0.8540326356887817  0.8541797399520874           0.0  0.7508411713421125
0.8541797399520874  0.8543268442153931  0.7508411713421125  0.7508411713421125
0.8543268442153931  0.8544740676879883           0.0  0.7502332027823213
0.8544740676879883  0.8546212911605835           0.0  0.7502332027823213
0.8546212911605835  0.8547685742378235           0.0  0.7499295875646839
0.8547685742378235  0.854915976524353           0.0  0.7493230937615583
0.854915976524353  0.8550633788108826           0.0  0.7493230937615583
0.8550633788108826  0.8552107810974121           0.0  0.7493230937615583
0.8552107810974121  0.8553583025932312           0.0  0.7487175801504379
0.8553583025932312  0.8555058240890503           0.0  0.7487175801504379
0.8555058240890503  0.8556534647941589           0.0  0.7481130443570181
0.8556534647941589  0.8558011054992676           0.0  0.7481130443570181
0.8558011054992676  0.855948805809021           0.0  0.7478111424020717
0.855948805809021  0.8560965657234192           0.0  0.7475094840146566
0.8560965657234192  0.8562443852424622           0.0  0.7472080689001346
0.8562443852424622  0.8563922047615051           0.0  0.7472080689001346
0.8563922047615051  0.8565401434898376           0.0  0.7466059673135913
0.8565401434898376  0.8566880822181702           0.0  0.7466059673135913
0.8566880822181702  0.8568361401557922           0.0  0.7460048352948203
0.8568361401557922  0.8569841980934143           0.0  0.7460048352948203
0.8569841980934143  0.8571323156356812           0.0  0.7457046321417842
0.8571323156356812  0.857280433177948           0.0  0.7457046321417842
0.857280433177948  0.8574286699295044           0.0  0.7451049500893984
0.8574286699295044  0.8575769662857056           0.0  0.7448054706078512
0.8575769662857056  0.8577252626419067           0.0  0.7448054706078512
0.8577252626419067  0.8578736186027527           0.0  0.7445062317687158
0.8578736186027527  0.8580220341682434           0.0  0.7442072332820617
0.8580220341682434  0.8581705093383789           0.0  0.7439084748584238
0.8581705093383789  0.8583190441131592           0.0  0.7436099562088017
0.8583190441131592  0.8584676384925842           0.0  0.7433116770446585
0.8584676384925842  0.8586162328720093           0.0  0.7433116770446585
0.8586162328720093  0.8587649464607239           0.0  0.7427158360209755
0.8587649464607239  0.8589136600494385           0.0  0.7427158360209755
0.8589136600494385  0.8590624332427979           0.0  0.7424182735866721
0.8590624332427979  0.859211266040802           0.0  0.7421209494883194
0.859211266040802  0.8593601584434509           0.0  0.7418238634396852
0.8593601584434509  0.8595091104507446           0.0  0.7415270151549954
0.8595091104507446  0.8596580624580383           0.0  0.7415270151549954
0.8596580624580383  0.8598071336746216           0.0  0.7409340307366388
0.8598071336746216  0.8599562048912048           0.0  0.7409340307366388
0.8599562048912048  0.8601053357124329           0.0  0.7406378940337065
0.8601053357124329  0.8602545261383057           0.0  0.7403419939561861
0.8602545261383057  0.8604037761688232           0.0  0.7400463302205805
0.8604037761688232  0.8605530858039856           0.0  0.7397509025438458
0.8605530858039856  0.8607024550437927           0.0  0.7394557106433893
0.8607024550437927  0.8608518242835999           0.0  0.7394557106433893
0.8608518242835999  0.8610013127326965           0.0  0.7388660330431952
0.8610013127326965  0.8611508011817932           0.0  0.7388660330431952
0.8611508011817932  0.8613003492355347           0.0  0.7385715467805236
0.8613003492355347  0.8614499568939209           0.0  0.7382772951682604
0.8614499568939209  0.8615996241569519           0.0  0.7379832779260588
0.8615996241569519  0.8617493510246277           0.0  0.7376894947740181
0.8617493510246277  0.8618990778923035           0.0  0.7376894947740181
0.8618990778923035  0.8620489239692688           0.0  0.7371026296230444
0.8620489239692688  0.8621987700462341           0.0  0.7371026296230444
0.8621987700462341  0.862348735332489           0.0  0.7365166974850292
0.862348735332489  0.8624987006187439           0.0  0.7365166974850292
0.8624987006187439  0.8626487255096436           0.0  0.7362240806008477
0.8626487255096436  0.862798810005188           0.0  0.7359316961367488
0.862798810005188  0.8629488945007324           0.0  0.7359316961367488
0.8629488945007324  0.8630990982055664           0.0  0.7353476233620372
0.8630990982055664  0.8632493615150452           0.0  0.7350559344991406
0.8632493615150452  0.8633996248245239           0.0  0.7350559344991406
0.8633996248245239  0.8635499477386475           0.0  0.7347644769517579
0.8635499477386475  0.8637003302574158           0.0  0.7344732504448409
0.8637003302574158  0.8638507723808289           0.0  0.7341822547037772
0.8638507723808289  0.8640012741088867           0.0  0.7338914894543895
0.8640012741088867  0.8641518354415894           0.0  0.7336009544229349
0.8641518354415894  0.8643024563789368           0.0  0.7333106493361036
0.8643024563789368  0.8644530773162842           0.0  0.7333106493361036
0.8644530773162842  0.8646038174629211           0.0  0.7327307279052327
0.8646038174629211  0.8647545576095581           0.0  0.7327307279052327
0.8647545576095581  0.8649053573608398  0.7324411110167326  0.7324411110167326
0.8649053573608398  0.8650562167167664           0.0  0.7321517229839327
0.8650562167167664  0.8652071356773376           0.0  0.7318625635356768
0.8652071356773376  0.8653581142425537           0.0  0.7315736324012371
0.8653581142425537  0.8655091524124146           0.0  0.7312849293103132
0.8655091524124146  0.8656602501869202           0.0  0.730996453993031
0.8656602501869202  0.8658113479614258           0.0  0.730996453993031
0.8658113479614258  0.8659625053405762           0.0  0.7307082061799423
0.8659625053405762  0.8661137819290161           0.0  0.7301323919906751
0.8661137819290161  0.8662650585174561           0.0  0.7301323919906751
0.8662650585174561  0.8664163947105408           0.0  0.729844825077721
0.8664163947105408  0.8665677905082703           0.0  0.7295574845954069
0.8665677905082703  0.8667192459106445  0.7292703702764004  0.7292703702764004
0.8667192459106445  0.8668707013130188           0.0  0.7292703702764004
0.8668707013130188  0.8670222759246826           0.0  0.7286968190610827
0.8670222759246826  0.8671739101409912           0.0  0.7284103816322066
0.8671739101409912  0.8673255443572998           0.0  0.7284103816322066
0.8673255443572998  0.8674772381782532           0.0  0.7281241693015063
0.8674772381782532  0.8676289916038513           0.0  0.7278381818037445
0.8676289916038513  0.8677808046340942           0.0  0.7275524188741004
0.8677808046340942  0.8679326772689819           0.0  0.7272668802481685
0.8679326772689819  0.8680846095085144           0.0  0.726981565661959
0.8680846095085144  0.8682366013526917           0.0  0.7266964748518955
0.8682366013526917  0.8683886528015137           0.0  0.7264116075548152
0.8683886528015137  0.8685407042503357           0.0  0.7264116075548152
0.8685407042503357  0.8686928153038025           0.0  0.7261269635079677
0.8686928153038025  0.8688450455665588           0.0  0.7255583441160273
0.8688450455665588  0.8689972758293152           0.0  0.7255583441160273
0.8689972758293152  0.8691495656967163           0.0  0.7252743682474887
0.8691495656967163  0.8693019151687622           0.0  0.7249906145822901
0.8693019151687622  0.8694543242454529           0.0  0.7247070828597315
0.8694543242454529  0.8696067929267883           0.0  0.7244237728195205
0.8696067929267883  0.8697592616081238           0.0  0.7244237728195205
0.8697592616081238  0.8699118494987488           0.0  0.7238578167470054
0.8699118494987488  0.8700644373893738           0.0  0.7238578167470054
0.8700644373893738  0.8702171444892883           0.0  0.7232927442905284
0.8702171444892883  0.8703698515892029           0.0  0.7232927442905284
0.8703698515892029  0.8705226182937622           0.0  0.7230105387718821
0.8705226182937622  0.8706754446029663           0.0  0.7227285533823454
0.8706754446029663  0.8708283305168152           0.0  0.7224467878644576
0.8708283305168152  0.8709812760353088           0.0  0.7221652419611589
0.8709812760353088  0.8711342811584473           0.0  0.7218839154157903
0.8711342811584473  0.8712873458862305           0.0  0.7216028079720926
0.8712873458862305  0.8714404106140137           0.0  0.7216028079720926
0.8714404106140137  0.8715935945510864           0.0  0.7210412493666668
0.8715935945510864  0.8717467784881592           0.0  0.7210412493666668
0.8717467784881592  0.8719000220298767           0.0  0.7207607976944123
0.8719000220298767  0.872053325176239           0.0  0.7204805641027736
0.872053325176239  0.8722067475318909           0.0  0.7199207501446518
0.8722067475318909  0.8723601698875427           0.0  0.7199207501446518
0.8723601698875427  0.8725136518478394           0.0  0.7196411692708092
0.8725136518478394  0.872667133808136           0.0  0.7196411692708092
0.872667133808136  0.8728207349777222           0.0  0.7190826584681156
0.8728207349777222  0.8729743957519531           0.0  0.7188037280342645
0.8729743957519531  0.8731280565261841           0.0  0.7188037280342645
0.8731280565261841  0.8732818365097046           0.0  0.7182465158419898
0.8732818365097046  0.8734356164932251           0.0  0.7182465158419898
0.8734356164932251  0.8735894560813904           0.0  0.717968233580912
0.8735894560813904  0.8737433552742004           0.0  0.7176901668754198
0.8737433552742004  0.8738973736763           0.0  0.7171346791301602
0.8738973736763  0.8740513324737549           0.0  0.7174123154751583
0.8740513324737549  0.8742054104804993           0.0  0.7168572575908447
0.8742054104804993  0.8743595480918884           0.0  0.7165800506080177
0.8743595480918884  0.8745137453079224           0.0  0.7163030579328696
0.8745137453079224  0.8746680021286011           0.0  0.7160262793169759
0.8746680021286011  0.8748222589492798           0.0  0.7160262793169759
0.8748222589492798  0.874976634979248           0.0  0.7154733632711713
0.874976634979248  0.8751310110092163           0.0  0.7154733632711713
0.8751310110092163  0.8752854466438293           0.0  0.7151972253463272
0.8752854466438293  0.8754399418830872           0.0  0.7149213004908695
0.8754399418830872  0.8755945563316345           0.0  0.7143700890024417
0.8755945563316345  0.8757491707801819           0.0  0.7143700890024417
0.8757491707801819  0.875903844833374           0.0  0.7140948018775852
0.875903844833374  0.8760585188865662           0.0  0.7140948018775852
0.8760585188865662  0.8762133121490479           0.0  0.7135448636397126
0.8762133121490479  0.8763681650161743           0.0  0.71327021203708
0.8763681650161743  0.8765230774879456           0.0  0.7129957717862
0.8765230774879456  0.8766779899597168           0.0  0.7129957717862
0.8766779899597168  0.8768330216407776           0.0  0.7124475243646035
0.8768330216407776  0.8769880533218384           0.0  0.7124475243646035
0.8769880533218384  0.8771431446075439           0.0  0.7121737167072766
0.8771431446075439  0.8772982954978943           0.0  0.7119001194284801
0.8772982954978943  0.8774535655975342           0.0  0.7113535550373642
0.8774535655975342  0.8776088356971741           0.0  0.7113535550373642
0.8776088356971741  0.8777641654014587           0.0  0.7110805874414174
0.8777641654014587  0.8779195547103882           0.0  0.7108078292567448
0.8779195547103882  0.8780749440193176           0.0  0.7108078292567448
0.8780749440193176  0.8782304525375366           0.0  0.7102629401580428
0.8782304525375366  0.8783860206604004           0.0  0.7099908087633463
0.8783860206604004  0.8785415887832642           0.0  0.7099908087633463
0.8785415887832642  0.8786972761154175           0.0  0.7094471710843544
0.8786972761154175  0.8788529634475708           0.0  0.7094471710843544
0.8788529634475708  0.8790087699890137           0.0  0.7089043652916349
0.8790087699890137  0.8791645765304565           0.0  0.7089043652916349
0.8791645765304565  0.8793204426765442           0.0  0.7086332737561506
0.8793204426765442  0.8794764280319214           0.0  0.7080917122171699
0.8794764280319214  0.8796324133872986           0.0  0.7080917122171699
0.8796324133872986  0.8797884583473206           0.0  0.7078212417388593
0.8797884583473206  0.8799445629119873           0.0  0.7075509778053966
0.8799445629119873  0.8801007270812988           0.0  0.70728092018028
0.8801007270812988  0.8802568912506104           0.0  0.70728092018028
0.8802568912506104  0.8804131746292114           0.0  0.7067414229108824
0.8804131746292114  0.8805695176124573           0.0  0.7064719827953998
0.8805695176124573  0.8807258605957031           0.0  0.7064719827953998
0.8807258605957031  0.8808823227882385           0.0  0.7059337184275557
0.8808823227882385  0.8810387849807739           0.0  0.7059337184275557
0.8810387849807739  0.8811953663825989           0.0  0.7053962736476337
0.8811953663825989  0.8813519477844238           0.0  0.7053962736476337
0.8813519477844238  0.8815085887908936           0.0  0.7051278580183918
0.8815085887908936  0.8816653490066528           0.0  0.7045916391149558
0.8816653490066528  0.8818221092224121           0.0  0.7045916391149558
0.8818221092224121  0.8819789290428162           0.0  0.7043238353752693
0.8819789290428162  0.882135808467865           0.0  0.7040562351338654
0.882135808467865  0.8822927474975586           0.0  0.703788838158881
0.8822927474975586  0.882449746131897           0.0  0.7035216442188055
0.882449746131897  0.8826067447662354           0.0  0.7035216442188055
0.8826067447662354  0.8827638626098633           0.0  0.7029878645190947
0.8827638626098633  0.882921040058136           0.0  0.7027212782981925
0.882921040058136  0.8830782175064087           0.0  0.7027212782981925
0.8830782175064087  0.8832355141639709           0.0  0.702188711963749
0.8832355141639709  0.883392870426178           0.0  0.7019227313910354
0.883392870426178  0.883550226688385           0.0  0.7019227313910354
0.883550226688385  0.8837076425552368           0.0  0.7016569522424588
0.8837076425552368  0.8838651776313782           0.0  0.7011259973031909
0.8838651776313782  0.8840227127075195           0.0  0.7011259973031909
0.8840227127075195  0.8841803073883057           0.0  0.700860821056102
0.8841803073883057  0.8843379616737366           0.0  0.700595845320353
0.8843379616737366  0.884495735168457           0.0  0.7000664944738699
0.884495735168457  0.8846535086631775           0.0  0.7000664944738699
0.8846535086631775  0.8848113417625427           0.0  0.6998021189094915
0.8848113417625427  0.8849692344665527           0.0  0.6995379429491633
0.8849692344665527  0.8851271271705627           0.0  0.6995379429491633
0.8851271271705627  0.8852851390838623           0.0  0.6990101889371307
0.8852851390838623  0.8854432106018066           0.0  0.6987466104345149
0.8854432106018066  0.8856013417243958           0.0  0.698483230634125
0.8856013417243958  0.8857594728469849           0.0  0.698483230634125
0.8857594728469849  0.8859177231788635           0.0  0.6979570662419335
0.8859177231788635  0.886076033115387  0.6976942812019329  0.6976942812019329
0.886076033115387  0.8862343430519104           0.0  0.6976942812019329
0.8862343430519104  0.8863927721977234           0.0  0.6971693043161526
0.8863927721977234  0.8865512013435364           0.0  0.6971693043161526
0.8865512013435364  0.8867096900939941           0.0  0.6969071120241946
0.8867096900939941  0.8868682980537415           0.0  0.6963833186292122
0.8868682980537415  0.8870269060134888           0.0  0.6963833186292122
0.8870269060134888  0.8871855735778809           0.0  0.6961217170820186
0.8871855735778809  0.8873443007469177           0.0  0.6958603120061335
0.8873443007469177  0.8875031471252441           0.0  0.6953380903836148
0.8875031471252441  0.8876619935035706           0.0  0.6953380903836148
0.8876619935035706  0.8878208994865417           0.0  0.695077273395474
0.8878208994865417  0.8879798650741577           0.0  0.6948166519956257
0.8879798650741577  0.8881388902664185           0.0  0.694556225964143
0.8881388902664185  0.888297975063324           0.0  0.6942959950814288
0.888297975063324  0.8884570598602295           0.0  0.6942959950814288
0.8884570598602295  0.8886162638664246           0.0  0.693776117885561
0.8886162638664246  0.8887755274772644           0.0  0.6935164711348554
0.8887755274772644  0.888934850692749           0.0  0.6932570186578128
0.888934850692749  0.8890941739082336           0.0  0.6932570186578128
0.8890941739082336  0.8892536163330078           0.0  0.6927386956532088
0.8892536163330078  0.8894131183624268           0.0  0.6924798246907076
0.8894131183624268  0.8895726203918457           0.0  0.6924798246907076
0.8895726203918457  0.8897322416305542           0.0  0.6919626627603934
0.8897322416305542  0.8898918628692627           0.0  0.6919626627603934
0.8898918628692627  0.8900516033172607           0.0  0.6914462727135573
0.8900516033172607  0.8902113437652588           0.0  0.6914462727135573
0.8902113437652588  0.8903711438179016           0.0  0.6911883666066145
0.8903711438179016  0.890531063079834           0.0  0.6906731311488384
0.890531063079834  0.8906909823417664           0.0  0.6906731311488384
0.8906909823417664  0.8908509612083435           0.0  0.6904158013682316
0.8908509612083435  0.8910110592842102           0.0  0.6899017166315464
0.8910110592842102  0.8911711573600769           0.0  0.6899017166315464
0.8911711573600769  0.8913313150405884           0.0  0.6896449612476121
0.8913313150405884  0.8914915323257446           0.0  0.6893883969019098
0.8914915323257446  0.8916518092155457           0.0  0.6891320233813066
0.8916518092155457  0.8918121457099916           0.0  0.6888758404725095
0.8918121457099916  0.891972541809082           0.0  0.6886198479649261
0.891972541809082  0.8921329975128174           0.0  0.6883640456435117
0.8921329975128174  0.8922935128211975           0.0  0.6881084332983043
0.8922935128211975  0.8924540877342224           0.0  0.687853010717273
0.8924540877342224  0.8926147222518921           0.0  0.6875977776891775
0.8926147222518921  0.8927754163742065           0.0  0.6873427340030911
0.8927754163742065  0.8929361701011658           0.0  0.6870878794483996
0.8929361701011658  0.8930969834327698           0.0  0.6868332138148011
0.8930969834327698  0.8932577967643738           0.0  0.6868332138148011
0.8932577967643738  0.8934187293052673           0.0  0.6863244484712346
0.8934187293052673  0.8935797214508057           0.0  0.686070348342219
0.8935797214508057  0.8937407732009888           0.0  0.6858164362962004
0.8937407732009888  0.8939018249511719           0.0  0.6858164362962004
0.8939018249511719  0.8940629959106445           0.0  0.6853091756184665
0.8940629959106445  0.894224226474762           0.0  0.6850558265701787
0.894224226474762  0.8943854570388794           0.0  0.6850558265701787
0.8943854570388794  0.8945468068122864           0.0  0.6845496900156386
0.8945468068122864  0.8947081565856934           0.0  0.6845496900156386
0.8947081565856934  0.8948696255683899           0.0  0.684044300801895
0.8948696255683899  0.8950310945510864           0.0  0.684044300801895
0.8950310945510864  0.8951926827430725           0.0  0.6835396572749295
0.8951926827430725  0.8953542709350586           0.0  0.6835396572749295
0.8953542709350586  0.8955159783363342           0.0  0.6830357577856003
0.8955159783363342  0.8956776857376099           0.0  0.6830357577856003
0.8956776857376099  0.895839512348175           0.0  0.6825326006896257
0.895839512348175  0.8960013389587402           0.0  0.6825326006896257
0.8960013389587402  0.8961632251739502           0.0  0.6822813000266325
0.8961632251739502  0.8963252305984497           0.0  0.6817792534482464
0.8963252305984497  0.8964872360229492           0.0  0.6817792534482464
0.8964872360229492  0.8966493010520935           0.0  0.681528507124801
0.8966493010520935  0.8968114852905273           0.0  0.6810275673915229
0.8968114852905273  0.8969736695289612           0.0  0.6810275673915229
0.8969736695289612  0.8971359133720398           0.0  0.6807773735754349
0.8971359133720398  0.897298276424408           0.0  0.6802775370309595
0.897298276424408  0.8974606394767761           0.0  0.6802775370309595
0.8974606394767761  0.8976230621337891           0.0  0.6800278938981041
0.8976230621337891  0.8977855443954468           0.0  0.6797784339223528
0.8977855443954468  0.8979480862617493           0.0  0.6795291569022126
0.8979480862617493  0.8981107473373413           0.0  0.6790311509242704
0.8981107473373413  0.8982734084129333           0.0  0.6790311509242704
0.8982734084129333  0.8984361290931702           0.0  0.6787824215649574
0.8984361290931702  0.8985989093780518           0.0  0.6785338743582328
0.8985989093780518  0.8987617492675781           0.0  0.6782855091040754
0.8987617492675781  0.8989246487617493           0.0  0.6780373256027565
0.8989246487617493  0.89908766746521           0.0  0.6775415030611823
0.89908766746521  0.8992506861686707           0.0  0.6775415030611823
0.8992506861686707  0.8994137644767761           0.0  0.677293863622929
0.8994137644767761  0.8995769023895264           0.0  0.6770464051415176
0.8995769023895264  0.8997400999069214           0.0  0.6767991274186755
0.8997400999069214  0.8999033570289612           0.0  0.6765520302564197
0.8999033570289612  0.9000666737556458           0.0  0.6763051134570561
0.9000666737556458  0.9002300500869751           0.0  0.676058376823179
0.9002300500869751  0.9003934860229492           0.0  0.6758118201576709
0.9003934860229492  0.9005569815635681           0.0  0.6755654432637017
0.9005569815635681  0.9007205367088319           0.0  0.6753192459442696
0.9007205367088319  0.900884211063385           0.0  0.6748273892474839
0.900884211063385  0.9010478854179382           0.0  0.6748273892470261
0.9010478854179382  0.9012116193771362           0.0  0.6745817294766413
0.9012116193771362  0.901375412940979           0.0  0.6743362484979381
0.901375412940979  0.9015392661094666           0.0  0.6740909461157998
0.9015392661094666  0.9017031788825989           0.0  0.6738458221353941
0.9017031788825989  0.9018671512603761           0.0  0.6736008763617154
0.9018671512603761  0.9020311832427979           0.0  0.6733561086023212
0.9020311832427979  0.9021952748298645           0.0  0.6731115186604917
0.9021952748298645  0.9023594260215759           0.0  0.6728671063443478
0.9023594260215759  0.9025236368179321           0.0  0.6726228714600122
0.9025236368179321  0.9026879072189331           0.0  0.6723788138143446
0.9026879072189331  0.9028522372245789           0.0  0.6721349332144845
0.9028522372245789  0.9030166268348694           0.0  0.6718912294678512
0.9030166268348694  0.9031810760498047           0.0  0.6716477023821434
0.9031810760498047  0.9033456444740295           0.0  0.6711611774256913
0.9033456444740295  0.9035102128982544           0.0  0.6711611774256913
0.9035102128982544  0.903674840927124           0.0  0.6709181791717356
0.903674840927124  0.9038395285606384           0.0  0.6706753568122815
0.9038395285606384  0.9040042757987976           0.0  0.6704327101564159
0.9040042757987976  0.9041690826416016           0.0  0.6701902390135023
0.9041690826416016  0.9043339490890503           0.0  0.6699479431931792
0.9043339490890503  0.9044988751411438           0.0  0.6697058225053609
0.9044988751411438  0.9046638607978821           0.0  0.6694638767602361
0.9046638607978821  0.9048289656639099           0.0  0.6689805093401927
0.9048289656639099  0.9049940705299377           0.0  0.6689805093401927
0.9049940705299377  0.9051592350006104           0.0  0.6687390872870205
0.9051592350006104  0.9053244590759277           0.0  0.6684978394200338
0.9053244590759277  0.9054897427558899           0.0  0.6682567655507875
0.9054897427558899  0.9056551456451416           0.0  0.6677751390530933
0.9056551456451416  0.9058205485343933           0.0  0.6677751390530933
0.9058205485343933  0.9059860110282898           0.0  0.6675345860491115
0.9059860110282898  0.9061515331268309           0.0  0.6672942062922494
0.9061515331268309  0.9063171744346619           0.0  0.6668139657686548
0.9063171744346619  0.9064828157424927           0.0  0.6668139657691017
0.9064828157424927  0.9066485166549683           0.0  0.6665741046303358
0.9066485166549683  0.9068142771720886           0.0  0.66633441599149
0.9068142771720886  0.9069801568984984           0.0  0.6658555554702026
0.9069801568984984  0.9071460366249084           0.0  0.6658555554693113
0.9071460366249084  0.9073120355606079           0.0  0.6653773827189708
0.9073120355606079  0.9074780344963074           0.0  0.6653773827189708
0.9074780344963074  0.9076440930366516           0.0  0.6651385537948075
0.9076440930366516  0.9078102707862853           0.0  0.6646614099259583
0.9078102707862853  0.9079764485359192           0.0  0.6646614099250702
0.9079764485359192  0.9081427454948425           0.0  0.6641849501334529
0.9081427454948425  0.9083090424537659           0.0  0.6641849501334529
0.9083090424537659  0.9084754586219788           0.0  0.6637091729485436
0.9084754586219788  0.9086418747901917           0.0  0.6637091729485436
0.9086418747901917  0.9088084101676941           0.0  0.6632340769049154
0.9088084101676941  0.9089749455451965           0.0  0.6632340769049154
0.9089749455451965  0.9091416001319885           0.0  0.6627596605408919
0.9091416001319885  0.9093083143234253           0.0  0.6625227067831011
0.9093083143234253  0.9094750285148621           0.0  0.6625227067831011
0.9094750285148621  0.9096418619155884           0.0  0.6620493072069787
0.9096418619155884  0.9098087549209595           0.0  0.6618128610258335
0.9098087549209595  0.9099756479263306           0.0  0.6618128610258335
0.9099756479263306  0.9101426601409912           0.0  0.6613404749722818
0.9101426601409912  0.9103097319602966           0.0  0.6611045347386135
0.9103097319602966  0.9104768633842468           0.0  0.6608687627932717
0.9104768633842468  0.9106440544128418           0.0  0.6606331589562686
0.9106440544128418  0.9108113050460815           0.0  0.6603977230478737
0.9108113050460815  0.9109786152839661           0.0  0.6601624548886119
0.9109786152839661  0.9111459255218506           0.0  0.6601624548886119
0.9111459255218506  0.9113133549690247           0.0  0.6596924211008663
0.9113133549690247  0.9114808440208435           0.0  0.6594576551147094
0.9114808440208435  0.9116484522819519           0.0  0.6589886240655525
0.9116484522819519  0.9118160605430603           0.0  0.6589886240655525
0.9118160605430603  0.9119837284088135           0.0  0.6587543586464037
0.9119837284088135  0.9121514558792114           0.0  0.6585202597271974
0.9121514558792114  0.9123192429542542           0.0  0.6582863271304915
0.9123192429542542  0.9124870896339417           0.0  0.6580525606790958
0.9124870896339417  0.9126550555229187           0.0  0.6575855255047316
0.9126550555229187  0.9128230214118958           0.0  0.6575855255047316
0.9128230214118958  0.9129910469055176           0.0  0.657352256428639
0.9129910469055176  0.913159191608429           0.0  0.6568862144177007
0.913159191608429  0.9133273363113403           0.0  0.6568862144177007
0.9133273363113403  0.9134955406188965           0.0  0.6566534411312309
0.9134955406188965  0.9136638641357422           0.0  0.6561883891190983
0.9136638641357422  0.9138321876525878           0.0  0.6561883891195311
0.9138321876525878  0.9140006303787231           0.0  0.6557239953542506
0.9140006303787231  0.9141691327095032           0.0  0.655492044878788
0.9141691327095032  0.9143376350402832           0.0  0.655492044878788
0.9143376350402832  0.9145062565803528           0.0  0.6550286358686227
0.9145062565803528  0.9146749377250671           0.0  0.6547971769866903
0.9146749377250671  0.9148436784744264           0.0  0.6545658816217288
0.9148436784744264  0.9150124192237854           0.0  0.6545658816225902
0.9150124192237854  0.9151812791824341  0.6541037807526768  0.6541037807526768
0.9151812791824341  0.9153501987457275           0.0  0.6538729749020231
0.9153501987457275  0.9155191779136658           0.0  0.6536423318773663
0.9155191779136658  0.9156882166862488           0.0  0.6534118515064646
0.9156882166862488  0.9158573150634767           0.0  0.6531815336168901
0.9158573150634767  0.9160264730453491           0.0  0.652951378038601
0.9160264730453491  0.9161956906318665           0.0  0.6527213845975109
0.9161956906318665  0.9163650274276733           0.0  0.6522618834467911
0.9163650274276733  0.9165343642234802           0.0  0.6522618834467911
0.9165343642234802  0.9167037606239319           0.0  0.6520323753949098
0.9167037606239319  0.9168732762336731           0.0  0.6515738434853493
0.9168732762336731  0.9170427918434143           0.0  0.6515738434853493
0.9170427918434143  0.9172123670578003           0.0  0.6513448192872877
0.9172123670578003  0.9173820614814758           0.0  0.6508872535554385
0.9173820614814758  0.9175518155097961           0.0  0.6506587116827014
0.9175518155097961  0.9177215695381165           0.0  0.6506587116827014
0.9177215695381165  0.9178914427757263           0.0  0.6502021090780118
0.9178914427757263  0.918061375617981           0.0  0.6499740480085351
0.918061375617981  0.9182313084602356           0.0  0.6499740480085351
0.9182313084602356  0.9184013605117798           0.0  0.6495184054932821
0.9184013605117798  0.9185714721679688           0.0  0.6492908237113993
0.9185714721679688  0.9187416434288025           0.0  0.6490634013563341
0.9187416434288025  0.918911874294281           0.0  0.648836138260621
0.918911874294281  0.9190821647644043           0.0  0.6486090342570296
0.9190821647644043  0.9192525148391724           0.0  0.6483820891785632
0.9192525148391724  0.91942298412323           0.0  0.6479286751301866
0.91942298412323  0.9195934534072876           0.0  0.6479286751301866
0.9195934534072876  0.91976398229599           0.0  0.6477022058274498
0.91976398229599  0.9199345707893372           0.0  0.6474758947841837
0.9199345707893372  0.9201052784919739           0.0  0.6470237468129657
0.9201052784919739  0.9202759861946106           0.0  0.6470237468129657
0.9202759861946106  0.920446813106537           0.0  0.6465722298922294
0.920446813106537  0.9206176996231079           0.0  0.6463467076642962
0.9206176996231079  0.920788586139679           0.0  0.6463467076638765
0.920788586139679  0.9209595918655396           0.0  0.6458961348457072
0.9209595918655396  0.9211306571960449           0.0  0.6456710839276424
0.9211306571960449  0.9213017821311951  0.6454461897848602  0.6454461897848602
0.9213017821311951  0.9214729666709899           0.0  0.6452214522540165
0.9214729666709899  0.9216442108154297           0.0  0.6449968711699033
0.9216442108154297  0.9218155145645143           0.0  0.6447724463713057
0.9218155145645143  0.9219868779182434           0.0  0.6445481776951424
0.9219868779182434  0.9221583008766174           0.0  0.6443240649764721
0.9221583008766174  0.922329843044281           0.0  0.6438763067659256
0.922329843044281  0.9225013852119446           0.0  0.6438763067659256
0.9225013852119446  0.9226729869842529           0.0  0.6436526609490565
0.9226729869842529  0.9228447079658508           0.0  0.6432058350823789
0.9228447079658508  0.9230164289474487           0.0  0.6432058350823789
0.9230164289474487  0.9231882691383363           0.0  0.6427596291609908
0.9231882691383363  0.9233601689338685           0.0  0.6425367582775082
0.9233601689338685  0.9235321283340454           0.0  0.6423140418972375
0.9235321283340454  0.9237041473388672           0.0  0.6420914798587435
0.9237041473388672  0.9238762259483337  0.6418690720028867  0.6418690720028867
0.9238762259483337  0.9240483641624451           0.0  0.6416468181690906
0.9240483641624451  0.9242205619812012           0.0  0.6414247181974156
0.9242205619812012  0.9243928194046021           0.0  0.6412027719281431
0.9243928194046021  0.9245651364326477           0.0  0.6409809792017758
0.9245651364326477  0.9247375130653381           0.0  0.6407593398590365
0.9247375130653381  0.9249100089073181           0.0  0.640316520688436
0.9249100089073181  0.9250825047492981           0.0  0.640316520688436
0.9250825047492981  0.9252551198005676           0.0  0.6398743131465241
0.9252551198005676  0.9254277944564819           0.0  0.6396534383404673
0.9254277944564819  0.9256004691123962           0.0  0.6396534383404673
0.9256004691123962  0.9257732629776001           0.0  0.6392121458683455
0.9257732629776001  0.9259461164474487           0.0  0.6389917278870116
0.9259461164474487  0.9261190295219421           0.0  0.6387714618656787
0.9261190295219421  0.9262920022010803           0.0  0.6385513476472549
0.9262920022010803  0.9264650344848633           0.0  0.6383313850748652
0.9264650344848633  0.9266381859779358           0.0  0.6378919142417672
0.9266381859779358  0.9268113374710083           0.0  0.6378919142417672
0.9268113374710083  0.9269845485687257           0.0  0.6376724056679787
0.9269845485687257  0.9271578788757324           0.0  0.6372338414283083
0.9271578788757324  0.9273312091827393           0.0  0.6372338414279002
0.9273312091827393  0.9275046586990356           0.0  0.636795880024857
0.9275046586990356  0.9276781678199768           0.0  0.636577124999084
0.9276781678199768  0.9278517365455627           0.0  0.6363585202171476
0.9278517365455627  0.9280253648757935           0.0  0.6361400655243165
0.9280253648757935  0.9281990528106689           0.0  0.635921760766072
0.9281990528106689  0.9283728003501892           0.0  0.6357036057881076
0.9283728003501892  0.9285466074943542           0.0  0.6354856004363284
0.9285466074943542  0.9287204742431641           0.0  0.6352677445568508
0.9287204742431641  0.9288944602012634           0.0  0.6348324806003198
0.9288944602012634  0.9290684461593628           0.0  0.6348324806003198
0.9290684461593628  0.9292425513267517           0.0  0.6343978126916582
0.9292425513267517  0.9294166564941406           0.0  0.6343978126916582
0.9294166564941406  0.9295908808708191           0.0  0.633963739607367
0.9295908808708191  0.9297651648521422           0.0  0.6337469257433359
0.9297651648521422  0.9299395084381104           0.0  0.6335302601268901
0.9299395084381104  0.9301139116287231           0.0  0.6333137426084531
0.9301139116287231  0.9302883744239807           0.0  0.6330973730346203
0.9302883744239807  0.9304629564285278           0.0  0.6326650771158531
0.9304629564285278  0.930637538433075           0.0  0.6326650771158531
0.930637538433075  0.9308121800422668           0.0  0.6324491504683732
0.9308121800422668  0.9309869408607483           0.0  0.6320177390424058
0.9309869408607483  0.9311617612838745           0.0  0.6318022539626095
0.9311617612838745  0.9313365817070007           0.0  0.6318022539626095
0.9313365817070007  0.9315115213394165           0.0  0.6313717243176605
0.9315115213394165  0.9316865205764771           0.0  0.6311566794524297
0.9316865205764771  0.9318615794181824           0.0  0.6309417810256499
0.9318615794181824  0.9320367574691772           0.0  0.6305124228895317
0.9320367574691772  0.9322119355201721           0.0  0.6305124228895317
0.9322119355201721  0.9323871731758118           0.0  0.6302979628817461
0.9323871731758118  0.932562530040741           0.0  0.6298694802421256
0.932562530040741  0.9327378869056702           0.0  0.6298694802421256
0.9327378869056702  0.9329133629798889           0.0  0.6294415797800046
0.9329133629798889  0.9330888986587524           0.0  0.6292278474948502
0.9330888986587524  0.9332644939422607           0.0  0.6290142603096855
0.9332644939422607  0.9334401488304138           0.0  0.6288008180768013
0.9334401488304138  0.9336158633232117           0.0  0.6285875206486885
0.9336158633232117  0.9337916374206543           0.0  0.6283743678780378
0.9337916374206543  0.9339674711227417           0.0  0.6281613596177402
0.9339674711227417  0.9341434240341187           0.0  0.6277357760407635
0.9341434240341187  0.9343194365501404           0.0  0.6275232004308614
0.9343194365501404  0.9344954490661621           0.0  0.6275232004308614
0.9344954490661621  0.9346715807914734           0.0  0.6270984808366611
0.9346715807914734  0.9348477721214294           0.0  0.6268863365603293
0.9348477721214294  0.9350240230560303           0.0  0.62667433577015
0.9350240230560303  0.9352003335952759           0.0  0.6264624783205996
0.9352003335952759  0.9353767037391663           0.0  0.6262507640663514
0.9353767037391663  0.9355531930923462           0.0  0.6258277645634359
0.9355531930923462  0.9357296824455261           0.0  0.6258277645634359
0.9357296824455261  0.9359062910079957           0.0  0.6254053361023182
0.9359062910079957  0.9360829591751099           0.0  0.6251943356523273
0.9360829591751099  0.9362596869468689           0.0  0.6249834775286117
0.9362596869468689  0.9364364743232727           0.0  0.624772761588784
0.9364364743232727  0.9366133213043213           0.0  0.6245621876886868
0.9366133213043213  0.9367902278900146           0.0  0.6243517556847485
0.9367902278900146  0.9369671940803528           0.0  0.6241414654335916
0.9369671940803528  0.9371442794799805           0.0  0.6237213096170763
0.9371442794799805  0.9373213648796082           0.0  0.6237213096170763
0.9373213648796082  0.9374985694885254           0.0  0.623301719095975
0.9374985694885254  0.9376758337020874           0.0  0.6230921354648061
0.9376758337020874  0.9378531575202942           0.0  0.6228826927301961
0.9378531575202942  0.9380305409431458           0.0  0.6226733907501121
0.9380305409431458  0.9382079839706421           0.0  0.622464229382712
0.9382079839706421  0.9383854866027832           0.0  0.6222552084863444
0.9383854866027832  0.9385631084442139           0.0  0.6218375875410516
0.9385631084442139  0.9387407302856445           0.0  0.6218375875410516
0.9387407302856445  0.9389184713363647           0.0  0.6214205267848201
0.9389184713363647  0.9390962719917297           0.0  0.621212206125489
0.9390962719917297  0.9392741322517395           0.0  0.6210040250912646
0.9392741322517395  0.9394520521163942           0.0  0.6207959835414329
0.9394520521163942  0.9396300315856934  0.6205880813374044  0.6205880813374044
0.9396300315856934  0.9398081302642822           0.0  0.6201726944017181
0.9398081302642822  0.9399862289428711           0.0  0.6201726944017181
0.9399862289428711  0.9401644468307495           0.0  0.6197578631680045
0.9401644468307495  0.9403427243232726           0.0  0.6195506555912697
0.9403427243232726  0.9405210614204407           0.0  0.6193435865211163
0.9405210614204407  0.9406994581222534           0.0  0.6191366558210269
0.9406994581222534  0.9408779144287108           0.0  0.6189298633511978
0.9408779144287108  0.9410564303398132           0.0  0.6187232089720138
0.9410564303398132  0.9412350654602051           0.0  0.6183103139380492
0.9412350654602051  0.9414137005805968           0.0  0.6183103139384335
0.9414137005805968  0.9415924549102783           0.0  0.6178979696135988
0.9415924549102783  0.9417712688446045           0.0  0.6176920036241113
0.9417712688446045  0.9419501423835754           0.0  0.6174861748991449
0.9419501423835754  0.9421290755271912           0.0  0.61728048330191
0.9421290755271912  0.9423080682754517           0.0  0.6170749286954158
0.9423080682754517  0.9424871802330017           0.0  0.6166642299075986
0.9424871802330017  0.9426662921905518           0.0  0.6166642299075986
0.9426662921905518  0.9428455233573912           0.0  0.6162540774437917
0.9428455233573912  0.9430248141288757           0.0  0.6160492057417507
0.9430248141288757  0.9432041645050049           0.0  0.6158444702134709
0.9432041645050049  0.9433835744857788           0.0  0.6156398707217056
0.9433835744857788  0.9435630440711975           0.0  0.6154354071312965
0.9435630440711975  0.9437426328659059           0.0  0.6150268871129068
0.9437426328659059  0.943922221660614           0.0  0.6150268871136672
0.943922221660614  0.9441019296646118           0.0  0.6146189090787176
0.9441019296646118  0.9442816972732544           0.0  0.6144151229682804
0.9442816972732544  0.9444615244865417           0.0  0.6142114719497295
0.9444615244865417  0.9446414113044739           0.0  0.6140079558887785
0.9446414113044739  0.9448213577270508           0.0  0.6138045746513195
0.9448213577270508  0.9450014233589172           0.0  0.6133982161113319
0.9450014233589172  0.9451815485954285           0.0  0.6131952385414737
0.9451815485954285  0.9453616738319397           0.0  0.6131952385414737
0.9453616738319397  0.9455419182777405           0.0  0.612789686135031
0.9455419182777405  0.945722222328186           0.0  0.6125871110321764
0.945722222328186  0.9459026455879211           0.0  0.6121823623628456
0.9459026455879211  0.9460830688476564           0.0  0.6121823623624689
0.9460830688476564  0.9462635517120361           0.0  0.6119801885315302
0.9462635517120361  0.9464441537857056           0.0  0.6115762412119913
0.9464441537857056  0.9466248154640198           0.0  0.6113744674603543
0.9466248154640198  0.9468055367469788           0.0  0.6111728268048594
0.9468055367469788  0.9469863176345825           0.0  0.6109713191138588
0.9469863176345825  0.9471672177314757           0.0  0.6105687020999905
0.9471672177314757  0.9473481178283691           0.0  0.610568702099241
0.9473481178283691  0.947529137134552           0.0  0.6101666153679071
0.947529137134552  0.9477102160453796           0.0  0.6099657705307221
0.9477102160453796  0.9478913545608521           0.0  0.6097650578717781
0.9478913545608521  0.9480725526809692           0.0  0.6095644772606361
0.9480725526809692  0.9482538104057313           0.0  0.6093640285666553
0.9482538104057313  0.9484351277351379           0.0  0.6091637116612322
0.9484351277351379  0.9486165642738342           0.0  0.6087634726913054
0.9486165642738342  0.9487980604171753           0.0  0.6085635503685825
0.9487980604171753  0.9489796161651611           0.0  0.6083637593146204
0.9489796161651611  0.9491612315177917           0.0  0.6081640994001751
0.9491612315177917  0.9493429064750672           0.0  0.6079645704958009
0.9493429064750672  0.9495247006416321           0.0  0.6075659052044149
0.9495247006416321  0.9497064948081969           0.0  0.6075659052044149
0.9497064948081969  0.9498884081840515           0.0  0.607167762408651
0.9498884081840515  0.9500703811645508           0.0  0.6069688866270336
0.9500703811645508  0.9502524137496948           0.0  0.6067701410845886
0.9502524137496948  0.9504345655441284           0.0  0.6063730402069155
0.9504345655441284  0.950616717338562           0.0  0.6063730402069155
0.950616717338562  0.9507989883422853           0.0  0.6059764587544817
0.9507989883422853  0.9509813189506531           0.0  0.6057783624954109
0.9509813189506531  0.9511637091636658           0.0  0.605580395709913
0.9511637091636658  0.9513461589813232           0.0  0.605382558272569
0.9513461589813232  0.9515286684036255           0.0  0.6051848500562814
0.9515286684036255  0.9517112970352173           0.0  0.6047898207807878
0.9517112970352173  0.9518939256668091           0.0  0.6047898207807878
0.9518939256668091  0.9520766735076904           0.0  0.6043953068729072
0.9520766735076904  0.9522594809532166           0.0  0.6041982428667537
0.9522594809532166  0.9524423480033875           0.0  0.6040013073247502
0.9524423480033875  0.9526253342628479           0.0  0.6036078211310533
0.9526253342628479  0.9528083205223083           0.0  0.6036078211310533
0.9528083205223083  0.9529914259910583  0.6032148472891711  0.6032148472891711
0.9529914259910583  0.9531745910644531           0.0  0.6030185521875475
0.9531745910644531  0.9533578157424927           0.0  0.6028223847990676
0.9533578157424927  0.9535411596298219           0.0  0.6024304326629426
0.9535411596298219  0.9537245035171509           0.0  0.6024304326636722
0.9537245035171509  0.9539079666137695           0.0  0.602038989887048
0.9539079666137695  0.954091489315033           0.0  0.6018434591985494
0.954091489315033  0.9542750716209412           0.0  0.6016480554780304
0.9542750716209412  0.9544587135314941           0.0  0.601452778601861
0.9544587135314941  0.9546424150466919           0.0  0.6012576284465716
0.9546424150466919  0.9548262357711792           0.0  0.6008677078055557
0.9548262357711792  0.9550101161003113           0.0  0.60067293707369
0.9550101161003113  0.9551940560340881           0.0  0.6004782925704257
0.9551940560340881  0.9553780555725098           0.0  0.6002837741730915
0.9553780555725098  0.9555621147155762           0.0  0.6000893817591754
0.9555621147155762  0.9557462930679321           0.0  0.5997009743923409
0.9557462930679321  0.9559304714202882           0.0  0.5997009743919794
0.9559304714202882  0.9561147689819336           0.0  0.5993130694933538
0.9561147689819336  0.9562991857528685           0.0  0.5989256660870876
0.9562991857528685  0.9564836025238036           0.0  0.5989256660867271
0.9564836025238036  0.9566680788993834           0.0  0.5987321521396878
0.9566680788993834  0.9568526744842529           0.0  0.5983454991511847
0.9568526744842529  0.9570373296737671           0.0  0.5981523598684099
0.9570373296737671  0.957222044467926           0.0  0.5979593452314726
0.957222044467926  0.9574068188667297           0.0  0.5977664551201076
0.9574068188667297  0.957591712474823           0.0  0.5973810479923706
0.957591712474823  0.957776665687561           0.0  0.5971885307355248
0.957776665687561  0.9579616189002991           0.0  0.5971885307355248
0.9579616189002991  0.9581467509269714           0.0  0.5966117227534879
0.9581467509269714  0.9583318829536437           0.0  0.5966117227538458
0.9583318829536437  0.9585170745849609           0.0  0.5964197009562995
0.9585170745849609  0.9587023854255676           0.0  0.5960360279422109
0.9587023854255676  0.9588877558708192           0.0  0.595844376485924
0.9588877558708192  0.9590731859207153           0.0  0.5956528482396153
0.9590731859207153  0.9592586755752563           0.0  0.5954614430823694
0.9592586755752563  0.9594442844390869  0.5950790015646543  0.5950790015646543
0.9594442844390869  0.9596298933029175           0.0  0.5950790015646543
0.9596298933029175  0.9598156213760376           0.0  0.5946970509859864
0.9598156213760376  0.9600014090538025           0.0  0.5945062595034757
0.9600014090538025  0.9601873159408569           0.0  0.5941250435627873
0.9601873159408569  0.9603732228279114           0.0  0.5941250435627873
0.9603732228279114  0.9605592489242554           0.0  0.5937443162038877
0.9605592489242554  0.9607453346252441           0.0  0.593554135449178
0.9607453346252441  0.9609314799308777           0.0  0.5933640764880991
0.9609314799308777  0.9611177444458008           0.0  0.5929843234791468
0.9611177444458008  0.9613040089607239           0.0  0.5929843234791468
0.9613040089607239  0.9614903926849365           0.0  0.5926050562431511
0.9614903926849365  0.9616768360137939           0.0  0.5924156044988279
0.9616768360137939  0.9618633389472961           0.0  0.5922262738486205
0.9618633389472961  0.9620499610900879           0.0  0.5918479753664432
0.9620499610900879  0.9622365832328796           0.0  0.5918479753664432
0.9622365832328796  0.9624233245849608           0.0  0.5914701598702315
0.9624233245849608  0.962610125541687           0.0  0.5912814329518929
0.962610125541687  0.9627970457077026           0.0  0.590904340201637
0.9627970457077026  0.9629839658737184           0.0  0.5909043402012861
0.9629839658737184  0.9631710052490234           0.0  0.5905277281304759
0.9631710052490234  0.9633581042289734           0.0  0.5903396020619094
0.9633581042289734  0.963545262813568           0.0  0.5901515958195646
0.963545262813568  0.9637324810028076           0.0  0.5899637092872445
0.9637324810028076  0.9639198184013367           0.0  0.5895882949005198
0.9639198184013367  0.9641072154045105           0.0  0.5894007668169
0.9641072154045105  0.9642946720123292           0.0  0.5892133579876745
0.9642946720123292  0.9644821882247925           0.0  0.5890260683005184
0.9644821882247925  0.9646698236465454           0.0  0.5886518458933716
0.9646698236465454  0.9648574590682983           0.0  0.5886518458933716
0.9648574590682983  0.9650452136993408           0.0  0.5882780986896298
0.9650452136993408  0.965233027935028           0.0  0.5880914030064833
0.965233027935028  0.9654209613800049           0.0  0.5877183669112716
0.9654209613800049  0.9656088948249817           0.0  0.5877183669116187
0.9656088948249817  0.965796947479248           0.0  0.5873458037630218
0.965796947479248  0.9659850597381592           0.0  0.5871596992624631
0.9659850597381592  0.9661732912063599           0.0  0.5867878438481108
0.9661732912063599  0.9663615226745605  0.5867878438481108  0.5867878438481108
0.9663615226745605  0.9665498733520509           0.0  0.5864164591364688
0.9665498733520509  0.9667382836341858  0.5862309430159524  0.5862309430159524
0.9667382836341858  0.9669267535209655           0.0  0.5860455442357448
0.9669267535209655  0.967115342617035           0.0  0.5856750982522604
0.967115342617035  0.967303991317749           0.0  0.5854900508288859
0.967303991317749  0.9674926996231079           0.0  0.5853051203008003
0.9674926996231079  0.9676814675331116           0.0  0.5851203065589939
0.9676814675331116  0.96787029504776           0.0  0.5849356094925295
0.96787029504776  0.968059241771698           0.0  0.5845665649439539
0.968059241771698  0.9682482481002808           0.0  0.5843822172413541
0.9682482481002808  0.9684373140335083           0.0  0.5841979857731191
0.9684373140335083  0.9686264395713806           0.0  0.5840138704293519
0.9686264395713806  0.9688156843185424           0.0  0.583645987676668
0.9688156843185424  0.9690049886703491           0.0  0.5834622200476218
0.9690049886703491  0.9691943526268005           0.0  0.5832785681058652
0.9691943526268005  0.9693837761878967           0.0  0.5830950317408224
0.9693837761878967  0.9695733189582825           0.0  0.5827283053057654
0.9695733189582825  0.969762921333313           0.0  0.5825451150180238
0.969762921333313  0.9699525833129883           0.0  0.5823620398718836
0.9699525833129883  0.9701423048973083           0.0  0.582179079758823
0.9701423048973083  0.9703320860862732           0.0  0.5819962345704566
0.9703320860862732  0.9705219864845275           0.0  0.5816308885352848
0.9705219864845275  0.9707119464874269           0.0  0.5814483874710284
0.9707119464874269  0.9709020256996155           0.0  0.5810837287154017
0.9709020256996155  0.9710921049118042           0.0  0.5810837287150623
0.9710921049118042  0.9712823033332825           0.0  0.5807195270674815
0.9712823033332825  0.9714725613594056           0.0  0.5805375973907432
0.9714725613594056  0.9716628789901733           0.0  0.580355781670346
0.9716628789901733  0.9718533158302307           0.0  0.5799924916658321
0.9718533158302307  0.9720438122749329           0.0  0.5798110171690656
0.9720438122749329  0.9722343683242798           0.0  0.5796296562002921
0.9722343683242798  0.9724249839782715           0.0  0.5794484086530124
0.9724249839782715  0.9726157188415527           0.0  0.5790862533976043
0.9726157188415527  0.972806453704834           0.0  0.5790862533976043
0.972806453704834  0.9729973077774048           0.0  0.5787245505535084
0.9729973077774048  0.9731882810592651           0.0  0.5783632992735124
0.9731882810592651  0.9733792543411255           0.0  0.5783632992735124
0.9733792543411255  0.9735703468322754           0.0  0.5780024987125183
0.9735703468322754  0.9737614989280701           0.0  0.5778222671881302
0.9737614989280701  0.9739527702331543           0.0  0.5774621411256883
0.9739527702331543  0.9741440415382385           0.0  0.5774621411256883
0.9741440415382385  0.9743354320526123           0.0  0.5771024636787088
0.9743354320526123  0.974526882171631           0.0  0.5769227929238042
0.974526882171631  0.974718451499939           0.0  0.5765637868305562
0.974718451499939  0.9749100804328918           0.0  0.5763844512822188
0.9749100804328918  0.9751017093658447           0.0  0.5763844512822188
0.9751017093658447  0.9752935171127319           0.0  0.5758471133848146
0.9752935171127319  0.9754853248596191           0.0  0.5758471133848146
0.9754853248596191  0.9756772518157959           0.0  0.5754894443702899
0.9756772518157959  0.9758692383766174           0.0  0.5753107764273001
0.9758692383766174  0.9760612845420837           0.0  0.5751322193893028
0.9760612845420837  0.9762534499168396           0.0  0.5747754376154881
0.9762534499168396  0.9764456152915955           0.0  0.5747754376154881
0.9764456152915955  0.9766379594802856           0.0  0.5742410941655821
0.9766379594802856  0.9768303036689758           0.0  0.5742410941655821
0.9768303036689758  0.9770227670669556           0.0  0.5738854168077837
0.9770227670669556  0.9772152304649353           0.0  0.5738854168077837
0.9772152304649353  0.9774078726768494           0.0  0.5733527261362419
0.9774078726768494  0.9776005148887634           0.0  0.5733527261362419
0.9776005148887634  0.977793276309967           0.0  0.5729981480743147
0.977793276309967  0.9779860973358154           0.0  0.5728210234535808
0.9779860973358154  0.9781789779663086           0.0  0.5726440083041822
0.9781789779663086  0.9783719778060913           0.0  0.5722903060136917
0.9783719778060913  0.978564977645874           0.0  0.5722903060136917
0.978564977645874  0.9787581562995911           0.0  0.5717605710806336
0.9787581562995911  0.9789513349533081           0.0  0.5717605710806336
0.9789513349533081  0.9791446328163147           0.0  0.571407958949224
0.9791446328163147  0.9793379306793214           0.0  0.5714079589488958
0.9793379306793214  0.9795314073562623           0.0  0.570879855475149
0.9795314073562623  0.979724884033203           0.0  0.5708798554758042
0.979724884033203  0.9799184799194336           0.0  0.5705283284702188
0.9799184799194336  0.9801121354103088           0.0  0.5703527272614138
0.9801121354103088  0.980305850505829           0.0  0.5701772341142374
0.980305850505829  0.9804996848106385           0.0  0.5698265716089587
0.9804996848106385  0.9806935787200928           0.0  0.5696514020514586
0.9806935787200928  0.9808875322341919           0.0  0.5694763401574473
0.9808875322341919  0.9810816049575806           0.0  0.5691265389657044
0.9810816049575806  0.981275737285614           0.0  0.5689517994695529
0.981275737285614  0.9814699292182922           0.0  0.5687771672413547
0.9814699292182922  0.9816641807556152           0.0  0.5686026421823669
0.9816641807556152  0.9818585515022278           0.0  0.5682539131776552
0.9818585515022278  0.9820529818534851           0.0  0.5680797090350501
0.9820529818534851  0.9822474718093872           0.0  0.5679056116678927
0.9822474718093872  0.9824420213699341           0.0  0.5677316209780434
0.9824420213699341  0.9826366901397704           0.0  0.5673839592386376
0.9826366901397704  0.9828314185142517           0.0  0.5672102879924326
0.9828314185142517  0.9830262660980225           0.0  0.5668632642619558
0.9830262660980225  0.9832211136817932           0.0  0.5668632642619558
0.9832211136817932  0.9834160804748535           0.0  0.5665166648952411
0.9834160804748535  0.9836111664772034           0.0  0.5661704891146757
0.9836111664772034  0.9838062524795532           0.0  0.5661704891146757
0.9838062524795532  0.9840014576911926           0.0  0.565824736144224
0.9840014576911926  0.9841967225074769           0.0  0.5656520179704763
0.9841967225074769  0.9843921065330505           0.0  0.5653068977649135
0.9843921065330505  0.984587550163269           0.0  0.5651344955389855
0.984587550163269  0.9847830533981323           0.0  0.564962198436687
0.9847830533981323  0.9849786162376404           0.0  0.5647900063615768
0.9849786162376404  0.985174298286438           0.0  0.5644459369090263
0.985174298286438  0.9853700399398804           0.0  0.564274059339931
0.9853700399398804  0.9855658411979675           0.0  0.5641022864147134
0.9855658411979675  0.9857617616653443           0.0  0.5637590541135636
0.9857617616653443  0.9859577417373657           0.0  0.563587594547866
0.9859577417373657  0.986153781414032           0.0  0.5634162392436405
0.986153781414032  0.9863499402999877           0.0  0.5630738410432642
0.9863499402999877  0.9865461587905884           0.0  0.5629027979560405
0.9865461587905884  0.9867424368858337           0.0  0.5627318587526067
0.9867424368858337  0.9869387745857239           0.0  0.5625610233370777
0.9869387745857239  0.9871352314949037           0.0  0.562219663492502
0.9871352314949037  0.987331748008728           0.0  0.5620491388757599
0.987331748008728  0.9875283837318422  0.5617083997791111  0.5617083997791111
0.9875283837318422  0.9877250194549559           0.0  0.5617083997800625
0.9877250194549559  0.9879217743873596           0.0  0.5613680735750646
0.9879217743873596  0.9881186485290527           0.0  0.5610281595132709
0.9881186485290527  0.9883155226707458           0.0  0.5610281595132709
0.9883155226707458  0.9885125160217285           0.0  0.5606886568448817
0.9885125160217285  0.9887096285820008           0.0  0.5603495648234926
0.9887096285820008  0.9889067411422729           0.0  0.5603495648241238
0.9889067411422729  0.9891039729118347           0.0  0.56001088270545
0.9891039729118347  0.989301323890686           0.0  0.5596726097470051
0.989301323890686  0.9894986748695374           0.0  0.5596726097470051
0.9894986748695374  0.9896961450576782  0.5593347452074656  0.5593347452074656
0.9896961450576782  0.9898936748504638           0.0  0.5591659658640239
0.9898936748504638  0.9900913238525391           0.0  0.5588287125667348
0.9900913238525391  0.990289032459259           0.0  0.5586602384300071
0.990289032459259  0.9904868006706238           0.0  0.5584918658445852
0.9904868006706238  0.9906846880912781  0.5581554249615464  0.5581554249615464
0.9906846880912781  0.9908825755119324           0.0  0.5581554249615464
0.9908825755119324  0.991080641746521           0.0  0.5576515229829473
0.991080641746521  0.9912787079811095           0.0  0.5576515229832598
0.9912787079811095  0.9914768934249878           0.0  0.5573160934951265
0.9914768934249878  0.9916751384735107           0.0  0.5571485300277612
0.9916751384735107  0.9918735027313232           0.0  0.5568137051900042
0.9918735027313232  0.9920719265937805           0.0  0.5566464436384301
0.9920719265937805  0.9922704100608826           0.0  0.5564792825442444
0.9922704100608826  0.9924689531326295           0.0  0.556312221816661
0.9924689531326295  0.9926676154136658           0.0  0.555978401102121
0.9926676154136658  0.9928663372993469           0.0  0.5558116409335134
0.9928663372993469  0.9930651783943176           0.0  0.5554784205252798
0.9930651783943176  0.9932640790939331           0.0  0.5553119601055839
0.9932640790939331  0.9934630393981934           0.0  0.5551455994225086
0.9934630393981934  0.9936620593070984           0.0  0.5549793383864432
0.9936620593070984  0.993861198425293           0.0  0.554647114897436
0.993861198425293  0.9940603971481323           0.0  0.554481152265809
0.9940603971481323  0.9942597150802612           0.0  0.5541495247823964
0.9942597150802612  0.9944590926170349           0.0  0.5539838597525661
0.9944590926170349  0.9946585297584535           0.0  0.553818293745159
0.9946585297584535  0.9948580861091614           0.0  0.553487458444852
0.9948580861091614  0.9950576424598695           0.0  0.5534874584442362
0.9950576424598695  0.9952573776245117           0.0  0.5529919459484822
0.9952573776245117  0.9954571127891541           0.0  0.5529919459481748
0.9954571127891541  0.9956569671630859           0.0  0.5526620968900489
0.9956569671630859  0.9958569407463074           0.0  0.5523326410945854
0.9958569407463074  0.9960569143295288           0.0  0.5523326410945854
0.9960569143295288  0.9962570071220398           0.0  0.5520035778589019
0.9962570071220398  0.9964571595191957           0.0  0.5518391932314788
0.9964571595191957  0.9966574311256409           0.0  0.5515107175218337
0.9966574311256409  0.996857762336731           0.0  0.5513466262637113
0.996857762336731  0.9970582127571106           0.0  0.5510187365067897
0.9970582127571106  0.9972586631774902           0.0  0.5510187365067897
0.9972586631774902  0.9974592328071594           0.0  0.5506912365148094
0.9974592328071594  0.9976599216461182           0.0  0.5503641255932087
0.9976599216461182  0.9978606700897217           0.0  0.5502007158172012
0.9978606700897217  0.99806147813797           0.0  0.550037403049075
0.99806147813797  0.998262345790863           0.0  0.5498741872024729
0.998262345790863  0.9984633326530457           0.0  0.5495480459289246
0.9984633326530457  0.9986643791198729           0.0  0.5493851203300791
0.9986643791198729  0.99886554479599           0.0  0.5490595587766847
0.99886554479599  0.9990667700767518           0.0  0.5488969226514547
0.9990667700767518  0.9992680549621582           0.0  0.5487343828467147
0.9992680549621582  0.9994694590568542           0.0  0.5484095918533097
0.9994694590568542  0.9996709227561951           0.0  0.5482473404947733
0.9996709227561951  0.9998724460601807           0.0  0.5480851851145618
0.9998724460601807  1.0000741481781006           0.0  0.5475992939930064
1.0000741481781006  1.0002758502960205           0.0  0.5475992939930064
1.0002758502960205  1.0004775524139404           0.0  0.5475992939930064
1.0004775524139404  1.0006794929504395           0.0  0.5469527777073003
1.0006794929504395  1.0008814334869385           0.0  0.5469527777073003
1.0008814334869385  1.001083493232727           0.0  0.5466300917027532
1.001083493232727  1.0012855529785156           0.0  0.5466300917027532
1.0012855529785156  1.0014877319335938           0.0  0.546307786224155
1.0014877319335938  1.0016900300979614           0.0  0.5459858605988019
1.0016900300979614  1.0018924474716187           0.0  0.5456643141555753
1.0018924474716187  1.0020948648452759           0.0  0.5456643141555753
1.0020948648452759  1.0022974014282227           0.0  0.5453431462249363
1.0022974014282227  1.0024999380111694           0.0  0.5453431462249363
1.0024999380111694  1.0027027130126953           0.0  0.5447019432311386
1.0027027130126953  1.0029054880142212           0.0  0.5447019432311386
1.0029054880142212  1.003108263015747           0.0  0.5447019432311386
1.003108263015747  1.003311276435852           0.0  0.5440622462925231
1.003311276435852  1.003514289855957           0.0  0.5440622462925231
1.003514289855957  1.003717303276062           0.0  0.5440622462925231
1.003717303276062  1.003920555114746           0.0  0.5434240501091887
1.003920555114746  1.0041238069534302           0.0  0.5434240501091887
1.0041238069534302  1.0043271780014038           0.0  0.5431055131513287
1.0043271780014038  1.0045305490493774           0.0  0.5431055131513287
1.0045305490493774  1.0047340393066406           0.0  0.5427873494060731
1.0047340393066406  1.0049376487731934           0.0  0.5424695582178962
1.0049376487731934  1.0051413774490356           0.0  0.5421521389328068
1.0051413774490356  1.005345106124878           0.0  0.5421521389328068
1.005345106124878  1.0055489540100098           0.0  0.5418350908983431
1.0055489540100098  1.0057529211044312           0.0  0.5415184134635691
1.0057529211044312  1.0059568881988525           0.0  0.5415184134635691
1.0059568881988525  1.0061609745025635           0.0  0.5412021059790694
1.0061609745025635  1.006365180015564  0.540886167796945  0.540886167796945
1.006365180015564  1.0065693855285645           0.0  0.540886167796945
1.0065693855285645  1.0067737102508545           0.0  0.5405705982708091
1.0067737102508545  1.006978154182434           0.0  0.5402553967557824
1.006978154182434  1.0071827173233032           0.0  0.5399405626084888
1.0071827173233032  1.0073872804641724  0.5399405626084888  0.5399405626084888
1.0073872804641724  1.007591962814331           0.0  0.5396260951870511
1.007591962814331  1.0077966451644897           0.0  0.5396260951870511
1.0077966451644897  1.0080015659332275           0.0  0.5389982579617026
1.0080015659332275  1.0082064867019653           0.0  0.5389982579617026
1.0082064867019653  1.0084114074707031           0.0  0.5389982579617026
1.0084114074707031  1.00861656665802           0.0  0.5383718799745304
1.00861656665802  1.008821725845337           0.0  0.5383718799745304
1.008821725845337  1.0090268850326538           0.0  0.5383718799745304
1.0090268850326538  1.0092322826385498           0.0  0.5377469561440319
1.0092322826385498  1.0094376802444458           0.0  0.5377469561440319
1.0094376802444458  1.0096431970596313           0.0  0.5374350379560132
1.0096431970596313  1.0098488330841064           0.0  0.5371234814122706
1.0098488330841064  1.0100544691085815           0.0  0.5371234814122706
1.0100544691085815  1.0102602243423462           0.0  0.5368122858842218
1.0102602243423462  1.0104660987854004           0.0  0.5365014507447405
1.0104660987854004  1.0106719732284546           0.0  0.5365014507447405
1.0106719732284546  1.0108779668807983           0.0  0.5361909753681521
1.0108779668807983  1.0110840797424316  0.5358808591302295  0.5358808591302295
1.0110840797424316  1.0112903118133545           0.0  0.535571101408189
1.0112903118133545  1.0114965438842773           0.0  0.535571101408189
1.0114965438842773  1.0117028951644897           0.0  0.5352617015806856
1.0117028951644897  1.0119092464447021           0.0  0.5352617015806856
1.0119092464447021  1.0121158361434937           0.0  0.534643973131083
1.0121158361434937  1.0123224258422852  0.534643973131083  0.534643973131083
1.0123224258422852  1.0125291347503662           0.0  0.5343356432734526
1.0125291347503662  1.0127358436584473           0.0  0.5343356432734526
1.0127358436584473  1.0129426717758179           0.0  0.5340276688392892
1.0129426717758179  1.013149619102478           0.0  0.5337200492143819
1.013149619102478  1.0133566856384277           0.0  0.5334127837859337
1.0133566856384277  1.0135637521743774           0.0  0.5334127837859337
1.0135637521743774  1.0137709379196167           0.0  0.5331058719425587
1.0137709379196167  1.0139782428741455           0.0  0.5327993130742765
1.0139782428741455  1.0141855478286743           0.0  0.5327993130742765
1.0141855478286743  1.0143929719924927           0.0  0.5324931065725097
1.0143929719924927  1.0146005153656006           0.0  0.5321872518300786
1.0146005153656006  1.014808177947998           0.0  0.5318817482411979
1.014808177947998  1.0150158405303955           0.0  0.5318817482411979
1.0150158405303955  1.0152236223220825           0.0  0.5315765952014727
1.0152236223220825  1.015431523323059           0.0  0.5312717921078939
1.015431523323059  1.0156394243240356           0.0  0.5312717921078939
1.0156394243240356  1.0158474445343018           0.0  0.5309673383588349
1.0158474445343018  1.0160555839538574           0.0  0.5306632333540474
1.0160555839538574  1.0162638425827026           0.0  0.5303594764946576
1.0162638425827026  1.0164721012115479           0.0  0.5303594764946576
1.0164721012115479  1.0166804790496826           0.0  0.5300560671831618
1.0166804790496826  1.016888976097107           0.0  0.529753004823423
1.016888976097107  1.0170974731445312           0.0  0.529753004823423
1.0170974731445312  1.0173060894012451           0.0  0.5294502888206668
1.0173060894012451  1.0175148248672485           0.0  0.5291479185814774
1.0175148248672485  1.0177236795425415           0.0  0.5288458935137939
1.0177236795425415  1.0179325342178345           0.0  0.5288458935137939
1.0179325342178345  1.018141508102417           0.0  0.5285442130269064
1.018141508102417  1.018350601196289           0.0  0.528242876531452
1.018350601196289  1.0185596942901611           0.0  0.528242876531452
1.0185596942901611  1.0187690258026123           0.0  0.5276412331641042
1.0187690258026123  1.0189783573150635           0.0  0.5276412331641042
1.0189783573150635  1.0191876888275146           0.0  0.5276412331641042
1.0191876888275146  1.019397258758545           0.0  0.5270409587236444
1.019397258758545  1.0196068286895752  0.5270409587236444  0.5270409587236444
1.0196068286895752  1.0198163986206055           0.0  0.5270409587236444
1.0198163986206055  1.0200262069702148           0.0  0.5264420485432766
1.0200262069702148  1.0202360153198242           0.0  0.5264420485432766
1.0202360153198242  1.0204459428787231           0.0  0.5261431035980504
1.0204459428787231  1.0206559896469116           0.0  0.5258444979773932
1.0206559896469116  1.0208660364151           0.0  0.5258444979773932
1.0208660364151  1.0210763216018677  0.5252483024014551  0.5252483024014551
1.0210763216018677  1.0212864875793457           0.0  0.525546231103895
1.0212864875793457  1.0214968919754028           0.0  0.5249507112952787
1.0214968919754028  1.02170729637146           0.0  0.5249507112952787
1.02170729637146  1.0219178199768066           0.0  0.5246534572118725
1.0219178199768066  1.0221284627914429           0.0  0.5243565395790418
1.0221284627914429  1.0223392248153687           0.0  0.5240599578258862
1.0223392248153687  1.0225499868392944           0.0  0.5240599578258862
1.0225499868392944  1.0227608680725098           0.0  0.5237637113827964
1.0227608680725098  1.0229718685150146           0.0  0.5234677996814502
1.0229718685150146  1.0231828689575195           0.0  0.5234677996814502
1.0231828689575195  1.023393988609314           0.0  0.5231722221548091
1.023393988609314  1.023605227470398           0.0  0.5228769782371144
1.023605227470398  1.0238165855407715           0.0  0.5225820673638842
1.0238165855407715  1.024027943611145           0.0  0.5225820673638842
1.024027943611145  1.024239420890808           0.0  0.5222874889719091
1.024239420890808  1.0244510173797607           0.0  0.5219932424992489
1.0244510173797607  1.024662733078003           0.0  0.5216993273852291
1.024662733078003  1.0248744487762451           0.0  0.5216993273852291
1.0248744487762451  1.0250862836837769           0.0  0.5214057430704372
1.0250862836837769  1.0252982378005981           0.0  0.5211124889967192
1.0252982378005981  1.0255101919174194           0.0  0.5211124889967192
1.0255101919174194  1.0257222652435303           0.0  0.5208195646071764
1.0257222652435303  1.0259344577789307           0.0  0.5205269693461612
1.0259344577789307  1.0261467695236206           0.0  0.5202347026592739
1.0261467695236206  1.0263592004776           0.0  0.5199427639933596
1.0263592004776  1.0265716314315796           0.0  0.5199427639933596
1.0265716314315796  1.0267841815948486           0.0  0.5196511527965041
1.0267841815948486  1.0269967317581177           0.0  0.5196511527965041
1.0269967317581177  1.0272095203399658           0.0  0.5190689106084968
1.0272095203399658  1.027422308921814           0.0  0.5190689106084968
1.027422308921814  1.0276352167129517           0.0  0.5187782785196903
1.0276352167129517  1.0278481245040894           0.0  0.5187782785196903
1.0278481245040894  1.0280612707138062           0.0  0.5181979896175429
1.0280612707138062  1.028274416923523           0.0  0.5181979896175429
1.028274416923523  1.0284876823425293           0.0  0.5179083317138998
1.0284876823425293  1.0287009477615356           0.0  0.5179083317138998
1.0287009477615356  1.028914451599121           0.0  0.5173299862848503
1.028914451599121  1.0291279554367065           0.0  0.5173299862848503
1.0291279554367065  1.029341459274292           0.0  0.5173299862848503
1.029341459274292  1.0295552015304565           0.0  0.516752931085425
1.0295552015304565  1.029768943786621           0.0  0.516752931085425
1.029768943786621  1.0299828052520752           0.0  0.5164648859733372
1.0299828052520752  1.0301967859268188           0.0  0.5161771618028785
1.0301967859268188  1.030410885810852           0.0  0.5158897580379548
1.030410885810852  1.0306249856948853           0.0  0.5158897580379548
1.0306249856948853  1.030839204788208           0.0  0.5156026741436655
1.030839204788208  1.0310535430908203           0.0  0.5153159095862997
1.0310535430908203  1.0312678813934326           0.0  0.5153159095862997
1.0312678813934326  1.031482458114624           0.0  0.5147433363534261
1.031482458114624  1.0316970348358154           0.0  0.5147433363534261
1.0316970348358154  1.0319116115570068           0.0  0.5147433363534261
1.0319116115570068  1.0321264266967773           0.0  0.5141720340933223
1.0321264266967773  1.0323412418365479           0.0  0.5141720340933223
1.0323412418365479  1.032556176185608           0.0  0.5138868582563322
1.032556176185608  1.0327712297439575           0.0  0.5136019985788065
1.0327712297439575  1.0329862833023071           0.0  0.5136019985788065
1.0329862833023071  1.0332015752792358           0.0  0.5130332256014213
1.0332015752792358  1.0334168672561646           0.0  0.5130332256014213
1.0334168672561646  1.0336322784423828           0.0  0.5127493112541045
1.0336322784423828  1.033847689628601           0.0  0.5127493112541045
1.033847689628601  1.0340632200241089           0.0  0.5124657109713312
1.0340632200241089  1.0342788696289062           0.0  0.5121824242322647
1.0342788696289062  1.0344946384429932           0.0  0.5118994505172193
1.0344946384429932  1.0347105264663696           0.0  0.511616789307657
1.0347105264663696  1.034926414489746           0.0  0.511616789307657
1.034926414489746  1.035142421722412           0.0  0.5113344400861848
1.035142421722412  1.0353585481643677           0.0  0.5110524023365509
1.0353585481643677  1.0355747938156128           0.0  0.5107706755436422
1.0355747938156128  1.035791039466858  0.5107706755436422  0.5107706755436422
1.035791039466858  1.0360074043273926           0.0  0.5104892591934803
1.0360074043273926  1.0362238883972168           0.0  0.5102081527732196
1.0362238883972168  1.036440372467041           0.0  0.5102081527732196
1.036440372467041  1.0366570949554443           0.0  0.5096468676766595
1.0366570949554443  1.0368738174438477           0.0  0.5096468676766595
1.0368738174438477  1.0370906591415405  0.5093666879803006  0.5093666879803006
1.0370906591415405  1.0373075008392334           0.0  0.5093666879803006
1.0373075008392334  1.0375245809555054           0.0  0.5088072517496798
1.0375245809555054  1.0377416610717773           0.0  0.5088072517496798
1.0377416610717773  1.0379588603973389           0.0  0.5085279942020674
1.0379588603973389  1.03817617893219           0.0  0.5082490430258731
1.03817617893219  1.038393497467041           0.0  0.5082490430258731
1.038393497467041  1.0386109352111816           0.0  0.5079703977171968
1.0386109352111816  1.0388284921646118           0.0  0.5076920577732421
1.0388284921646118  1.0390461683273315           0.0  0.5074140226923148
1.0390461683273315  1.0392639636993408           0.0  0.5071362919738187
1.0392639636993408  1.03948175907135           0.0  0.5071362919738187
1.03948175907135  1.039699673652649           0.0  0.5068588651182532
1.039699673652649  1.0399177074432373           0.0  0.5065817416272098
1.0399177074432373  1.0401357412338257           0.0  0.5065817416272098
1.0401357412338257  1.0403540134429932           0.0  0.5060284027505008
1.0403540134429932  1.0405722856521606           0.0  0.5060284027505008
1.0405722856521606  1.0407906770706177           0.0  0.5057521863734535
1.0407906770706177  1.0410090684890747           0.0  0.5057521863734535
1.0410090684890747  1.0412276983261108           0.0  0.5052006572716286
1.0412276983261108  1.041446328163147           0.0  0.5052006572716286
1.041446328163147  1.0416650772094727           0.0  0.5049253435619437
1.0416650772094727  1.041883945465088           0.0  0.5046503297582609
1.041883945465088  1.0421028137207031           0.0  0.5046503297582609
1.0421028137207031  1.0423219203948975           0.0  0.5041011999108633
1.0423219203948975  1.0425410270690918           0.0  0.5041011999108633
1.0425410270690918  1.0427601337432861           0.0  0.5041011999108633
1.0427601337432861  1.0429794788360596           0.0  0.5035532638240037
1.0429794788360596  1.043198823928833           0.0  0.5035532638240037
1.043198823928833  1.0434184074401855           0.0  0.5030065176092111
1.0434184074401855  1.0436378717422485           0.0  0.5032797422249684
1.0436378717422485  1.0438575744628906           0.0  0.502733589493308
1.0438575744628906  1.0440773963928223           0.0  0.5024609573948844
1.0440773963928223  1.044297218322754  0.5024609573948844  0.5024609573948844
1.044297218322754  1.044517159461975           0.0  0.5021886208326107
1.044517159461975  1.0447372198104858           0.0  0.5019165793262008
1.0447372198104858  1.0449572801589966           0.0  0.5019165793262008
1.0449572801589966  1.0451775789260864           0.0  0.5013733795650254
1.0451775789260864  1.0453978776931763           0.0  0.5013733795650254
1.0453978776931763  1.0456182956695557           0.0  0.5011022203548766
1.0456182956695557  1.045838713645935           0.0  0.5011022203548766
1.045838713645935  1.0460593700408936           0.0  0.5005607808947417
1.0460593700408936  1.046280026435852           0.0  0.5005607808947417
1.046280026435852  1.0465008020401           0.0  0.5002904996955544
1.0465008020401  1.0467216968536377           0.0  0.5000205102191941
1.0467216968536377  1.0469427108764648           0.0  0.49975081199361754
1.0469427108764648  1.047163724899292           0.0  0.49975081199361754
1.047163724899292  1.0473848581314087           0.0  0.4994814045477989
1.0473848581314087  1.047606110572815           0.0  0.49921228741172785
1.047606110572815  1.0478274822235107           0.0  0.4989434601164065
1.0478274822235107  1.0480488538742065           0.0  0.4989434601164065
1.0480488538742065  1.0482704639434814  0.49840667317706666  0.49840667317706666
1.0482704639434814  1.0484920740127563           0.0  0.49840667317706666
1.0484920740127563  1.0487138032913208           0.0  0.49813871260008974
1.0487138032913208  1.0489355325698853           0.0  0.49813871260008974
1.0489355325698853  1.0491575002670288           0.0  0.4976036549066417
1.0491575002670288  1.0493794679641724           0.0  0.4976036549066417
1.0493794679641724  1.0496015548706055           0.0  0.4973365568632136
1.0496015548706055  1.0498237609863281           0.0  0.49706974540566895
1.0498237609863281  1.0500460863113403           0.0  0.49680322007301175
1.0500460863113403  1.0502684116363525           0.0  0.49680322007301175
1.0502684116363525  1.0504908561706543           0.0  0.49653698040523414
1.0504908561706543  1.0507134199142456           0.0  0.4962710259433138
1.0507134199142456  1.0509361028671265  0.4960053562292114  0.4960053562292114
1.0509361028671265  1.0511587858200073           0.0  0.4960053562292114
1.0511587858200073  1.0513817071914673           0.0  0.4954748692172015
1.0513817071914673  1.0516046285629272           0.0  0.4954748692172015
1.0516046285629272  1.0518276691436768           0.0  0.4952100510081063
1.0518276691436768  1.0520508289337158  0.4949455157244481  0.4949455157244481
1.0520508289337158  1.0522739887237549           0.0  0.4949455157244481
1.0522739887237549  1.052497386932373           0.0  0.49441729212175395
1.052497386932373  1.0527207851409912           0.0  0.49441729212175395
1.0527207851409912  1.052944302558899           0.0  0.494153602899289
1.052944302558899  1.0531678199768066           0.0  0.494153602899289
1.0531678199768066  1.0533915758132935           0.0  0.49362706736077083
1.0533915758132935  1.0536153316497803           0.0  0.49362706736077083
1.0536153316497803  1.0538392066955566           0.0  0.4933642201470537
1.0538392066955566  1.0540632009506226           0.0  0.4931016527068477
1.0540632009506226  1.054287314414978           0.0  0.49283936459370575
1.054287314414978  1.0545114278793335           0.0  0.49283936459370575
1.0545114278793335  1.054735779762268           0.0  0.49231562456757005
1.054735779762268  1.0549601316452026           0.0  0.49231562456757005
1.0549601316452026  1.0551846027374268           0.0  0.4920541717664189
1.0551846027374268  1.0554090738296509           0.0  0.4920541717664189
1.0554090738296509  1.055633783340454           0.0  0.4915320983746243
1.055633783340454  1.0558584928512573           0.0  0.4915320983746243
1.0558584928512573  1.05608332157135           0.0  0.49127147690146705
1.05608332157135  1.0563082695007324           0.0  0.4910111316566862
1.0563082695007324  1.0565333366394043           0.0  0.49075106220135956
1.0565333366394043  1.0567584037780762           0.0  0.49075106220135956
1.0567584037780762  1.0569837093353271           0.0  0.4902317489080248
1.0569837093353271  1.0572090148925781           0.0  0.4902317489080248
1.0572090148925781  1.0574344396591187           0.0  0.48997250419680954
1.0574344396591187  1.0576599836349487           0.0  0.4897135335286294
1.0576599836349487  1.0578855276107788           0.0  0.4897135335286294
1.0578855276107788  1.0581111907958984           0.0  0.4894548364691848
1.0581111907958984  1.0583370923995972           0.0  0.4889382614438875
1.0583370923995972  1.058562994003296           0.0  0.4889382614438875
1.058562994003296  1.0587888956069946           0.0  0.4889382614438875
1.0587888956069946  1.0590150356292725           0.0  0.48842277566482173
1.0590150356292725  1.0592411756515503           0.0  0.48842277566482173
1.0592411756515503  1.0594675540924072           0.0  0.4879083756904512
1.0594675540924072  1.0596939325332642           0.0  0.4879083756904512
1.0596939325332642  1.0599204301834106           0.0  0.48765158180850887
1.0599204301834106  1.0601469278335571           0.0  0.48765158180850887
1.0601469278335571  1.0603736639022827           0.0  0.4871388041199615
1.0603736639022827  1.0606003999710083           0.0  0.4871388041199615
1.0606003999710083  1.0608272552490234           0.0  0.4868828194619899
1.0608272552490234  1.0610542297363281           0.0  0.48662710369546575
1.0610542297363281  1.0612813234329224           0.0  0.48637165639693797
1.0612813234329224  1.0615084171295166           0.0  0.48637165639693797
1.0615084171295166  1.06173574924469           0.0  0.48586156551450804
1.06173574924469  1.0619630813598633           0.0  0.48586156551450804
1.0619630813598633  1.0621905326843262           0.0  0.48560692108813774
1.0621905326843262  1.0624181032180786           0.0  0.48535254344482287
1.0624181032180786  1.062645673751831           0.0  0.48535254344482287
1.062645673751831  1.0628734827041626           0.0  0.4848445868321124
1.0628734827041626  1.0631012916564941  0.4848445868321124  0.4848445868321124
1.0631012916564941  1.0633292198181152           0.0  0.4845910070272839
1.0633292198181152  1.0635572671890259           0.0  0.48433769233464025
1.0635572671890259  1.063785433769226           0.0  0.4840846423386452
1.063785433769226  1.0640136003494263           0.0  0.4840846423386452
1.0640136003494263  1.064241886138916           0.0  0.4838318566246302
1.064241886138916  1.0644704103469849           0.0  0.48332707638819344
1.0644704103469849  1.0646989345550537           0.0  0.48332707638819344
1.0646989345550537  1.0649274587631226           0.0  0.48332707638819344
1.0649274587631226  1.0651562213897705           0.0  0.4828233483252563
1.0651562213897705  1.065385103225708           0.0  0.48257187783133687
1.065385103225708  1.0656139850616455           0.0  0.48257187783133687
1.0656139850616455  1.0658429861068726           0.0  0.4823206691494882
1.0658429861068726  1.0660721063613892           0.0  0.4820697218710545
1.0660721063613892  1.0663013458251953           0.0  0.48181903558823025
1.0663013458251953  1.0665305852890015           0.0  0.48181903558823025
1.0665305852890015  1.0667600631713867           0.0  0.4813184443824243
1.0667600631713867  1.066989541053772           0.0  0.4813184443824243
1.066989541053772  1.0672191381454468           0.0  0.4810685386480617
1.0672191381454468  1.0674488544464111           0.0  0.4808188922865422
1.0674488544464111  1.067678689956665           0.0  0.4805695048942774
1.067678689956665  1.067908525466919           0.0  0.4805695048942774
1.067908525466919  1.068138599395752           0.0  0.4800715054073403
1.068138599395752  1.068368673324585           0.0  0.4800715054073403
1.068368673324585  1.0685988664627075           0.0  0.4798228925096669
1.0685988664627075  1.0688291788101196           0.0  0.4795745369752416
1.0688291788101196  1.0690596103668213           0.0  0.4793264384046388
1.0690596103668213  1.069290041923523           0.0  0.4793264384046388
1.069290041923523  1.0695207118988037           0.0  0.4788310105613265
1.0695207118988037  1.0697513818740845           0.0  0.4788310105613265
1.0697513818740845  1.0699821710586548           0.0  0.4785836804938878
1.0699821710586548  1.0702130794525146           0.0  0.4783366058008089
1.0702130794525146  1.070444107055664           0.0  0.4780897860867734
1.070444107055664  1.0706751346588135           0.0  0.4780897860867734
1.0706751346588135  1.070906400680542           0.0  0.4775969100186427
1.070906400680542  1.0711376667022705           0.0  0.4775969100186427
1.0711376667022705  1.0713690519332886           0.0  0.4773508528779839
1.0713690519332886  1.0716005563735962           0.0  0.47710504914323726
1.0716005563735962  1.0718321800231934           0.0  0.47685949842314296
1.0718321800231934  1.0720638036727905           0.0  0.47685949842314296
1.0720638036727905  1.0722956657409668           0.0  0.4763691544658955
1.0722956657409668  1.072527527809143           0.0  0.4763691544658955
1.072527527809143  1.0727595090866089           0.0  0.47612436045023987
1.0727595090866089  1.0729916095733643           0.0  0.4758798178922274
1.0729916095733643  1.0732238292694092           0.0  0.47563552640460305
1.0732238292694092  1.0734561681747437           0.0  0.4753914856009065
1.0734561681747437  1.0736885070800781           0.0  0.4753914856009065
1.0736885070800781  1.0739210844039917           0.0  0.4749041545034171
1.0739210844039917  1.0741536617279053           0.0  0.4749041545034171
1.0741536617279053  1.0743863582611084           0.0  0.4746608634406592
1.0743863582611084  1.074619174003601           0.0  0.4744178215238949
1.074619174003601  1.0748521089553833  0.4741750283706074  0.4741750283706074
1.0748521089553833  1.0750850439071655           0.0  0.4741750283706074
1.0750850439071655  1.0753182172775269           0.0  0.4736901868283061
1.0753182172775269  1.0755513906478882           0.0  0.4736901868283061
1.0755513906478882  1.075784683227539           0.0  0.4734481376781639
1.075784683227539  1.0760180950164795           0.0  0.4732063357692374
1.0760180950164795  1.0762516260147095  0.4729647807229029  0.4729647807229029
1.0762516260147095  1.076485276222229           0.0  0.47272347216130955
1.076485276222229  1.0767189264297485           0.0  0.47272347216130955
1.0767189264297485  1.0769526958465576           0.0  0.47248240970737726
1.0769526958465576  1.0771867036819458           0.0  0.47200102161801666
1.0771867036819458  1.077420711517334           0.0  0.47200102161801666
1.077420711517334  1.0776548385620117           0.0  0.4717606952322641
1.0776548385620117  1.077889084815979           0.0  0.47152061345352
1.077889084815979  1.0781233310699463           0.0  0.47152061345352
1.0781233310699463  1.0783578157424927           0.0  0.47104118222479247
1.0783578157424927  1.078592300415039           0.0  0.47104118222479247
1.078592300415039  1.078826904296875           0.0  0.4708018320305725
1.078826904296875  1.0790616273880005           0.0  0.47056272495488405
1.0790616273880005  1.0792964696884155           0.0  0.4703238606274958
1.0792964696884155  1.0795314311981201           0.0  0.4700852386789278
1.0795314311981201  1.0797665119171143  0.4698468587404497  0.4698468587404497
1.0797665119171143  1.0800015926361084           0.0  0.4698468587404497
1.0800015926361084  1.0802369117736816           0.0  0.46937082342257685
1.0802369117736816  1.0804722309112549           0.0  0.46937082342257685
1.0804722309112549  1.0807076692581177           0.0  0.4691331673094516
1.0807076692581177  1.08094322681427           0.0  0.46889575173895087
1.08094322681427  1.081178903579712           0.0  0.46865857634606317
1.081178903579712  1.0814145803451538           0.0  0.46865857634606317
1.0814145803451538  1.0816504955291748           0.0  0.4681849446367695
1.0816504955291748  1.0818864107131958           0.0  0.4681849446367695
1.0818864107131958  1.0821224451065063           0.0  0.4679484875940237
1.0821224451065063  1.082358717918396           0.0  0.46747628932198126
1.082358717918396  1.0825949907302856           0.0  0.46747628932198126
1.0825949907302856  1.0828312635421753           0.0  0.46747628932198126
1.0828312635421753  1.083067774772644           0.0  0.4670050430625841
1.083067774772644  1.0833044052124023           0.0  0.4667697760383712
1.0833044052124023  1.0835410356521606           0.0  0.4667697760383712
1.0835410356521606  1.083777904510498           0.0  0.4662999524087403
1.083777904510498  1.0840147733688354           0.0  0.4662999524087403
1.0840147733688354  1.0842517614364624           0.0  0.46606539508861516
1.0842517614364624  1.084488868713379           0.0  0.46583107362301
1.084488868713379  1.0847259759902954           0.0  0.46583107362301
1.0847259759902954  1.084963321685791           0.0  0.46536313683383573
1.084963321685791  1.0852007865905762           0.0  0.4651295208012886
1.0852007865905762  1.0854382514953613           0.0  0.4651295208012886
1.0854382514953613  1.085675835609436           0.0  0.464896139205302
1.085675835609436  1.0859136581420898           0.0  0.4644300779128656
1.0859136581420898  1.0861514806747437           0.0  0.4644300779128656
1.0861514806747437  1.0863893032073975           0.0  0.4644300779128656
1.0863893032073975  1.0866273641586304           0.0  0.4639649501432984
1.0866273641586304  1.0868655443191528           0.0  0.463732735453537
1.0868655443191528  1.0871037244796753           0.0  0.463732735453537
1.0871037244796753  1.0873421430587769           0.0  0.46326900271808347
1.0873421430587769  1.0875805616378784  -0.057257963182978384  0.49106415912877893
1.0875805616378784  1.0878190994262695           0.0  0.4630374839760954
1.0878190994262695  1.0880577564239502           0.0  0.4628061965215619
1.0880577564239502  1.0882965326309204           0.0  0.4625751400080713
1.0882965326309204  1.0885354280471802           0.0  0.4623443140899036
1.0885354280471802  1.0887744426727295           0.0  0.46211371842202836
1.0887744426727295  1.0890134572982788           0.0  0.46211371842202836
1.0890134572982788  1.0892527103424072           0.0  0.4616532164604718
1.0892527103424072  1.0894919633865356  0.4616532164604718  0.4616532164604718
1.0894919633865356  1.0897313356399536           0.0  0.4614233094801628
1.0897313356399536  1.0899708271026611           0.0  0.46119363137688746
1.0899708271026611  1.0902104377746582           0.0  0.46096418180903825
1.0902104377746582  1.0904501676559448           0.0  0.4607349604356872
1.0904501676559448  1.090690016746521           0.0  0.4605059669165839
1.090690016746521  1.0909298658370972  0.4605059669165839  0.4605059669165839
1.0909298658370972  1.0911699533462524           0.0  0.4600486620834989
1.0911699533462524  1.0914100408554077           0.0  0.4600486620834989
1.0914100408554077  1.091650366783142           0.0  0.4595922646012732
1.091650366783142  1.0918906927108765           0.0  0.4595922646012732
1.0918906927108765  1.0921311378479004           0.0  0.4593644052732607
1.0921311378479004  1.0923717021942139           0.0  0.45913677177213424
1.0923717021942139  1.092612385749817           0.0  0.4589093637623412
1.092612385749817  1.09285306930542           0.0  0.4589093637623412
1.09285306930542  1.093093991279602           0.0  0.45845522287786583
1.093093991279602  1.0933349132537842           0.0  0.45845522287786583
1.0933349132537842  1.0935760736465454           0.0  0.4580019799486737
1.0935760736465454  1.0938172340393066           0.0  0.4580019799486737
1.0938172340393066  1.0940585136413574           0.0  0.45777569438545795
1.0940585136413574  1.0942999124526978           0.0  0.45754963231415646
1.0942999124526978  1.0945414304733276           0.0  0.4573237934038336
1.0945414304733276  1.094783067703247           0.0  0.45709817732420666
1.094783067703247  1.095024824142456           0.0  0.4568727837456444
1.095024824142456  1.0952666997909546           0.0  0.4566476123391655
1.0952666997909546  1.0955085754394531  0.4566476123391655  0.4566476123391655
1.0955085754394531  1.0957506895065308           0.0  0.45619793472977194
1.0957506895065308  1.0959928035736084  0.45619793472977194  0.45619793472977194
1.0959928035736084  1.0962350368499756  0.45597342787212936  0.45597342787212936
1.0962350368499756  1.0964773893356323           0.0  0.4557491418771111
1.0964773893356323  1.0967198610305786           0.0  0.45552507641896106
1.0967198610305786  1.0969624519348145           0.0  0.45530123117256355
1.0969624519348145  1.0972051620483398  0.4550776058134415  0.4550776058134415
1.0972051620483398  1.0974479913711548           0.0  0.45485420001775495
1.0974479913711548  1.0976909399032593           0.0  0.4546310134622997
1.0976909399032593  1.0979338884353638           0.0  0.4546310134622997
1.0979338884353638  1.0981770753860474           0.0  0.45418529678243474
1.0981770753860474  1.098420262336731           0.0  0.45418529678243474
1.098420262336731  1.098663568496704           0.0  0.4539627660147804
1.098663568496704  1.0989069938659668           0.0  0.45374045320086526
1.0989069938659668  1.099150538444519           0.0  0.45351835802063967
1.099150538444519  1.0993942022323608           0.0  0.45329648015468044
1.0993942022323608  1.0996379852294922           0.0  0.4530748192841892
1.0996379852294922  1.099881887435913           0.0  0.4528533750909906
1.099881887435913  1.1001259088516235           0.0  0.4526321472575314
1.1001259088516235  1.100369930267334           0.0  0.4526321472575314
1.100369930267334  1.1006141901016235           0.0  0.45219033940271686
1.1006141901016235  1.100858449935913           0.0  0.45219033940271686
1.100858449935913  1.1011029481887817           0.0  0.4517493931916952
1.1011029481887817  1.1013474464416504           0.0  0.4517493931916952
1.1013474464416504  1.1015920639038086           0.0  0.45152924241528597
1.1015920639038086  1.1018368005752563           0.0  0.45130930610626735
1.1018368005752563  1.1020816564559937           0.0  0.4510895839513957
1.1020816564559937  1.1023266315460205           0.0  0.4508700756380374
1.1023266315460205  1.102571725845337           0.0  0.45065078085416677
1.102571725845337  1.1028168201446533           0.0  0.45065078085416677
1.1028168201446533  1.1030621528625488           0.0  0.45021283062981865
1.1030621528625488  1.1033076047897339           0.0  0.44999417456831803
1.1033076047897339  1.103553056716919           0.0  0.44999417456831803
1.103553056716919  1.1037986278533936           0.0  0.44977573079425576
1.1037986278533936  1.1040444374084473           0.0  0.4493394788730198
1.1040444374084473  1.104290246963501           0.0  0.4493394788730198
1.104290246963501  1.1045361757278442           0.0  0.44912167010963006
1.1045361757278442  1.104782223701477           0.0  0.44890407240124364
1.104782223701477  1.1050283908843994           0.0  0.448686685441243
1.1050283908843994  1.1052746772766113           0.0  0.44846950892360443
1.1052746772766113  1.1055210828781128           0.0  0.44825254254289637
1.1055210828781128  1.1057674884796143           0.0  0.44825254254289637
1.1057674884796143  1.1060141324996948           0.0  0.44781923897349774
1.1060141324996948  1.106260895729065           0.0  0.44760290117689217
1.106260895729065  1.106507658958435           0.0  0.44760290117689217
1.106507658958435  1.1067546606063843           0.0  0.44717085204448204
1.1067546606063843  1.1070016622543335           0.0  0.44717085204448204
1.1070016622543335  1.1072487831115723           0.0  0.4469551401042773
1.1072487831115723  1.1074960231781006           0.0  0.44673963617944396
1.1074960231781006  1.107743501663208           0.0  0.44630925117349074
1.107743501663208  1.1079909801483154           0.0  0.44630925117349074
1.1079909801483154  1.1082385778427124  0.4460943694926176  0.4460943694926176
1.1082385778427124  1.108486294746399           0.0  0.44587969462760674
1.108486294746399  1.1087340116500854           0.0  0.44587969462760674
1.1087340116500854  1.108981966972351           0.0  0.44545096415200325
1.108981966972351  1.1092300415039062           0.0  0.44523690794625986
1.1092300415039062  1.1094781160354614           0.0  0.44523690794625986
1.1094781160354614  1.1097264289855957  0.4448094121152985  0.4448094121152985
1.1097264289855957  1.1099748611450195           0.0  0.4445959718983526
1.1099748611450195  1.1102232933044434           0.0  0.4445959718983526
1.1102232933044434  1.1104718446731567           0.0  0.44438273642022386
1.1104718446731567  1.1107206344604492  0.44395687850319443  0.44395687850319443
1.1107206344604492  1.1109694242477417           0.0  0.44395687850319443
1.1109694242477417  1.1112183332443237           0.0  0.4437442554770914
1.1112183332443237  1.1114673614501953           0.0  0.4435318360153982
1.1114673614501953  1.1117165088653564           0.0  0.4433196198259171
1.1117165088653564  1.1119657754898071           0.0  0.4431076066170095
1.1119657754898071  1.1122151613235474           0.0  0.44289579609759405
1.1122151613235474  1.1124646663665771           0.0  0.4426841879771461
1.1124646663665771  1.1127142906188965           0.0  0.44247278196569567
1.1127142906188965  1.1129639148712158           0.0  0.44247278196569567
1.1129639148712158  1.1132137775421143           0.0  0.442050575112675
1.1132137775421143  1.1134637594223022           0.0  0.4418397736939279
1.1134637594223022  1.1137137413024902           0.0  0.4418397736939279
1.1137137413024902  1.1139639616012573           0.0  0.44141877343314284
1.1139639616012573  1.1142141819000244  0.44141877343314284  0.44141877343314284
1.1142141819000244  1.1144646406173706           0.0  0.4409985746959385
1.1144646406173706  1.1147150993347168           0.0  0.4409985746959385
1.1147150993347168  1.1149656772613525           0.0  0.44078877518371395
1.1149656772613525  1.1152163743972778           0.0  0.44057917519551437
1.1152163743972778  1.1154673099517822           0.0  0.4401605726537609
1.1154673099517822  1.1157182455062866           0.0  0.4401605726537609
1.1157182455062866  1.1159693002700806  0.4399515695328427  0.4399515695328427
1.1159693002700806  1.116220474243164           0.0  0.4397427648012182
1.116220474243164  1.116471767425537           0.0  0.43953415817654967
1.116471767425537  1.1167231798171997           0.0  0.43932574937703495
1.1167231798171997  1.1169745922088623           0.0  0.43932574937703495
1.1169745922088623  1.117226243019104           0.0  0.43890952412892786
1.117226243019104  1.1174780130386353           0.0  0.43870170711939716
1.1174780130386353  1.117729902267456           0.0  0.4384940868131409
1.117729902267456  1.1179817914962769           0.0  0.4384940868131409
1.1179817914962769  1.1182339191436768           0.0  0.43807943519440506
1.1182339191436768  1.1184861660003662           0.0  0.4378724033252206
1.1184861660003662  1.1187384128570557           0.0  0.4378724033252206
1.1187384128570557  1.1189908981323242           0.0  0.43745892607939885
1.1189908981323242  1.1192433834075928           0.0  0.43745892607939885
1.1192433834075928  1.1194959878921509           0.0  0.43725248014920565
1.1194959878921509  1.119748830795288           0.0  0.43684017229427946
1.119748830795288  1.1200016736984253           0.0  0.43684017229427946
1.1200016736984253  1.120254635810852           0.0  0.43663430981911733
1.120254635810852  1.120507836341858           0.0  0.4362231664012085
1.120507836341858  1.1207610368728638           0.0  0.4362231664012085
1.1207610368728638  1.1210143566131592           0.0  0.43601788491113735
1.1210143566131592  1.1212677955627441           0.0  0.4358127965362968
1.1212677955627441  1.1215213537216187           0.0  0.4356079010043098
1.1215213537216187  1.1217750310897827           0.0  0.4354031980433115
1.1217750310897827  1.1220288276672363           0.0  0.43519868738194784
1.1220288276672363  1.1222827434539795           0.0  0.43499436874937414
1.1222827434539795  1.1225367784500122           0.0  0.4347902418752543
1.1225367784500122  1.1227909326553345           0.0  0.4345863064897593
1.1227909326553345  1.1230452060699463           0.0  0.4343825623235663
1.1230452060699463  1.123299479484558           0.0  0.4343825623235663
1.123299479484558  1.123553991317749           0.0  0.43397564657431703
1.123553991317749  1.1238086223602295           0.0  0.43377247445513434
1.1238086223602295  1.1240633726119995           0.0  0.4335694924829981
1.1240633726119995  1.1243181228637695           0.0  0.4335694924829981
1.1243181228637695  1.1245731115341187           0.0  0.4331640979131215
1.1245731115341187  1.1248282194137573           0.0  0.4329616847832556
1.1248282194137573  1.125083327293396           0.0  0.4329616847832556
1.125083327293396  1.1253386735916138           0.0  0.4325574255070807
1.1253386735916138  1.1255940198898315           0.0  0.4325574255070807
1.1255940198898315  1.1258496046066284  0.43215392044597334  0.43215392044597334
1.1258496046066284  1.1261051893234253           0.0  0.43215392044597334
1.1261051893234253  1.1263610124588013           0.0  0.4317511674912241
1.1263610124588013  1.1266168355941772           0.0  0.4317511674912241
1.1266168355941772  1.1268728971481323           0.0  0.43134916454197714
1.1268728971481323  1.1271289587020874           0.0  0.43134916454197714
1.1271289587020874  1.127385139465332           0.0  0.43114844366503813
1.127385139465332  1.1276415586471558           0.0  0.43074756180203017
1.1276415586471558  1.1278979778289795           0.0  0.43074756180203017
1.1278979778289795  1.1281545162200928  0.43054740029561656  0.43054740029561656
1.1281545162200928  1.1284112930297852  0.4301476348357321  0.4301476348357321
1.1284112930297852  1.1286680698394775           0.0  0.4301476348357321
1.1286680698394775  1.1289249658584595           0.0  0.4299480303648106
1.1289249658584595  1.129181981086731           0.0  0.42974861105573603
1.129181981086731  1.1294392347335815           0.0  0.42935032689349717
1.1294392347335815  1.1296964883804321           0.0  0.42935032689349717
1.1296964883804321  1.1299538612365723           0.0  0.42915146152671
1.1299538612365723  1.130211353302002           0.0  0.4289527802945217
1.130211353302002  1.1304689645767212           0.0  0.42875428294130813
1.1304689645767212  1.13072669506073           0.0  0.4285559692119181
1.13072669506073  1.1309845447540283           0.0  0.42835783885167217
1.1309845447540283  1.1312425136566162           0.0  0.42815989160636175
1.1312425136566162  1.1315007209777832           0.0  0.4277645454460604
1.1315007209777832  1.1317589282989502           0.0  0.4277645454460604
1.1317589282989502  1.1320172548294067           0.0  0.42756714602499624
1.1320172548294067  1.1322757005691528           0.0  0.427369928706719
1.1322757005691528  1.1325342655181885           0.0  0.4271728932393577
1.1325342655181885  1.1327929496765137           0.0  0.42697603937150547
1.1327929496765137  1.1330517530441284           0.0  0.42677936685221873
1.1330517530441284  1.1333106756210327           0.0  0.42658287543101603
1.1333106756210327  1.1335697174072266           0.0  0.42638656485787707
1.1335697174072266  1.13382887840271           0.0  0.42619043488324143
1.13382887840271  1.134088158607483           0.0  0.42599448525800776
1.134088158607483  1.1343475580215454           0.0  0.42579871573353256
1.1343475580215454  1.1346070766448975           0.0  0.42560312606162926
1.1346070766448975  1.134866714477539           0.0  0.42540771599456695
1.134866714477539  1.1351264715194702           0.0  0.42521248528506966
1.1351264715194702  1.135386347770691  0.42501743368631506  0.42501743368631506
1.135386347770691  1.1356463432312012           0.0  0.42482256095193344
1.1356463432312012  1.135906457901001           0.0  0.4246278668360068
1.135906457901001  1.1361666917800903           0.0  0.42443335109306773
1.1361666917800903  1.1364270448684692           0.0  0.4242390134780984
1.1364270448684692  1.1366875171661377  0.42404485374652945  0.42404485374652945
1.1366875171661377  1.1369481086730957           0.0  0.4238508716542392
1.1369481086730957  1.1372088193893433           0.0  0.4236570669575523
1.1372088193893433  1.1374696493148804           0.0  0.42346343941323894
1.1374696493148804  1.137730598449707  0.42326998877851385  0.42326998877851385
1.137730598449707  1.1379916667938232           0.0  0.4230767148110351
1.1379916667938232  1.138252854347229           0.0  0.42288361726890317
1.138252854347229  1.1385141611099243           0.0  0.42269069591066005
1.1385141611099243  1.1387755870819092           0.0  0.4224979504952881
1.1387755870819092  1.1390371322631836           0.0  0.42230538078220914
1.1390371322631836  1.1392987966537476           0.0  0.4221129865312833
1.1392987966537476  1.139560580253601           0.0  0.4219207675028082
1.139560580253601  1.1398224830627441           0.0  0.4217287234575179
1.1398224830627441  1.1400845050811768           0.0  0.4215368541565818
1.1400845050811768  1.140346646308899           0.0  0.4213451593616038
1.140346646308899  1.1406089067459106           0.0  0.42115363883462126
1.1406089067459106  1.140871286392212           0.0  0.42096229233810395
1.140871286392212  1.1411337852478027           0.0  0.4207711196349531
1.1411337852478027  1.141396403312683           0.0  0.4205801204885006
1.141396403312683  1.141659140586853  0.42038929466250763  0.42038929466250763
1.141659140586853  1.1419219970703125           0.0  0.4201986419211641
1.1419219970703125  1.142185091972351           0.0  0.4198178547513216
1.142185091972351  1.1424481868743896           0.0  0.4198178547513216
1.1424481868743896  1.1427114009857178           0.0  0.4196277198533364
1.1427114009857178  1.1429747343063354           0.0  0.41943775710102615
1.1429747343063354  1.1432381868362427           0.0  0.419247966260709
1.1432381868362427  1.143501877784729  0.8377377987668778  0.5923700783643507
1.143501877784729  1.1437655687332153           0.0  0.4188688993834389
1.1437655687332153  1.1440293788909912           0.0  0.41867962288123217
1.1440293788909912  1.1442933082580566  0.36676697338311204  0.44359905973692765
1.1442933082580566  1.1445574760437012  -0.051676862078500335  0.44319869957471014
1.1445574760437012  1.1448216438293457           0.0  0.4181128183376204
1.1448216438293457  1.1450860500335693           0.0  0.4177358004671627
1.1450860500335693  1.145350456237793           0.0  0.4177358004671627
1.145350456237793  1.1456149816513062           0.0  0.4175475463885384
1.1456149816513062  1.1458797454833984           0.0  0.4171715467970134
1.1458797454833984  1.1461445093154907           0.0  0.4171715467970134
1.1461445093154907  1.146409511566162           0.0  0.4167962237679563
1.146409511566162  1.1466745138168335           0.0  0.4167962237679563
1.1466745138168335  1.146939754486084           0.0  0.4164215754769289
1.146939754486084  1.1472049951553345           0.0  0.4164215754769289
1.1472049951553345  1.147470474243164  0.4160476001060471  0.4160476001060471
1.147470474243164  1.1477360725402832           0.0  0.41586086419935675
1.1477360725402832  1.1480016708374023           0.0  0.41586086419935675
1.1480016708374023  1.1482675075531006           0.0  0.41548789481442455
1.1482675075531006  1.1485334634780884           0.0  0.41530166088577625
1.1485334634780884  1.1487995386123657           0.0  0.41511559383340807
1.1487995386123657  1.149065613746643           0.0  0.41511559383340807
1.149065613746643  1.1493319272994995  -0.05126048628735754  0.4396277163194081
1.1493319272994995  1.1495983600616455           0.0  0.41455839169403436
1.1495983600616455  1.149864912033081           0.0  0.41437298990884025
1.149864912033081  1.1501315832138062  0.4141877538829534  0.4141877538829534
1.1501315832138062  1.1503983736038208           0.0  0.4140026833941764
1.1503983736038208  1.150665283203125           0.0  0.4138177782207087
1.150665283203125  1.1509323120117188           0.0  0.4136330381411459
1.1509323120117188  1.151199460029602           0.0  0.4134484629344787
1.151199460029602  1.151466727256775           0.0  0.41326405238009223
1.151466727256775  1.1517342329025269           0.0  0.4128957243476679
1.1517342329025269  1.1520017385482788           0.0  0.4128957243476679
1.1520017385482788  1.1522693634033203           0.0  0.4127118064303638
1.1522693634033203  1.1525371074676514           0.0  0.4125280522868062
1.1525371074676514  1.1528050899505615           0.0  0.4121610344466934
1.1528050899505615  1.1530730724334717           0.0  0.4121610344466934
1.1530730724334717  1.153341293334961           0.0  0.41179466908274076
1.153341293334961  1.1536095142364502           0.0  0.41179466908274076
1.1536095142364502  1.1538779735565186           0.0  0.4114289544565572
1.1538779735565186  1.154146432876587           0.0  0.4114289544565572
1.154146432876587  1.1544151306152344  0.4110638888359214  0.4110638888359214
1.1544151306152344  1.1546839475631714           0.0  0.41088159886304515
1.1546839475631714  1.154952883720398           0.0  0.41069947049475475
1.154952883720398  1.1552218198776245           0.0  0.41069947049475475
1.1552218198776245  1.1554909944534302           0.0  0.41033569771309425
1.1554909944534302  1.1557602882385254           0.0  0.4101540528712558
1.1557602882385254  1.1560297012329102           0.0  0.40997256877706495
1.1560297012329102  1.1562992334365845           0.0  0.4097912452172343
1.1562992334365845  1.1565688848495483           0.0  0.40961008197885357
1.1565688848495483  1.1568386554718018           0.0  0.40942907884938873
1.1568386554718018  1.1571085453033447           0.0  0.40924823561668144
1.1571085453033447  1.1573786735534668           0.0  0.4088870279947779
1.1573786735534668  1.1576488018035889  0.4088870279947779  0.4088870279947779
1.1576488018035889  1.1579190492630005           0.0  0.40870666318313487
1.1579190492630005  1.1581895351409912           0.0  0.40834641050514187
1.1581895351409912  1.158460021018982           0.0  0.40834641050514187
1.158460021018982  1.1587307453155518  0.8159735847082051  0.5769804550162676
1.1587307453155518  1.1590014696121216           0.0  0.40798679235410257
1.1590014696121216  1.1592724323272705           0.0  0.40762780705506685
1.1592724323272705  1.159543514251709           0.0  0.40744855120323964
1.159543514251709  1.1598145961761475           0.0  0.40744855120323964
1.1598145961761475  1.160085916519165           0.0  0.4070905120545549
1.160085916519165  1.1603573560714722           0.0  0.4069117283426293
1.1603573560714722  1.1606289148330688           0.0  0.40673310159621023
1.1606289148330688  1.160900592803955           0.0  0.4065546316086735
1.160900592803955  1.1611723899841309           0.0  0.4063763181737574
1.1611723899841309  1.1614443063735962           0.0  0.406198161085562
1.1614443063735962  1.1617164611816406           0.0  0.405842315127537
1.1617164611816406  1.161988615989685           0.0  0.405842315127537
1.161988615989685  1.162260890007019           0.0  0.4056646258477088
1.162260890007019  1.1625334024429321           0.0  0.405309713664115
1.1625334024429321  1.1628059148788452           0.0  0.405309713664115
1.1628059148788452  1.1630786657333374           0.0  0.40495542195636663
1.1630786657333374  1.1633515357971191  0.404778508272681  0.404778508272681
1.1633515357971191  1.1636244058609009           0.0  0.404778508272681
1.1636244058609009  1.1638975143432617           0.0  0.40442514423228587
1.1638975143432617  1.164170742034912           0.0  0.404248693471277
1.164170742034912  1.164444088935852           0.0  0.40407239661411554
1.164444088935852  1.1647175550460815           0.0  0.40389625345953223
1.1647175550460815  1.1649911403656006           0.0  0.40372026380660864
1.1649911403656006  1.1652648448944092  0.8070888549095531  0.5706980023266306
1.1652648448944092  1.1655387878417969           0.0  0.40319321385385853
1.1655387878417969  1.1658127307891846           0.0  0.40319321385385853
1.1658127307891846  1.1660869121551514  0.402842611059203  0.402842611059203
1.1660869121551514  1.1663610935211182           0.0  0.402842611059203
1.1663610935211182  1.166635513305664           0.0  0.4024926174787867
1.166635513305664  1.16690993309021           0.0  0.4024926174787867
1.16690993309021  1.167184591293335           0.0  0.4021432315261141
1.167184591293335  1.1674593687057495           0.0  0.4019687659159075
1.1674593687057495  1.1677342653274536  0.8035889032403876  0.5682231627675385
1.1677342653274536  1.1680092811584473           0.0  0.401620288442205
1.1680092811584473  1.1682844161987305  0.8028925523710285  0.5677307683457296
1.1682844161987305  1.1685596704483032           0.0  0.401272414654035
1.1685596704483032  1.168835163116455           0.0  0.40092514298406184
1.168835163116455  1.169110655784607  -0.049552542780595746  0.4249798001979913
1.169110655784607  1.169386386871338           0.0  0.40057847187037043
1.169386386871338  1.1696621179580688           0.0  0.40057847187037043
1.1696621179580688  1.169938087463379           0.0  0.4002323997564436
1.169938087463379  1.1702141761779785  0.4000595878394503  0.4000595878394503
1.1702141761779785  1.1704902648925781           0.0  0.4000595878394503
1.1704902648925781  1.1707665920257568  0.39971441131844987  0.39971441131844987
1.1707665920257568  1.171043038368225           0.0  0.39954204632866186
1.171043038368225  1.171319603919983           0.0  0.39936982992938225
1.171319603919983  1.1715964078903198  0.39902584213443876  0.39902584213443876
1.1715964078903198  1.1718732118606567           0.0  0.39902584213443876
1.1718732118606567  1.1721501350402832           0.0  0.3988540703556465
1.1721501350402832  1.1724272966384888           0.0  0.39851097008007175
1.1724272966384888  1.1727045774459839           0.0  0.3983396412021354
1.1727045774459839  1.172981858253479           0.0  0.3983396412021354
1.172981858253479  1.1732593774795532           0.0  0.3979974250155356
1.1732593774795532  1.173537015914917           0.0  0.39782653732768003
1.173537015914917  1.1738147735595703           0.0  0.3976557963245351
1.1738147735595703  1.1740926504135132           0.0  0.3974852018173174
1.1740926504135132  1.1743706464767456           0.0  0.39731475361756724
1.1743706464767456  1.1746488809585571           0.0  0.3969742953882463
1.1746488809585571  1.1749271154403687           0.0  0.3969742953882463
1.1749271154403687  1.1752055883407593           0.0  0.3966344201353454
1.1752055883407593  1.17548406124115           0.0  0.3966344201353454
1.17548406124115  1.1757627725601196           0.0  0.39629512636277453
1.1757627725601196  1.176041603088379           0.0  0.3961256970654839
1.176041603088379  1.1763205528259277  0.3959564125795585  0.3959564125795585
1.1763205528259277  1.1765996217727661           0.0  0.395787272719422
1.1765996217727661  1.176878809928894           0.0  0.395618277299815
1.176878809928894  1.177158236503601           0.0  0.39528071904273326
1.177158236503601  1.177437663078308           0.0  0.39528071904273326
1.177437663078308  1.1777173280715942  0.3949437363325519  0.3949437363325519
1.1777173280715942  1.1779969930648804           0.0  0.3949437363325519
1.1779969930648804  1.1782768964767456           0.0  0.39460732769853785
1.1782768964767456  1.1785569190979004           0.0  0.394439338201859
1.1785569190979004  1.1788370609283447           0.0  0.3942714916749646
1.1788370609283447  1.1791173219680786  0.7882075758708352  0.5573469218808778
1.1791173219680786  1.179397702217102           0.0  0.39393622680109136
1.179397702217102  1.1796783208847046           0.0  0.39360153162114137
1.1796783208847046  1.1799589395523071           0.0  0.39360153162114137
1.1799589395523071  1.1802397966384888  0.39326740468428134  0.39326740468428134
1.1802397966384888  1.1805206537246704           0.0  0.39326740468428134
1.1805206537246704  1.1808017492294312  0.3929338445446  0.3929338445446
1.1808017492294312  1.1810829639434814           0.0  0.39276727657319493
1.1810829639434814  1.1813642978668213           0.0  0.3926008497610876
1.1813642978668213  1.1816457509994507           0.0  0.39243456392891435
1.1816457509994507  1.1819274425506592           0.0  0.39210241448843286
1.1819274425506592  1.1822091341018677           0.0  0.39210241448843286
1.1822091341018677  1.1824910640716553           0.0  0.39177082682290354
1.1824910640716553  1.1827731132507324           0.0  0.39160524321055235
1.1827731132507324  1.1830551624298096           0.0  0.39160524321055235
1.1830551624298096  1.1833374500274658           0.0  0.3912744955389218
1.1833374500274658  1.1836198568344116           0.0  0.3911093311254398
1.1836198568344116  1.1839025020599365           0.0  0.39077942025987633
1.1839025020599365  1.1841851472854614           0.0  0.39077942025987633
1.1841851472854614  1.1844680309295654           0.0  0.39045006550196665
1.1844680309295654  1.1847509145736694  -0.0482578703607066  0.4138762403108124
1.1847509145736694  1.1850340366363525           0.0  0.3901212654468071
1.1850340366363525  1.1853172779083252           0.0  0.3899570729950197
1.1853172779083252  1.1856006383895874           0.0  0.38979301869422245
1.1856006383895874  1.1858841180801392           0.0  0.389629102370129
1.1858841180801392  1.1861677169799805           0.0  0.38946532384874605
1.1861677169799805  1.1864515542984009           0.0  0.38913817951959967
1.1864515542984009  1.1867353916168213           0.0  0.38913817951959967
1.1867353916168213  1.1870194673538208           0.0  0.38881158432067425
1.1870194673538208  1.1873036623001099           0.0  0.3886484922131572
1.1873036623001099  1.1875879764556885  0.3884855368705102  0.3884855368705102
1.1875879764556885  1.1878724098205566  0.388322718120774  0.388322718120774
1.1878724098205566  1.188157081604004           0.0  0.3879974897136377
1.188157081604004  1.1884417533874512           0.0  0.3879974897136377
1.1884417533874512  1.1887266635894775  0.3876728056218271  0.3876728056218271
1.1887266635894775  1.189011573791504           0.0  0.3876728056218271
1.189011573791504  1.1892967224121094           0.0  0.3873486644800028
1.1892967224121094  1.1895819902420044           0.0  0.3871867970899151
1.1895819902420044  1.189867377281189           0.0  0.387025064927388
1.189867377281189  1.1901530027389526  0.3867020056077491  0.3867020056077491
1.1901530027389526  1.1904386281967163           0.0  0.3867020056077491
1.1904386281967163  1.190724492073059  0.3863794851693773  0.3863794851693773
1.190724492073059  1.1910104751586914           0.0  0.38621842660949013
1.1910104751586914  1.1912965774536133  0.38605750226506946  0.38605750226506946
1.1912965774536133  1.1915827989578247           0.0  0.38589671196841596
1.1915827989578247  1.1918691396713257           0.0  0.3857360555521094
1.1918691396713257  1.1921555995941162  0.38557553284900825  0.38557553284900825
1.1921555995941162  1.1924422979354858           0.0  0.38525488791524604
1.1924422979354858  1.192729115486145           0.0  0.38509476535169024
1.192729115486145  1.1930159330368042           0.0  0.38509476535169024
1.1930159330368042  1.1933029890060425  0.38477491920106593  0.38477491920106593
1.1933029890060425  1.1935902833938599           0.0  0.3844556039154219
1.1935902833938599  1.1938775777816772  0.3844556039154219  0.3844556039154219
1.1938775777816772  1.1941649913787842           0.0  0.38429614493412145
1.1941649913787842  1.1944526433944702           0.0  0.3839776234712668
1.1944526433944702  1.1947404146194458           0.0  0.38381856066121245
1.1947404146194458  1.195028305053711  0.38365962958019334  0.38365962958019334
1.195028305053711  1.1953163146972656           0.0  0.38350083006463864
1.1953163146972656  1.1956044435501099           0.0  0.3833421619512482
1.1956044435501099  1.1958928108215332           0.0  0.38302521927910993
1.1958928108215332  1.196181297302246           0.0  0.38286694439511026
1.196181297302246  1.196469783782959           0.0  0.38286694439511026
1.196469783782959  1.196758508682251           0.0  0.382550786720135
1.196758508682251  1.1970473527908325           0.0  0.3823929036055167
1.1970473527908325  1.1973364353179932  0.3820775280149142  0.3820775280149142
1.1973364353179932  1.1976255178451538  0.3820775280149142  0.3820775280149142
1.1976255178451538  1.1979148387908936           0.0  0.3817626722027882
1.1979148387908936  1.1982042789459229           0.0  0.38160543881225983
1.1982042789459229  1.1984938383102417           0.0  0.38144833488520663
1.1984938383102417  1.19878351688385           0.0  0.38129136026179705
1.19878351688385  1.199073314666748           0.0  0.38113451478246274
1.199073314666748  1.199363350868225           0.0  0.3808212106190575
1.199363350868225  1.1996535062789917           0.0  0.3806647516171598
1.1996535062789917  1.1999437808990479           0.0  0.3805084211236825
1.1999437808990479  1.2002341747283936           0.0  0.3803522189803641
1.2002341747283936  1.2005246877670288           0.0  0.3801961450292027
1.2005246877670288  1.2008153200149536           0.0  0.3800401991124557
1.2008153200149536  1.2011061906814575           0.0  0.3797286907525274
1.2011061906814575  1.201397180557251           0.0  0.37957312799515236
1.201397180557251  1.201688289642334           0.0  0.379417692643803
1.201688289642334  1.2019795179367065  0.37926238454202493  0.37926238454202493
1.2019795179367065  1.2022708654403687           0.0  0.3791072035336198
1.2022708654403687  1.2025624513626099           0.0  0.37879722217341244
1.2025624513626099  1.202854037284851           0.0  0.37879722217341244
1.202854037284851  1.2031458616256714           0.0  0.3784877473186956
1.2031458616256714  1.2034378051757812           0.0  0.3783331994431061
1.2034378051757812  1.2037299871444702           0.0  0.37802448202209993
1.2037299871444702  1.2040221691131592           0.0  0.37802448202209993
1.2040221691131592  1.2043145895004272           0.0  0.37771626801311325
1.2043145895004272  1.2046071290969849           0.0  0.377562349403491
1.2046071290969849  1.204899787902832  0.3774085561858114  0.3774085561858114
1.204899787902832  1.2051925659179688  0.37725488820690833  0.37725488820690833
1.2051925659179688  1.205485463142395  0.37710134531386524  0.37710134531386524
1.205485463142395  1.2057785987854004  0.3767946341749357  0.3767946341749357
1.2057785987854004  1.2060718536376953           0.0  0.37664146562445805
1.2060718536376953  1.2063652276992798  0.376488421550657  0.376488421550657
1.2063652276992798  1.2066587209701538           0.0  0.37633550180185493
1.2066587209701538  1.206952452659607           0.0  0.376030034673769
1.206952452659607  1.20724618434906           0.0  0.376030034673769
1.20724618434906  1.2075401544570923           0.0  0.37572506303169784
1.2075401544570923  1.207834243774414           0.0  0.3755727626413323
1.207834243774414  1.2081284523010254  0.37542058567105624  0.37542058567105624
1.2081284523010254  1.2084228992462158           0.0  0.37511660139116065
1.2084228992462158  1.2087173461914062           0.0  0.37511660139116065
1.2087173461914062  1.2090120315551758           0.0  0.37481310899521314
1.2090120315551758  1.2093068361282349  0.37466154688077913  0.37466154688077913
1.2093068361282349  1.2096017599105835           0.0  0.3745101072902857
1.2096017599105835  1.2098969221115112           0.0  0.3742075950873049
1.2098969221115112  1.2101922035217285           0.0  0.37405652217850904
1.2101922035217285  1.2104874849319458           0.0  0.37405652217850904
1.2104874849319458  1.2107830047607422           0.0  0.3737547420073283
1.2107830047607422  1.2110787630081177           0.0  0.37345344838217126
1.2110787630081177  1.2113745212554932  0.37345344838217126  0.37345344838217126
1.2113745212554932  1.2116705179214478           0.0  0.37315264012733257
1.2116705179214478  1.211966633796692           0.0  0.37300241764741016
1.211966633796692  1.2122628688812256           0.0  0.3728523160708921
1.2122628688812256  1.2125592231750488  0.37270233525187724  0.37270233525187724
1.2125592231750488  1.2128558158874512           0.0  0.3724027353039256
1.2128558158874512  1.213152527809143           0.0  0.3722531158843579
1.213152527809143  1.2134493589401245  0.37210361664103087  0.37210361664103087
1.2134493589401245  1.2137463092803955           0.0  0.3719542374292119
1.2137463092803955  1.214043378829956           0.0  0.37180497810440083
1.214043378829956  1.2143406867980957  0.3715068185389602  0.3715068185389602
1.2143406867980957  1.214638113975525           0.0  0.37135791801048773
1.214638113975525  1.2149356603622437           0.0  0.37120913679333606
1.2149356603622437  1.215233325958252           0.0  0.3710604747441597
1.215233325958252  1.2155312299728394           0.0  0.3707635075774977
1.2155312299728394  1.2158292531967163           0.0  0.37061520217446675
1.2158292531967163  1.2161273956298828           0.0  0.3704670153683194
1.2161273956298828  1.2164256572723389  0.37031894701685325  0.37031894701685325
1.2164256572723389  1.216724157333374           0.0  0.37002316511029026
1.216724157333374  1.2170226573944092           0.0  0.37002316511029026
1.2170226573944092  1.2173213958740234           0.0  0.36972785532169467
1.2173213958740234  1.2176202535629272           0.0  0.3695803771185348
1.2176202535629272  1.2179193496704102           0.0  0.3692857733902618
1.2179193496704102  1.218218445777893           0.0  0.3692857733902618
1.218218445777893  1.218517780303955  0.3689916389630294  0.3689916389630294
1.218517780303955  1.2188172340393066           0.0  0.36884474738700906
1.2188172340393066  1.2191169261932373           0.0  0.3685513148115222
1.2191169261932373  1.219416618347168           0.0  0.3685513148115222
1.219416618347168  1.2197165489196777           0.0  0.3682583487425146
1.2197165489196777  1.220016598701477           0.0  0.3681120403004238
1.220016598701477  1.220316767692566           0.0  0.3679658480683744
1.220316767692566  1.2206171751022339           0.0  0.3676738116810186
1.2206171751022339  1.2209175825119019           0.0  0.3676738116810186
1.2209175825119019  1.221218228340149           0.0  0.367382238475879
1.221218228340149  1.221519112586975  0.3670911273518886  0.3670911273518886
1.221519112586975  1.2218199968338013           0.0  0.3670911273518886
1.2218199968338013  1.2221211194992065           0.0  0.36680047721146747
1.2221211194992065  1.2224223613739014           0.0  0.3666553246680518
1.2224223613739014  1.2227237224578857           0.0  0.366510286960509
1.2227237224578857  1.2230252027511597           0.0  0.3663653639526164
1.2230252027511597  1.2233269214630127           0.0  0.36607586149196636
1.2233269214630127  1.2236287593841553           0.0  0.3659312817678384
1.2236287593841553  1.2239307165145874           0.0  0.36578681620061854
1.2239307165145874  1.2242329120635986           0.0  0.3654982269965155
1.2242329120635986  1.2245352268218994  0.3653541030899711  0.3653541030899711
1.2245352268218994  1.2248375415802002  0.3653541030899711  0.3653541030899711
1.2248375415802002  1.2251402139663696           0.0  0.3649224125388605
1.2251402139663696  1.225442886352539           0.0  0.3649224125388605
1.225442886352539  1.2257457971572876           0.0  0.3646351851382002
1.2257457971572876  1.2260488271713257           0.0  0.3644917409268949
1.2260488271713257  1.2263519763946533           0.0  0.3643484095305414
1.2263519763946533  1.22665536403656           0.0  0.3640620846507531
1.22665536403656  1.2269587516784668           0.0  0.3640620846507531
1.2269587516784668  1.2272623777389526           0.0  0.3637762094370502
1.2272623777389526  1.2275662422180176           0.0  0.3634907828309795
1.2275662422180176  1.2278701066970825  0.3634907828309795  0.3634907828309795
1.2278701066970825  1.2281742095947266  0.3632058037774076  0.3632058037774076
1.2281742095947266  1.2284784317016602           0.0  0.36306348175398384
1.2284784317016602  1.2287827730178833  0.3629212712245072  0.3629212712245072
1.2287827730178833  1.2290873527526855  0.36263718412374435  0.36263718412374435
1.2290873527526855  1.2293920516967773           0.0  0.36249530729114504
1.2293920516967773  1.2296968698501587           0.0  0.36235354142986576
1.2296968698501587  1.2300018072128296           0.0  0.36221188640976026
1.2300018072128296  1.2303069829940796           0.0  0.3619289083735027
1.2303069829940796  1.2306122779846191           0.0  0.36178758509807374
1.2306122779846191  1.2309176921844482           0.0  0.3616463721452642
1.2309176921844482  1.2312233448028564  0.3613642766911727  0.3613642766911727
1.2312233448028564  1.2315289974212646  0.3613642766911727  0.3613642766911727
1.2315289974212646  1.231834888458252           0.0  0.36108262098057947
1.231834888458252  1.2321410179138184           0.0  0.3608014039860463
1.2321410179138184  1.2324471473693848           0.0  0.3608014039860463
1.2324471473693848  1.2327535152435303           0.0  0.3605206246833334
1.2327535152435303  1.2330600023269653           0.0  0.36038039884720613
1.2330600023269653  1.2333667278289795           0.0  0.3601002741687396
1.2333667278289795  1.2336734533309937           0.0  0.3601002741687396
1.2336734533309937  1.233980417251587           0.0  0.3598205846354046
1.233980417251587  1.2342876195907593           0.0  0.3595413292340578
1.2342876195907593  1.2345948219299316           0.0  0.3595413292340578
1.2345948219299316  1.234902262687683           0.0  0.3592625069546983
1.234902262687683  1.2352098226547241           0.0  0.3591232579209949
1.2352098226547241  1.2355175018310547           0.0  0.358984116790456
1.2355175018310547  1.2358254194259644           0.0  0.35870615773757913
1.2358254194259644  1.2361334562301636  0.3585673395650801  0.3585673395650801
1.2361334562301636  1.2364416122436523  0.35842862879542237  0.35842862879542237
1.2364416122436523  1.2367500066757202  0.3581515289664348  0.3581515289664348
1.2367500066757202  1.2370585203170776           0.0  0.35801313965848797
1.2370585203170776  1.2373671531677246           0.0  0.35787485725614787
1.2373671531677246  1.2376759052276611           0.0  0.35773668163558564
1.2376759052276611  1.2379848957061768           0.0  0.3574606502454348
1.2379848957061768  1.238294005393982  0.7146455884582853  0.5053307417439042
1.238294005393982  1.2386032342910767           0.0  0.35718504450122085
1.2386032342910767  1.2389127016067505  0.3569098634191706  0.3569098634191706
1.2389127016067505  1.2392222881317139  0.3567724318198563  0.3567724318198563
1.2392222881317139  1.2395319938659668           0.0  0.35663510601854
1.2395319938659668  1.2398418188095093           0.0  0.3564978858931
1.2398418188095093  1.2401518821716309  0.35622376218230173  0.35622376218230173
1.2401518821716309  1.240462064743042           0.0  0.3560868583536383
1.240462064743042  1.2407724857330322           0.0  0.3558133661429212
1.2407724857330322  1.2410829067230225           0.0  0.3558133661429212
1.2410829067230225  1.2413935661315918           0.0  0.3555402937207087
1.2413935661315918  1.2417044639587402           0.0  0.35526764012122963
1.2417044639587402  1.2420153617858887           0.0  0.35526764012122963
1.2420153617858887  1.2423264980316162  0.35499540438167315  0.35499540438167315
1.2423264980316162  1.2426377534866333           0.0  0.3548594429092941
1.2426377534866333  1.2429492473602295           0.0  0.35458783216079864
1.2429492473602295  1.2432608604431152  0.35445218264581746  0.35445218264581746
1.2432608604431152  1.2435725927352905           0.0  0.3543166368780753
1.2435725927352905  1.2438844442367554           0.0  0.3541811947385959
1.2438844442367554  1.2441965341567993  1.061731862608289  0.6129911766840983
1.2441965341567993  1.2445087432861328           0.0  0.3537754889026983
1.2445087432861328  1.2448211908340454           0.0  0.3535055343136844
1.2448211908340454  1.245133638381958           0.0  0.3535055343136844
1.245133638381958  1.2454463243484497           0.0  0.3532359913976999
1.2454463243484497  1.2457592487335205           0.0  0.35296685921377785
1.2457592487335205  1.2460721731185913  0.35296685921377785  0.35296685921377785
1.2460721731185913  1.2463853359222412           0.0  0.35269813682381684
1.2463853359222412  1.2466987371444702           0.0  0.3524298232925701
1.2466987371444702  1.2470121383666992           0.0  0.3524298232925701
1.2470121383666992  1.2473257780075073           0.0  0.35216191768763466
1.2473257780075073  1.2476396560668945           0.0  0.3518944190794405
1.2476396560668945  1.2479535341262817           0.0  0.3518944190794405
1.2479535341262817  1.248267650604248           0.0  0.3516273265412398
1.248267650604248  1.248581886291504           0.0  0.35149393225954734
1.248581886291504  1.2488963603973389  0.351227447094832  0.351227447094832
1.2488963603973389  1.2492109537124634           0.0  0.3510943559818745
1.2492109537124634  1.2495256662368774           0.0  0.3509613656955177
1.2495256662368774  1.2498406171798706           0.0  0.3506956871446506
1.2498406171798706  1.2501556873321533  0.35056299865159546  0.35056299865159546
1.2501556873321533  1.2504708766937256           0.0  0.350430410528051
1.2504708766937256  1.2507861852645874           0.0  0.3502979226601765
1.2507861852645874  1.2511017322540283           0.0  0.35003324723693496
1.2511017322540283  1.2514175176620483           0.0  0.34976897147458164
1.2514175176620483  1.2517333030700684  0.34976897147458164  0.34976897147458164
1.2517333030700684  1.2520493268966675  0.34950509446856537  0.34950509446856537
1.2520493268966675  1.2523654699325562  0.34937330521725746  0.34937330521725746
1.2523654699325562  1.252681851387024           0.0  0.34911002465567703
1.252681851387024  1.2529983520507812           0.0  0.34897853312096677
1.2529983520507812  1.2533149719238281           0.0  0.34884714060096644
1.2533149719238281  1.253631830215454           0.0  0.3485846521580763
1.253631830215454  1.2539488077163696  0.3484535560120973  0.3484535560120973
1.2539488077163696  1.2542659044265747  0.34832255843464915  0.34832255843464915
1.2542659044265747  1.2545832395553589           0.0  0.3480608585410093
1.2545832395553589  1.2549006938934326           0.0  0.34793015600306676
1.2549006938934326  1.255218267440796           0.0  0.3477995515901527
1.255218267440796  1.2555360794067383           0.0  0.347538636697737
1.2555360794067383  1.2558540105819702           0.0  0.34740832599781285
1.2558540105819702  1.2561720609664917           0.0  0.3472781129820715
1.2561720609664917  1.2564903497695923           0.0  0.3470179795641074
1.2564903497695923  1.2568087577819824           0.0  0.3468880589427805
1.2568087577819824  1.2571274042129517           0.0  0.3466285093289064
1.2571274042129517  1.257446050643921           0.0  0.3466285093289064
1.257446050643921  1.2577650547027588           0.0  0.3462399123453538
1.2577650547027588  1.2580840587615967  0.3462399123453538  0.3462399123453538
1.2580840587615967  1.2584033012390137           0.0  0.3459813313801967
1.2584033012390137  1.2587226629257202           0.0  0.3458521856797935
1.2587226629257202  1.2590422630310059           0.0  0.34559418330330727
1.2590422630310059  1.259361982345581  0.3454653264116953  0.3454653264116953
1.259361982345581  1.2596818208694458           0.0  0.3453365655744192
1.2596818208694458  1.2600018978118896           0.0  0.3450793316335817
1.2600018978118896  1.260322093963623           0.0  0.3449508583157732
1.260322093963623  1.260642409324646  0.34482248062380605  0.34482248062380605
1.260642409324646  1.260962963104248  0.30197920381934173  0.36523924070567415
1.260962963104248  1.2612836360931396  0.3444379202364932  0.3444379202364932
1.2612836360931396  1.2616045475006104           0.0  0.34418202282175586
1.2616045475006104  1.2619255781173706  0.34405421664915214  0.34405421664915214
1.2619255781173706  1.2622467279434204           0.0  0.3439265053586365
1.2622467279434204  1.2625681161880493           0.0  0.34367136700154555
1.2625681161880493  1.2628896236419678           0.0  0.3435439397241998
1.2628896236419678  1.2632112503051758           0.0  0.34341660690740056
1.2632112503051758  1.263533115386963           0.0  0.3431622242356173
1.263533115386963  1.2638550996780393           0.0  0.34303517417134605
1.2638550996780393  1.2641773223876953           0.0  0.3427813560619787
1.2641773223876953  1.264499545097351           0.0  0.3427813560622149
1.264499545097351  1.2648221254348755           0.0  0.34240133238587095
1.2648221254348755  1.2651447057724           0.0  0.34240133238587095
1.2651447057724  1.2654675245285034           0.0  0.342148451047329
1.2654675245285034  1.265790581703186           0.0  0.34189594296537523
1.265790581703186  1.2661137580871582           0.0  0.34176982863746475
1.2661137580871582  1.26643705368042           0.0  0.34164380731422084
1.26643705368042  1.2667604684829712           0.0  0.34151787889280016
1.2667604684829712  1.2670841217041016  0.34126630034481287  0.34126630034481287
1.2670841217041016  1.267408013343811           0.0  0.34101509217378245
1.267408013343811  1.2677319049835205           0.0  0.34101509217378245
1.2677319049835205  1.2680561542510986           0.0  0.34063897258682607
1.2680561542510986  1.2683804035186768  0.34063897258682607  0.34063897258682607
1.2683804035186768  1.268704891204834           0.0  0.34038868678771744
1.268704891204834  1.2690294981002808           0.0  0.34026368176135396
1.2690294981002808  1.2693543434143066           0.0  0.34001394694905207
1.2693543434143066  1.269679307937622           0.0  0.3398892169611764
1.269679307937622  1.2700045108795166  0.339640031318243  0.339640031318243
1.2700045108795166  1.2703297138214111           0.0  0.339640031318243
1.2703297138214111  1.270655274391174           0.0  0.3392669371793478
1.270655274391174  1.2709808349609375           0.0  0.339266937178885
1.2709808349609375  1.2713067531585693  0.33889466182742023  0.33889466182742023
1.2713067531585693  1.2716326713562014  0.3388946618271893  0.3388946618271893
1.2716326713562014  1.271958827972412           0.0  0.33864693181169503
1.271958827972412  1.2722851037979126           0.0  0.3385232025707588
1.2722851037979126  1.2726116180419922           0.0  0.3382760151282099
1.2726116180419922  1.2729382514953613           0.0  0.33815255672852806
1.2729382514953613  1.2732651233673096  0.33790591007883547  0.33790591007883547
1.2732651233673096  1.2735919952392578           0.0  0.33790591007883547
1.2735919952392578  1.2739192247390747  0.6750732280044932  0.4773488573194695
1.2739192247390747  1.2742464542388916           0.0  0.3375366140022466
1.2742464542388916  1.2745740413665771           0.0  0.337168124248969
1.2745740413665771  1.2749016284942627           0.0  0.337168124248969
1.2749016284942627  1.2752294540405273           0.0  0.33692291106769706
1.2752294540405273  1.275557518005371           0.0  0.3366780543009327
1.275557518005371  1.2758855819702148           0.0  0.3366780543009327
1.2758855819702148  1.2762140035629272           0.0  0.3363114357300061
1.2762140035629272  1.2765424251556396           0.0  0.3363114357300061
1.2765424251556396  1.2768710851669312           0.0  0.33606746660724224
1.2768710851669312  1.2771999835968018           0.0  0.3358238511910717
1.2771999835968018  1.277529001235962           0.0  0.33570217588266915
1.277529001235962  1.2778581380844116           0.0  0.33558058871284563
1.2778581380844116  1.2781875133514404           0.0  0.33533767840614076
1.2781875133514404  1.2785170078277588           0.0  0.33521635507820796
1.2785170078277588  1.2788466215133667           0.0  0.33509511950675114
1.2788466215133667  1.2791765928268433           0.0  0.33473193838011805
1.2791765928268433  1.2795065641403198  0.33473193838011805  0.33473193838011805
1.2795065641403198  1.2798367738723755           0.0  0.33449025467009635
1.2798367738723755  1.2801671028137207           0.0  0.33436954364351024
1.2801671028137207  1.280497670173645           0.0  0.33412838277539375
1.280497670173645  1.2808283567428589           0.0  0.334007932745554
1.2808283567428589  1.2811592817306519           0.0  0.33376729302455577
1.2811592817306519  1.2814903259277344  0.3336471031459009  0.3336471031459009
1.2814903259277344  1.2818214893341064  0.3335269997970363  0.3335269997970363
1.2818214893341064  1.2821528911590576  0.3332870523151679  0.3332870523151679
1.2821528911590576  1.2824844121932983           0.0  0.333167207995745
1.2824844121932983  1.2828161716461182  0.33292777773487847  0.33292777773487847
1.2828161716461182  1.2831480503082275           0.0  0.33280819160781855
1.2831480503082275  1.283480167388916  0.33256927689740373  0.33256927689740373
1.283480167388916  1.283812403678894           0.0  0.332449948129231
1.283812403678894  1.2841448783874512           0.0  0.3322115473059042
1.2841448783874512  1.2844774723052979           0.0  0.33209247506672646
1.2844774723052979  1.284810185432434           0.0  0.3319734881534098
1.284810185432434  1.2851431369781494  0.6634715398755222  0.4691452249702627
1.2851431369781494  1.2854762077331543           0.0  0.3316170384524577
1.2854762077331543  1.2858095169067383           0.0  0.33137983027044593
1.2858095169067383  1.2861430644989014           0.0  0.3311429611994878
1.2861430644989014  1.2864766120910645           0.0  0.3311429611994878
1.2864766120910645  1.2868103981018066  0.33090643051291674  0.33090643051291674
1.2868103981018066  1.2871444225311282  0.33067023748592106  0.33067023748592106
1.2871444225311282  1.2874785661697388           0.0  0.3305522673695264
1.2874785661697388  1.2878128290176394           0.0  0.3304343813964163
1.2878128290176394  1.2881473302841187  0.33019886152415606  0.33019886152415606
1.2881473302841187  1.2884820699691772           0.0  0.32996367714963204
1.2884820699691772  1.2888169288635254           0.0  0.32984621055043317
1.2888169288635254  1.289151906967163           0.0  0.3297288275573547
1.289151906967163  1.2894871234893799           0.0  0.32949431203277624
1.2894871234893799  1.2898224592208862           0.0  0.3293771793232019
1.2898224592208862  1.2901580333709717           0.0  0.32914316356524576
1.2901580333709717  1.2904937267303467           0.0  0.3290262803395479
1.2904937267303467  1.2908296585083008  0.3287927627523658  0.3287927627523658
1.2908296585083008  1.2911657094955444  -0.04062288980700842  0.34839599796295057
1.2911657094955444  1.2915018796920776           0.0  0.32855957639580385
1.2915018796920776  1.2918384075164795  0.32821041637838  0.32821041637838
1.2918384075164795  1.2921749353408813  0.65642083275676  0.46415962215442563
1.2921749353408813  1.2925117015838623  0.32797805502165195  0.32797805502165195
1.2925117015838623  1.2928487062454224           0.0  0.327746022439394
1.2928487062454224  1.2931857109069824           0.0  0.327746022439394
1.2931857109069824  1.2935230731964111  0.32739858849334513  0.32739858849334513
1.2935230731964111  1.2938605546951294           0.0  0.3272829408110798
1.2938605546951294  1.2941981554031372           0.0  0.32716737480090635
1.2941981554031372  1.294535994529724  0.32693648745122644  0.32693648745122644
1.294535994529724  1.2948739528656006           0.0  0.3268211659384685
1.2948739528656006  1.2952121496200562           0.0  0.32659076680865945
1.2952121496200562  1.2955505847930906           0.0  0.3263606922989696
1.2955505847930906  1.2958890199661255           0.0  0.32636069229854137
1.2958890199661255  1.2962278127670288           0.0  0.3260161876974549
1.2962278127670288  1.2965666055679321           0.0  0.3260161876974549
1.2965666055679321  1.296905755996704           0.0  0.32567240964364386
1.296905755996704  1.297244906425476  0.32567240964364386  0.32567240964364386
1.297244906425476  1.2975844144821167  0.3253293558413507  0.3253293558413507
1.2975844144821167  1.2979239225387573           0.0  0.3253293558413507
1.2979239225387573  1.298263669013977           0.0  0.3251010545390059
1.298263669013977  1.2986036539077759           0.0  0.32487307343484106
1.2986036539077759  1.2989437580108643           0.0  0.32475920274664105
1.2989437580108643  1.2992841005325317           0.0  0.32453170067816706
1.2992841005325317  1.2996245622634888           0.0  0.3244180691303105
1.2996245622634888  1.299965262413025  0.3241910445892816  0.3241910445892816
1.299965262413025  1.3003060817718506           0.0  0.3240776514292294
1.3003060817718506  1.3006471395492554  0.6477022058274498  0.45799462193007473
1.3006471395492554  1.3009883165359497  0.32373794739209183  0.32373794739209183
1.3009883165359497  1.3013297319412231  0.32351187340648285  0.32351187340648285
1.3013297319412231  1.3016712665557861           0.0  0.3233989547770216
1.3016712665557861  1.3020129203796387           0.0  0.3232861149463248
1.3020129203796387  1.3023549318313599           0.0  0.3229480674228536
1.3023549318313599  1.302696943283081           0.0  0.3229480674228536
1.302696943283081  1.303039312362671           0.0  0.32261072612679903
1.303039312362671  1.3033816814422607           0.0  0.32261072612679903
1.3033816814422607  1.3037244081497192  0.3222740888473624  0.3222740888473624
1.3037244081497192  1.3040671348571777           0.0  0.3222740888473624
1.3040671348571777  1.3044102191925049  0.3219381533829628  0.3219381533829628
1.3044102191925049  1.3047533035278318  0.32193815338317117  0.32193815338317117
1.3047533035278318  1.3050967454910278           0.0  0.3216029175409815
1.3050967454910278  1.3054401874542236           0.0  0.32160291754118947
1.3054401874542236  1.305783987045288  0.3212683791387541  0.3212683791387541
1.305783987045288  1.3061277866363525  0.3212683791387541  0.3212683791387541
1.3061277866363525  1.3064719438552856           0.0  0.32093453600144334
1.3064719438552856  1.3068162202835083           0.0  0.3208234090845453
1.3068162202835083  1.3071606159210205  0.3207123590987078  0.3207123590987078
1.3071606159210205  1.3075052499771118           0.0  0.3204904896008879
1.3075052499771118  1.3078500032424927           0.0  0.3203796699295183
1.3078500032424927  1.3081949949264526           0.0  0.320158260344218
1.3081949949264526  1.3085402250289917           0.0  0.31993715657326205
1.3085402250289917  1.3088855743408203  0.31982671917023364  0.31982671917023364
1.3088855743408203  1.309231162071228           0.0  0.31960607293417276
1.309231162071228  1.3095768690109253           0.0  0.3194958639435058
1.3095768690109253  1.3099226951599123           0.0  0.3193857309326342
1.3099226951599123  1.3102687597274778  0.3191656925378422  0.3191656925378422
1.3102687597274778  1.310615062713623           0.0  0.3189459571206791
1.310615062713623  1.3109614849090576           0.0  0.31883620283419367
1.3109614849090576  1.3113081455230713           0.0  0.3186169207139501
1.3113081455230713  1.3116549253463745           0.0  0.318507392724705
1.3116549253463745  1.3120019435882568           0.0  0.318288562499542
1.3120019435882568  1.3123492002487183           0.0  0.31807003276215823
1.3123492002487183  1.3126964569091797           0.0  0.31807003276215823
1.3126964569091797  1.3130440711975098           0.0  0.3177428002181642
1.3130440711975098  1.3133918046951292           0.0  0.3176338722786282
1.3133918046951292  1.3137396574020386           0.0  0.3175250189977983
1.3137396574020386  1.3140878677368164           0.0  0.3171989063458291
1.3140878677368164  1.3144360780715942  0.3171989063458291  0.3171989063458291
1.3144360780715942  1.3147845268249512  0.3169818698036835  0.3169818698036835
1.3147845268249512  1.3151332139968872           0.0  0.31676513006364676
1.3151332139968872  1.3154820203781128           0.0  0.31665687130422654
1.3154820203781128  1.3158310651779175  0.31644057562710615  0.31644057562710615
1.3158310651779175  1.3161803483963013           0.0  0.3162245752341866
1.3161803483963013  1.3165297508239746           0.0  0.3161166855804049
1.3165297508239746  1.3168792724609375           0.0  0.3160088695212029
1.3168792724609375  1.3172290325164795  0.3157934578855374  0.3157934578855374
1.3172290325164795  1.3175790309906008  0.3155783397260146  0.3155783397260146
1.3175790309906008  1.3179291486740112  0.315470890513025  0.315470890513025
1.3179291486740112  1.318279504776001           0.0  0.31525621144476584
1.318279504776001  1.3186299800872803  0.31514898144087305  0.31514898144087305
1.3186299800872803  1.3189806938171387  0.3149347401210628  0.3149347401210628
1.3189806938171387  1.3193315267562866  0.3148277286565297  0.3148277286565297
1.3193315267562866  1.3196827173233032           0.0  0.3145071301548428
1.3196827173233032  1.3200339078903198           0.0  0.3145071301548428
1.3200339078903198  1.3203853368759153           0.0  0.3142937603245428
1.3203853368759153  1.3207370042800906           0.0  0.3140806798084735
1.3207370042800906  1.3210887908935547           0.0  0.31397424786064104
1.3210887908935547  1.3214408159255981           0.0  0.3137616002154307
1.3214408159255981  1.3217930793762207           0.0  0.31354924041833054
1.3217930793762207  1.3221454620361326  0.31344316828036217  0.31344316828036217
1.3221454620361326  1.3224979639053345  0.31333716788487764  0.31333716788487764
1.3224979639053345  1.3228507041931152           0.0  0.3131253820331757
1.3228507041931152  1.323203682899475           0.0  0.31291388228171796
1.323203682899475  1.3235567808151245  0.3128082395125479  0.3128082395125479
1.3235567808151245  1.323910117149353  0.3125971678259672  0.3125971678259672
1.323910117149353  1.3242636919021606           0.0  0.312386380794392
1.3242636919021606  1.3246173858642578           0.0  0.3122810938443434
1.3246173858642578  1.324971318244934  0.3120707327167958  0.3120707327167958
1.324971318244934  1.3253253698349           0.0  0.31196565839601575
1.3253253698349  1.3256796598434448  0.31175572188296324  0.31175572188296324
1.3256796598434448  1.3260340690612793           0.0  0.3116508595479875
1.3260340690612793  1.326388716697693           0.0  0.31144134636490306
1.326388716697693  1.3267436027526855  0.3112321146915507  0.3112321146915507
1.3267436027526855  1.3270986080169678           0.0  0.3111276042431722
1.3270986080169678  1.327453851699829           0.0  0.3109187937705258
1.327453851699829  1.32780921459198           0.0  0.31081449360488655
1.32780921459198  1.32816481590271           0.0  0.3106061030627445
1.32816481590271  1.328520655632019           0.0  0.31039799177091015
1.328520655632019  1.3288766145706177  0.31029404066850863  0.31029404066850863
1.3288766145706177  1.3292328119277954  0.6201726944017181  0.4385283177181873
1.3292328119277954  1.3295891284942627           0.0  0.3099826046959407
1.3295891284942627  1.329945683479309           0.0  0.3097753277954419
1.329945683479309  1.3303024768829346           0.0  0.3095683279105135
1.3303024768829346  1.3306593894958496  0.3094649316754064  0.3094649316754064
1.3306593894958496  1.3310165405273435  0.6185166925478924  0.4373573475776897
1.3310165405273435  1.3313738107681274  0.3091551569688325  0.3091551569688325
1.3313738107681274  1.3317313194274905           0.0  0.3089489848067994
1.3317313194274905  1.332089066505432  0.9262292623498669  0.5347587139490042
1.332089066505432  1.3324469327926636           0.0  0.3086402416507635
1.3324469327926636  1.3328050374984741           0.0  0.30843475547142707
1.3328050374984741  1.3331632614135742  0.3083321149537993  0.3083321149537993
1.3331632614135742  1.3335217237472534  0.308127038721705  0.308127038721705
1.3335217237472534  1.3338804244995117           0.0  0.30792223510673544
1.3338804244995117  1.3342392444610596           0.0  0.3078199353608528
1.3342392444610596  1.3345983028411865           0.0  0.30761553965344185
1.3345983028411865  1.3349575996398926           0.0  0.3074114152077528
1.3349575996398926  1.3353170156478882  0.3073094545393588  0.3073094545393588
1.3353170156478882  1.335676670074463           0.0  0.30710573597486474
1.335676670074463  1.3360364437103271  0.3070039779443893  0.3070039779443893
1.3360364437103271  1.3363964557647705           0.0  0.3068006640517109
1.3363964557647705  1.3367567062377932           0.0  0.3065976192705479
1.3367567062377932  1.337117075920105  0.6129923952608255  0.43345107950471423
1.337117075920105  1.337477684020996  0.9188806665482647  0.5305160001847833
1.337477684020996  1.3378385305404663           0.0  0.3060911811814228
1.3378385305404663  1.338199496269226           0.0  0.3059900942655769
1.338199496269226  1.338560700416565           0.0  0.30578812060599564
1.338560700416565  1.338922142982483  -0.03776910500196463  0.32392094929338977
1.338922142982483  1.3392837047576904           0.0  0.3054856595569294
1.3392837047576904  1.3396453857421875  0.30538497212793897  0.30538497212793897
1.3396453857421875  1.3400074243545532  0.30508330768395353  0.30508330768395353
1.3400074243545532  1.3403695821762083           0.0  0.30498288526554806
1.3403695821762083  1.3407319784164429           0.0  0.3047822386301313
1.3407319784164429  1.3410944938659668  0.30468201428351427  0.30468201428351427
1.3410944938659668  1.3414572477340698  0.3044817632061015  0.3044817632061015
1.3414572477340698  1.341820240020752           0.0  0.3042817751842912
1.341820240020752  1.3421833515167236  0.9125456389719306  0.5268584703082632
1.3421833515167236  1.3425467014312742           0.0  0.30398228524827203
1.3425467014312742  1.3429101705551147           0.0  0.30388258623666803
1.3429101705551147  1.3432739973068237  0.30358388120451074  0.30358388120451074
1.3432739973068237  1.3436379432678223  0.6069688866270336  0.4291918157032243
1.3436379432678223  1.3440020084381104           0.0  0.3033850705422943
1.3440020084381104  1.3443663120269775           0.0  0.30318652010345776
1.3443663120269775  1.3447308540344236  0.30298822937760994  0.30298822937760994
1.3447308540344236  1.3450956344604492  0.3027901978547722  0.3027901978547722
1.3450956344604492  1.3454605340957642           0.0  0.3026912791362845
1.3454605340957642  1.3458256721496584           0.0  0.30249363546705954
1.3458256721496584  1.3461909294128418           0.0  0.3023949103905777
1.3461909294128418  1.3465564250946045           0.0  0.3021976534364536
1.3465564250946045  1.3469221591949463           0.0  0.3020006536623751
1.3469221591949463  1.3472881317138672  0.30180391056552663  0.30180391056552663
1.3472881317138672  1.3476542234420779  0.30170563511416637  0.30170563511416637
1.3476542234420779  1.3480205535888674           0.0  0.30150927609377376
1.3480205535888674  1.3483870029449463  0.6028223847994328  0.42625979614272536
1.3483870029449463  1.3487536907196045  0.6024304326633074  0.4259826441293705
1.3487536907196045  1.3491206169128418           0.0  0.301019494943524
1.3491206169128418  1.349487781524658           0.0  0.30082402773919714
1.349487781524658  1.3498550653457642  0.3007263893007487  0.3007263893007487
1.3498550653457642  1.3502225875854492           0.0  0.3005313024444265
1.3502225875854492  1.3505902290344238           0.0  0.3004338539027778
1.3505902290344238  1.3509581089019775           0.0  0.30023914628521287
1.3509581089019775  1.3513262271881101           0.0  0.3000446908797687
1.3513262271881101  1.3516945838928223           0.0  0.2998504871959897
1.3516945838928223  1.3520630598068237  0.29975347959759524  0.29975347959759524
1.3520630598068237  1.352431774139404  0.2995596525821936  0.2995596525821936
1.352431774139404  1.352800726890564           0.0  0.2993660760696637
1.352800726890564  1.3531697988510132  0.29926938160082905  0.29926938160082905
1.3531697988510132  1.3535391092300415  0.29907617993420493  0.29907617993420493
1.3535391092300415  1.3539086580276491  0.5608258337113975  0.4355494226695869
1.3539086580276491  1.354278326034546  0.29878684470710204  0.29878684470710204
1.354278326034546  1.3546483516693115           0.0  0.2984980687616517
1.3546483516693115  1.3550183773040771  0.2984980687616517  0.2984980687616517
1.3550183773040771  1.3553887605667114  0.29820985047832854  0.29820985047832854
1.3553887605667114  1.3557592630386353  0.5962278027259761  0.4215967224394928
1.3557592630386353  1.3561300039291382  0.29792218824314043  0.29792218824314043
1.3561300039291382  1.3565009832382202           0.0  0.2977307215411847
1.3565009832382202  1.3568720817565918           0.0  0.2976350804484956
1.3568720817565918  1.3572434186935425           0.0  0.29744398248352066
1.3572434186935425  1.3576149940490723           0.0  0.29725312975173784
1.3576149940490723  1.3579866886138916           0.0  0.2971577952008232
1.3579866886138916  1.3583586215972898  0.2969673094348461  0.2969673094348461
1.3583586215972898  1.3587307929992678  0.2967770677242349  0.2967770677242349
1.3587307929992678  1.3591032028198242  0.5931741392040456  0.4194374562556738
1.3591032028198242  1.3594757318496704           0.0  0.2964921617395734
1.3594757318496704  1.3598484992980957           0.0  0.29630252812157554
1.3598484992980957  1.3602215051651  0.29611313692431024  0.29611313692431024
1.3602215051651  1.360594630241394           0.0  0.2960185320882322
1.360594630241394  1.3609679937362669  0.5916590073031404  0.4183660962141516
1.3609679937362669  1.3613415956497192           0.0  0.2956407164759465
1.3613415956497192  1.3617154359817503           0.0  0.295452170100994
1.3617154359817503  1.3620893955230713  0.2953579870690522  0.2953579870690522
1.3620893955230713  1.3624635934829712  0.5903396020619094  0.4174331358209441
1.3624635934829712  1.3628380298614504  0.29498185464362225  0.29498185464362225
1.3628380298614504  1.3632125854492185           0.0  0.29488797117672355
1.3632125854492185  1.3635873794555664  0.2947003834082754  0.2947003834082754
1.3635873794555664  1.3639624118804932  0.29451303415008484  0.29451303415008484
1.3639624118804932  1.364337682723999           0.0  0.2943259229466858
1.364337682723999  1.3647130727767942           0.0  0.29423245647402824
1.3647130727767942  1.365088701248169           0.0  0.29404570150289405
1.365088701248169  1.3654645681381226           0.0  0.29385918345580936
1.3654645681381226  1.3658406734466553  0.2936729018815109  0.2936729018815109
1.3658406734466553  1.3662168979644775  0.29357984963123157  0.29357984963123157
1.3662168979644775  1.366593360900879           0.0  0.2933939219240554
1.366593360900879  1.3669700622558594           0.0  0.29320822956840725
1.3669700622558594  1.367347002029419  0.29302277211769984  0.29302277211769984
1.367347002029419  1.367724061012268           0.0  0.2929301313424492
1.367724061012268  1.3681013584136963  0.2927450254142707  0.2927450254142707
1.3681013584136963  1.3684788942337036  0.29256015327949697  0.29256015327949697
1.3684788942337036  1.3688565492630005  0.5849356094925295  0.4136119360296539
1.3688565492630005  1.369234561920166           0.0  0.29219110862067704
1.369234561920166  1.369612693786621           0.0  0.29209899288655955
1.369612693786621  1.3699909448623657           0.0  0.29200693521467597
1.3699909448623657  1.370369553565979  0.583462220047964  0.4125700923620729
1.370369553565979  1.3707482814788818  0.5832785681058652  0.41244023082843684
1.3707482814788818  1.3711272478103638  0.29145580542188326  0.29145580542188326
1.3711272478103638  1.3715064525604248  0.5825451150180238  0.4119216011763419
1.3715064525604248  1.371885895729065           0.0  0.2910895398794115
1.371885895729065  1.3722654581069949           0.0  0.29099811728505803
1.3722654581069949  1.3726452589035034           0.0  0.2908154442676424
1.3726452589035034  1.3730252981185913           0.0  0.2906330004504915
1.3730252981185913  1.3734055757522583  0.5809015708063742  0.4107594399191046
1.3734055757522583  1.3737859725952148           0.0  0.29035976353374077
1.3737859725952148  1.3741666078567505  0.2901778908350037  0.2901778908350037
1.3741666078567505  1.3745474815368652           0.0  0.28999624583291606
1.3745474815368652  1.374928593635559           0.0  0.289814828100146
1.374928593635559  1.3753098249435425  0.2897242043265062  0.2897242043265062
1.3753098249435425  1.3756914138793945           0.0  0.28945267273857134
1.3756914138793945  1.3760731220245361  0.2893622752767542  0.2893622752767542
1.3760731220245361  1.3764550685882568           0.0  0.2891816496367562
1.3764550685882568  1.376837134361267           0.0  0.2890914213529382
1.376837134361267  1.377219557762146  0.2888210740137677  0.2888210740137677
1.377219557762146  1.3776021003723145           0.0  0.28873107056284414
1.3776021003723145  1.377984881401062           0.0  0.2885512318393544
1.377984881401062  1.3783677816390991  0.5769227929241387  0.40794601909774086
1.3783677816390991  1.378751039505005           0.0  0.2881922256409425
1.378751039505005  1.3791344165802002           0.0  0.28810261363081574
1.3791344165802002  1.3795180320739746           0.0  0.2879235566924073
1.3795180320739746  1.3799018859863281           0.0  0.28774472218514496
1.3799018859863281  1.3802859783172607  0.5751322193893028  0.40667989240904523
1.3802859783172607  1.3806701898574827           0.0  0.28747688657669945
1.3806701898574827  1.3810547590255737  0.28720954911209917  0.28720954911209917
1.3810547590255737  1.381439447402954  0.5742410941655821  0.4060497717204659
1.381439447402954  1.381824254989624           0.0  0.2870316001970777
1.381824254989624  1.3822094202041628  0.28676508989032273  0.28676508989032273
1.3822094202041628  1.3825948238372805  0.2865876911339829  0.2865876911339829
1.3825948238372805  1.3829803466796875  0.5729981480746447  0.40517087611091473
1.3829803466796875  1.3833661079406738           0.0  0.2863220041520911
1.3833661079406738  1.3837521076202393  0.5722903060136917  0.40467035618960584
1.3837521076202393  1.3841382265090945           0.0  0.28605680933486693
1.3841382265090945  1.384524703025818           0.0  0.28579210531652277
1.384524703025818  1.384911298751831  0.2857039794747761  0.2857039794747761
1.384911298751831  1.3852981328964233  0.28552789073533646  0.28552789073533646
1.3852981328964233  1.3856852054595947           0.0  0.2853520189209014
1.3856852054595947  1.3860725164413452  0.8555290908921207  0.4939399509261217
1.3860725164413452  1.3864599466323855  0.8200301815203127  0.5038569708345007
1.3864599466323855  1.386847734451294  0.5696514020514586  0.4028043693030108
1.386847734451294  1.3872356414794922           0.0  0.28473817007872365
1.3872356414794922  1.3876237869262695           0.0  0.2845632694828522
1.3876237869262695  1.388012170791626  0.28438858362067737  0.28438858362067737
1.388012170791626  1.3884007930755615           0.0  0.28421411209698366
1.3884007930755615  1.3887895345687866           0.0  0.2841269565888276
1.3887895345687866  1.3891785144805908  0.28395280583394633  0.28395280583394633
1.3891785144805908  1.3895677328109741  0.2837788684337417  0.2837788684337417
1.3895677328109741  1.3899571895599365           0.0  0.283605143996378
1.3899571895599365  1.390346884727478  0.2834316321309779  0.2834316321309779
1.390346884727478  1.3907368183135984           0.0  0.28325833244778187
1.3907368183135984  1.3911268711090088           0.0  0.28317176205245703
1.3911268711090088  1.3915172815322876           0.0  0.282912368072112
1.3915172815322876  1.391907811164856           0.0  0.2828260089853989
1.391907811164856  1.3922985792160034           0.0  0.28265344888229615
1.3922985792160034  1.39268958568573           0.0  0.2824810992183435
1.39268958568573  1.393080711364746           0.0  0.2823950031807884
1.393080711364746  1.3934721946716309  0.564274059339931  0.39900201380692557
1.3934721946716309  1.3938637971878052           0.0  0.2820511432073567
1.3938637971878052  1.3942556381225586  0.2818795270569415  0.2818795270569415
1.3942556381225586  1.3946477174758911  0.28170811962182024  0.28170811962182024
1.3946477174758911  1.3950400352478027           0.0  0.2815369205214727
1.3950400352478027  1.3954325914382935           0.0  0.28136592937630334
1.3954325914382935  1.3958253860473633           0.0  0.2811951458076379
1.3958253860473633  1.3962182998657227           0.0  0.28110983174640986
1.3962182998657227  1.396611452102661  0.2809393588346544  0.2809393588346544
1.396611452102661  1.3970049619674683           0.0  0.2806840367875323
1.3970049619674683  1.397398591041565           0.0  0.280599032536695
1.397398591041565  1.397792339324951  0.5610281595135872  0.3967068160286656
1.397792339324951  1.398186445236206  0.2802595297748472  0.2802595297748472
1.398186445236206  1.39858078956604           0.0  0.28009008628662846
1.39858078956604  1.3989752531051636  0.280005441352725  0.280005441352725
1.3989752531051636  1.3993700742721555  0.2797518132357149  0.2797518132357149
1.3993700742721555  1.3997650146484375           0.0  0.2796673726035756
1.3997650146484375  1.4001601934432981           0.0  0.27949864417396303
1.4001601934432981  1.4005556106567383           0.0  0.27933011921484674
1.4005556106567383  1.4009512662887573  0.27916179735949587  0.27916179735949587
1.4009512662887573  1.4013471603393555           0.0  0.2789936782403393
1.4013471603393555  1.4017431735992432           0.0  0.27890969459246445
1.4017431735992432  1.4021395444869995  0.2786580467477194  0.2786580467477194
1.4021395444869995  1.4025360345840454  0.2785742650138806  0.2785742650138806
1.4025360345840454  1.4029327630996702           0.0  0.2784068525951579
1.4029327630996702  1.4033297300338745           0.0  0.27823964127196654
1.4033297300338745  1.4037269353866577           0.0  0.2780726306831233
1.4037269353866577  1.40412437915802  0.2779058204667567  0.2779058204667567
1.40412437915802  1.4045220613479612  0.277739210262795  0.277739210262795
1.4045220613479612  1.404919981956482           0.0  0.2775727997110994
1.404919981956482  1.405318021774292           0.0  0.2774896691932216
1.405318021774292  1.405716419219971  0.27724057613275  0.27724057613275
1.405716419219971  1.406114935874939           0.0  0.2771576444620649
1.406114935874939  1.4065136909484863           0.0  0.27699192987628307
1.4065136909484863  1.4069128036499023  0.5534874584445442  0.39137473516784466
1.4069128036499023  1.407312035560608           0.0  0.2766610944867623
1.407312035560608  1.4077115058898926           0.0  0.2764959729740874
1.4077115058898926  1.4081110954284668  0.829240458325925  0.47876220183740137
1.4081110954284668  1.4085110425949097           0.0  0.2761663205472927
1.4085110425949097  1.4089112281799316  0.5520035778589019  0.3903254731432659
1.4089112281799316  1.4093115329742432           0.0  0.27591959661589244
1.4093115329742432  1.4097121953964233  0.5513466262637113  0.38986093821539536
1.4097121953964233  1.410112977027893           0.0  0.2755913163105791
1.410112977027893  1.4105141162872314  0.2753456182574047  0.2753456182574047
1.4105141162872314  1.4109153747558596           0.0  0.27526381623162627
1.4109153747558596  1.4113168716430664  0.27510035790875276  0.27510035790875276
1.4113168716430664  1.4117186069488525           0.0  0.27493709360123647
1.4117186069488525  1.4121205806732178  0.5495480459289246  0.3885891498641589
1.4121205806732178  1.412522792816162  0.2746111456538728  0.2746111456538728
1.412522792816162  1.4129252433776855           0.0  0.2744484613258788
1.4129252433776855  1.4133278131484985  0.5487343828464121  0.3880138031809131
1.4133278131484985  1.4137307405471802           0.0  0.27412367024738665
1.4137307405471802  1.414133906364441           0.0  0.27396156281376904
1.414133906364441  1.4145371913909912  0.2738805809743325  0.2738805809743325
1.4145371913909912  1.4149408340454102           0.0  0.2736379224560445
1.4149408340454102  1.4153445959091187           0.0  0.2735571318087295
1.4153445959091187  1.4157485961914062  0.2733956935485886  0.2733956935485886
1.4157485961914062  1.4161528348922732  0.27323444571974576  0.27323444571974576
1.4161528348922732  1.4165574312210085           0.0  0.27299293029940097
1.4165574312210085  1.4169621467590332  0.2729125200108027  0.2729125200108027
1.4169621467590332  1.4173671007156374           0.0  0.2727518414588339
1.4173671007156374  1.4177722930908203  0.272591351996668  0.272591351996668
1.4177722930908203  1.4181777238845825  0.5448621025793395  0.3852756875454113
1.4181777238845825  1.4185833930969238  0.5445418780112646  0.385049254581823
1.4185833930969238  1.418989300727844  0.27211101481253264  0.27211101481253264
1.418989300727844  1.4193953275680542  0.5440622462922255  0.38471010374081827
1.4193953275680542  1.4198017120361328  0.2717917293740589  0.2717917293740589
1.4198017120361328  1.4202083349227905           0.0  0.2716323674688264
1.4202083349227905  1.4206150770187378  0.27155275657566436  0.27155275657566436
1.4206150770187378  1.4210221767425537  0.2713142036416301  0.2713142036416301
1.4210221767425537  1.4214295148849487  0.2711554010641401  0.2711554010641401
1.4214295148849487  1.4218369722366333  0.2710760694664034  0.2710760694664034
1.4218369722366333  1.4222447872161865           0.0  0.2708383529483095
1.4222447872161865  1.4226527214050293           0.0  0.27075920673178455
1.4226527214050293  1.4230610132217407  0.5410440907656449  0.3825759455012974
1.4230610132217407  1.4234694242477415           0.0  0.27044308389861954
1.4234694242477415  1.4238780736923218           0.0  0.27028529913525773
1.4238780736923218  1.4242870807647705  0.5400979338013213  0.3819069114957574
1.4242870807647705  1.4246962070465086  0.26997028130439094  0.26997028130439094
1.4246962070465086  1.4251055717468262  0.26981304759337926  0.26981304759337926
1.4251055717468262  1.4255151748657224  0.2696559969256895  0.2696559969256895
1.4255151748657224  1.4259251356124878           0.0  0.26942076342996946
1.4259251356124878  1.4263352155685425           0.0  0.2693424434407462
1.4263352155685425  1.4267455339431763           0.0  0.2691859399872652
1.4267455339431763  1.4271560907363894  0.23577876860330166  0.2851708241164421
1.4271560907363894  1.427566885948181  0.26887347807230655  0.26887347807230655
1.427566885948181  1.427977919578552  0.2687175189780066  0.2687175189780066
1.427977919578552  1.4283891916275024  0.5371234814119806  0.379803656040938
1.4283891916275024  1.4288007020950317           0.0  0.2684061429421109
1.4288007020950317  1.42921257019043           0.0  0.2681730840624218
1.42921257019043  1.4296245574951172           0.0  0.26809548768422053
1.4296245574951172  1.4300367832183838  0.26794042956511477  0.26794042956511477
1.4300367832183838  1.4304492473602295           0.0  0.2677855507040945
1.4304492473602295  1.4308619499206545  0.2676308507901988  0.2676308507901988
1.4308619499206545  1.4312748908996584           0.0  0.267476329513905
1.4312748908996584  1.4316880702972412  0.2673219865656852  0.2673219865656852
1.4316880702972412  1.432101488113403  0.2671678216368698  0.2671678216368698
1.432101488113403  1.4325151443481445  0.2670138344195013  0.2670138344195013
1.4325151443481445  1.4329290390014648           0.0  0.26686002460719094
1.4329290390014648  1.4333431720733643  0.5334127837859337  0.3771797965866274
1.4333431720733643  1.4337575435638428  0.5331058719425587  0.37696277714095044
1.4337575435638428  1.4341721534729004  0.7991989696114148  0.46141774024122184
1.4341721534729004  1.434587001800537  0.26624655328625485  0.26624655328625485
1.434587001800537  1.4350022077560425           0.0  0.26601722808962586
1.4350022077560425  1.4354175329208374  0.26594087412059897  0.26594087412059897
1.4354175329208374  1.4358330965042116           0.0  0.2657882976005943
1.4358330965042116  1.4362488985061646  0.26563589605408877  0.26563589605408877
1.4362488985061646  1.4366649389266968  0.5309673383588349  0.37545060554210424
1.4366649389266968  1.437081217765808  0.2653316166770237  0.2653316166770237
1.437081217765808  1.4374978542327883  0.26510386421621546  0.26510386421621546
1.4374978542327883  1.4379146099090576  0.2650280335917221  0.2650280335917221
1.4379146099090576  1.438331604003906  0.26487650241185257  0.26487650241185257
1.438331604003906  1.4387488365173338  0.2647251444103334  0.2647251444103334
1.4387488365173338  1.4391664266586304           0.0  0.26449843146893354
1.4391664266586304  1.4395841360092163  0.5288458935137939  0.37395051750626246
1.4395841360092163  1.440002202987671  0.26419675090851635  0.26419675090851635
1.440002202987671  1.440420389175415  0.7923643147971779  0.457471750444404
1.440420389175415  1.4408389329910278           0.0  0.26389575774314067
1.4408389329910278  1.44125759601593  0.5276412331643839  0.3730986940041682
1.44125759601593  1.4416766166687012           0.0  0.26359544962608134
1.4416766166687012  1.4420957565307617           0.0  0.2635204793618222
1.4420957565307617  1.442515254020691  0.7898874726651038  0.4560417449727108
1.442515254020691  1.4429349899291992           0.0  0.2631462668094765
1.4429349899291992  1.443354845046997  0.2630715517990252  0.2630715517990252
1.443354845046997  1.4437750577926636  0.2628476611166431  0.2628476611166431
1.4437750577926636  1.4441955089569092  0.262698612258624  0.262698612258624
1.4441955089569092  1.4446161985397339  0.5250994646847077  0.37130139227598286
1.4446161985397339  1.4450371265411377  0.2624010210807609  0.2624010210807609
1.4450371265411377  1.4454582929611204  0.26225247818756164  0.26225247818756164
1.4454582929611204  1.4458796977996826           0.0  0.2621041033764296
1.4458796977996826  1.4463013410568237  1.0478235854522666  0.5239117927261333
1.4463013410568237  1.4467233419418335  0.2617338998407251  0.2617338998407251
1.4467233419418335  1.4471454620361328  0.26165998459084067  0.26165998459084067
1.4471454620361328  1.4475678205490112           0.0  0.2615122792650767
1.4475678205490112  1.4479905366897583  0.7838731010458264  0.4525693458993145
1.4479905366897583  1.4484133720397951  0.2612173683213082  0.2612173683213082
1.4484133720397951  1.4488365650177002  0.2609966212497614  0.2609966212497614
1.4488365650177002  1.449259877204895           0.0  0.26092312177870086
1.449259877204895  1.4496835470199583           0.0  0.2607028715353552
1.4496835470199583  1.450107455253601  0.2605562444982231  0.2605562444982231
1.450107455253601  1.4505316019058228  0.2604097823035882  0.2604097823035882
1.4505316019058228  1.4509559869766235  0.2602634846730806  0.2602634846730806
1.4509559869766235  1.4513806104660034  0.5202347026592739  0.3678614860589398
1.4513806104660034  1.4518054723739624  0.2599713819966798  0.2599713819966798
1.4518054723739624  1.4522305727005007  0.2598255763981164  0.2598255763981164
1.4522305727005007  1.4526559114456175  0.2596799342592865  0.2596799342592865
1.4526559114456175  1.4530816078186035           0.0  0.25946177693522365
1.4530816078186035  1.4535074234008787           0.0  0.2593891392599804
1.4535074234008787  1.4539335966110232  0.2591714700518046  0.2591714700518046
1.4539335966110232  1.454360008239746           0.0  0.2590265600885237
1.454360008239746  1.454786539077759           0.0  0.25895416585681513
1.454786539077759  1.4552134275436401           0.0  0.25873722575723224
1.4552134275436401  1.4556405544281008           0.0  0.2585928008472468
1.4556405544281008  1.4560679197311401  0.7753456112440571  0.44764599736675126
1.4560679197311401  1.4564955234527588  0.2583044341890624  0.2583044341890624
1.4564955234527588  1.456923484802246  0.25808858090143927  0.25808858090143927
1.456923484802246  1.457351565361023           0.0  0.258016709951592
1.457351565361023  1.4577800035476687  0.5156026741433982  0.36458614728471467
1.4577800035476687  1.4582085609436033           0.0  0.2577296259908559
1.4582085609436033  1.4586374759674072  0.2575147319165334  0.2575147319165334
1.4586374759674072  1.45906662940979  0.25737166817671303  0.25737166817671303
1.45906662940979  1.459496021270752  0.514457526616417  0.36377640570292724
1.459496021270752  1.4599256515502927  0.257086017046794  0.257086017046794
1.4599256515502927  1.460355520248413  0.25694342912803336  0.25694342912803336
1.460355520248413  1.4607857465744016           0.0  0.25672984356792605
1.4607857465744016  1.4612160921096804           0.0  0.2566587272673714
1.4612160921096804  1.4616467952728271  1.0257824582747241  0.5128912291373621
1.4616467952728271  1.4620776176452637  0.5127493112541045  0.36256851503650905
1.4620776176452637  1.4625087976455688  0.256162014220671  0.256162014220671
1.4625087976455688  1.4629402160644533  0.25602044913945565  0.25602044913945565
1.4629402160644533  1.4633718729019165  0.25587904044093995  0.25587904044093995
1.4633718729019165  1.4638038873672485  0.7670016601292772  0.442828614944528
1.4638038873672485  1.4642360210418701  0.25559669115480466  0.25559669115480466
1.4642360210418701  1.4646685123443601  0.5107706755439044  0.3611694083083287
1.4646685123443601  1.4651011228561401  0.5106299285950352  0.36106988518635197
1.4651011228561401  1.4655340909957886  0.2551040763866098  0.2551040763866098
1.4655340909957886  1.4659672975540161  0.2549636778855715  0.2549636778855715
1.4659672975540161  1.4664007425308228           0.0  0.2548234338383297
1.4664007425308228  1.466834545135498  0.25461335681125774  0.25461335681125774
1.466834545135498  1.467268466949463           0.0  0.25454340808685905
1.467268466949463  1.4677027463912964           0.0  0.25433379232395464
1.4677027463912964  1.4681371450424194           0.0  0.2542639971010337
1.4681371450424194  1.4685719013214111  0.5081096821695459  0.3592878018486273
1.4685719013214111  1.469006896018982  0.5078311896060109  0.35909087786844174
1.469006896018982  1.4694422483444216  0.7611210340380841  0.4394334338877741
1.4694422483444216  1.4698777198791504           0.0  0.25363755965963297
1.4698777198791504  1.470313549041748           0.0  0.2534294325591266
1.470313549041748  1.4707494974136353  0.5067202654832742  0.3583053358878709
1.4707494974136353  1.4711858034133911  0.5063049210033699  0.35801164298960214
1.4711858034133911  1.4716223478317259           0.0  0.25301420137537906
1.4716223478317259  1.4720592498779297  0.5056141912336676  0.3575232232854782
1.4720592498779297  1.4724962711334229  0.5054762713781598  0.35742569922038836
1.4724962711334229  1.4729336500167847  0.2525314814489416  0.2525314814489416
1.4729336500167847  1.4733711481094358  0.5049253435622001  0.357036134425779
1.4733711481094358  1.473809003829956  0.5045129351678176  0.35674451765349285
1.473809003829956  1.4742470979690552  0.4730775740153406  0.3674022340888518
1.4742470979690552  1.474685549736023  0.7557406243361882  0.4363270528980341
1.474685549736023  1.47512412071228  0.5036901361438629  0.35616271088410084
1.47512412071228  1.4755630493164062           0.0  0.2516398711123569
1.4755630493164062  1.4760022163391113  0.25150325880460556  0.25150325880460556
1.4760022163391113  1.4764416217803953           0.0  0.2513667947467811
1.4764416217803953  1.4768812656402588           0.0  0.2512304786973153
1.4768812656402588  1.4773212671279907  1.2551314080685003  0.5613118298272389
1.4773212671279907  1.4777615070343015  0.2508903345346965  0.2508903345346965
1.4777615070343015  1.4782018661499023  0.5016448323961558  0.35471646273451085
1.4782018661499023  1.4786427021026611  0.5011022203548766  0.3543327780805689
1.4786427021026611  1.4790836572647095  0.2504833753544652  0.2504833753544652
1.4790836572647095  1.479524850845337           0.0  0.25034801551909397
1.479524850845337  1.479966402053833  0.2501452498477772  0.2501452498477772
1.479966402053833  1.4804081916809084  0.5000205102189429  0.3535678935081719
1.4804081916809084  1.4808502197265625           0.0  0.24987540599693425
1.4808502197265625  1.481292486190796  0.24974070227389944  0.24974070227389944
1.481292486190796  1.481735110282898  0.9981556751264927  0.49907783756324636
1.481735110282898  1.482177972793579           0.0  0.24940457750637063
1.482177972793579  1.4826210737228394           0.0  0.24927038080069058
1.4826210737228394  1.4830644130706787  0.24913632843134362  0.24913632843134362
1.4830644130706787  1.483508110046387  0.24893551999884553  0.24893551999884553
1.483508110046387  1.4839519262313845           0.0  0.24886865577119713
1.4839519262313845  1.4843961000442505  0.7460048352951931  0.4307060924744422
1.4843961000442505  1.4848405122756958  0.24853487270283448  0.24853487270283448
1.4848405122756958  1.4852852821350095  0.24833503227998643  0.24833503227998643
1.4852852821350095  1.4857301712036133           0.0  0.24826849020249311
1.4857301712036133  1.4861754179000854  0.24806907776068726  0.24806907776068726
1.4861754179000854  1.4866209030151365  0.24793631400498492  0.24793631400498492
1.4866209030151365  1.4870667457580566           0.0  0.24773743460847736
1.4870667457580566  1.4875127077102661  0.49534242471861367  0.35025998752791865
1.4875127077102661  1.4879590272903442  0.9898910314488962  0.4949455157244481
1.4879590272903442  1.4884055852890015  0.7420218943695944  0.4284065404588813
1.4884055852890015  1.4888523817062376  0.7416259381829994  0.4281779350479634
1.4888523817062376  1.4892995357513428  0.24701093186769038  0.24701093186769038
1.4892995357513428  1.4897469282150269  0.7406378940337065  0.42760748749239796
1.4897469282150269  1.49019455909729           0.0  0.24674780437714164
1.49019455909729  1.4906424283981325  0.24661645074147123  0.24661645074147123
1.4906424283981325  1.4910906553268433           0.0  0.24641968229697495
1.4910906553268433  1.4915391206741335           0.0  0.24628867768094312
1.4915391206741335  1.4919878244400022  0.46189162712754983  0.35871498679008157
1.4919878244400022  1.4924367666244507           0.0  0.24602708588308775
1.4924367666244507  1.4928860664367676  0.49166251283426204  0.34765789688032467
1.4928860664367676  1.4933356046676636  0.4914017530820296  0.3474735118912606
1.4933356046676636  1.4937853813171387  0.245570634888992  0.245570634888992
1.4937853813171387  1.4942353963851929  0.4908810624827374  0.34710532803760097
1.4942353963851929  1.4946857690811157  0.2452456340487472  0.2452456340487472
1.4946857690811157  1.4951363801956177           0.0  0.2451158744540124
1.4951363801956177  1.4955872297286987  0.24498625209840477  0.24498625209840477
1.4955872297286987  1.4960384368896484           0.0  0.2447920754124615
1.4960384368896484  1.4964898824691772  0.2446627952036353  0.2446627952036353
1.4964898824691772  1.4969415664672854           0.0  0.24453365147419145
1.4969415664672854  1.4973934888839722           0.0  0.24440464400860512
1.4973934888839722  1.497845768928528  0.488422775664582  0.3453670567583818
1.497845768928528  1.4982982873916626  0.24408272008340923  0.24408272008340923
1.4982982873916626  1.4987511634826658           0.0  0.2438899724760782
1.4987511634826658  1.499204158782959  0.24382579090413495  0.24382579090413495
1.499204158782959  1.4996575117111208           0.0  0.24363344870778678
1.4996575117111208  1.5001111030578613           0.0  0.24350538907664135
1.5001111030578613  1.5005650520324707  0.48662710369546575  0.3440973249322331
1.5005650520324707  1.501019239425659  0.24318582819858786  0.24318582819858786
1.501019239425659  1.501473665237427  0.24305823857168452  0.24305823857168452
1.501473665237427  1.5019283294677732  0.4858615655149826  0.34355600769355626
1.5019283294677732  1.5023833513259888  0.24273984947228577  0.24273984947228577
1.5023833513259888  1.502838611602783  0.24261272726803315  0.24261272726803315
1.502838611602783  1.5032941102981567  0.7274572144221789  0.4199976185705803
1.5032941102981567  1.503749966621399  0.4845910070272839  0.34265758717101036
1.503749966621399  1.5042060613632202           0.0  0.24216884616732012
1.5042060613632202  1.5046623945236206           0.0  0.2420423211693226
1.5046623945236206  1.5051190853118896  0.24185278137200908  0.24185278137200908
1.5051190853118896  1.5055760145187378  0.24172658633868166  0.24172658633868166
1.5055760145187378  1.506033182144165  0.24160052292990009  0.24160052292990009
1.506033182144165  1.506490707397461  0.7242350224878844  0.41813728518993476
1.506490707397461  1.506948471069336  0.24128593891566844  0.24128593891566844
1.506948471069336  1.50740647315979           0.0  0.2411603345747441
1.50740647315979  1.5078648328781126  0.24097217306543972  0.24097217306543972
1.5078648328781126  1.5083234310150146  0.4816937901927311  0.3406089455007303
1.5083234310150146  1.5087822675704956  0.9628869892815451  0.4814434946407726
1.5087822675704956  1.509241461753845           0.0  0.24053426932414718
1.509241461753845  1.5097008943557741  0.24040944614303872  0.24040944614303872
1.5097008943557741  1.5101605653762817           0.0  0.24028475244725478
1.5101605653762817  1.5106205940246582  0.480195908492442  0.3395497831930406
1.5106205940246582  1.5110808610916138           0.0  0.2399735833815506
1.5110808610916138  1.511541485786438  0.4795745369752416  0.339110407179592
1.511541485786438  1.5120022296905515           0.0  0.23972522779731265
1.5120022296905515  1.5124633312225344  0.4790785963987975  0.33875972423492284
1.5124633312225344  1.5129247903823853           0.0  0.2393536567906517
1.5129247903823853  1.5133864879608154  0.47846011125027976  0.33832238919234275
1.5133864879608154  1.513848423957825  0.47821316409585624  0.3381477711848552
1.513848423957825  1.5143107175827026  0.47784322095751003  0.3378861818830772
1.5143107175827026  1.5147732496261597  0.9551938200372854  0.4775969100186427
1.5147732496261597  1.5152360200881956           0.0  0.2386754264391065
1.5152360200881956  1.5156991481781006  0.4769822421805522  0.33727737795143253
1.5156991481781006  1.5161625146865845           0.0  0.23836840891077096
1.5161625146865845  1.5166261196136475  0.47649164589157456  0.33693047398867154
1.5166261196136475  1.5170900821685793  0.23806218022500603  0.23806218022500603
1.5170900821685793  1.51755428314209  0.2379399089461137  0.2379399089461137
1.51755428314209  1.5180188417434692           0.0  0.23775673734580696
1.5180188417434692  1.5184836387634277  0.4752695590849791  0.3360663281205292
1.5184836387634277  1.5189486742019653  0.4750258935842947  0.3358940305926541
1.5189486742019653  1.5194140672683716  0.44532789049855964  0.3458512321405047
1.5194140672683716  1.519879698753357  0.4744178215238949  0.33546405871529533
1.519879698753357  1.5203455686569214  0.2370875141853037  0.2370875141853037
1.5203455686569214  1.5208117961883543  0.23690565211879522  0.23690565211879522
1.5208117961883543  1.5212783813476562  0.23672406883896932  0.23672406883896932
1.5212783813476562  1.521745204925537  0.7098095036538561  0.4098087080079084
1.521745204925537  1.5222122669219973           0.0  0.23648239036133903
1.5222122669219973  1.5226795673370361           0.0  0.23636173608076713
1.5226795673370361  1.5231472253799438           0.0  0.23618098532657833
1.5231472253799438  1.5236152410507202  0.23600051080900833  0.23600051080900833
1.5236152410507202  1.5240833759307861  0.4718808278259062  0.33367013326761996
1.5240833759307861  1.52455198764801  0.7071009962629911  0.4082449505366904
1.52455198764801  1.525020718574524           0.0  0.23564038795415257
1.525020718574524  1.5254898071289065  0.23546073835723716  0.23546073835723716
1.5254898071289065  1.5259592533111572  0.70584408743266  0.407519273885152
1.5259592533111572  1.5264289379119873  -0.029064955930445873  0.24927114676587758
1.5264289379119873  1.5268988609313963  0.47008523867915  0.3324004600057237
1.5268988609313963  1.5273691415786743  0.9394555188194974  0.4697277594097487
1.5273691415786743  1.5278396606445312  0.4694897417968922  0.33197938012210376
1.5278396606445312  1.5283104181289673  0.469251965275344  0.3318112467313101
1.5283104181289673  1.5287815332412718  0.4688957517391718  0.3315593657243323
1.5287815332412718  1.5292530059814455  0.23427003930095933  0.23427003930095933
1.5292530059814455  1.5297247171401978  0.2341516313966649  0.2341516313966649
1.5297247171401978  1.5301966667175293           0.0  0.2340333431260841
1.5301966667175293  1.5306689739227293  0.4677122692764273  0.3307225172495103
1.5306689739227293  1.5311415195465088  0.46747628932176155  0.33055565422334204
1.5311415195465088  1.5316144227981565           0.0  0.23356138276697805
1.5316144227981565  1.5320875644683836  0.2334436899562023  0.2334436899562023
1.5320875644683836  1.5325610637664793  0.4665347459396611  0.3298898825130775
1.5325610637664793  1.5330348014831543  0.4662999524085217  0.3297238584150301
1.5330348014831543  1.5335087776184082  0.46606539508861516  0.32955800134354724
1.5335087776184082  1.5339831113815308  1.3971420036735362  0.5703808345349773
1.5339831113815308  1.534457802772522           0.0  0.23268156841691787
1.534457802772522  1.5349326133728027           0.0  0.23262314974545995
1.5349326133728027  1.5354079008102417  0.46477953621076845  0.3286487618113729
1.5354079008102417  1.5358834266662598  0.23227325280425343  0.23227325280425343
1.5358834266662598  1.536359190940857  0.23215685428117436  0.23215685428117436
1.536359190940857  1.536835312843323  0.231982475071541  0.231982475071541
1.536835312843323  1.5373116731643677  0.4637327354537531  0.32790856189753614
1.5373116731643677  1.5377883911132812  0.231692424465158  0.231692424465158
1.5377883911132812  1.5382653474807741           0.0  0.23157660720713208
1.5382653474807741  1.538742661476135  0.6942092947829888  0.4008019232168988
1.538742661476135  1.5392202138900757           0.0  0.2312875700039281
1.5392202138900757  1.5396980047225954  0.6935164711345331  0.400401921296962
1.5396980047225954  1.540176272392273  0.23094167633015877  0.23094167633015877
1.540176272392273  1.5406546592712402           0.0  0.23088412794322624
1.5406546592712402  1.541133403778076           0.0  0.23071165474018837
1.541133403778076  1.5416125059127808  0.23053943902357238  0.23053943902357238
1.5416125059127808  1.5420918464660645  0.460849542619332  0.3258698366928485
1.5420918464660645  1.5425715446472168           0.0  0.23025298345829195
1.5425715446472168  1.543051481246948  0.23013860045618367  0.23013860045618367
1.543051481246948  1.5435317754745486  0.22996723887696952  0.22996723887696952
1.5435317754745486  1.5440123081207275           0.0  0.22985313952780823
1.5440123081207275  1.5444930791854856  0.45947830668812034  0.3249002264672821
1.5444930791854856  1.5449743270874021  0.4590230396017671  0.3245783040232707
1.5449743270874021  1.5454556941986084  0.45890936376212943  0.32449792306620584
1.5454556941986084  1.5459374189376829  0.4585686738117267  0.32425701889199393
1.5459374189376829  1.5464195013046265           0.0  0.2291142446675915
1.5464195013046265  1.546901822090149  0.6870029699230106  0.3966413496191225
1.546901822090149  1.54738450050354  0.22883131771700838  0.22883131771700838
1.54738450050354  1.5478675365447998  0.2286618967019168  0.2286618967019168
1.5478675365447998  1.5483506917953491  0.9144219150616006  0.4572109575308003
1.5483506917953491  1.5488343238830566           0.0  0.22838008514571528
1.5488343238830566  1.549318194389343  0.2282675549240187  0.2282675549240187
1.549318194389343  1.549802303314209  0.22815513554192116  0.22815513554192116
1.549802303314209  1.5502867698669434  0.22798671393606468  0.22798671393606468
1.5502867698669434  1.5507715940475464  0.45563708160126226  0.3221840701603009
1.5507715940475464  1.5512566566467285  0.455413126289588  0.32202570984073325
1.5512566566467285  1.5517419576644897  0.227594695513674  0.227594695513674
1.5517419576644897  1.5522277355194092  0.4547425793551739  0.3215515615563052
1.5522277355194092  1.5527136325836182  0.6819465201934496  0.39372200700661664
1.5527136325836182  1.5531998872756958  0.2271483219995506  0.2271483219995506
1.5531998872756958  1.553686499595642  0.9079255320295608  0.4539627660147804
1.553686499595642  1.554173469543457           0.0  0.22681468921325992
1.554173469543457  1.554660677909851           0.0  0.22670369597165815
1.554660677909851  1.5551481246948242           0.0  0.22659281130745093
1.5551481246948242  1.555635929107666  0.6792800626364859  0.39218252701832096
1.555635929107666  1.5561240911483765           0.0  0.22626080718831912
1.5561240911483765  1.556612491607666           0.0  0.22615035524436583
1.556612491607666  1.5571012496948242  0.4519697587493497  0.31959088130291313
1.5571012496948242  1.5575902462005615  0.9034987863833904  0.4517493931916952
1.5575902462005615  1.5580796003341675           0.0  0.22570962373597242
1.5580796003341675  1.558569312095642  0.22554479197569785  0.22554479197569785
1.558569312095642  1.5590592622756958  0.9017401512760748  0.4508700756380374
1.5590592622756958  1.5595494508743286  0.6481269673984786  0.3982332575907261
1.5595494508743286  1.5600401163101196  0.45021283062981865  0.3183485455155354
1.5600401163101196  1.5605310201644897  0.22499708728415901  0.22499708728415901
1.5605310201644897  1.561022162437439           0.0  0.22488786539712788
1.561022162437439  1.5615136623382568           0.0  0.22472423124816077
1.5615136623382568  1.5620055198669434  0.8982433402192601  0.44912167010963006
1.5620055198669434  1.562497615814209  0.22445203620062182  0.22445203620062182
1.562497615814209  1.5629900693893433           0.0  0.2242890354481159
1.5629900693893433  1.5634827613830566  0.22418049974260024  0.22418049974260024
1.5634827613830566  1.5639758110046387           0.0  0.22401789299713898
1.5639758110046387  1.5644692182540894           0.0  0.22385552197056457
1.5644692182540894  1.5649628639221191  0.44749481064292046  0.3164266151513991
1.5649628639221191  1.5654568672180176           0.0  0.22358542602224102
1.5654568672180176  1.5659512281417847  0.4468473621587494  0.31596879993777277
1.5659512281417847  1.5664458274841309  0.8932639242575723  0.44663196212878614
1.5664458274841309  1.5669407844543457  0.44630925117349074  0.3155882980110654
1.5669407844543457  1.5674359798431396  0.6691415542389264  0.38632905646580873
1.5674359798431396  1.5679315328598022           0.0  0.22288621732888303
1.5679315328598022  1.5684274435043335  0.44545096415200325  0.3149813974379672
1.5684274435043335  1.5689235925674438  0.44523690794625986  0.314830036843331
1.5689235925674438  1.5694200992584229  0.22245810454649864  0.22245810454649864
1.5694200992584229  1.569916844367981  0.4447026663960484  0.31445227102038487
1.569916844367981  1.5704139471054077  0.22219136821011193  0.22219136821011193
1.5704139471054077  1.5709114074707031  0.2220316332221823  0.2220316332221823
1.5709114074707031  1.5714092254638672  0.2218721277385457  0.2218721277385457
1.5714092254638672  1.5719072818756104           0.0  0.2217659180076991
1.5719072818756104  1.5724056959152222           0.0  0.22160679393354862
1.5724056959152222  1.572904348373413  0.22150083801964301  0.22150083801964301
1.572904348373413  1.5734033584594727           0.0  0.22134209398857305
1.5734033584594727  1.5739027261734009  0.4423671546603804  0.31280081483455324
1.5739027261734009  1.5744023323059082  0.44215605126994356  0.3126515421956439
1.5744023323059082  1.5749022960662842           0.0  0.22091988684696395
1.5749022960662842  1.5754026174545288  0.6622859223989755  0.3823709555775481
1.5754026174545288  1.5759031772613525  0.4413136486954831  0.3120558736227539
1.5759031772613525  1.576404094696045  0.6614978620439078  0.381915968719412
1.576404094696045  1.576905369758606  0.44068395026690454  0.3116106095938035
1.576905369758606  1.5774070024490356  0.44036977444684733  0.3113884537409562
1.5774070024490356  1.5779088735580444  0.22008028632688045  0.22008028632688045
1.5779088735580444  1.5784109830856323  0.21997578476642135  0.21997578476642135
1.5784109830856323  1.5789135694503784  0.43953415817654967  0.3107975838097589
1.5789135694503784  1.5794163942337036  0.43932574937703495  0.3106502165343631
1.5794163942337036  1.5799195766448975  0.21950675324239913  0.21950675324239913
1.5799195766448975  1.5804229974746704  0.6582083865281791  0.38001678914491344
1.5804229974746704  1.580926775932312  0.21924704340657045  0.21924704340657045
1.580926775932312  1.5814309120178223  0.6572745368428707  0.379477630777718
1.5814309120178223  1.5819354057312012  0.6568086049878309  0.3792086248957867
1.5819354057312012  1.5824401378631592           0.0  0.21883278352294916
1.5824401378631592  1.5829452276229858  0.6560335181280388  0.3787611282886404
1.5829452276229858  1.5834506750106812  0.21852311448966197  0.21852311448966197
1.5834506750106812  1.5839563608169556  0.6552602584414192  0.3783146866004171
1.5839563608169556  1.5844624042510986  0.43653145132446025  0.30867434943273114
1.5844624042510986  1.5849688053131104  0.21811158320060425  0.21811158320060425
1.5849688053131104  1.5854755640029907  1.089788291503372  0.48736814017697927
1.5854755640029907  1.5859825611114502  0.4357103246819501  0.3080937252155993
1.5859825611114502  1.5864899158477783  0.4354031980433115  0.3078765538867349
1.5864899158477783  1.586997628211975  0.6526447561184552  0.37680462563018774
1.586997628211975  1.587505578994751  0.21744614067969184  0.21744614067969184
1.587505578994751  1.5880138874053955           0.0  0.21729315324487966
1.5880138874053955  1.5885225534439087  0.21714038093184132  0.21714038093184132
1.5885225534439087  1.5890315771102905  0.6509634698614756  0.3758339345571357
1.5890315771102905  1.5895408391952515  0.43377247445513434  0.306723458179294
1.5895408391952515  1.590050458908081  0.21673403635933727  0.21673403635933727
1.590050458908081  1.5905604362487793  0.4331640979131215  0.30629327100092185
1.5905604362487793  1.5910707712173462  0.21643027457046646  0.21643027457046646
1.5910707712173462  1.5915813446044922  0.4059211030834408  0.315247072210257
1.5915813446044922  1.5920922756195068  0.21617778941581123  0.21617778941581123
1.5920922756195068  1.5926035642623901           0.0  0.2160265808897568
1.5926035642623901  1.5931150913238525  0.43185178533496477  0.30536532587787085
1.5931150913238525  1.5936270952224731           0.0  0.21572479754043467
1.5936270952224731  1.5941393375396729  0.21562439037378797  0.21562439037378797
1.5941393375396729  1.5946519374847412  0.6464218642577908  0.37321183733929525
1.5946519374847412  1.5951647758483887  0.6461213427030452  0.3730383311387656
1.5951647758483887  1.5956780910491943  0.4303474247265058  0.3043015822902796
1.5956780910491943  1.596191644668579  0.21507381741786605  0.21507381741786605
1.596191644668579  1.5967055559158325  0.21492414879057456  0.21492414879057456
1.5967055559158325  1.5972198247909546  0.8590987533019628  0.4295493766509814
1.5972198247909546  1.5977343320846558  0.42935032689349717  0.30359652765105277
1.5977343320846558  1.5982491970062256  0.2145260489548893  0.2145260489548893
1.5982491970062256  1.5987645387649536  0.21432755156978184  0.21432755156978184
1.5987645387649536  1.5992799997329712           0.0  0.21427798460595904
1.5992799997329712  1.599795937538147           0.0  0.21407994580318088
1.599795937538147  1.6003122329711914  0.42786331352397455  0.3025450504137483
1.6003122329711914  1.600828766822815  0.6414987344353797  0.37036946701107076
1.600828766822815  1.6013456583023071  0.427369928706719  0.3021961746637324
1.6013456583023071  1.601862907409668  0.6406116654317817  0.3698573174830536
1.601862907409668  1.602380394935608  -0.052760159578878946  0.23836359996724138
1.602380394935608  1.602898359298706  0.21324234877702344  0.21324234877702344
1.602898359298706  1.6034165620803833           0.0  0.21314423865566295
1.6034165620803833  1.6039351224899292  0.42599448525800776  0.30122358927401005
1.6039351224899292  1.6044540405273438  0.6385513476472549  0.3686677924555409
1.6044540405273438  1.604973316192627           0.0  0.21270385799728347
1.604973316192627  1.6054928302764893  0.42521248528506966  0.3006706317902578
1.6054928302764893  1.6060128211975098  0.1861582024461738  0.225155506248867
1.6060128211975098  1.6065330505371094  0.8492557336720136  0.4246278668360068
1.6065330505371094  1.6070536375045776  0.8486723200697658  0.4243361600348829
1.6070536375045776  1.6075745820999146  0.8480897074930589  0.42404485374652945
1.6075745820999146  1.6080957651138306  0.4238508716542392  0.2997078255585416
1.6080957651138306  1.6086174249649048  0.6351951591198584  0.3667300961057974
1.6086174249649048  1.609139323234558  0.21163499438925693  0.21163499438925693
1.609139323234558  1.60966157913208           0.0  0.21149007200095113
1.60966157913208  1.6101841926574707  0.21134534795533003  0.21134534795533003
1.6101841926574707  1.61070716381073           0.0  0.2112008218454905
1.61070716381073  1.611230492591858  0.8442259730625666  0.4221129865312833
1.611230492591858  1.6117541790008545  0.21091236181110104  0.21091236181110104
1.6117541790008545  1.6122781038284302  0.4216327669789155  0.29813938870123863
1.6122781038284302  1.6128023862838745  0.4213451593616038  0.2979360194047166
1.6128023862838745  1.6133270263671875  0.42105794384738326  0.2977329273669493
1.6133270263671875  1.6138520240783691  0.21038555981747656  0.21038555981747656
1.6138520240783691  1.6143773794174194  0.21024234296259742  0.21024234296259742
1.6143773794174194  1.6149030923843384  0.21009932096058204  0.21009932096058204
1.6149030923843384  1.615429162979126  0.20995649341404188  0.20995649341404188
1.615429162979126  1.6159554719924927  0.419722765769498  0.296788813893985
1.6159554719924927  1.6164822578430176  0.6290142603096855  0.36316155251391025
1.6164822578430176  1.6170092821121216           0.0  0.20957656761731888
1.6170092821121216  1.6175366640090942  0.4188688993834389  0.29618503918217537
1.6175366640090942  1.6180644035339355  0.20929252438133428  0.20929252438133428
1.6180644035339355  1.6185925006866455  0.2091507912948458  0.2091507912948458
1.6185925006866455  1.6191209554672241  0.41801850008399133  0.2955837160708197
1.6191209554672241  1.6196497678756714  0.4177358004671627  0.2953838172547213
1.6196497678756714  1.6201788187026978  0.4175475463885384  0.29525070151914007
1.6201788187026978  1.6207083463668823           0.0  0.2085857733985067
1.6207083463668823  1.621238112449646  0.4169838008263577  0.29485207320925827
1.621238112449646  1.6217682361602783  0.41670249850963204  0.29465316243353806
1.6217682361602783  1.6222988367080688  0.6244920279282185  0.3605506404311322
1.6222988367080688  1.6228296756744385  0.4161410309616738  0.2942561449229606
1.6228296756744385  1.6233608722686768  0.20793043209967838  0.20793043209967838
1.6233608722686768  1.6238924264907837  1.0389526860688123  0.4646337662911726
1.6238924264907837  1.6244243383407593  0.41530166088577625  0.29366262065036836
1.6244243383407593  1.6249566078186035  0.38937515890400376  0.3023971355602532
1.6249566078186035  1.6254891157150269  0.4148368056575629  0.2933339183662287
1.6254891157150269  1.6260221004486084  0.8289313401352421  0.41446567006762103
1.6260221004486084  1.6265554428100586  0.6212816308244301  0.3586971167990544
1.6265554428100586  1.627089023590088           0.0  0.2070013416970882
1.627089023590088  1.6276230812072754  0.4136330381411459  0.2924827261923981
1.6276230812072754  1.628157377243042  0.20672423146723934  0.20672423146723934
1.628157377243042  1.6286921501159668           0.0  0.20653990312888248
1.6286921501159668  1.6292271614074707  0.4128957243476679  0.2919613666091675
1.6292271614074707  1.6297625303268433  0.20630995445027095  0.20630995445027095
1.6297625303268433  1.6302982568740845  0.6185166925475079  0.3571007789405806
1.6302982568740845  1.6308344602584839  0.20598888515699573  0.20598888515699573
1.6308344602584839  1.6313709020614624           0.0  0.20589733454137038
1.6313709020614624  1.6319077014923096  0.41152032220127327  0.2909888104245933
1.6319077014923096  1.6324448585510254           0.0  0.20562317031428468
1.6324448585510254  1.6329823732376099  0.6164590854532047  0.35591281893079824
1.6329823732376099  1.633520245552063           0.0  0.20534973524737737
1.633520245552063  1.6340584754943848           0.0  0.2052132902405685
1.6340584754943848  1.6345970630645752           0.0  0.2050770264356279
1.6345970630645752  1.6351360082626343           0.0  0.20494094347183517
1.6351360082626343  1.635675311088562           0.0  0.20480504098942678
1.635675311088562  1.6362149715423584           0.0  0.20466931862959284
1.6362149715423584  1.6367548704147339  -0.025285035629489232  0.21685323874090476
1.6367548704147339  1.6372952461242676  0.2043984128471579  0.2043984128471579
1.6372952461242676  1.63783597946167  0.40852645742335403  0.28887182833817104
1.63783597946167  1.638377070426941           0.0  0.2041282232730044
1.638377070426941  1.6389185190200806  0.40798679235410257  0.2884902275081338
1.6389185190200806  1.6394603252410889  0.2038587470706638  0.2038587470706638
1.6394603252410889  1.6400024890899658  0.40744855120323964  0.288109633540445
1.6400024890899658  1.6405450105667114  0.203589981418626  0.203589981418626
1.6405450105667114  1.6410878896713257  0.20345586417131464  0.20345586417131464
1.6410878896713257  1.641631007194519           0.0  0.20336655079810512
1.641631007194519  1.6421746015548706  0.2031881590868787  0.2031881590868787
1.6421746015548706  1.6427185535430908           0.0  0.20305457055361975
1.6427185535430908  1.6432628631591797  0.2029211575637685  0.2029211575637685
1.6432628631591797  1.6438075304031372  0.20278791977154015  0.20278791977154015
1.6438075304031372  1.6443525552749634  0.405309713664115  0.28659724701267364
1.6443525552749634  1.6448979377746582           0.0  0.20252196840134795
1.6448979377746582  1.6454437971115112  0.40469010938465466  0.28615912062501503
1.6454437971115112  1.6459898948669434  0.4045134273897258  0.28603418758828725
1.6459898948669434  1.6465363502502441  0.6063730402069155  0.3500896379927944
1.6465363502502441  1.6470831632614136           0.0  0.2019921529182836
1.6470831632614136  1.6476303339004517           0.0  0.20186013190330432
1.6476303339004517  1.648177981376648  0.20168437210190834  0.20168437210190834
1.648177981376648  1.6487258672714233           0.0  0.20159660692692927
1.6487258672714233  1.6492741107940674  0.4029302045819382  0.2849146800047714
1.6492741107940674  1.6498228311538696  0.37770151738135493  0.2933311341030916
1.6498228311538696  1.6503719091415405  0.20115892432396154  0.20115892432396154
1.6503719091415405  1.6509212255477905           0.0  0.20107161576305704
1.6509212255477905  1.6514710187911987           0.0  0.2008972258100969
1.6514710187911987  1.6520211696624756  0.7782526750549753  0.40768953276383635
1.6520211696624756  1.652571678161621  0.401272414654035  0.2837424455049683
1.652571678161621  1.6531224250793457  0.6016480554780304  0.34736166678765573
1.6531224250793457  1.6536736488342285  0.20037586622754475  0.20037586622754475
1.6536736488342285  1.6542253494262695  0.8008107220710172  0.4004053610355086
1.6542253494262695  1.6547772884368896           0.0  0.2001161998782218
1.6547772884368896  1.6553295850753784  0.19998661891564146  0.19998661891564146
1.6553295850753784  1.6558822393417358  0.39971441131844987  0.2826407707812648
1.6558822393417358  1.6564353704452515           0.0  0.19968491496469112
1.6564353704452515  1.6569887399673462  0.1995988809642755  0.1995988809642755
1.6569887399673462  1.6575425863265991  0.19942703517782326  0.19942703517782326
1.6575425863265991  1.6580967903137207  0.199298344899154  0.199298344899154
1.6580967903137207  1.658651351928711           0.0  0.1991698206010677
1.658651351928711  1.6592062711715698           0.0  0.19904146196265668
1.6592062711715698  1.6597615480422974  0.39782653732768003  0.28130584228036576
1.6597615480422974  1.6603171825408936           0.0  0.19878524038536083
1.6603171825408936  1.6608731746673584           0.0  0.19865737680878362
1.6608731746673584  1.6614296436309814  0.19848714769412315  0.19848714769412315
1.6614296436309814  1.6619863510131836  0.7936085699667382  0.3968042849833691
1.6619863510131836  1.662543535232544           0.0  0.19823235032866213
1.662543535232544  1.663101077079773           0.0  0.19810519680054883
1.663101077079773  1.6636589765548706           0.0  0.19797820628977925
1.6636589765548706  1.664217233657837           0.0  0.19785137848305934
1.664217233657837  1.6647758483886719  0.39544942613579465  0.27962497083694915
1.6647758483886719  1.665334939956665  0.19755607791815924  0.19755607791815924
1.665334939956665  1.6658943891525269  0.39485958041174807  0.27920788692562193
1.6658943891525269  1.6664540767669678           0.0  0.19734568805882147
1.6664540767669678  1.667014241218567  0.19717769853929917  0.19717769853929917
1.667014241218567  1.6675747632980347  0.1970518939677088  0.1970518939677088
1.6675747632980347  1.668135643005371  0.19692624982702803  0.19692624982702803
1.668135643005371  1.6686969995498657           0.0  0.19675897333535078
1.6686969995498657  1.6692585945129395           0.0  0.19667544161243192
1.6692585945129395  1.6698206663131714  0.1965085907605868  0.1965085907605868
1.6698206663131714  1.670383095741272  0.19638363828659747  0.19638363828659747
1.670383095741272  1.6709458827972412           0.0  0.1962588446168538
1.6709458827972412  1.671509027481079  0.3922684188976151  0.2773756590478289
1.671509027481079  1.6720726490020752  0.1959682752614566  0.1959682752614566
1.6720726490020752  1.67263662815094           0.0  0.1958440087584373
1.67263662815094  1.6732008457183838  0.5872837558226285  0.339068434514889
1.6732008457183838  1.6737655401229858           0.0  0.19559594794937024
1.6737655401229858  1.674330711364746  0.39086184578619143  0.2763810616625066
1.674330711364746  1.6748961210250854  0.1953485147451332  0.1953485147451332
1.6748961210250854  1.675462007522583           0.0  0.19518390676978445
1.675462007522583  1.6760282516479492  0.3901212654468071  0.27585739228251444
1.6760282516479492  1.676594853401184  0.19493751429332354  0.19493751429332354
1.676594853401184  1.6771618127822876           0.0  0.1948145511850645
1.6771618127822876  1.6777291297912598           0.0  0.19469174310488901
1.6777291297912598  1.6782969236373901  0.19452823964647634  0.19452823964647634
1.6782969236373901  1.6788650751113892  0.38881158432067425  0.2749313078770339
1.6788650751113892  1.6794335842132568  0.19428349872848957  0.19428349872848957
1.6794335842132568  1.6800025701522827  0.5823620398718836  0.3362268804858516
1.6800025701522827  1.6805717945098877  0.3880787457324259  0.27441311274176833
1.6805717945098877  1.6811414957046509  0.3877539256899631  0.27418343028707753
1.6811414957046509  1.6817115545272827  0.193755333633661  0.193755333633661
1.6817115545272827  1.6822820901870728  0.3871867970899151  0.2737824098081788
1.6822820901870728  1.682852864265442  0.387025064927388  0.2736680478993199
1.682852864265442  1.6834241151809692  -0.02389731351543338  0.20495165239097615
1.6834241151809692  1.6839957237243652  0.5796900972489052  0.3346842336932157
1.6839957237243652  1.6845676898956299           0.0  0.19310921330474506
1.6845676898956299  1.6851401329040527  0.5788450679526239  0.3341963558015346
1.6851401329040527  1.6857129335403442  0.3856557774968436  0.27269981547178845
1.6857129335403442  1.6862860918045044  0.5781227155383736  0.33377930544071743
1.6862860918045044  1.6868597269058228           0.0  0.19254738267584512
1.6868597269058228  1.6874336004257202  0.9623369395888728  0.4303701628359657
1.6874336004257202  1.6880079507827759  0.3846151952827591  0.2719640127318272
1.6880079507827759  1.6885826587677002  0.38437585788681466  0.2717947756361634
1.6885826587677002  1.6891578435897827  0.9601430108146805  0.4293890080605883
1.6891578435897827  1.6897333860397339  0.19190928033060622  0.19190928033060622
1.6897333860397339  1.6903092861175537  0.7671604267738911  0.38358021338694553
1.6903092861175537  1.6908855438232422  0.3833421619512482  0.27106384223043933
1.6908855438232422  1.6914622783660889  0.5745378289186649  0.3317095701858143
1.6914622783660889  1.6920393705368042  0.5741817839926669  0.33150400755194576
1.6920393705368042  1.6926168203353882  0.382550786720135  0.2705042554380561
1.6926168203353882  1.6931947469711304  0.1911175753787473  0.1911175753787473
1.6931947469711304  1.6937730312347412  0.38199876538287647  0.27011391740712093
1.6937730312347412  1.6943516731262207  0.7635253444055764  0.3817626722027882
1.6943516731262207  1.6949307918548584  -0.023572648490316338  0.2021672124861173
1.6949307918548584  1.6955102682113647  0.38121292138908325  0.26955824179015503
1.6955102682113647  1.6960901021957397           0.0  0.1904888991439488
1.6960901021957397  1.6966702938079834  1.332600377656291  0.5036755994727572
1.6966702938079834  1.6972509622573853           0.0  0.1902151520090673
1.6972509622573853  1.6978321075439453  0.7602363121527523  0.38011815607637617
1.6978321075439453  1.6984134912490845  0.37996227411776373  0.2686739006237326
1.6984134912490845  1.6989953517913818  0.18982544671914914  0.18982544671914914
1.6989953517913818  1.6995775699615479  0.16626168695131247  0.20109097425420921
1.6995775699615479  1.700160264968872  0.5686608053004297  0.32831646901779243
1.700160264968872  1.700743317604065  0.5683120049700472  0.3281150890531526
1.700743317604065  1.7013267278671265           0.0  0.18932121075524455
1.7013267278671265  1.7019106149673462  0.5674997991646592  0.3276461618127745
1.7019106149673462  1.7024948596954346  0.3781016141343264  0.2673582153319616
1.7024948596954346  1.7030794620513916  0.37787031216809414  0.267194660143137
1.7030794620513916  1.7036645412445068  0.755124698806982  0.377562349403491
1.7036645412445068  1.7042499780654907           0.0  0.18866585327553795
1.7042499780654907  1.7048357725143433  0.5656520179707979  0.32657934484309514
1.7048357725143433  1.705422043800354  0.5651919512624035  0.3263137252051585
1.705422043800354  1.706008791923523  0.376488421550657  0.2662175159166891
1.706008791923523  1.706595778465271  0.5645032527027825  0.32591610490637074
1.706595778465271  1.7071832418441772           0.0  0.1880150173368845
1.7071832418441772  1.7077711820602417  0.37572506303169784  0.26567773993145655
1.7077711820602417  1.7083594799041748           0.0  0.18774832936903077
1.7083594799041748  1.7089481353759766  0.9381713299272649  0.4195629736517495
1.7089481353759766  1.709537148475647           0.0  0.1875203411123592
1.709537148475647  1.7101267576217651  0.37466154688077913  0.2649257204492405
1.7101267576217651  1.7107166051864624  0.3745101072902857  0.2648186364878625
1.7107166051864624  1.7113069295883179           0.0  0.18710379754365244
1.7113069295883179  1.711897611618042  0.373981031457585  0.2644445233787979
1.711897611618042  1.7124887704849243  0.18683968651667007  0.18683968651667007
1.7124887704849243  1.7130802869796753  0.9336336209554281  0.41753364850712194
1.7130802869796753  1.7136722803115845  0.5597289601909988  0.3231596658395025
1.7136722803115845  1.7142646312713623  0.3729273517553499  0.26369945931614885
1.7142646312713623  1.7148573398590088  0.5360213374783878  0.32935139887632053
1.7148573398590088  1.7154505252838135  0.1862013676519628  0.1862013676519628
1.7154505252838135  1.7160440683364868  0.37217835124971554  0.26316983597950266
1.7160440683364868  1.7166380882263184  0.7437591855799052  0.3718795927899526
1.7166380882263184  1.7172324657440186  0.18582791926116463  0.18582791926116463
1.7172324657440186  1.717827320098877  0.18567895900524387  0.18567895900524387
1.717827320098877  1.718422532081604  0.5567021863225516  0.32141215713177834
1.718422532081604  1.7190182209014893  0.16250191696422053  0.1965435898053948
1.7190182209014893  1.7196142673492432  0.9265380054361669  0.4143603927784678
1.7196142673492432  1.7202106714248657  0.18519648319731496  0.18519648319731496
1.7202106714248657  1.7208075523376465  0.1850485331408362  0.1850485331408362
1.7208075523376465  1.7214049100875854           0.0  0.18490081928480678
1.7214049100875854  1.722002625465393  0.3695803771185348  0.2613327908539975
1.722002625465393  1.7226006984710693  0.1846796901407548  0.1846796901407548
1.7226006984710693  1.7231992483139038  0.7381302572684061  0.36906512863420304
1.7231992483139038  1.723798155784607           0.0  0.18442237369350453
1.723798155784607  1.7243975400924683  0.1842756574057611  0.1842756574057611
1.7243975400924683  1.7249974012374878  0.7365166974850292  0.3682583487425146
1.7249974012374878  1.725597620010376  0.18401946483339957  0.18401946483339957
1.725597620010376  1.7261981964111328  0.5517296578619493  0.3185412664864965
1.7261981964111328  1.7267992496490479  0.9188199181239258  0.41090875920117786
1.7267992496490479  1.7274006605148315  0.550964126126561  0.3180992865329969
1.7274006605148315  1.7280025482177734  0.18350921082118574  0.18350921082118574
1.7280025482177734  1.7286049127578735  0.36672788657675315  0.2593157754486332
1.7286049127578735  1.7292076349258423           0.0  0.1832551434802545
1.7292076349258423  1.7298107147216797  0.18314647270926404  0.18314647270926404
1.7298107147216797  1.7304142713546753  0.1830017786759168  0.1830017786759168
1.7304142713546753  1.731018304824829  0.5485719392754096  0.3167181568105327
1.731018304824829  1.7316226959228516  0.9137455674912888  0.40863944060992874
1.7316226959228516  1.7322275638580322  0.5478151392015176  0.3162812180841485
1.7322275638580322  1.7328327894210815  0.34243846454724775  0.2659450877046544
1.7328327894210815  1.733438491821289  0.364706949591091  0.25788675720172083
1.733438491821289  1.7340445518493652  0.3644917409268949  0.25773458169589764
1.7340445518493652  1.7346510887145996  0.546307786224155  0.3154109474369044
1.7346510887145996  1.7352579832077026  0.3639905737325346  0.25738020297425723
1.7352579832077026  1.7358653545379639  0.36370481076983974  0.25717813804552375
1.7358653545379639  1.7364732027053833  0.15925124123753873  0.1926119470989523
1.7364732027053833  1.7370814085006714  0.5448087056661114  0.314545452873181
1.7370814085006714  1.7376900911331177  0.1814606356122536  0.1814606356122536
1.7376900911331177  1.7382991313934326  0.5440622462925231  0.3141144843529007
1.7382991313934326  1.7389086484909058  0.18121220524861467  0.18121220524861467
1.7389086484909058  1.7395185232162476           0.0  0.18110594320488013
1.7395185232162476  1.7401288747787476  0.7238578167470054  0.3619289083735027
1.7401288747787476  1.7407397031784058  0.3616463721452642  0.2557226021354301
1.7407397031784058  1.7413508892059326  0.5421521389328069  0.3130116833545874
1.7413508892059326  1.7419625520706177  0.5417294906077764  0.31276766723035854
1.7419625520706177  1.742574691772461  0.3608716671611166  0.25517480298772033
1.742574691772461  1.7431871891021729  1.2623133589048594  0.47710960347098275
1.7431871891021729  1.7438000440597534  0.18022524906363876  0.18022524906363876
1.7438000440597534  1.7444134950637817  1.0803008225062187  0.44103096397486885
1.7444134950637817  1.7450273036956787  0.5398356994190135  0.31167428637773736
1.7450273036956787  1.7456414699554443  0.3596809027314313  0.25433280538469405
1.7456414699554443  1.7462561130523682  0.5391027960256984  0.31125114440631685
1.7462561130523682  1.7468712329864502  1.7956162896049745  0.5678237278852246
1.7468712329864502  1.7474867105484009  0.35891458664968695  0.25379093808676034
1.7474867105484009  1.7481026649475098  0.35863673521817957  0.2535944674553791
1.7481026649475098  1.7487190961837769           0.0  0.17917965682385745
1.7487190961837769  1.7493360042572021  0.35808232094151377  0.2532024373607621
1.7493360042572021  1.749953269958496  0.7157497145122957  0.35787485725614787
1.749953269958496  1.7505708932876587  0.7153352676596541  0.357667633829827
1.7505708932876587  1.751189112663269  0.35732279422914265  0.2526653708719521
1.751189112663269  1.751807689666748  0.17855810472849623  0.17855810472849623
1.751807689666748  1.7524266242980957  0.1784549317095853  0.1784549317095853
1.7524266242980957  1.7530461549758911  0.534849724130941  0.3087956322029959
1.7530461549758911  1.7536660432815552  0.35636077132160265  0.2519851179503738
1.7536660432815552  1.754286289215088  0.17807764855586525  0.17807764855586525
1.754286289215088  1.7549071311950684  0.5337200492143818  0.30814341408582363
1.7549071311950684  1.7555283308029175  0.3556085225239558  0.25145319772441826
1.7555283308029175  1.7561498880386353  0.1777019573141862  0.1777019573141862
1.7561498880386353  1.7567720413208008  0.35506342419473724  0.2510677549994144
1.7567720413208008  1.757394552230835  1.0645783287278823  0.4346122827680343
1.757394552230835  1.7580175399780273  0.5318817482411979  0.3070820705241044
1.7580175399780273  1.7586408853530884  0.35438439680098177  0.25058761012467845
1.7586408853530884  1.7592648267745972  0.5310687841628774  0.30661270549464453
1.7592648267745972  1.7598891258239746  0.5307645629766089  0.3064370633108592
1.7598891258239746  1.7605137825012207  0.53046069013521  0.30626162224407816
1.7605137825012207  1.7611390352249146  0.17665166929192885  0.17665166929192885
1.7611390352249146  1.761764645576477  0.35310137402292946  0.24968037601790088
1.761764645576477  1.7623907327651978  0.17641622342653596  0.17641622342653596
1.7623907327651978  1.763017177581787  0.35263102014697123  0.24934778560265344
1.763017177581787  1.7636442184448242  0.17614790977873895  0.17614790977873895
1.7636442184448242  1.76427161693573  0.35209500491589085  0.24896876559793724
1.76427161693573  1.764899492263794  0.5277414118679515  0.3046916462044749
1.764899492263794  1.7655277252197266  0.1758136632706199  0.1758136632706199
1.7655277252197266  1.7661564350128174  0.35136063914909627  0.24844949058436552
1.7661564350128174  1.766785740852356  0.5265417723638001  0.3039990340138226
1.766785740852356  1.7674152851104736  0.3508949083265165  0.24812016916151175
1.7674152851104736  1.768045425415039  0.5258444979773932  0.3035964624591316
1.768045425415039  1.7686759233474731  0.3503641540692633  0.2477448692270644
1.7686759233474731  1.769307017326355  0.35003324723693496  0.24751088276198407
1.769307017326355  1.7699384689331055           0.0  0.17491750149823804
1.7699384689331055  1.7705702781677246  0.5244554747751887  0.30279450953942816
1.7705702781677246  1.7712026834487915  0.34930744785529383  0.24699766509744464
1.7712026834487915  1.771835446357727  0.34911002465567703  0.24685806581423206
1.771835446357727  1.7724686861038208  0.6976942812019329  0.34884714060096644
1.7724686861038208  1.7731024026870728  0.5228769782371145  0.3018831641382561
1.7731024026870728  1.773736596107483  0.6966451168692983  0.34832255843464915
1.773736596107483  1.7743711471557617  0.3481262466414303  0.24616242970917596
1.7743711471557617  1.7750062942504883  0.3477995515901527  0.24593142142303745
1.7750062942504883  1.7756417989730835  0.5214057430704372  0.30103374611873374
1.7756417989730835  1.776277780532837  0.868358018215714  0.38834151150746743
1.776277780532837  1.776914119720459  0.5207219963110716  0.3006389847431565
1.776914119720459  1.7775510549545288  0.17341156755309128  0.17341156755309128
1.7775510549545288  1.7781883478164673  0.6932570186578128  0.3466285093289064
1.7781883478164673  1.7788262367248535  0.17315230899573292  0.17315230899573292
1.7788262367248535  1.7794644832611084  0.6922211471319887  0.34611057356599434
1.7794644832611084  1.7801032066345215  1.0375565570393803  0.4235806906708986
1.7801032066345215  1.7807422876358032  0.8641466195077101  0.3864581167491771
1.7807422876358032  1.7813819646835327  0.3453365655744192  0.2441898273093447
1.7813819646835327  1.7820221185684204  0.5176189974503725  0.2988474675156368
1.7820221185684204  1.7826626300811768  0.5173299862848503  0.29868060684142367
1.7826626300811768  1.7833036184310913  0.5169451397263345  0.2984584155772679
1.7833036184310913  1.783945083618164  0.5165608653240105  0.2982365546476435
1.783945083618164  1.784587025642395  0.6882362157371712  0.3441181078685856
1.784587025642395  1.7852294445037842           0.0  0.17193134263057464
1.7852294445037842  1.7858723402023315  0.5154114623231041  0.2975729465156628
1.7858723402023315  1.7865155935287476  0.34341660690740056  0.2428322115162979
1.7865155935287476  1.7871594429016113  0.1715493437208233  0.1715493437208233
1.7871594429016113  1.7878036499023438  0.1714541090740501  0.1714541090740501
1.7878036499023438  1.788448452949524  0.17129561941877736  0.17129561941877736
1.788448452949524  1.7890936136245728  0.663643033144625  0.34765099661956844
1.7890936136245728  1.7897392511367798  0.5132226765709935  0.2963092504724833
1.7897392511367798  1.790385365486145  0.5128439144480629  0.2960905720588505
1.790385365486145  1.7910319566726685  0.17082190365711042  0.17082190365711042
1.7910319566726685  1.79167902469635  1.024176129811533  0.4181181541294538
1.79167902469635  1.7923264503479004  1.0236103908335483  0.4178871921588428
1.7923264503479004  1.7929744720458984  0.3408896267241232  0.24104536669277846
1.7929744720458984  1.7936229705810547  0.6812779451736521  0.34063897258682607
1.7936229705810547  1.7942718267440796  0.17022561187509955  0.17022561187509955
1.7942718267440796  1.7949212789535522  0.5102081527732196  0.29456881434636006
1.7949212789535522  1.7955710887908936  0.8498789262852384  0.3800774103636652
1.7955710887908936  1.7962214946746826  0.8281110888590318  0.384393729276519
1.7962214946746826  1.7968722581863403  0.8486334543287845  0.3795204183719251
1.7968722581863403  1.7975234985351562  0.8480120862494662  0.37924253411904424
1.7975234985351562  1.79817533493042  0.3179517345476183  0.24692816574186735
1.79817533493042  1.7988275289535522  0.3387088303550235  0.2395033107918011
1.7988275289535522  1.7994801998138428  0.5076920577732421  0.29311614622081633
1.7994801998138428  1.8001333475112915  0.676428549323721  0.3382142746618605
1.8001333475112915  1.8007869720458984  0.5069513070050156  0.29268847356537836
1.8007869720458984  1.8014410734176638  0.8443029027117298  0.37758373681276386
1.8014410734176638  1.8020957708358765  0.33741369462362747  0.23858751153357394
1.8020957708358765  1.802750825881958  0.674458966650531  0.3372294833252655
1.802750825881958  1.8034063577651978  0.3369841809187732  0.2382837994802589
1.8034063577651978  1.8040623664855957  0.8418480878031681  0.37648591021121913
1.8040623664855957  1.8047188520431519  0.5047419677335211  0.2914129109422498
1.8047188520431519  1.8053758144378662  0.8406260256180066  0.3759393873874685
1.8053758144378662  1.8060332536697388  1.0080195888698098  0.41152227391018587
1.8060332536697388  1.806691288948059  0.5035532638240037  0.29072661242010317
1.806691288948059  1.807349681854248  0.6710396562999579  0.33551982814997894
1.807349681854248  1.8080085515975952           0.0  0.16763850288333035
1.8080085515975952  1.8086678981781006  1.0051036037998555  0.4103318279903589
1.8086678981781006  1.8093277215957642  0.836981034721018  0.3743092979028616
1.8093277215957642  1.8099881410598755  0.9828000191788889  0.41386311391006647
1.8099881410598755  1.8106489181518555  1.0029276623880572  0.40944350362884263
1.8106489181518555  1.8113102912902832  0.6473749270689817  0.3391289101847701
1.8113102912902832  1.8119720220565796  0.3338274204417823  0.23605163274039698
1.8119720220565796  1.8126343488693237  0.8132062816441464  0.3774751956322332
1.8126343488693237  1.8132970333099365  1.0000410204383883  0.4082650369877091
1.8132970333099365  1.8139603137969968  0.9991423495001549  0.40789815611348573
1.8139603137969968  1.8146240711212158  0.16640409580385362  0.16640409580385362
1.8146240711212158  1.8152881860733032  0.33262897341093767  0.23520420271799386
1.8152881860733032  1.8159528970718384  0.9764548253678343  0.4111911138919957
1.8159528970718384  1.8166180849075317  0.16604623753336323  0.16604623753336323
1.8166180849075317  1.8172837495803833  0.3318545864742718  0.23465662846381513
1.8172837495803833  1.817949891090393  0.49742555767868657  0.2871887796275894
1.817949891090393  1.8186166286468506  0.33132058123946606  0.23427902974109488
1.8186166286468506  1.8192837238311768  0.8278574029987195  0.370229085756315
1.8192837238311768  1.8199512958526611  0.4963596457693751  0.286573375099816
1.8199512958526611  1.8206194639205933  0.9918337257122214  0.4049144229464184
1.8206194639205933  1.8212881088256836  0.660750939872467  0.3303754699362335
1.8212881088256836  1.8219572305679321  0.14466810601642793  0.1749738674964471
1.8219572305679321  1.8226267099380493  0.32996367714963204  0.2333195536577535
1.8226267099380493  1.8232969045639038  0.6592230561623386  0.3296115280811693
1.8232969045639038  1.823967456817627  0.6588714705323853  0.32943573526619263
1.823967456817627  1.8246384859085083  0.3292016363248061  0.23278070942297807
1.8246384859085083  1.8253101110458374  0.6578189601960716  0.3289094800980358
1.8253101110458374  1.8259820938110352  0.6574688702757969  0.32873443513789846
1.8259820938110352  1.8266546726226807  0.6568862144177007  0.32844310720885034
1.8266546726226807  1.8273277282714844  0.49231562456757  0.2842385583703453
1.8273277282714844  1.8280012607574463  0.32797805502165195  0.2319155067861847
1.8280012607574463  1.8286752700805664  0.983238067318182  0.4014052601016404
1.8286752700805664  1.8293498754501343  0.3274564429885728  0.23154667138044593
1.8293498754501343  1.8300248384475708  1.1454902928387791  0.4329546348699946
1.8300248384475708  1.830700397491455  0.8174854468291571  0.3655906059453571
1.830700397491455  1.8313764333724976  0.8169088392136896  0.36533273918045117
1.8313764333724976  1.8320529460906982  0.32653321777486055  0.2308938525712676
1.8320529460906982  1.8327300548553467  0.48936866484304586  0.28253713038010025
1.8327300548553467  1.8334075212478638  0.48911033192125647  0.2823879817981646
1.8334075212478638  1.8340855836868286  0.6515738434853493  0.32578692174267465
1.8340855836868286  1.8347641229629517  0.3255579780169244  0.2302042539251482
1.8347641229629517  1.835443139076233  0.48799403376202605  0.28174348675543703
1.835443139076233  1.836122751235962  0.9751320878121383  0.39809600782576304
1.836122751235962  1.8368027210235596  0.32487307343484106  0.22971995325069136
1.8368027210235596  1.837483286857605  0.16229427315399667  0.16229427315399667
1.837483286857605  1.8381643295288086  0.9730838495741294  0.39725981806663313
1.8381643295288086  1.83884596824646  1.1342717800023028  0.42871443557780853
1.83884596824646  1.83952796459198  1.1336769862005187  0.42848962465196805
1.83952796459198  1.8402105569839478  1.132687048210473  0.4281154632612486
1.8402105569839478  1.840893626213074  1.1318963417192076  0.42781660429897245
1.840893626213074  1.841577172279358  0.6463467076640864  0.3231733538320432
1.841577172279358  1.8422613143920898  0.6457835897795204  0.3228917948897602
1.8422613143920898  1.8429459333419798  0.32266690072661236  0.22815995356823415
1.8429459333419798  1.8436310291290285  0.3224423196226088  0.22800115074666685
1.8436310291290285  1.8443166017532349  0.16110902546278333  0.16110902546278333
1.8443166017532349  1.8450027704238892  0.30204310015746644  0.234573177601899
1.8450027704238892  1.8456894159317017  0.6434291704417826  0.3217145852208913
1.8456894159317017  1.8463765382766726  0.6429826547091376  0.3214913273545688
1.8463765382766726  1.8470642566680908  0.4818190355883859  0.27817834989764045
1.8470642566680908  1.8477524518966675  0.3209901283340263  0.22697429643893016
1.8477524518966675  1.8484411239624023  0.1603839372401189  0.1603839372401189
1.8484411239624023  1.8491302728652954           0.0  0.1602729640955141
1.8491302728652954  1.8498200178146362  0.32026892687043446  0.2264643299934227
1.8498200178146362  1.8505102396011353  0.6400953405431205  0.3200476702715602
1.8505102396011353  1.8512009382247925  0.15991335958511682  0.15991335958511682
1.8512009382247925  1.8518922328948975  0.47932643840463884  0.2767392482426228
1.8518922328948975  1.8525840044021606  0.4789960393431847  0.2765484922555522
1.8525840044021606  1.8532763719558716  0.31905578699592524  0.22560651056162945
1.8532763719558716  1.8539690971374514  0.4783366058006555  0.27616776812226035
1.8539690971374514  1.8546624183654785  0.3186169207140521  0.22529618523768283
1.8546624183654785  1.8553563356399536  0.31834324186090596  0.22510266506475582
1.8553563356399536  1.856050729751587  0.6362492741192562  0.3181246370596281
1.856050729751587  1.8567456007003784  0.15895316614104765  0.15895316614104765
1.8567456007003784  1.8574409484863281  0.3176883269110807  0.22463957026263393
1.8574409484863281  1.8581368923187256  0.15870812015007996  0.15870812015007996
1.8581368923187256  1.8588333129882812  0.15859945317291455  0.15859945317291455
1.8588333129882812  1.8595303297042844  0.15846382853368599  0.15846382853368599
1.8595303297042844  1.8602278232574463  0.6334219828650637  0.31671099143253184
1.8602278232574463  1.8609259128570557  0.15822028781355307  0.15822028781355307
1.8609259128570557  1.8616243600845337  0.13859397150882574  0.16762729446280214
1.8616243600845337  1.862323522567749  1.1058424617311453  0.4179691632794389
1.862323522567749  1.863023042678833  0.1578967289427687  0.1578967289427687
1.863023042678833  1.8637231588363647  0.29602589553999265  0.22990008688515762
1.8637231588363647  1.8644238710403442  0.47288431716714874  0.2730198878120057
1.8644238710403442  1.865125060081482  0.4725627365366373  0.2728342231484137
1.865125060081482  1.8658267259597778  0.6296554573130594  0.3148277286565297
1.8658267259597778  1.8665289878845215  0.4718407768305043  0.27241739951773375
1.8665289878845215  1.8672317266464233  0.31434707563568  0.22227694882814988
1.8672317266464233  1.8679349422454834  1.0994687299632424  0.4155601191106813
1.8679349422454834  1.8686388731002808  0.31381473511809205  0.2219005272382631
1.8686388731002808  1.8693431615829468  0.7841384609310822  0.3506773804827926
1.8693431615829468  1.8700480461120605  0.31339015911928525  0.22160030667037775
1.8700480461120605  1.8707534074783325  0.6263566033031379  0.31317830165156896
1.8707534074783325  1.8714593648910522  0.15645694114085898  0.15645694114085898
1.8714593648910522  1.8721659183502197  0.13700389388733086  0.16570411983424294
1.8721659183502197  1.8728729486465454  0.1562195254486877  0.1562195254486877
1.8728729486465454  1.8735804557800293  0.46834271546899753  0.27039779284902604
1.8735804557800293  1.874288558959961  0.46794848759402363  0.27017018527928777
1.874288558959961  1.8749971389770508  0.4676335828244449  0.2699883749258024
1.8749971389770508  1.8757063150405884  0.9344810947414693  0.38150030939900403
1.8757063150405884  1.8764159679412842  0.3112843962493421  0.22011130746547014
1.8764159679412842  1.8771262168884277  0.7775579098994351  0.34773446859555873
1.8771262168884277  1.8778369426727295  0.13619961071288325  0.16473135160307914
1.8778369426727295  1.878548264503479  0.7763851227050166  0.3472099822175865
1.878548264503479  1.8792600631713867  0.62069201503009  0.310346007515045
1.8792600631713867  1.8799724578857422  0.6201726944017181  0.31008634720085904
1.8799724578857422  1.8806854486465452  0.3098271210287428  0.21908085827492924
1.8806854486465452  1.8813989162445068  0.619240103883628  0.309620051941814
1.8813989162445068  1.8821128606796265  1.0829464080903601  0.40931526843110855
1.8821128606796265  1.8828274011611936  0.4637327354536811  0.26773621964622424
1.8828274011611936  1.883542537689209  0.30889748472608075  0.2184235061412797
1.883542537689209  1.8842581510543823  0.1543458279920318  0.1543458279920318
1.8842581510543823  1.8849743604660034  0.28937418184194025  0.22473422274908966
1.8849743604660034  1.8856910467147825  0.3082295427266979  0.2179511998240768
1.8856910467147825  1.8864083290100098  0.6159468209645205  0.30797341048226023
1.8864083290100098  1.887126088142395  0.46165321646047186  0.26653560879571
1.887126088142395  1.887844443321228  0.15375672177832175  0.15375672177832175
1.887844443321228  1.8885633945465088  0.4608877493464601  0.26609366615137947
1.8885633945465088  1.8892828226089478  0.15352742426448499  0.15352742426448499
1.8892828226089478  1.8900028467178345  -0.01895959045793986  0.16260402620158243
1.8900028467178345  1.8907233476638794  0.30659761927073687  0.21679725568198935
1.8907233476638794  1.891444444656372  0.153172095459773  0.153172095459773
1.891444444656372  1.8921661376953127           0.0  0.1530455905906643
1.8921661376953127  1.8928883075714111  0.7647226852397258  0.34199438162644036
1.8928883075714111  1.8936110734939575  0.15281840762595528  0.15281840762595528
1.8936110734939575  1.8943344354629514  0.7634624303200819  0.3414307784925799
1.8943344354629514  1.895058274269104  0.7629594906421957  0.3412058570309129
1.895058274269104  1.895782709121704  0.3049326988435632  0.21561997915779887
1.895782709121704  1.8965076208114626  0.6094642364320888  0.3047321182160444
1.8965076208114626  1.8972331285476685  0.15224088160309734  0.15224088160309734
1.8972331285476685  1.8979592323303223  0.6084636384410881  0.30423181922054404
1.8979592323303223  1.8986858129501345  0.3040321592898716  0.21498320153265682
1.8986858129501345  1.8994129896163938  0.45567442890331117  0.26308375419015567
1.8994129896163938  1.9001407623291016  0.6070683082298994  0.3035341541149497
1.9001407623291016  1.9008691310882568  0.9098572884806875  0.3714476825883265
1.9008691310882568  1.9015979766845705  0.30308734230810747  0.21431511503787118
1.9015979766845705  1.9023274183273315  0.15141984073156542  0.15141984073156542
1.9023274183273315  1.903057336807251  0.6052836880197072  0.3026418440098536
1.903057336807251  1.9037878513336182  0.3023949103903939  0.21382549173334592
1.9037878513336182  1.904518961906433  0.9064451382059353  0.3700546780718531
1.904518961906433  1.9052506685256958  0.4528533750909906  0.261455018012214
1.9052506685256958  1.9059828519821167  0.30170563511434934  0.21333810051155058
1.9059828519821167  1.9067156314849854  0.3014602262684779  0.21316457025247174
1.9067156314849854  1.9074490070343018  0.45182282449748057  0.2608600293496374
1.9074490070343018  1.908182978630066  0.30097060433203404  0.21281835526099457
1.908182978630066  1.9089174270629883  0.3007752005960613  0.21268018395421906
1.9089174270629883  1.9096524715423584  0.45079695366663974  0.2602677425492977
1.9096524715423584  1.9103881120681763  0.6005755990511533  0.30028779952557666
1.9103881120681763  1.9111242294311523  0.30009328111292854  0.21219799406347267
1.9111242294311523  1.9118609428405764  0.5997009743921603  0.29985048719608015
1.9118609428405764  1.912598371505737  0.2995596525821936  0.21182066171075536
1.912598371505737  1.9133361577987669  0.5988288934795067  0.29941444673975337
1.9133361577987669  1.9140746593475342  0.29912445696073875  0.21151293193568196
1.9140746593475342  1.9148136377334595  0.14946572115440665  0.14946572115440665
1.9148136377334595  1.915553331375122  0.29864238692543654  0.21117205694471294
1.915553331375122  1.9162935018539429  0.44767499054735066  0.2584652763019761
1.9162935018539429  1.9170341491699219  0.2982578482009228  0.21090014700498047
1.9170341491699219  1.9177755117416384  0.2979700934027623  0.21069667363588218
1.9177755117416384  1.9185173511505127  0.42826580265841907  0.26314240000217837
1.9185173511505127  1.919259786605835  0.8926185023469815  0.36440997761956884
1.919259786605835  1.920002818107605  0.7432520499247287  0.3323924216095522
1.920002818107605  1.9207464456558228  0.4455937826720905  0.257263690374955
1.9207464456558228  1.9214906692504883  0.4452369079462599  0.2570576486559298
1.9214906692504883  1.9222354888916016  0.14829353480092297  0.14829353480092297
1.9222354888916016  1.922980785369873  0.14819865729945086  0.14819865729945086
1.922980785369873  1.9237266778945923  0.2961604620221086  0.20941707101517398
1.9237266778945923  1.9244731664657593  0.4438859815248324  0.25627769092286323
1.9244731664657593  1.925220251083374  0.7392197266923304  0.3305891118385733
1.925220251083374  1.9259679317474367  0.5909043402014615  0.29545217010073077
1.9259679317474367  1.9267162084579468  0.14760841252771098  0.14760841252771098
1.9267162084579468  1.9274649620056152  0.5900576375966673  0.29502881879833365
1.9274649620056152  1.928214430809021  0.14737362898618844  0.14737362898618844
1.928214430809021  1.928964376449585  0.2945598491292853  0.208285266784604
1.928964376449585  1.9297149181365967  1.1773036917867432  0.41623971198918164
1.9297149181365967  1.930466055870056  0.29409236801664523  0.20795470771977959
1.930466055870056  1.9312177896499634  1.028507142095029  0.388739159948174
1.9312177896499634  1.9319701194763184  0.14681318419207207  0.14681318419207207
1.9319701194763184  1.932723045349121  0.2933939219240554  0.20746083175141605
1.932723045349121  1.9334765672683716  0.43974276480121827  0.25388560363217366
1.9334765672683716  1.93423068523407  0.5858602626847259  0.29293013134236295
1.93423068523407  1.9349853992462158  0.5853975709596837  0.29269878547984185
1.9349853992462158  1.93574059009552  0.2925139717241253  0.20683861299793904
1.93574059009552  1.9364964962005615  0.2922371882782422  0.20664289754643492
1.9364964962005615  1.9372528791427612  0.5841059135925402  0.2920529567962701
1.9372528791427612  1.9380099773406982  0.1278573577499937  0.154641523895065
1.9380099773406982  1.9387675523757935  0.7289834818537898  0.32601132397991167
1.9387675523757935  1.939525842666626  0.5826366957624065  0.29131834788120325
1.939525842666626  1.9402846097946167  0.29113527272149786  0.20586372558396604
1.9402846097946167  1.941043972969055  0.581813504198705  0.2909067520993525
1.941043972969055  1.941804051399231  0.2906330004504066  0.20550856545507543
1.941804051399231  1.942564606666565  0.43567617810478065  0.2515377587083024
1.942564606666565  1.9433257579803467  0.7255583441160273  0.3244795558171243
1.9433257579803467  1.9440876245498657  0.1449754350549471  0.1449754350549471
1.9440876245498657  1.944849967956543  0.28976950912780824  0.2048979848853704
1.944849967956543  1.945612907409668  0.4343146900482032  0.250751703212339
1.945612907409668  1.9463765621185303  0.43390790139064944  0.25051684367139704
1.9463765621185303  1.9471406936645508  0.4336371320294073  0.2503605149077956
1.9471406936645508  1.9479055404663086  0.5776421480275354  0.2888210740137677
1.9479055404663086  1.9486708641052246  0.41512431307516257  0.25506778118583573
1.9486708641052246  1.949436902999878  0.4325574255070807  0.24973714605648453
1.949436902999878  1.9502034187316895  0.5763844512822188  0.2881922256411094
1.9502034187316895  1.9509706497192383  0.431885335038611  0.24934911444359376
1.9509706497192383  1.9517384767532349  0.287700048264607  0.20343465507560063
1.9517384767532349  1.9525068998336792  0.7186922164413333  0.32140893017256267
1.9525068998336792  1.9532759189605713  0.5745081416438796  0.2872540708219398
1.9532759189605713  1.9540455341339111  0.43054740029561656  0.24857665745956775
1.9540455341339111  1.9548157453536987  0.14340473695034311  0.14340473695034311
1.9548157453536987  1.955586552619934  0.2865876911339829  0.20264809980543513
1.955586552619934  1.9563579559326172  0.1431831255503271  0.1431831255503271
1.9563579559326172  1.957129955291748  0.5722903060136917  0.28614515300684584
1.957129955291748  1.9579026699066162  0.714700713850792  0.3196238759475993
1.9579026699066162  1.9586758613586428  0.9999639281608551  0.3779508391355544
1.9586758613586428  1.959449768066406  0.1250804188340536  0.151282858634954
1.959449768066406  1.9602242708206177  0.28522025717589694  0.20168117798084778
1.9602242708206177  1.960999369621277           0.0  0.14250046223252869
1.960999369621277  1.9617750644683838  0.14239096441316  0.14239096441316
1.9617750644683838  1.962551474571228  0.28451957790147914  0.2011857229144701
1.962551474571228  1.9633283615112305  0.2843449456609381  0.2010622392729697
1.9633283615112305  1.9641059637069702  0.2840833988766417  0.20087729776819618
1.9641059637069702  1.9648840427398682           0.0  0.14195465074860836
1.9648840427398682  1.9656628370285034  0.4254728327427675  0.24564685451690943
1.9656628370285034  1.9664422273635864  0.5668632642619558  0.2834316321309779
1.9664422273635864  1.9672223329544067           0.0  0.14158588102630912
1.9672223329544067  1.9680029153823853  0.7074969497832673  0.3164022547178282
1.9680029153823853  1.968784213066101  0.14136985130243618  0.14136985130243618
1.968784213066101  1.9695661067962646  1.2713587511702242  0.4237862503900748
1.9695661067962646  1.970348596572876  0.7057723990220649  0.31563101217128864
1.970348596572876  1.971131682395935  0.1410470399507028  0.1410470399507028
1.971131682395935  1.9719154834747314  0.5636733112919646  0.2818366556459823
1.9719154834747314  1.9726998805999754  0.7040562351340647  0.31486352034846893
1.9726998805999754  1.9734848737716675  0.8268355514425975  0.34818552028263017
1.9734848737716675  1.9742704629898074  0.2811951458075584  0.19883499443726452
1.9742704629898074  1.9750567674636843  0.14046967941724786  0.14046967941724786
1.9750567674636843  1.9758435487747192  0.7019227313912335  0.31390938846862476
1.9758435487747192  1.9766310453414917  0.5610281595132709  0.28051407975663545
1.9766310453414917  1.9774192571640017  0.7006488244373154  0.3133396799594306
1.9774192571640017  1.9782079458236694  0.2627811494115578  0.20408150094874708
1.9782079458236694  1.9789973497390747  0.682297508428704  0.3167097835899559
1.9789973497390747  1.9797873497009275  0.9786880999026695  0.36990933192011444
1.9797873497009275  1.980578064918518  0.5587444627986773  0.27937223139933864
1.980578064918518  1.9813693761825562  0.6979044933987397  0.31211237780842704
1.9813693761825562  1.982161283493042  0.418427520142782  0.24157924139078274
1.982161283493042  1.9829537868499756  0.6968546972293674  0.31164289468898
1.9829537868499756  1.9837470054626465  1.1139621345791004  0.3938450896729617
1.9837470054626465  1.9845408201217651  0.27828142526991045  0.19677468288661115
1.9845408201217651  1.9853352308273315  0.41710894602468496  0.24081796226875293
1.9853352308273315  1.9861303567886353  0.2778224903856572  0.19645016691783262
1.9861303567886353  1.9869260787963867  1.1104575346051437  0.3926060264694962
1.9869260787963867  1.987722396850586  0.27740658845394217  0.19615607984160835
1.987722396850586  1.9885194301605225  0.2771576444619105  0.19598004985670708
1.9885194301605225  1.989317059516907  0.4154257982824281  0.23984619646667504
1.989317059516907  1.990115284919739  0.13837186461113604  0.13837186461113604
1.990115284919739  1.990914225578308  0.13824798648708211  0.13824798648708211
1.990914225578308  1.9917138814926147  0.27624865993922687  0.1953373007367239
1.9917138814926147  1.9925140142440796  0.13804201511265896  0.13804201511265896
1.9925140142440796  1.9933148622512817  0.8275123597226854  0.33783050619450355
1.9933148622512817  1.9941164255142212  0.13779565815528955  0.13779565815528955
1.9941164255142212  1.9949184656143188  0.8262824067504461  0.3373283799962359
1.9949184656143188  1.9957213401794434           0.0  0.13757060214345462
1.9957213401794434  1.996524691581726  0.5499557830159767  0.27497789150798835
1.996524691581726  1.9973287582397459  0.5494665710519927  0.27473328552599635
1.9973287582397459  1.9981335401535036  0.2744891143343669  0.19409311410772043
1.9981335401535036  1.9989389181137085  0.6857149240944511  0.30666103669226025
1.9989389181137085  1.9997448921203613  0.4111246881095253  0.23736294935053537
1.9997448921203613  2.000551700592041  1.2320984114842646  0.41069947049475486
2.000551700592041  2.001358985900879  0.8209137673681335  0.3351366421462898
2.001358985900879  2.002166986465454  0.1366978467742943  0.1366978467742943
2.002166986465454  2.0029754638671875  0.4098516685798438  0.23662797118239007
2.0029754638671875  2.0037848949432373  0.5458250400213059  0.27291252001065297
2.0037848949432373  2.0045948028564453  0.27275184145898346  0.19286467667676532
2.0045948028564453  2.0054054260253906  0.3919261896974329  0.24081399341368614
2.0054054260253906  2.006216526031494  1.0894038864622773  0.385162437784228
2.006216526031494  2.007028579711914  0.8160933694387846  0.33316872293227756
2.007028579711914  2.007841110229492  0.8156144414050763  0.33297320138126096
2.007841110229492  2.0086543560028076  0.40744855120323964  0.2352405307181134
2.0086543560028076  2.0094680786132812  0.39043335627637615  0.2398967411680436
2.0094680786132812  2.0102827548980713  0.5423108021282802  0.2711554010641401
2.0102827548980713  2.0110979080200195  0.6774919606874574  0.302983615661354
2.0110979080200195  2.011913776397705  1.2184164302930305  0.40613881009767683
2.011913776397705  2.012730360031128           0.0  0.13526102269141121
2.012730360031128  2.013547420501709  0.13518208424805467  0.13518208424805467
2.013547420501709  2.0143654346466064  0.27004896690066066  0.1909534557478787
2.0143654346466064  2.015183925628662  0.6580504079252661  0.30545473156607744
2.015183925628662  2.016003131866455  0.404483995388315  0.233528943620339
2.016003131866455  2.0168228149414062  0.5389982579617026  0.2694991289808513
2.0168228149414062  2.017643451690674  1.2113367299426934  0.4037789099808978
2.017643451690674  2.0184645652770996  0.13451480915159217  0.13451480915159217
2.0184645652770996  2.0192863941192627  0.40319321385385853  0.23278371055395555
2.0192863941192627  2.020108938217163  0.38624609999167303  0.23732393553812545
2.020108938217163  2.020932197570801  0.7884031431003539  0.3320013974893959
2.020932197570801  2.0217559337615967  0.4022596260938496  0.23224470340940226
2.0217559337615967  2.022580623626709  0.4017944516201938  0.23197613480181692
2.022580623626709  2.0234057903289795  0.40156226759729857  0.23184208329369685
2.0234057903289795  2.0242316722869873  0.802428988541715  0.32759026279080183
2.0242316722869873  2.0250582695007324  0.935357086537809  0.35353174828870915
2.0250582695007324  2.0258853435516357  0.13354540291671474  0.13354540291671474
2.0258853435516357  2.0267133712768555  0.533566372263845  0.2667831861319225
2.0267133712768555  2.0275418758392334  0.5332592837042687  0.26662964185213434
2.0275418758392334  2.0283710956573486  0.26639965653713826  0.18837300364317766
2.0283710956573486  2.029201030731201           0.0  0.13308503381731784
2.029201030731201  2.030031681060791  0.26594087412059897  0.18804859548535358
2.030031681060791  2.030863046646118  0.6642801874363112  0.2970751310427787
2.030863046646118  2.0316948890686035  0.24914876533482042  0.19349429783269284
2.0316948890686035  2.0325276851654053  0.5305113114435539  0.26525565572177695
2.0325276851654053  2.0333609580993652  0.26510386421635673  0.18745674010614358
2.0333609580993652  2.0341949462890625  0.2648765024117115  0.18729597103229614
2.0341949462890625  2.035029649734497  0.26464953025883087  0.18713547748385373
2.035029649734497  2.035865068435669  0.13221147337844846  0.13221147337844846
2.035865068435669  2.036701202392578  0.13209837545425818  0.13209837545425818
2.036701202392578  2.0375380516052246  0.13198547085985282  0.13198547085985282
2.0375380516052246  2.0383753776550293  0.2638206165820521  0.18654934700198517
2.0383753776550293  2.0392136573791504  0.3952807190427333  0.2282154295447909
2.0392136573791504  2.0400524139404297  0.395056000043846  0.22808568797029127
2.0400524139404297  2.0408918857574463  0.9210119338331677  0.34810979020646254
2.0408918857574463  2.0417320728302  0.2629222489886966  0.18591410518472526
2.0417320728302  2.0425729751586914  0.262698612258624  0.18575597013636855
2.0425729751586914  2.04341459274292  0.37749264730064364  0.23194548940694984
2.04341459274292  2.0442569255828857  0.39337871728113505  0.22711730831573299
2.0442569255828857  2.045099973678589  0.9171049261953008  0.34663308012357313
2.045099973678589  2.0459437370300293  0.2618078568624376  0.18512611095534665
2.0459437370300293  2.046787977218628  0.37631997881142953  0.23122495837518575
2.046787977218628  2.047633171081543  0.26136474060258585  0.18481278044315144
2.047633171081543  2.048478841781616  1.0448694732857815  0.36941714500759615
2.048478841781616  2.049325466156006  0.13046156088935043  0.13046156088935043
2.049325466156006  2.0501725673675537  0.7823287408692654  0.31938437104062406
2.0501725673675537  2.051020383834839  0.39083436674753946  0.2256483268502488
2.051020383834839  2.0518689155578613  0.6508415323378525  0.29106518177751317
2.0518689155578613  2.0527184009552  0.2600443461791094  0.18387912059247033
2.0527184009552  2.0535683631896973  0.2598984587478729  0.1837759626005531
2.0535683631896973  2.0544190406799316  0.6491998356475384  0.29033099269791746
2.0544190406799316  2.0552704334259033  0.6486544423383973  0.2900870853951748
2.0552704334259033  2.0561225414276123  0.518487971704626  0.259243985852313
2.0561225414276123  2.0569753646850586  0.5180531201767776  0.2590265600883888
2.0569753646850586  2.057828903198242  0.3722204036232603  0.22870602726439465
2.057828903198242  2.058682918548584  0.3879974897136377  0.22401045513106776
2.058682918548584  2.059537887573242  0.516752931085425  0.2583764655427125
2.059537887573242  2.0603935718536377  0.5163209838039381  0.25816049190196905
2.0603935718536377  2.0612499713897705  0.5158897580379548  0.2579448790189774
2.0612499713897705  2.0621070861816406  0.4995321412209612  0.2616811117809603
2.0621070861816406  2.062964916229248  0.6437868297916669  0.2879102228866508
2.062964916229248  2.0638232231140137  0.12868583408835652  0.12868583408835652
2.0638232231140137  2.0646824836730957  0.5141720340933223  0.2570860170466612
2.0646824836730957  2.065542459487915  0.5137443889305056  0.2568721944652528
2.065542459487915  2.0664031505584717  0.7699761818029088  0.3143414599189301
2.0664031505584717  2.0672645568847656  0.38466842185282324  0.22208841690547598
2.0672645568847656  2.0681264400482178  0.2563037359436146  0.18123410972917617
2.0681264400482178  2.0689892768859863  0.38403067370938115  0.22172021284318452
2.0689892768859863  2.069852828979492  0.8953293812883997  0.33840269776834747
2.069852828979492  2.0707170963287354  0.6389917278870116  0.28576578812308123
2.0707170963287354  2.071582078933716  0.7661560133154632  0.3127818826646465
2.071582078933716  2.0724477767944336  0.25517433363706055  0.18043550169952405
2.0724477767944336  2.0733141899108887  0.6374091947139288  0.2850580577727489
2.0733141899108887  2.074181318283081  0.7642601089657686  0.31200788295500065
2.074181318283081  2.0750491619110107  0.5090868161737181  0.25454340808685905
2.0750491619110107  2.0759177207946777  0.381500688485932  0.22025952519338038
2.0759177207946777  2.076786994934082  0.38118678226940483  0.22007829135476814
2.076786994934082  2.0776569843292236  0.49213977738814896  0.25780860423473617
2.0776569843292236  2.0785279273986816  0.5072751193190073  0.25363755965950363
2.0785279273986816  2.079399347305298  0.3802481554457593  0.2195363749054678
2.079399347305298  2.0802714824676514  0.12664543540680245  0.12664543540680245
2.0802714824676514  2.0811445713043213  0.36388559392989406  0.22358481092477686
2.0811445713043213  2.0820181369781494  0.5057521863734535  0.25287609318672677
2.0820181369781494  2.082892656326294  0.12630016431790714  0.12630016431790714
2.082892656326294  2.083767890930176           0.0  0.12619694980062202
2.083767890930176  2.084643840789795  0.12609390384270097  0.12609390384270097
2.084643840789795  2.0855202674865723  0.12602529997771583  0.12602529997771583
2.0855202674865723  2.086397647857666  0.5035532638240037  0.25177663191200184
2.086397647857666  2.087275743484497  0.12578577320610465  0.12578577320610465
2.087275743484497  2.0881547927856445  0.37694792735401417  0.21763098732831157
2.0881547927856445  2.08903431892395  0.3767435641513283  0.21751299817822844
2.08903431892395  2.089914560317993  0.627395724157751  0.2805798976018877
2.089914560317993  2.0907957553863525  0.6267167244562817  0.2802762397040502
2.0907957553863525  2.09167742729187  0.3758266652661575  0.21698362636005536
2.09167742729187  2.092560052871704  0.7508411713421125  0.30652962461030187
2.092560052871704  2.0934433937072754  0.2500777342607738  0.17683166171956055
2.0934433937072754  2.094327449798584           0.0  0.12493770299840438
2.094327449798584  2.09521222114563  0.499346809720381  0.2496734048601905
2.09521222114563  2.096097707748413  0.35879080370793537  0.2204543827696642
2.096097707748413  2.0969841480255127  0.49840667317706666  0.24920333658853333
2.0969841480255127  2.0978710651397705  0.12453467815002243  0.12453467815002243
2.0978710651397705  2.0987589359283447           0.0  0.12440091372666043
2.0987589359283447  2.0996475219726562  0.12430077883501031  0.12430077883501031
2.0996475219726562  2.100536823272705  0.49680322007301175  0.24840161003650588
2.100536823272705  2.101426839828491  0.6205049594402403  0.2774982539368255
2.101426839828491  2.1023175716400146  0.2480026781146057  0.17536437544726227
2.1023175716400146  2.1032092571258545  0.12386871730430038  0.12386871730430038
2.1032092571258545  2.1041016578674316  0.12376943700723576  0.12376943700723576
2.1041016578674316  2.104994773864746  0.3710109471847972  0.21420327022944066
2.104994773864746  2.105888605117798  0.6025839024826457  0.27970821378136673
2.105888605117798  2.106783151626587  0.3704176460965486  0.21386072768642986
2.106783151626587  2.1076784133911133  0.6168695109428541  0.27587243194305444
2.1076784133911133  2.108574628829956  0.12324261844056489  0.12324261844056489
2.108574628829956  2.109471559524536  0.49257735536213015  0.24628867768106508
2.109471559524536  2.1103692054748535  0.3539306892353976  0.21746814810266477
2.1103692054748535  2.111267566680908  0.49179299651601216  0.24589649825800608
2.111267566680908  2.1121666431427  0.7371026296230444  0.30092088844002585
2.1121666431427  2.1130666732788086  0.9817621249654748  0.34710532803760097
2.1130666732788086  2.1139674186706543  0.3678684510731208  0.21238894925343696
2.1139674186706543  2.1148688793182373  0.12252552306746455  0.12252552306746455
2.1148688793182373  2.1157710552215576  0.2448567667643147  0.1731398801984598
2.1157710552215576  2.1166741847991943  0.8560937220239134  0.32357301249127635
2.1166741847991943  2.1175777912139893  0.4889382614438875  0.24446913072194376
2.1175777912139893  2.1184823513031006  0.48842277566482173  0.24421138783241086
2.1184823513031006  2.1193878650665283  0.4879083756904512  0.2439541878452256
2.1193878650665283  2.1202938556671143  0.3506708013082295  0.21546515200171917
2.1202938556671143  2.1212007999420166  0.3653541030899711  0.2109372897685291
2.1212007999420166  2.1221084594726562  0.24337746399689172  0.17209385518018697
2.1221084594726562  2.123016834259033  0.24318582819846898  0.17195834820760417
2.123016834259033  2.1239261627197266  0.36439617413588105  0.21038422922902064
2.1239261627197266  2.1248362064361572  0.6068496236810105  0.27139140213418117
2.1248362064361572  2.125746965408325  0.36382382412414926  0.21005378279567663
2.125746965408325  2.1266584396362305           0.0  0.12117944094116752
2.1266584396362305  2.127570867538452  0.24210556713774936  0.17119448828611755
2.127570867538452  2.128483772277832  0.8469268788264779  0.3201082714329994
2.128483772277832  2.1293978691101074  0.12083176909704836  0.12083176909704836
2.1293978691101074  2.130312442779541  0.8304549154962474  0.32233262832236564
2.130312442779541  2.131227970123291           0.0  0.12064296945783422
2.131227970123291  2.1321442127227783  0.12054879071508806  0.12054879071508806
2.1321442127227783  2.133061170578003  0.12045475889705756  0.12045475889705756
2.133061170578003  2.133979082107544  0.36098883328681824  0.20841700007259345
2.133979082107544  2.1348977088928223  0.36070776230320534  0.20825472366454315
2.1348977088928223  2.135817050933838  0.4805695048942774  0.2402847524471387
2.135817050933838  2.13673734664917  0.3600536290555052  0.20787705965789757
2.13673734664917  2.1376583576202393  0.3597740119477738  0.20771562264547883
2.1376583576202393  2.138580083847046           0.0  0.1198316096011597
2.138580083847046  2.139502763748169  0.583743423877891  0.27096281484918444
2.139502763748169  2.1404261589050293  0.11961502781256994  0.11961502781256994
2.1404261589050293  2.141350269317627  0.2390448930433867  0.1690302648789917
2.141350269317627  2.142275333404541  0.358197682513982  0.2068055284225476
2.142275333404541  2.1432011127471924  0.2386139596796721  0.1687255489752696
2.1432011127471924  2.144127607345581  0.35764462381735723  0.20648621983517362
2.144127607345581  2.145055055618286  0.4763691544658955  0.23818457723294775
2.145055055618286  2.1459832191467285  0.5950025722040629  0.2660932396471023
2.1459832191467285  2.1469123363494873  0.11887836867284665  0.11887836867284665
2.1469123363494873  2.1478421688079834  0.11878692377386753  0.11878692377386753
2.1478421688079834  2.148772716522217  0.474782477804851  0.2373912389024255
2.148772716522217  2.1497042179107666  0.3557222954067699  0.20537636300985018
2.1497042179107666  2.1506364345550537  0.11848312089976556  0.11848312089976556
2.1506364345550537  2.151569366455078  0.45893637814703686  0.24041492380591672
2.151569366455078  2.152503252029419  0.3548141455589099  0.2048520424507237
2.152503252029419  2.153437852859497  0.11818086804032739  0.11818086804032739
2.153437852859497  2.1543734073638916  0.11806039824619861  0.11806039824619861
2.1543734073638916  2.1553096771240234  0.2359404139129531  0.16683506663380998
2.1553096771240234  2.1562466621398926  0.82516107354366  0.31188157030965763
2.1562466621398926  2.157184600830078  0.35328088666859436  0.20396681501766262
2.157184600830078  2.158123254776001  0.3530116860945517  0.2038113919937731
2.158123254776001  2.1590628623962402  0.10302233938977544  0.1246039480154222
2.1590628623962402  2.160003185272217  0.11746171468511242  0.11746171468511242
2.160003185272217  2.1609444618225098  0.5867135292782211  0.2623862669569831
2.1609444618225098  2.16188645362854  0.11725360736980092  0.11725360736980092
2.16188645362854  2.1628291606903076  0.46865857634606317  0.23432928817303159
2.1628291606903076  2.1637728214263916  0.4681849446367695  0.23409247231838476
2.1637728214263916  2.164717435836792  0.4677122692762074  0.2338561346381037
2.164717435836792  2.1656625270843506  0.11686907233049532  0.11686907233049532
2.1656625270843506  2.1666088104248047  0.11672184497810115  0.11672184497810115
2.1666088104248047  2.167555809020996  0.23326737296983055  0.16494494125653875
2.167555809020996  2.168503522872925  0.5827283053057654  0.26060402061538857
2.168503522872925  2.169451951980591  0.46583107362301  0.232915536811505
2.169451951980591  2.1704015731811523  0.5815578743636498  0.26008058798548067
2.1704015731811523  2.171351671218872  0.2325064003603932  0.16440685236410837
2.171351671218872  2.1723029613494873  0.2322150389564328  0.16420082873959196
2.1723029613494873  2.1732547283172607  0.23209869875655484  0.16411856379533366
2.1732547283172607  2.1742074489593506  0.463732735453537  0.2318663677267685
2.1742074489593506  2.175161123275757  0.46326900271808347  0.23163450135904173
2.175161123275757  2.1761155128479004  0.2314609056797819  0.16366757598575365
2.1761155128479004  2.1770708560943604  0.3468447736846145  0.200250923453827
2.1770708560943604  2.1780269145965576  0.3465852888165213  0.20010110979538273
2.1780269145965576  2.1789839267730713  0.11541330411511795  0.11541330411511795
2.1789839267730713  2.1799416542053223  0.23065422092013116  0.1630971637219248
2.1799416542053223  2.1809003353118896  0.115212385654833  0.115212385654833
2.1809003353118896  2.1818597316741943  0.34537947518743795  0.19940493297203896
2.1818597316741943  2.1828200817108154  0.4600486620834989  0.23002433104174946
2.1828200817108154  2.183781385421753  0.4595922646012732  0.2297961323006366
2.183781385421753  2.1847434043884277  0.45925056031532435  0.22962528015766218
2.1847434043884277  2.18570613861084  0.5736367047029265  0.25653813322094343
2.18570613861084  2.1866698265075684  0.5730690285973323  0.2562842607486812
2.1866698265075684  2.1876344680786133  0.22900098997433685  0.1619281529092862
2.1876344680786133  2.1885998249053955  0.11441565885850419  0.11441565885850419
2.1885998249053955  2.189566135406494  0.11430273938270008  0.11430273938270008
2.189566135406494  2.190533399581909  0.3425701277185729  0.19778295545464256
2.190533399581909  2.1915013790130615  0.34231699708232766  0.1976368104136662
2.1915013790130615  2.192470073699951  0.7981498939272911  0.3016723040405992
2.192470073699951  2.1934397220611572  1.02518343360284  0.3417278112009467
2.1934397220611572  2.1944103240966797  0.682784086541022  0.27874543608630253
2.1944103240966797  2.1953818798065186  0.5684282241939674  0.25420882992544036
2.1953818798065186  2.1963541507720947  0.3408060343683792  0.19676445568403256
2.1963541507720947  2.197327136993408  0.22703700206718128  0.1605394037419681
2.197327136993408  2.198301076889038  0.32620539656579484  0.20043269953648293
2.198301076889038  2.1992759704589844  0.22659281130745093  0.16022531344362237
2.1992759704589844  2.200251817703247  0.3395570506118374  0.19604335457597966
2.200251817703247  2.201228380203247  0.565513919333598  0.2529055131704515
2.201228380203247  2.2022058963775635  0.11299243968733742  0.11299243968733742
2.2022058963775635  2.203184127807617  0.3387294682315989  0.1955655496659724
2.203184127807617  2.2041633129119873           0.0  0.11279985456977926
2.2041633129119873  2.205143451690674  0.33807030118079545  0.1951849793917501
2.205143451690674  2.2061243057250977  0.450431699288365  0.2252158496441825
2.2061243057250977  2.207106113433838  0.11249854364207951  0.11249854364207951
2.207106113433838  2.2080888748168945  0.5619468737482817  0.25131028188893
2.2080888748168945  2.2090723514556885  0.22461527404513135  0.15882698343538712
2.2090723514556885  2.210056781768799  0.3365965144476266  0.19433408822462694
2.210056781768799  2.2110421657562256  0.22418049974260024  0.15851955157778172
2.2110421657562256  2.2120282649993896  0.7840626254899864  0.2963478170495538
2.2120282649993896  2.21301531791687  0.11190072529422304  0.11190072529422304
2.21301531791687  2.214003324508667  0.5589635650556025  0.24997610568199066
2.214003324508667  2.214992046356201  0.4468473621587494  0.2234236810793747
2.214992046356201  2.215981960296631  0.33473193838011805  0.19325757473012636
2.215981960296631  2.216972589492798  0.3344902546700963  0.19311803857508658
2.216972589492798  2.217963933944702  0.5570815328500281  0.24913443529248905
2.217963933944702  2.218956232070923  0.3339276809596949  0.1927932364919473
2.218956232070923  2.219949722290039  0.1111756665990121  0.1111756665990121
2.219949722290039  2.2209436893463135  0.20851044429196172  0.16193370235986215
2.2209436893463135  2.2219388484954834  0.11098921962579861  0.11098921962579861
2.2219388484954834  2.2229347229003906  0.11090950507974226  0.11090950507974226
2.2229347229003906  2.2239315509796143  0.11080339696677431  0.11080339696677431
2.2239315509796143  2.2249293327331543  0.33209247506672646  0.1917336798756236
2.2249293327331543  2.2259278297424316  0.33185458647427174  0.19159633483273272
2.2259278297424316  2.2269275188446045  0.42828954154289417  0.22436050485393563
2.2269275188446045  2.2279279232025146           0.0  0.11040729330745552
2.2279279232025146  2.228929281234741  0.11030214350430556  0.11030214350430556
2.228929281234741  2.229931354522705  0.4408936499815212  0.2204468249907606
2.229931354522705  2.2309346199035645           0.0  0.11009244361171183
2.2309346199035645  2.231938600540161  0.44005604627697303  0.22002802313848652
2.231938600540161  2.232943534851074  0.2062348854693211  0.16016645436257776
2.232943534851074  2.2339491844177246  0.21966287468851747  0.15532510826718154
2.2339491844177246  2.2349560260772705  0.10970139775469652  0.10970139775469652
2.2349560260772705  2.2359635829925537  0.4384940868131409  0.21924704340657045
2.2359635829925537  2.2369723320007324  0.4379758947937446  0.2189879473968723
2.2369723320007324  2.2379817962646484  0.20530941007396986  0.15944771023577356
2.2379817962646484  2.2389919757843018  0.21867783937601293  0.15462858311800137
2.2389919757843018  2.2400033473968506  0.3276301292207096  0.18915734330020856
2.2400033473968506  2.241015672683716  0.32732148095955027  0.1889791451435433
2.241015672683716  2.2420287132263184  0.5451506268746569  0.24379877193367133
2.2420287132263184  2.2430427074432373  0.3267827435114626  0.18866810493286734
2.2430427074432373  2.2440576553344727  0.21765045934605753  0.15390211573196427
2.2440576553344727  2.2450735569000244           0.0  0.10872307033984592
2.2450735569000244  2.2460904121398926  0.10862110263026575  0.10862110263026575
2.2460904121398926  2.247107982635498  0.32563425683089275  0.18800502583867965
2.247107982635498  2.248126745223999  0.32525321978802957  0.18778503399941138
2.248126745223999  2.2491462230682373  0.10834167509777443  0.10834167509777443
2.2491462230682373  2.250166654586792           0.0  0.1082404211958139
2.250166654586792  2.251188039779663  0.21627871275354035  0.15293214441432584
2.251188039779663  2.2522103786468506  0.32411544033448003  0.18712813672562612
2.2522103786468506  2.2532336711883545           0.0  0.10793779187280603
2.2532336711883545  2.254257917404175  0.10783729113549428  0.10783729113549428
2.254257917404175  2.2552831172943115  0.3232109321288954  0.18660591866964762
2.2552831172943115  2.2563090324401855  0.1076618644476141  0.1076618644476141
2.2563090324401855  2.257336139678955           0.0  0.10753690870893302
2.257336139678955  2.258363962173462  0.5373103719764364  0.24029250335100197
2.258363962173462  2.2593929767608643  0.42935032689349717  0.21467516344674858
2.2593929767608643  2.260422706604004  0.4290520979097786  0.2145260489548893
2.260422706604004  2.26145339012146  0.10716377578489092  0.10716377578489092
2.26145339012146  2.2624850273132324  0.6423882635332796  0.26225391040151086
2.2624850273132324  2.2635178565979004  0.2138822727230302  0.1512376054180452
2.2635178565979004  2.2645514011383057  0.10686712865469053  0.10686712865469053
2.2645514011383057  2.2655858993530273  0.2135372218105939  0.1509936175780069
2.2655858993530273  2.2666213512420654  0.213340549259997  0.15085454908380655
2.2666213512420654  2.26765775680542  0.3197163579834944  0.18458832534609726
2.26765775680542  2.268695116043091  0.21294828899934884  0.15057717919351227
2.268695116043091  2.269733428955078  0.2127526992964792  0.15043887638828288
2.269733428955078  2.270772695541382  0.21255746855612911  0.15030082740788525
2.270772695541382  2.271812915802002  0.10618129789550387  0.10618129789550387
2.271812915802002  2.2728540897369385  0.21216808001744145  0.1500254881316629
2.2728540897369385  2.2738962173461914  0.317960880383036  0.1835747998809162
2.2738962173461914  2.2749392986297607  0.2117801155282667  0.14975115581050785
2.2749392986297607  2.2759833335876465  0.42317332972649774  0.21158666486324887
2.2759833335876465  2.2770283222198486  0.31709035093640203  0.1830721994705646
2.2770283222198486  2.278074264526367  0.10560041092274525  0.10560041092274525
2.278074264526367  2.279121160507202  0.21100842756460186  0.1492054900184404
2.279121160507202  2.2801690101623535           0.0  0.10540819174472887
2.2801690101623535  2.2812178134918213  0.10531234433236722  0.10531234433236722
2.2812178134918213  2.2822675704956055  0.42086668427715956  0.21043334213857978
2.2822675704956055  2.283318281173706           0.0  0.10512117148129871
2.283318281173706  2.284370183944702  0.5250102025363592  0.2347917003504464
2.284370183944702  2.2854228019714355  0.31479207432712353  0.18174528885152544
2.2854228019714355  2.2864763736724854  0.3145071301548428  0.18158077625695512
2.2864763736724854  2.2875311374664307  0.20943444969171945  0.14809251959108768
2.2875311374664307  2.2885866165161133  0.10464626219066714  0.10464626219066714
2.2885866165161133  2.2896432876586914  0.1045282045844051  0.1045282045844051
2.2896432876586914  2.290700912475586  0.10443395011679067  0.10443395011679067
2.290700912475586  2.291759490966797  0.10433986547704581  0.10433986547704581
2.291759490966797  2.292819023132324  0.10424595020658943  0.10424595020658943
2.292819023132324  2.293879508972168  0.10415220384848997  0.10415220384848997
2.293879508972168  2.294940948486328  0.31217587784237427  0.1802348271068025
2.294940948486328  2.2960033416748047  0.519826080249196  0.2324732903828926
2.2960033416748047  2.2970669269561768  0.31154606773240306  0.1798712060702723
2.2970669269561768  2.298131227493286  0.20755779691670403  0.1467655256879417
2.298131227493286  2.299196720123291  0.31098836611193786  0.1795492168895692
2.299196720123291  2.3002631664276123  0.5178504389873501  0.23158975675076443
2.3002631664276123  2.30133056640625           0.0  0.10347755253921899
2.30133056640625  2.302398920059204  0.413540729942498  0.206770364971249
2.302398920059204  2.3034684658050537  0.09050625045365694  0.10946592936441794
2.3034684658050537  2.3045387268066406  0.20640187245180816  0.1459481636602744
2.3045387268066406  2.305610179901123  0.20617223084916927  0.1457857825258059
2.305610179901123  2.306682586669922  0.20598888515699573  0.14565613754356865
2.306682586669922  2.307755947113037  0.308708797901877  0.17823310756985444
2.307755947113037  2.3088302612304688  0.41124634062856935  0.20562317031428468
2.3088302612304688  2.309905767440796  0.30809288586882067  0.17787751059177226
2.309905767440796  2.3109819889068604  0.10262937587906144  0.10262937587906144
2.3109819889068604  2.3120594024658203  0.6150949361160656  0.25111145614236274
2.3120594024658203  2.3131377696990967  0.10242516089278872  0.10242516089278872
2.3131377696990967  2.3142170906066895  0.10233465931479642  0.10233465931479642
2.3142170906066895  2.3152976036071777  0.10222175699869447  0.10222175699869447
2.3152976036071777  2.3163790702819824  0.10213161435583851  0.10213161435583851
2.3163790702819824  2.3174614906311035  0.3061248916639318  0.17674128860781604
2.3174614906311035  2.318544864654541  0.20390361035126914  0.14418162558780193
2.318544864654541  2.319629192352295  0.40744855120323964  0.20372427560161982
2.319629192352295  2.3207147121429443  0.10175027514124389  0.10175027514124389
2.3207147121429443  2.32180118560791  0.2033219235102407  0.14377031087798373
2.32180118560791  2.3228886127471924  0.20314361004958714  0.14364422422077877
2.3228886127471924  2.32397723197937  0.405842315127537  0.2029211575637685
2.32397723197937  2.3250668048858643  0.30411531907095196  0.17558106133030302
2.3250668048858643  2.326157331466675  0.19004810718259477  0.1475954536812998
2.326157331466675  2.3272488117218018           0.0  0.10119462706817026
2.3272488117218018  2.328341484069824  0.40433689960120744  0.20216844980060372
2.328341484069824  2.329435110092163           0.0  0.1009960764591418
2.329435110092163  2.3305296897888184  0.30272424486043353  0.17477792426039748
2.3305296897888184  2.331625461578369  0.20159660692692927  0.14255032782223062
2.331625461578369  2.3327221870422363  0.2014213055296015  0.14242637101542868
2.3327221870422363  2.33381986618042  0.10062315436969667  0.10062315436969667
2.33381986618042  2.334918737411499  0.3015419848457909  0.17409534612269142
2.334918737411499  2.3360185623168945  0.30128051336532635  0.1739443854930598
2.3360185623168945  2.3371193408966064  0.10033983164784133  0.10033983164784133
2.3371193408966064  2.338221311569214  0.40092514298406184  0.20046257149203092
2.338221311569214  2.3393242359161377  0.20028923593518522  0.1416258769284418
2.3393242359161377  2.340428352355957  0.40014597513978273  0.20007298756989136
2.340428352355957  2.3415331840515137  0.39988692509113805  0.19994346254556902
2.3415331840515137  2.342639207839966  0.19972795978361002  0.1412289947555447
2.342639207839966  2.3437464237213135  0.09975646053360969  0.09975646053360969
2.3437464237213135  2.3448545932769775  0.3986824464011045  0.19934122320055225
2.3448545932769775  2.345963716506958  0.29875473090160154  0.17248612430771385
2.345963716506958  2.347074031829834  0.4973899535302592  0.22243954948382424
2.347074031829834  2.3481853008270264  0.09939262019268041  0.09939262019268041
2.3481853008270264  2.3492977619171143           0.0  0.09928611288428706
2.3492977619171143  2.3504111766815186  0.29760321373752685  0.17182129556305883
2.3504111766815186  2.3515255451202393  0.2973485254929932  0.17167425123651792
2.3515255451202393  2.3526411056518555  0.19802051836635323  0.14002165135092365
2.3526411056518555  2.353757619857788  0.19785137848305934  0.13990205139247744
2.353757619857788  2.354875326156616  0.29646053928204996  0.17116157215859315
2.354875326156616  2.3559939861297607  0.3949437363325519  0.19747186816627596
2.3559939861297607  2.357113838195801           0.0  0.09863082876689024
2.357113838195801  2.3582346439361572  0.29564071647612217  0.17068824724090295
2.3582346439361572  2.359356641769409  0.3937688080901686  0.1968844040450843
2.359356641769409  2.3604795932769775  0.19671719860640485  0.13910006511060974
2.3604795932769775  2.3616034984588623  0.09827513846374276  0.09827513846374276
2.3616034984588623  2.3627285957336426  0.19634202276672322  0.1388347757302335
2.3627285957336426  2.3638548851013184  0.19613420944880755  0.13868782952391445
2.3638548851013184  2.3649821281433105  0.0979841376307283  0.0979841376307283
2.3649821281433105  2.366110324859619  0.09790131080263809  0.09790131080263809
2.366110324859619  2.3672397136688232  0.09779797397468512  0.09779797397468512
2.3672397136688232  2.368370294570923  0.09769485506496908  0.09769485506496908
2.368370294570923  2.369501829147339  0.09761251637549166  0.09761251637549166
2.369501829147339  2.3706345558166504  0.39003915194113525  0.19501957597056763
2.3706345558166504  2.3717682361602783  0.19485552164798461  0.13778366070893203
2.3717682361602783  2.3729031085968018  0.09732542073909314  0.09732542073909314
2.3729031085968018  2.3740389347076416  0.09724370334132733  0.09724370334132733
2.3740389347076416  2.375175952911377  0.09714174936424479  0.09714174936424479
2.375175952911377  2.376314163208008  0.19408001789613882  0.13723529674716628
2.376314163208008  2.377453327178955  0.29087630978531814  0.1679375157554384
2.377453327178955  2.3785934448242188  0.193755333633661  0.13700571030342365
2.3785934448242188  2.379734754562378  0.19355295705789988  0.13686260845434964
2.379734754562378  2.3808772563934326  0.19335100280387454  0.13671980523183885
2.3808772563934326  2.382020950317383  0.09657473477550206  0.09657473477550206
2.382020950317383  2.3831655979156494  0.19298854518562109  0.13646350899207912
2.3831655979156494  2.3843111991882324  0.6748976106194763  0.255087319732977
2.3843111991882324  2.38545823097229  0.27697963936214337  0.17018656778352373
2.38545823097229  2.386605978012085  0.27680703052996924  0.17008051051236658
2.386605978012085  2.3877551555633545  0.09611390097885547  0.09611390097885547
2.3877551555633545  2.3889052867889404  0.4801710227177481  0.21473900952449612
2.3889052867889404  2.390056610107422  0.383739078664803  0.1918695393324015
2.390056610107422  2.3912088871002197  0.09585536989821715  0.09585536989821715
2.3912088871002197  2.392362594604492  0.28720954911226504  0.16582051049379723
2.392362594604492  2.393517017364502  0.19135440013138516  0.13530799394278645
2.393517017364502  2.3946728706359863  0.09555878768937365  0.09555878768937365
2.3946728706359863  2.395829677581787  0.2746391271581352  0.1687484702404231
2.395829677581787  2.3969876766204834  0.19076343533789725  0.1348901187298686
2.3969876766204834  2.398146629333496  0.2859096910418124  0.16507003708691315
2.398146629333496  2.3993070125579834  0.19037148252232727  0.13461296623607394
2.3993070125579834  2.400468349456787  0.4755378800226683  0.2126670051213651
2.400468349456787  2.4016306400299072           0.0  0.09502953901909404
2.4016306400299072  2.402794361114502  0.18982544671914914  0.13422686061687603
2.402794361114502  2.403959035873413  0.2845050170223644  0.16425904816366116
2.403959035873413  2.4051249027252197  0.5684282241939674  0.23205985077859664
2.4051249027252197  2.4062917232513428  0.4733030268881114  0.21166754841564556
2.4062917232513428  2.4074599742889404  -0.011685298608771096  0.10021717533240385
2.4074599742889404  2.4086291790008545  0.5668054682521412  0.231397363439506
2.4086291790008545  2.409799575805664  0.5662281556953557  0.23116167657513498
2.409799575805664  2.41097092628479  0.18858905056710093  0.1333525965135298
2.41097092628479  2.4121437072753906  0.47089754291327857  0.21059178327834305
2.4121437072753906  2.4133174419403076  0.4705149326813767  0.21042067478085913
2.4133174419403076  2.41449236869812  0.1880150173368845  0.13294669372381734
2.41449236869812  2.415668487548828  0.4695611217495271  0.20999411756459951
2.415668487548828  2.4168457984924316  0.2814513989781795  0.16249604096384868
2.4168457984924316  2.4180240631103516  0.18748239689117097  0.1325700741948547
2.4180240631103516  2.419203519821167  0.1872929058896638  0.13243608382271516
2.419203519821167  2.420384407043457  0.280599032536695  0.1620039269694094
2.420384407043457  2.4215660095214844  0.8412875352023307  0.28042917840077686
2.4215660095214844  2.4227490425109863  0.46681681047771406  0.20876682425356097
2.4227490425109863  2.423933267593384  0.46634689220664727  0.20855667041396606
2.423933267593384  2.4251184463500977  0.09319432764395161  0.09319432764395161
2.4251184463500977  2.426305055618286  0.465409888203821  0.20813762948486428
2.426305055618286  2.427492618560791  0.17451918133972863  0.1355353553780898
2.427492618560791  2.4286813735961914  0.18582791926116463  0.13140018184335575
2.4286813735961914  2.4298713207244873  0.37128351249696123  0.18564175624848062
2.4298713207244873  2.4310624599456787  0.46363991464980325  0.20734607324783214
2.4310624599456787  2.4322547912597656  0.46317636744459445  0.20713876863550676
2.4322547912597656  2.433448314666748  0.27762824773356976  0.1602887435636206
2.433448314666748  2.434642791748047  0.18493772563596145  0.13077071989440556
2.434642791748047  2.4358386993408203  0.1847165082607988  0.13061429558831175
2.4358386993408203  2.43703556060791  0.3691386475841302  0.1845693237920651
2.43703556060791  2.4382338523864746  0.4608724658954272  0.20610843254002575
2.4382338523864746  2.4394330978393555  0.09210119338331678  0.09210119338331678
2.4394330978393555  2.440633535385132  0.36803892966679913  0.18401946483339957
2.440633535385132  2.4418351650238037  0.27575535876076396  0.1592074306110089
2.4418351650238037  2.44303822517395  0.27542746891681535  0.1590181233213406
2.44303822517395  2.444242238998413  0.09173643618179869  0.09173643618179869
2.444242238998413  2.4454474449157715  0.18329139573415762  0.1296065888567699
2.4454474449157715  2.4466538429260254  0.18311027775418315  0.12947851910493513
2.4466538429260254  2.447861433029175  0.09146475868076671  0.09146475868076671
2.447861433029175  2.449070453643799  0.3654261508326432  0.1827130754163216
2.449070453643799  2.4502804279327393  0.18256906511057475  0.12909582397457572
2.4502804279327393  2.451491594314575  0.18238937114885173  0.1289687611557031
2.451491594314575  2.4527039527893066  0.36442006113516884  0.18221003056758442
2.4527039527893066  2.4539175033569336  0.27304656348806483  0.15764350693113646
2.4539175033569336  2.455132484436035  0.18181672006204214  0.1285638356889662
2.455132484436035  2.456348419189453  0.18167411871297387  0.12846300130803368
2.456348419189453  2.4575655460357666           0.0  0.09074809064017304
2.4575655460357666  2.4587841033935547  0.0906415579569719  0.0906415579569719
2.4587841033935547  2.460003614425659  0.36228270007279245  0.18114135003639623
2.460003614425659  2.4612245559692383  0.09046455823434553  0.09046455823434553
2.4612245559692383  2.462446689605713  0.18075263469297054  0.12781141370873428
2.462446689605713  2.463669776916504  0.1806116969661144  0.1277117556863493
2.463669776916504  2.4648942947387695  0.27060105298953474  0.15623159078650406
2.4648942947387695  2.4661200046539307  0.09011262453181938  0.09011262453181938
2.4661200046539307  2.4673469066619873  0.45012534271092447  0.20130217293940333
2.4673469066619873  2.4685752391815186  0.2697606770485734  0.15574639951076957
2.4685752391815186  2.469804525375366  0.35940186401713226  0.17970093200856613
2.469804525375366  2.4710350036621094  0.17952683693783508  0.12694464380371476
2.4710350036621094  2.472266912460327  0.26897755141363466  0.15529426171462837
2.472266912460327  2.4735000133514404  0.08957250632600221  0.08957250632600221
2.4735000133514404  2.474734306335449  0.26845798882639565  0.15499429211502508
2.474734306335449  2.4759697914123535  0.4469982658414545  0.19990370164920293
2.4759697914123535  2.4772064685821533  0.08931347652170492  0.08931347652170492
2.4772064685821533  2.4784445762634277  0.44605141798390474  0.19948025841443665
2.4784445762634277  2.4796836376190186  0.4457081034424509  0.19932672348396563
2.4796836376190186  2.480924129486084  0.3561552971117305  0.17807764855586525
2.480924129486084  2.482165813446045           0.0  0.0889533415357303
2.482165813446045  2.4834089279174805  0.1777019573141862  0.1256542590469835
2.4834089279174805  2.4846529960632324  0.26634860255926607  0.1537764373858729
2.4846529960632324  2.485898494720459  0.26604268915663287  0.15359981820051394
2.485898494720459  2.487145185470581  0.2657882976007363  0.15345294516723748
2.487145185470581  2.4883930683135986  0.2655343920814387  0.15330635274732227
2.4883930683135986  2.489642381668091  0.265230345067605  0.15313081112203908
2.489642381668091  2.4908926486968994  0.2650280335915809  0.1530140065368964
2.4908926486968994  2.4921443462371826  0.35296685921377785  0.17648342960688893
2.4921443462371826  2.4933974742889404           0.0  0.08814098225229898
2.4933974742889404  2.4946515560150146  0.4403697744468474  0.19693935017988012
2.4946515560150146  2.4959070682525635  0.5169684871108093  0.21769859960708016
2.4959070682525635  2.497163772583008  0.08789015418669767  0.08789015418669767
2.497163772583008  2.4984219074249268  0.08779022223196578  0.08779022223196578
2.4984219074249268  2.499681234359741  0.6031096281415383  0.23409086752074873
2.499681234359741  2.500941753387451  0.35049669205075346  0.17524834602537673
2.500941753387451  2.5022034645080566  0.5252483024014551  0.21443172152444018
2.5022034645080566  2.5034666061401367  0.08744224286864541  0.08744224286864541
2.5034666061401367  2.5047309398651123  0.3494391874169967  0.17471959370849835
2.5047309398651123  2.5059967041015625  0.4363053331306116  0.19512167676514774
2.5059967041015625  2.507263660430908  0.26153688523790936  0.15099839109512322
2.507263660430908  2.5085318088531494  0.2612910336819421  0.15085644863310485
2.5085318088531494  2.5098013877868652  0.4349943687493741  0.19453539567064215
2.5098013877868652  2.5110721588134766  0.26075178389385556  0.15054511262279263
2.5110721588134766  2.5123441219329834  0.3473432072862856  0.1736716036431428
2.5123441219329834  2.513617515563965  0.1734765035454347  0.12266641203350905
2.513617515563965  2.514892101287842  0.43328563666113296  0.19377122744971367
2.514892101287842  2.5161681175231934  0.162421532558518  0.12614006075079695
2.5161681175231934  2.5174453258514404  0.2594375598570562  0.14978634502137103
2.5174453258514404  2.518723964691162  0.7774419213989839  0.2591473071329946
2.518723964691162  2.5200037956237793  0.3452079006841158  0.1726039503420579
2.5200037956237793  2.521284818649292  0.08622166438080837  0.08622166438080837
2.521284818649292  2.5225672721862793  0.25837646554271243  0.14917372193334907
2.5225672721862793  2.523851156234741  0.3441181078685856  0.1720590539342928
2.523851156234741  2.5251362323760986  0.08594972221114719  0.08594972221114719
2.5251362323760986  2.5264225006103516  0.08587006537869943  0.08587006537869943
2.5264225006103516  2.5277101993560787  0.2573240155813238  0.14856608966483273
2.5277101993560787  2.528999090194702  0.17139067803104838  0.12119151066791455
2.528999090194702  2.5302894115448  0.17120066619293547  0.1210571520086792
2.5302894115448  2.531581163406372  0.3420221504009475  0.17101107520047376
2.531581163406372  2.53287410736084  0.25628010476751806  0.14796338747547202
2.53287410736084  2.534168243408203  0.17069602163525552  0.12070031441985482
2.534168243408203  2.535463809967041  0.25576131913033684  0.14766386644819374
2.535463809967041  2.5367608070373535  0.2554792294401196  0.14750100188961118
2.5367608070373535  2.5380589962005615  0.1701630863978268  0.1203234722995357
2.5380589962005615  2.539358615875244  0.33995157051409536  0.16997578525704768
2.539358615875244  2.5406594276428223  0.339640031318243  0.1698200156591215
2.5406594276428223  2.541961669921875  0.24396723635504797  0.14990252244718652
2.541961669921875  2.543265342712403  0.5930656581977833  0.22415774896059568
2.543265342712403  2.544570207595825  0.42323131985952955  0.18927480028257299
2.544570207595825  2.5458765029907227  0.3382142746618605  0.16910713733093025
2.5458765029907227  2.5471839904785156  0.5068588651182532  0.2069242651909806
2.5471839904785156  2.548492908477783  0.5906890745039316  0.22325948475718665
2.548492908477783  2.5498032569885254  0.1685840621244845  0.11920693352819721
2.5498032569885254  2.551115036010742  0.33680043818108574  0.16840021909054287
2.551115036010742  2.5524280071258545  0.3364946451556807  0.16824732257784036
2.5524280071258545  2.5537421703338623  0.3361894069071723  0.16809470345358615
2.5537421703338623  2.555058002471924  0.16788150125677964  0.11871014797444679
2.555058002471924  2.556375026702881  0.25159431718940084  0.14525804675588067
2.556375026702881  2.5576932430267334  0.3351557263288721  0.16757786316443604
2.5576932430267334  2.5590131282806396  0.502097907570177  0.20498061241100748
2.5590131282806396  2.5603342056274414  0.5016448323964087  0.2047956452458649
2.5603342056274414  2.5616567134857178  0.4175851836290639  0.18674977139826385
2.5616567134857178  2.5629806518554688  0.16685359363158056  0.11798330752223517
2.5629806518554688  2.5643057823181152  0.33340698288455084  0.16670349144227542
2.5643057823181152  2.5656323432922363  0.3330474498332735  0.16652372491663675
2.5656323432922363  2.566960334777832  0.49903303703922813  0.2037293842562545
2.566960334777832  2.5682897567749023  0.6646614099255143  0.2349932950756714
2.5682897567749023  2.569620370864868  0.4150412136875859  0.18561207345389166
2.569620370864868  2.5709524154663086  0.58043368874648  0.21938331328386515
2.5709524154663086  2.5722861289978027  0.49689203008732585  0.20285532182826913
2.5722861289978027  2.5736207962036133  0.33102465360348937  0.16551232680174469
2.5736207962036133  2.5749571323394775  0.1653056209520369  0.11688872554343833
2.5749571323394775  2.5762946605682373  0.08257914486953358  0.08257914486953358
2.5762946605682373  2.577633857727051  0.41238116674210734  0.1844224642952055
2.577633857727051  2.5789742469787598  0.24720864606087695  0.14272597834925022
2.5789742469787598  2.5803160667419434  0.3292601298635987  0.16463006493179935
2.5803160667419434  2.5816593170166016  0.41113685012254475  0.18386598898583056
2.5816593170166016  2.5830037593841553  0.5750812234485874  0.21736027155824697
2.5830037593841553  2.5843498706817627  0.32821041637838  0.16410520818919
2.5843498706817627  2.5856974124908447  0.3278619976773414  0.1639309988386707
2.5856974124908447  2.5870461463928223  0.24567916000605447  0.1418429291637767
2.5870461463928223  2.5883963108062744  0.3272251476023898  0.1636125738011949
2.5883963108062744  2.589747905731201  0.32687881652360795  0.16343940826180398
2.589747905731201  2.591101169586181  0.08161892225479836  0.08161892225479836
2.591101169586181  2.5924556255340576  0.2446412617767637  0.14124369834170422
2.5924556255340576  2.593811511993408  0.24438315599687888  0.14109468090020832
2.593811511993408  2.5951688289642334  0.16275039617708884  0.11508190877761669
2.5951688289642334  2.596527338027954  0.24391137384244474  0.1408222973463469
2.596527338027954  2.5978875160217285  0.24361209608312887  0.14064950925144343
2.5978875160217285  2.5992491245269775  0.2433561562168185  0.14050174230073278
2.5992491245269775  2.600612163543701  0.16206716904603233  0.114598794240156
2.600612163543701  2.6019766330718994  0.3237945152668764  0.1618972576334382
2.6019766330718994  2.6033425331115723  0.404319255295936  0.18081706789076096
2.6033425331115723  2.6047098636627197  0.3231170027676258  0.1615585013838129
2.6047098636627197  2.606078624725342  0.40347413579348845  0.18043911895944426
2.606078624725342  2.6074488162994385  0.4030528995285222  0.18025073637483374
2.6074488162994385  2.6088204383850098  0.322106033525523  0.1610530167627615
2.6088204383850098  2.6101934909820557  0.553155939545686  0.21470185140555562
2.6101934909820557  2.611567974090576  0.48215334194423254  0.1968382775901713
2.611567974090576  2.6129438877105713  0.48165205619623996  0.1966336285405194
2.6129438877105713  2.614321231842041  0.40095984310029725  0.17931469308398296
2.614321231842041  2.6157000064849854  0.560761372821474  0.21194787676239923
2.6157000064849854  2.6170804500579834  0.24003575270367017  0.1385847064385984
2.6170804500579834  2.618462324142456  0.2397872684876208  0.13844124400957292
2.618462324142456  2.6198453903198247  0.4791611819182224  0.19561673337475835
2.6198453903198247  2.621230125427246  0.4785836804940413  0.195380969405596
2.621230125427246  2.6226162910461426  0.31872652405784896  0.15936326202892448
2.6226162910461426  2.6240038871765137  0.636795880024857  0.22514134249861578
2.6240038871765137  2.6253929138183594  0.39758754095269777  0.17780655371544277
2.6253929138183594  2.6267836093902583  0.5559545720945687  0.2101310768587941
2.6267836093902583  2.628175735473633  0.5553832880674002  0.20991515179252676
2.628175735473633  2.6295690536499023  0.6341807018728042  0.22421673739595205
2.6295690536499023  2.6309640407562256  0.47506648714894895  0.19394508123523116
2.6309640407562256  2.6323606967926025  0.39541567319740817  0.17683526492764925
2.6323606967926025  2.633758544921875           0.0  0.07901569208904714
2.633758544921875  2.6351580619812016  0.3156858621587301  0.15784293107936506
2.6351580619812016  2.636559009552002  0.31536351444399613  0.15768175722199806
2.636559009552002  2.6379613876342773  0.3150418243577582  0.1575209121788791
2.6379613876342773  2.6393654346466064  0.5506678585543529  0.20813288696161567
2.6393654346466064  2.6407706737518306  0.15720020451925004  0.11115733061947386
2.6407706737518306  2.6421775817871094  0.39253431852053655  0.1755466839426949
2.6421775817871094  2.6435861587524414  0.23524153827932467  0.13581676545014976
2.6435861587524414  2.644995927810669  0.3917376988991066  0.17519042481754937
2.644995927810669  2.64640736579895  0.3130195964311374  0.1565097982155687
2.64640736579895  2.647820234298706  0.23452700103851676  0.13540422718182327
2.647820234298706  2.6492347717285156  0.07808343211159335  0.07808343211159335
2.6492347717285156  2.6506507396698  0.23401364003270758  0.1351078380669279
2.6506507396698  2.6520681381225586  0.2241461808193897  0.13772373046367245
2.6520681381225586  2.653487205505371  0.38917086921882005  0.17404250368719243
2.653487205505371  2.654907703399658  0.23326737296983052  0.13467698057728847
2.654907703399658  2.65632963180542  0.46606539508861505  0.19027040078929197
2.65632963180542  2.6577532291412354  0.310346007515045  0.1551730037575225
2.6577532291412354  2.6591782569885254  0.3100344672699236  0.1550172336349618
2.6591782569885254  2.660604953765869  0.07741794831518774  0.07741794831518774
2.660604953765869  2.662033081054687           0.0  0.07734040112157387
2.662033081054687  2.663462638854981  0.15452601825143283  0.10926639537534437
2.663462638854981  2.664893865585327  0.3086916559841594  0.1543458279920797
2.664893865585327  2.6663265228271484  0.38547928334005943  0.17239157629325502
2.6663265228271484  2.6677608489990234  0.38503075358883265  0.17219098769052021
2.6677608489990234  2.669196605682373  0.30771770356564826  0.15385885178282413
2.669196605682373  2.6706340312957764  0.6915609594398326  0.23052031981327753
2.6706340312957764  2.6720728874206543  0.460582272793455  0.18803192548588857
2.6720728874206543  2.6735134124755864  0.1533495540277857  0.10843450954498011
2.6735134124755864  2.674955368041992  0.2297961323007074  0.13267285884254826
2.674955368041992  2.676398992538452  0.459060944064162  0.18741084563292115
2.676398992538452  2.677844285964966  0.38210904216272146  0.17088435861863568
2.677844285964966  2.679290771484375  0.3817941344305945  0.17074352759950048
2.679290771484375  2.6807391643524165  0.1525165441047656  0.10784548257961692
2.6807391643524165  2.6821889877319336  0.6094642364320888  0.21547814723590566
2.6821889877319336  2.683640480041504  0.3043817363456527  0.15219086817282634
2.683640480041504  2.6850934028625484  0.45612307455027074  0.18621146542626915
2.6850934028625484  2.6865479946136475  0.5315330304910004  0.2009006017565285
2.6865479946136475  2.6880040168762207  0.30343474879193283  0.15171737439596641
2.6880040168762207  2.689461708068847  0.37885917788536516  0.16943097513027233
2.689461708068847  2.6909210681915283  0.454111095622881  0.185390078468713
2.6909210681915283  2.6923818588256836  0.30244426487225945  0.15122213243612972
2.6923818588256836  2.6938443183898926  0.7552478035834421  0.23883032571631554
2.6938443183898926  2.6953084468841557  0.5280708384669599  0.19959201617270528
2.6953084468841557  2.6967740058898926  0.2260951697014269  0.13053610708959293
2.6967740058898926  2.6982412338256836  0.8280726405425605  0.24967329525804655
2.6982412338256836  2.6997101306915283  0.22558140044704594  0.13023948227227475
2.6997101306915283  2.7011804580688477  0.5258444979773932  0.1987505385628271
2.7011804580688477  2.7026524543762203  0.6002837741732727  0.21223236367708764
2.7026524543762203  2.7041261196136475  0.14063744414381596  0.10922206845786472
2.7041261196136475  2.705601453781128  0.4491942495650454  0.1833827844711276
2.705601453781128  2.707078218460083  0.2991727495757723  0.14958637478788614
2.707078218460083  2.708556652069092  0.14941751418096547  0.10565413750539782
2.708556652069092  2.7100367546081543  0.5969961375233034  0.21107000859245229
2.7100367546081543  2.7115185260772705  0.4472428023022527  0.1825861094621621
2.7115185260772705  2.7130019664764404  0.7445660602990734  0.23545246190033423
2.7130019664764404  2.714486837387085  0.37192437597790895  0.16632963743515886
2.714486837387085  2.715973377227783  0.14860272741558408  0.10507799625837559
2.715973377227783  2.7174615859985356  0.2968721581018553  0.14843607905092765
2.7174615859985356  2.718951463699341  0.6672141181731467  0.22240470605771556
2.718951463699341  2.7204430103302  0.44431170337412096  0.18138949333557186
2.7204430103302  2.7219359874725337  0.6658289722874466  0.22194299076248222
2.7219359874725337  2.7234308719635005  0.21252775836862392  0.13058494060710252
2.7234308719635005  2.7249271869659424  0.29526386406497507  0.14763193203248753
2.7249271869659424  2.726425170898437  0.22120117907920778  0.1277105602864432
2.726425170898437  2.7279248237609863  0.3682583487424056  0.1646901402139686
2.7279248237609863  2.7294261455535884  0.44141877343327346  0.18020845963278914
2.7294261455535884  2.730929136276245           0.0  0.07348810322302451
2.730929136276245  2.732433795928955  0.3670329604801802  0.16414212992333535
2.732433795928955  2.7339401245117188  0.36662630794403567  0.163960269380527
2.7339401245117188  2.735448122024536  0.2197323333050198  0.12686252178331775
2.735448122024536  2.7369577884674072  0.4389788402256002  0.17921236107191055
2.7369577884674072  2.738469123840332  0.29232939120876067  0.14616469560438033
2.738469123840332  2.7399818897247314  0.2920529567962701  0.14602647839813504
2.7399818897247314  2.7414965629577637  0.2916851898114802  0.1458425949057401
2.7414965629577637  2.7430129051208496  0.2913641526528827  0.14568207632644134
2.7430129051208496  2.7445309162139897  0.5820876428056515  0.20579905973638454
2.7445309162139897  2.7460505962371826  0.21804314530195423  0.12588726863503596
2.7460505962371826  2.7475719451904297  0.29040526733620653  0.14520263366810326
2.7475719451904297  2.7490949630737305  0.3626087998732651  0.16216358515124757
2.7490949630737305  2.750619649887085  0.21732713184585617  0.12547387807341434
2.750619649887085  2.7521462440490723  0.2170556002115025  0.12531710921122674
2.7521462440490723  2.753674268722534  0.36142066056957667  0.16163223310129027
2.753674268722534  2.755204200744629  0.3609700815942679  0.16143072805768574
2.755204200744629  2.7567355632781982  0.21637973036809127  0.12492689557519612
2.7567355632781982  2.7582688331604004  0.28814741266868815  0.14407370633434408
2.7582688331604004  2.7598037719726562  0.287834111660816  0.143917055830408
2.7598037719726562  2.7613403797149654  0.5031626096241305  0.190177590584532
2.7613403797149654  2.762878894805908  0.28716504120127057  0.14358252060063528
2.762878894805908  2.7644188404083256  0.2868982831509211  0.14344914157546054
2.7644188404083256  2.765960693359375  0.42981506360125277  0.17547126493082796
2.765960693359375  2.7675042152404785  0.6440254903402457  0.21467516344674856
2.7675042152404785  2.769049406051636  0.571848792122142  0.2021790793614515
2.769049406051636  2.7705962657928467  0.35701988495546894  0.1596641464159166
2.7705962657928467  2.7721450328826904  0.21394812317645476  0.12352300650854135
2.7721450328826904  2.773695468902588  0.2849570983964837  0.14247854919824185
2.773695468902588  2.775247573852539  0.1423253464571685  0.10063921761458862
2.775247573852539  2.776801586151123  0.497527311909571  0.18804764825359843
2.776801586151123  2.7783570289611816  0.6390896726644314  0.21302989088814378
2.7783570289611816  2.779914379119873  0.35461497452394625  0.15858863777498
2.779914379119873  2.781473636627197  0.6375261505296542  0.21250871684321807
2.781473636627197  2.783034563064575  0.5660840112637259  0.20014092154293128
2.783034563064575  2.784597158432007  0.21205477695365427  0.12242988255713834
2.784597158432007  2.786161422729492  0.4236570669575523  0.17295727332835506
2.786161422729492  2.7877275943756104  0.21157055992605422  0.12215031972590724
2.7877275943756104  2.7892954349517822  0.14089689863688667  0.0996291524742962
2.7892954349517822  2.790865182876587  0.3518142487227244  0.15733611511940607
2.790865182876587  2.7924365997314453  0.28115248230501194  0.14057624115250597
2.7924365997314453  2.7940099239349365  0.5616232795491237  0.19856381472070672
2.7940099239349365  2.795584678649902  0.21041741228684968  0.12148454962599713
2.795584678649902  2.79716157913208  0.3502184780147815  0.1566224647635134
2.79716157913208  2.798740148544311  0.41981785475143973  0.17138992150848162
2.798740148544311  2.8003203868865962  0.698957457329637  0.22102975527216046
2.8003203868865962  2.8019025325775146  0.20943444969166067  0.12091703590706142
2.8019025325775146  2.8034863471984863  0.348689600118985  0.15593872978265386
2.8034863471984863  2.805072069168091  0.8358484487471058  0.24128866344293634
2.805072069168091  2.806659460067749  0.20874241636441127  0.1205174902792858
2.806659460067749  2.80824875831604  0.20849190041317886  0.12037285482740545
2.80824875831604  2.809839963912964  0.546732702811161  0.19784322619839734
2.809839963912964  2.811432838439942  0.6240714001588966  0.20802380005296556
2.811432838439942  2.8130273818969727  0.7619555965760073  0.22973825643218398
2.8130273818969727  2.814624071121216  0.6917560142124585  0.21875245900311774
2.814624071121216  2.8162221908569336  0.19879890272583498  0.12214942228950212
2.8162221908569336  2.8178224563598633  0.4831470528943064  0.18261242123315774
2.8178224563598633  2.8194243907928467  0.4136945998375503  0.1688901131578118
2.8194243907928467  2.821028232574463  0.2066013093733091  0.11928132158160915
2.821028232574463  2.822633743286133  0.3354747624602671  0.15572113060088266
2.822633743286133  2.8242411613464355  0.6184249517150328  0.2061416505716776
2.8242411613464355  2.825850486755371  0.5490595587769878  0.19412186864325093
2.825850486755371  2.8274614810943604  0.6170520977449683  0.20568403258165607
2.8274614810943604  2.8290743827819824  0.20544079943152255  0.11861130085432146
2.8290743827819824  2.8306891918182373  0.273597521168217  0.1367987605841085
2.8306891918182373  2.8323056697845463  0.4783013302397777  0.18078091022368997
2.8323056697845463  2.8339242935180664  0.27295271923300074  0.13647635961650037
2.8339242935180664  2.8355445861816406  0.4090073596687022  0.16697655537188602
2.8355445861816406  2.8371667861938477  0.2723509716155693  0.13617548580778466
2.8371667861938477  2.8387906551361084  0.4761243604502399  0.17995809298443027
2.8387906551361084  2.840416669845581  0.4754960438455401  0.17972061163005199
2.840416669845581  2.8420443534851074  0.20357507077109277  0.11753412190998751
2.8420443534851074  2.8436739444732666  0.6694121527429197  0.21565628306799173
2.8436739444732666  2.8453054428100586  0.6092972416283429  0.20309908054278097
2.8453054428100586  2.846938848495483  0.47334447803641305  0.17890739619286058
2.846938848495483  2.848574161529541  0.47279239233499104  0.1786987274116667
2.848574161529541  2.8502111434936523  0.33736455193568554  0.15087401426539024
2.8502111434936523  2.8518502712249756  0.2695383288541576  0.1347691644270788
2.8518502712249756  2.8534910678863525  0.26926416897302147  0.13463208448651073
2.8534910678863525  2.855133771896362  0.5379030510516211  0.19017744750976748
2.855133771896362  2.856778383255005  0.19317904392155874  0.11869637251468712
2.856778383255005  2.85842514038086  0.6036515164994392  0.20121717216647972
2.85842514038086  2.8600735664367676  0.26801793619797987  0.13400896809898993
2.8600735664367676  2.861723899841309  0.46848931219672224  0.17707231599488946
2.861723899841309  2.8633761405944824  0.20054935182606404  0.11578722226258303
2.8633761405944824  2.865030288696289  0.3338635072917868  0.14930829950218644
2.865030288696289  2.8666863441467285  0.6002621687968256  0.20008738959894184
2.8666863441467285  2.868344306945801  0.3330953427653749  0.1489647658823942
2.868344306945801  2.870004415512085  0.399197761928551  0.1629718038643311
2.870004415512085  2.8716661930084233  0.5981952689328029  0.19939842297760096
2.8716661930084233  2.8733298778533936  0.4565240836693115  0.1771951794561371
2.8733298778533936  2.8749957084655766  0.588544877812892  0.20027443280157683
2.8749957084655766  2.876663208007812  0.7286186774237393  0.21968679711450345
2.876663208007812  2.8783328533172607  0.6615293484477512  0.20919394801420674
2.8783328533172607  2.880004405975342  0.26430980043821617  0.13215490021910808
2.880004405975342  2.8816778659820557  0.5198595324920485  0.18811877641374897
2.8816778659820557  2.8833532333374023  0.461488973819067  0.17442643678909273
2.8833532333374023  2.885030508041382  0.18941706396180127  0.11638487243873956
2.885030508041382  2.886709690093994  0.4604405820000829  0.17403018192772324
2.886709690093994  2.8883910179138184  0.2627731155519475  0.13138655777597374
2.8883910179138184  2.8900742530822754  0.3280941945595492  0.14672818441163873
2.8900742530822754  2.8917593955993652  0.19663370234214067  0.11352652097898766
2.8917593955993652  2.893446683883667  0.3273060638109958  0.1463757216258541
2.893446683883667  2.8951356410980225  0.45777569438545795  0.17302294908483268
2.8951356410980225  2.8968267440795903  0.39188129371320607  0.15998486822318336
2.8968267440795903  2.89851975440979  0.19571989975420573  0.11299893680885724
2.89851975440979  2.900214910507202  0.4561016904397446  0.17239023506567575
2.900214910507202  2.901911973953247  0.6508415323378525  0.20581416380217468
2.901911973953247  2.903610944747925  0.3900665192686641  0.15924398965862158
2.903610944747925  2.905311822891235  0.25975273491348716  0.12987636745674358
2.905311822891235  2.9070148468017574  0.5108349514996064  0.1848530997687392
2.9070148468017574  2.908720016479492  0.453423240915232  0.17137787630266155
2.908720016479492  2.9104268550872803  0.3155590236635617  0.1464766159332789
2.9104268550872803  2.9121358394622803  0.5170412976764324  0.18280170387024883
2.9121358394622803  2.913846969604492  0.1290982312158516  0.09128623473191749
2.913846969604492  2.9155600070953374  0.5802952017344009  0.19343173391146695
2.9155600070953374  2.9172749519348145  0.38643320121079106  0.15776069377278343
2.9172749519348145  2.918992042541504  0.1929751469250556  0.11141425302408843
2.918992042541504  2.920711040496826  0.12850735165550164  0.09086841978792952
2.920711040496826  2.922432184219361  0.5133885609840297  0.18151026642770543
2.922432184219361  2.9241552352905273  0.19230759764142913  0.11102884326548934
2.9241552352905273  2.9258804321289067  0.0561098727936706  0.06786403525824383
2.9258804321289067  2.927607774734497  0.191829814790146  0.11075299520768683
2.927607774734497  2.9293370246887203  0.19161822806488446  0.11063083555490014
2.9293370246887203  2.931068181991577  0.38281421516427316  0.15628324890607992
2.931068181991577  2.9328014850616455  0.5097870731423202  0.18023694819008856
2.9328014850616455  2.934536933898926  0.7000905385216263  0.21108523959582617
2.934536933898926  2.936274290084839  0.3178736124043388  0.1421574011179044
2.936274290084839  2.938013792037964  0.3809777982878976  0.1555335348557206
2.938013792037964  2.939755439758301  0.5073445614982433  0.1793733899167616
2.939755439758301  2.9414989948272705  0.2455651644590941  0.1286399011148027
2.9414989948272705  2.9432446956634517  0.5694374521256229  0.18981248404187429
2.9432446956634517  2.9449925422668457  0.2527726109496471  0.12638630547482355
2.9449925422668457  2.9467422962188716  0.3787456078906126  0.1546222469420392
2.9467422962188716  2.9484941959381104  0.496583295939135  0.17969592972887444
2.9484941959381104  2.95024824142456  0.44078877518382564  0.1666024971207374
2.95024824142456  2.9520044326782227  0.2515715464121457  0.12578577320607284
2.9520044326782227  2.9537625312805176  0.31412327279501184  0.14048019825687136
2.9537625312805176  2.955523014068603  0.18821871724737282  0.10866812706929674
2.955523014068603  2.9572854042053223  0.36828409809589235  0.15508669176550258
2.9572854042053223  2.959049701690674  0.305282033838843  0.1417062288468032
2.959049701690674  2.960816383361817  0.5549477815490875  0.18884176275096337
2.960816383361817  2.962584972381592  0.43716406295866783  0.16523248467474552
2.962584972381592  2.964355945587158  0.3664991993976201  0.15433505997992514
2.964355945587158  2.9661288261413574  0.6853091756184666  0.20662849099220262
2.9661288261413574  2.967903852462769  0.31112760424309444  0.13914049455284222
2.967903852462769  2.9696810245513916  0.2486015576700827  0.12430077883504136
2.9696810245513916  2.9714603424072266  0.3724526351746617  0.1520531515888165
2.9714603424072266  2.973241806030273  0.5580060257580018  0.1860020085860006
2.973241806030273  2.9750254154205322  0.24770431905786292  0.12385215952893146
2.9750254154205322  2.976811170578003  0.18555500776425238  0.10713023368217421
2.976811170578003  2.9785990715026855  0.23947433627008338  0.12544920614115912
2.9785990715026855  2.98038911819458  0.3085169171004818  0.13797295976906893
2.98038911819458  2.9821813106536865  0.4930360545090684  0.1743145687564113
2.9821813106536865  2.9839756488800044  0.3001710138729734  0.13933378866152052
2.9839756488800044  2.985772132873535  0.12296456608307071  0.08694907852300066
2.985772132873535  2.9875707626342773  0.4298625422887837  0.16247276926258677
2.9875707626342773  2.9893715381622314  0.1840072829543559  0.10623665434654901
2.9893715381622314  2.9911744594573975  0.06126276153373227  0.06126276153373227
2.9911744594573975  2.9929797649383545  0.1223637091172962  0.08652420848797832
2.9929797649383545  2.9947869777679443  0.36670369608291564  0.14970615703263027
2.9947869777679443  2.996596574783325  0.12207351850278877  0.08631901273662343
2.996596574783325  2.998408317565918  0.48771575493415803  0.17243355880272976
2.998408317565918  3.0002222061157227  0.30446175257497593  0.1361594350612736
3.0002222061157227  3.002038478851318  0.48649934651425225  0.17200349348152588
3.002038478851318  3.0038566589355464  0.12149724697563163  0.08591152723196589
3.0038566589355464  3.005677223205566  0.18200720379180857  0.10508190810365176
3.005677223205566  3.007499933242798  0.42418352112829216  0.16032630102245338
3.007499933242798  3.009324789047241  0.06052639178443734  0.06052639178443734
3.009324789047241  3.0111520290374756  0.24178966738939636  0.12089483369469818
3.0111520290374756  3.012981414794922  0.36225909244213483  0.14789165519449207
3.012981414794922  3.01481294631958  0.18091734029604922  0.10445267512099515
3.01481294631958  3.0166468620300293  0.42159165613970145  0.1593466681379296
3.0166468620300293  3.01848292350769  0.6617269224646344  0.19951817413561745
3.01848292350769  3.0203211307525635           0.0  0.060086770780541046
3.0203211307525635  3.0221617221832275  0.3600536290555052  0.14699127853721985
3.0221617221832275  3.024004459381103  0.539451549290174  0.17981718309672468
3.024004459381103  3.0258495807647705  0.41163264709172226  0.15977102497018958
3.0258495807647705  3.02769684791565  0.5381286815257806  0.17937622717526022
3.02769684791565  3.0295464992523193  0.4777200337387931  0.16889953768268345
3.0295464992523193  3.031398296356201  0.17893742862807394  0.10330957258651793
3.031398296356201  3.033252239227295  0.4766142003272463  0.16850856653059973
3.033252239227295  3.03510856628418  0.11900051444078413  0.08414607072576614
3.03510856628418  3.0369672775268555  0.3565436142007651  0.14555832097326946
3.0369672775268555  3.038828134536743  0.4081518329075728  0.15841998235036447
3.038828134536743  3.0406911373138428  0.3557222954067699  0.14522301897969508
3.0406911373138428  3.0425567626953125  0.532833357758818  0.17761111925293935
3.0425567626953125  3.0444245338439946  0.23654276370588373  0.11827138185294186
3.0444245338439946  3.0462944507598877  0.4725426522689721  0.16706905690963345
3.0462944507598877  3.0481667518615723  0.11798522926730763  0.08342815569476275
3.0481667518615723  3.050041437149048  0.23567035620912294  0.11783517810456147
3.050041437149048  3.0519185066223145  0.22809831673940753  0.11948985099105199
3.0519185066223145  3.0537977218627925  0.5877556492237921  0.18586465591781598
3.0537977218627925  3.0556793212890625  0.5797557100857548  0.18677276923078762
3.0556793212890625  3.0575630664825435  0.45457993866340435  0.16838531241423121
3.0575630664825435  3.0594494342803955  0.878290576437009  0.22677365171142988
3.0594494342803955  3.0613379478454585  0.6433479396414741  0.19397670231263475
3.0613379478454585  3.063228845596313  0.6425367582775082  0.19373212192888897
3.063228845596313  3.0651221275329585  0.4667109963159133  0.16500725517465606
3.0651221275329585  3.0670175552368164  0.34963698318337727  0.14273870066755617
3.0670175552368164  3.068915605545044  0.40734619005484035  0.15396238805639426
3.068915605545044  3.0708158016204834  0.3487596005405898  0.14238051070355554
3.0708158016204834  3.072718381881714  0.5224838376519738  0.1741612792173246
3.072718381881714  3.0746233463287354  0.3987015088665339  0.1547519351995738
3.0746233463287354  3.0765306949615483  0.5719290079995989  0.18425133684617256
3.0765306949615483  3.0784404277801514  0.23134531970945874  0.11567265985472937
3.0784404277801514  3.080352544784546  0.17329264440826064  0.10005055489769137
3.080352544784546  3.082266807556152  0.45446432414529025  0.16445456366277375
3.082266807556152  3.084183692932129  0.8643078408917465  0.22316332491801494
3.084183692932129  3.086102962493896  0.5179404999333808  0.1726468333111269
3.086102962493896  3.088024616241455  0.5172978938538197  0.1724326312846066
3.088024616241455  3.0899486541748042  0.394749077551963  0.1532178391877175
3.0899486541748042  3.0918748378753658  0.5160813249737283  0.17202710832457607
3.0918748378753658  3.093803644180298  0.6299084091344554  0.1899245313989697
3.093803644180298  3.0957350730895996  0.5146797956379151  0.17155993187930504
3.0957350730895996  3.0976686477661133  0.6283549975214449  0.18945616017484818
3.0976686477661133  3.099604606628418  0.74168682701171  0.20570691424053153
3.099604606628418  3.1015431880950928  0.17092694725793262  0.09868471901112835
3.1015431880950928  3.1034839153289795  0.6829518467588453  0.1971512162848857
3.1034839153289795  3.1054272651672363  0.5115226382606736  0.17050754608689117
3.1054272651672363  3.107372999191284  0.28383102727489484  0.12693309422205237
3.107372999191284  3.109321355819702  0.106372986080909  0.08261155226851019
3.109321355819702  3.111271858215332  0.6795291569022125  0.19616317082984588
3.111271858215332  3.113224983215332  0.39585974353351855  0.14962091935021418
3.113224983215332  3.115180492401123  0.44487857334329295  0.16098581951330213
3.115180492401123  3.117138624191284  0.33844076662711564  0.13816786439879916
3.117138624191284  3.1190989017486572  0.6761406023615909  0.1951849793917501
3.1190989017486572  3.1210620403289795  0.9564698865930796  0.23197802177328308
3.1210620403289795  3.1230273246765137  0.9554255788192914  0.23172473993463705
3.1230273246765137  3.124995231628418  0.610455665945716  0.18719376180483668
3.124995231628418  3.1269655227661133  0.7287629520008572  0.20212247623827634
3.1269655227661133  3.1289384365081787  0.7277942036658712  0.20185379379252158
3.1289384365081787  3.130913734436035  0.6709991590364516  0.1937007725478539
3.130913734436035  3.1328916549682617  0.7259519087915964  0.20134283312838908
3.1328916549682617  3.1348719596862793  0.6693026766935951  0.1932110402791921
3.1348719596862793  3.136854887008667  0.4456116414265562  0.15754750671419307
3.136854887008667  3.1388401985168457  0.6119801885311538  0.18451896949898147
3.1388401985168457  3.1408278942108154  0.5556783048075848  0.1757209089533261
3.1408278942108154  3.1428184509277344  0.7213435184255701  0.20006469560823045
3.1428184509277344  3.1448113918304443  0.3879510729784166  0.14663172285165146
3.1448113918304443  3.1468067169189453  0.8303303908198413  0.21439038503300942
3.1468067169189453  3.1488046646118164  0.27641348610864164  0.12361586896732331
3.1488046646118164  3.1508052349090576  0.38647157895680895  0.14607252667345427
3.1508052349090576  3.15280818939209  0.6065895762288915  0.18289363873562892
3.15280818939209  3.1548140048980713  0.605724358718521  0.1826327658407249
3.1548140048980713  3.1568219661712646  0.33004203470772975  0.1347390964506456
3.1568219661712646  3.1588327884674072  0.49435867019951985  0.16478622339983995
3.1588327884674072  3.160845994949341  0.4253477138061002  0.15755712380205197
3.160845994949341  3.1628618240356445  0.38354618793927664  0.14496683279916672
3.1628618240356445  3.1648802757263184  0.4377689607541539  0.15477470037112492
3.1648802757263184  3.1669013500213623  0.32790067433154424  0.1338648897378008
3.1669013500213623  3.1689248085021973  0.7642000751800598  0.20424106116219087
3.1689248085021973  3.1709511280059814  0.6541037807526769  0.18882349694775497
3.1709511280059814  3.1729798316955566  0.8166688260396346  0.21086298417455115
3.1729798316955566  3.175011157989502  0.8699887374987483  0.21749718437468707
3.175011157989502  3.1770451068878174  0.4887376655096414  0.16291255516988046
3.1770451068878174  3.179081678390503  0.7050453096856808  0.19554438581516226
3.179081678390503  3.1811208724975586  0.7583030560099576  0.202665016495208
3.1811208724975586  3.1831626892089844  0.5950442585122511  0.17941259446730717
3.1831626892089844  3.1852071285247803  0.2701276983778912  0.12080477923570487
3.1852071285247803  3.1872541904449463  0.7014322193495324  0.19454229485594177
3.1872541904449463  3.1893038749694824  0.43109829263053007  0.15241626303849523
3.1893038749694824  3.1913561820983887  0.753457950517329  0.20137010758405133
3.1913561820983887  3.193411111831665  0.3762481748493542  0.14220844312761974
3.193411111831665  3.1954686641693115  0.5368122858842218  0.16975494993555962
3.1954686641693115  3.1975290775299072  0.4824601972301263  0.16082006574337543
3.1975290775299072  3.199591875076294  0.4819025687081312  0.16063418956937706
3.199591875076294  3.20165753364563  0.26735284090378775  0.11956382524771116
3.20165753364563  3.203725814819336  0.5340276688392892  0.16887437670822816
3.203725814819336  3.205796718597412  0.7466919224099895  0.1995618105092694
3.205796718597412  3.2078702449798584  0.2130707152894485  0.10653535764472424
3.2078702449798584  3.209946632385254  0.531942820895721  0.1682150899005488
3.209946632385254  3.2120256423950195  0.5312717921078938  0.16800289196604123
3.2120256423950195  3.2141072750091553  0.7428434358095485  0.19853325920095222
3.2141072750091553  3.216191530227661  0.8943394055164081  0.2192905518686625
3.216191530227661  3.218278646469116  0.5821292014963351  0.17551855826113988
3.218278646469116  3.2203683853149414  0.31712652781614376  0.1294663628416814
3.2203683853149414  3.222460985183716  0.31669294933445374  0.1292893551677495
3.222460985183716  3.2245562076568604  0.21086436172875894  0.10543218086437947
3.2245562076568604  3.226654052734375  0.572644739938168  0.17559919421947062
3.226654052734375  3.228754758834839  0.736098744529925  0.19673066463324415
3.228754758834839  3.230858325958252  0.4725627365366373  0.1575209121788791
3.230858325958252  3.232964515686035  0.6292990754603804  0.1816629953089166
3.232964515686035  3.2350733280181885  0.7856455670741946  0.20285281315333586
3.2350733280181885  3.237185001373291  0.575359493044927  0.17347741436355635
3.237185001373291  3.2392995357513428  0.41787710246303617  0.14774186642709933
3.2392995357513428  3.2414166927337646  0.6195912240353629  0.18165024823353293
3.2414166927337646  3.2435364723205566  0.4689484899856879  0.15631616332856263
3.2435364723205566  3.245659351348877  0.6763810686584776  0.18759435575394381
3.245659351348877  3.2477848529815674  0.6235813833558049  0.1800124397710566
3.2477848529815674  3.249913215637207  0.7265336661872037  0.19417428991637883
3.249913215637207  3.252044200897217  0.20091945040158374  0.1052521365912455
3.252044200897217  3.254178047180176  0.40769766017449033  0.14753136219531887
3.254178047180176  3.256314754486084  0.5169259124281225  0.1634663264833608
3.256314754486084  3.2584543228149414  0.5678581490861285  0.17121567406039875
3.2584543228149414  3.260596513748169  0.36092187190056585  0.1364156451104012
3.260596513748169  3.262741804122925  0.5021309291859165  0.16481231865285842
3.262741804122925  3.264889717102051  0.3599603750723259  0.13605223346841544
3.264889717102051  3.267040491104126  0.41083605162893994  0.14525247903136498
3.267040491104126  3.2691941261291504  0.20514513571043216  0.10257256785521608
3.2691941261291504  3.271350622177124  0.7682736363483971  0.19836739992717034
3.271350622177124  3.2735097408294678  0.4029255806715646  0.14580451542050618
3.2735097408294678  3.27567195892334  0.20433079842014926  0.10216539921007463
3.27567195892334  3.277837038040161  0.5101519686357047  0.1613242173707609
3.277837038040161  3.2800049781799316  0.4522339229384991  0.15388952622731666
3.2800049781799316  3.2821757793426514  0.6105687020996157  0.17625600225798677
3.2821757793426514  3.284349203109741  0.6098319474130103  0.1760433194996676
3.284349203109741  3.2865257263183594  0.8626983290839542  0.2092350784621769
3.2865257263183594  3.2887051105499268  0.24713784601328503  0.1147167808189852
3.2887051105499268  3.2908875942230225  0.45547531401166164  0.15182510467055388
3.2908875942230225  3.2930727005004883  0.4043810171025278  0.14297027968815532
3.2930727005004883  3.2952606678009033  0.6562598927029623  0.18201374562854047
3.2952606678009033  3.2974517345428467  0.9073821598395541  0.21387202611674813
3.2974517345428467  3.2996456623077393  0.34618833469285  0.1343694807916317
3.2996456623077393  3.301842451095581  0.30167289085180166  0.12315744196953955
3.301842451095581  3.304042339324951  0.2510398844251021  0.11226844932764381
3.304042339324951  3.3062448501586914  0.5516301179799652  0.16632273858172966
3.3062448501586914  3.308450698852539  0.7010123257731482  0.18735342478204864
3.308450698852539  3.310659170150757  0.4501156239299094  0.1500385413099698
3.310659170150757  3.312870740890503  0.4932548581282725  0.15890585325244974
3.312870740890503  3.3150851726531982  0.5486605329348533  0.16542737500193996
3.3150851726531982  3.317302703857422  0.6911631087915481  0.18718723688161656
3.317302703857422  3.3195230960845947  0.5471876978308727  0.16498329850939744
3.3195230960845947  3.321746349334717  0.6458441860949151  0.1791249483788864
3.321746349334717  3.323972702026367  0.5457227489718266  0.16454159980916883
3.323972702026367  3.326202154159546  0.9351783861042247  0.21665063188869652
3.326202154159546  3.328434467315674  0.7916590882718504  0.1979147720679626
3.328434467315674  3.33066987991333  0.5435109886837582  0.1638747289908296
3.33066987991333  3.3329081535339355  0.6908570556085607  0.18463931466590475
3.3329081535339355  3.3351495265960693  0.4866963157108665  0.15679296827674968
3.3351495265960693  3.3373939990997314  0.4921064401084379  0.15561772019799017
3.3373939990997314  3.3396413326263428  0.33796149542155796  0.1311763168093141
3.3396413326263428  3.3418917655944824  0.6380439702653973  0.17696155775327008
3.3418917655944824  3.3441452980041504  0.24506400905527054  0.1095959566172418
3.3441452980041504  3.3464016914367676  0.6853091756184666  0.18315658136977112
3.3464016914367676  3.348661422729492  0.34214845104732894  0.12931995899102708
3.348661422729492  3.350924015045166  0.43934889614992106  0.1464496320499737
3.350924015045166  3.353189706802368  0.6337469257429322  0.1757697720333701
3.353189706802368  3.3554582595825195  0.6696006423213043  0.1837761178818844
3.3554582595825195  3.3577301502227783  0.3343084327677202  0.12975841769803703
3.3577301502227783  3.3600051403045654  0.2913030828241983  0.11892398556983205
3.3600051403045654  3.3622829914093018  0.3394267342502181  0.1282912467361267
3.3622829914093018  3.3645641803741455  0.7262787459000053  0.18752436583834192
3.3645641803741455  3.3668482303619385  0.48357933477879267  0.15292121272900622
3.3668482303619385  3.3691353797912598  0.482924009921905  0.1527139808134973
3.3691353797912598  3.3714258670806885  0.5304422847818172  0.1599343665054667
3.3714258670806885  3.3737194538116455  0.6260391928622748  0.17363203156269394
3.3737194538116455  3.3760159015655518  0.4328717841011992  0.14429059470039973
3.3760159015655518  3.3783156871795654  0.6184158275090302  0.17398523854377726
3.3783156871795654  3.3806185722351074  0.4257338297214797  0.14487187721140807
3.3806185722351074  3.3829245567321777  0.3831836250769921  0.13547586986579238
3.3829245567321777  3.3852336406707764  0.47833660580080883  0.15126331625646663
3.3852336406707764  3.3875460624694824  0.5254107670789687  0.15841730683761404
3.3875460624694824  3.389861583709717  0.7632108776245197  0.19080271940612992
3.389861583709717  3.3921802043914795  0.4763691544658955  0.15064115351608015
3.3921802043914795  3.3945019245147705  0.23198675810304362  0.10768392826723597
3.3945019245147705  3.396826982498169  0.4216738167842261  0.14349030578188993
3.396826982498169  3.3991551399230957  0.4211124486717637  0.14329927926113573
3.3991551399230957  3.40148663520813  0.23686931318032692  0.10593117721097958
3.40148663520813  3.4038212299346924  0.3784877473186956  0.1338156263625351
3.4038212299346924  3.406158924102783  0.3779859277659018  0.13363820635817886
3.406158924102783  3.4084999561309814  0.47180874092889646  0.14919902413116198
3.4084999561309814  3.410844087600708  0.5654218910310213  0.16322324049623368
3.410844087600708  3.413191556930542  0.423463439413239  0.14115447980441298
3.413191556930542  3.4155423641204834  0.5168315446144947  0.15583057393691874
3.4155423641204834  3.417896270751953  0.4692282008691212  0.1483829857129423
3.417896270751953  3.4202535152435303  0.7028456600355265  0.1814739690847836
3.4202535152435303  3.4226138591766357  0.6551278826316331  0.17509029152358727
3.4226138591766357  3.4249775409698486  0.7009315151070457  0.1809797389894347
3.4249775409698486  3.427344560623169  0.46662872957099455  0.1475609607115108
3.427344560623169  3.4297146797180176  0.6000642865055936  0.16882221215101856
3.4297146797180176  3.4320881366729736  0.5584357642006029  0.16120651939316621
3.4320881366729736  3.434464931488037  0.3252967217400526  0.1229506040041082
3.434464931488037  3.436845064163208  0.7424926418400616  0.1856231604600154
3.436845064163208  3.4392285346984863  0.5097488276381832  0.1536950544181273
3.4392285346984863  3.441615104675293  0.6942092947823428  0.1792440691649606
3.441615104675293  3.444005250930786  0.7393819494752454  0.18484548736881135
3.444005250930786  3.4463984966278076  0.5999698182242563  0.166401687949105
3.4463984966278076  3.4487950801849365  0.45517628969338003  0.14663854902205767
3.4487950801849365  3.451195240020752  0.5982414855801216  0.16592233472068302
3.451195240020752  3.4535984992980957  0.3676738116810186  0.12999232275217695
3.4535984992980957  3.456005096435547  0.504850310075185  0.1522180958012699
3.456005096435547  3.4584152698516846  0.406782378205537  0.13842293619398463
3.4584152698516846  3.4608285427093506  0.8696019612372637  0.1995003721125267
3.4608285427093506  3.463245391845703  0.5941103911744189  0.1647765752819489
3.463245391845703  3.465665578842163  0.45073707654397166  0.14520842230023875
3.465665578842163  3.4680891036987305  0.541266116028925  0.15868708355275676
3.4680891036987305  3.4705159664154053  0.500634544640821  0.1509469946967304
3.4705159664154053  3.4729464054107666  0.4090073596687022  0.13633578655623407
3.4729464054107666  3.4753801822662354  0.40283729048587114  0.13708047237313778
3.4753801822662354  3.4778172969818115  0.8610948005912331  0.1975486956097628
3.4778172969818115  3.480257749557495  0.3620703421008858  0.12801119708303474
3.480257749557495  3.4827017784118652  0.7174954716911869  0.18146712393643258
3.4827017784118652  3.485149383544922  0.722024551284759  0.18050613782118974
3.485149383544922  3.487600088119507  0.4957640850178926  0.1494784958671095
3.487600088119507  3.4900546073913574  0.44999417456831803  0.1423006525443302
3.4900546073913574  3.4925122261047363  0.44942666154257227  0.14212118916801317
3.4925122261047363  3.4949734210968018  0.4936509764505393  0.14884136966172803
3.4949734210968018  3.4974381923675537  0.49293470979869586  0.1486254071404545
3.4974381923675537  3.499906539916992  0.4922205186804711  0.14841007041611307
3.499906539916992  3.502378225326538  0.26812134815361244  0.10946008202057851
3.502378225326538  3.5048532485961914  0.31238638079439207  0.11807095379221218
3.5048532485961914  3.5073320865631104  0.5346953960389536  0.1543532654187717
3.5073320865631104  3.5098142623901367  0.4839785867559254  0.14841007683576235
3.5098142623901367  3.5122997760772705  0.3999444627782015  0.13331482092606717
3.5122997760772705  3.51478910446167  0.7931792056069842  0.1888918965410953
3.51478910446167  3.5172817707061768  0.8807386026952357  0.19877510655812075
3.5172817707061768  3.519778251647949  0.30970136749370486  0.11705611415499519
3.519778251647949  3.522278070449829  0.8836795473878557  0.19759675382854922
3.522278070449829  3.5247814655303955  0.8328431512819625  0.19294286274201916
3.5247814655303955  3.5272884368896484  0.43513381493084696  0.14018171134281726
3.5272884368896484  3.529798984527588  0.7039225112525485  0.1759806278131371
3.529798984527588  3.5323128700256348  0.527240898389321  0.1522013373064273
3.5323128700256348  3.5348305702209473  0.5703122192552164  0.15817614996525717
3.5348305702209473  3.5373518466949463  0.4710584495066629  0.14691796414500055
3.5373518466949463  3.539876937866211  0.4811593834292246  0.14507501265395323
3.539876937866211  3.542405366897583  0.6989442756708473  0.17473606891771182
3.542405366897583  3.5449373722076416  0.6979570662419335  0.17448926656048339
3.5449373722076416  3.547473192214966  0.43556694501512166  0.1377383619729108
3.547473192214966  3.5500125885009766  0.4349535280425157  0.1375443824940268
3.5500125885009766  3.552555561065674  0.6080785709781705  0.16251583405995818
3.552555561065674  3.5551021099090576  0.5097567742955758  0.15178874593965813
3.5551021099090576  3.557652473449707  0.6009636416631009  0.16275857625838236
3.557652473449707  3.560206413269043  0.951448661295541  0.2028495361637959
3.560206413269043  3.5627639293670654  0.5182462974379605  0.14960481966616665
3.5627639293670654  3.5653252601623535  0.7277590135925197  0.17844531364012356
3.5653252601623535  3.567890167236328  0.4736901868283061  0.14282296514389461
3.567890167236328  3.5704588890075684  0.8599758728755957  0.19229645107595497
3.5704588890075684  3.573031187057495  0.4723291342940882  0.1424125923642616
3.573031187057495  3.5756072998046875  0.6378322144922048  0.16673854133345237
3.5756072998046875  3.5781872272491455  0.6849925185740074  0.17124812964350186
3.5781872272491455  3.58077073097229  0.384774919201066  0.12825830640035532
3.58077073097229  3.5833580493927  0.6403460229240003  0.16533663217298708
3.5833580493927  3.585948944091797  0.5115697094521947  0.14767745473074165
3.585948944091797  3.588543653488159  0.7183970488858255  0.17614977528584466
3.588543653488159  3.591142177581787  0.76510157344027  0.18033617029203736
3.591142177581787  3.5937445163726807  0.5942066915302948  0.15880841833105944
3.5937445163726807  3.59635066986084  0.33904967722483464  0.11987216296239536
3.59635066986084  3.5989603996276855  0.29626192390156986  0.11197648194015664
3.5989603996276855  3.601573944091797  0.5071362919738187  0.14639763734345645
3.601573944091797  3.604191541671753  0.5485469564928577  0.15213955220267017
3.604191541671753  3.6068127155303955  0.7163519234316371  0.17374086149547144
3.6068127155303955  3.6094377040863037  0.5470024555254391  0.15171118470782163
3.6094377040863037  3.6120665073394775  0.5830317499428795  0.15790209416251733
3.6120665073394775  3.614699363708496  0.5453678380272647  0.15125782338432633
3.614699363708496  3.617335796356201  0.32997775895837306  0.11940727904215084
3.617335796356201  3.619976282119751  0.5856222156255682  0.15651412063959494
3.619976282119751  3.6226205825805664  0.7100868313233628  0.17222135346508094
3.6226205825805664  3.6252686977386475  0.7924832134368942  0.18180811799072616
3.6252686977386475  3.6279206275939937  0.3748468061191629  0.12494893537305429
3.6279206275939937  3.6305763721466064  0.6602968022538044  0.16700058241063465
3.6305763721466064  3.6332361698150635  0.5813702077853323  0.15537772374359213
3.6332361698150635  3.635899782180786  0.6168794376645429  0.16126118323558472
3.635899782180786  3.6385674476623535  0.3312317474076922  0.1171081073681244
3.6385674476623535  3.6412389278411865  0.6564075038202907  0.16601691097477647
3.6412389278411865  3.6439144611358643  0.5779509925194412  0.1544639000252641
3.6439144611358643  3.6465938091278076  0.5359047014891515  0.14863322153702757
3.6465938091278076  3.6492769718170166  0.4528131357649651  0.13652829740696806
3.6492769718170166  3.6519641876220703  0.5754383850637182  0.15379237743620922
3.6519641876220703  3.6546554565429688  0.6976942812019329  0.16921571857558584
3.6546554565429688  3.657350540161133  0.6147412456450152  0.15872550710732977
3.657350540161133  3.6600496768951416  0.8184241722782147  0.1830052083643087
3.6600496768951416  3.662752866744995  0.6537576330472159  0.16343940826180398
3.662752866744995  3.6654601097106934  0.489584150824923  0.14133077063487182
3.6654601097106934  3.6681711673736572  0.4888952627400406  0.1411319057742476
3.6681711673736572  3.670886278152466  0.447484986819364  0.13492180005426926
3.670886278152466  3.673605442047119  0.44681797719411814  0.1347206890853151
3.673605442047119  3.676328659057617  0.486712312433637  0.14050174230073278
3.676328659057617  3.67905592918396  0.5669871525529476  0.15153369053969
3.67905592918396  3.681787252426148  0.6065847626370566  0.1566195122504333
3.681787252426148  3.6845226287841797  0.4795580989658255  0.1405956771824313
3.6845226287841797  3.687262058258057  0.887025070478345  0.189114380451369
3.687262058258057  3.6900055408477783  1.2028167305433008  0.22096553144684147
3.6900055408477783  3.692753076553345  0.7236065644675593  0.17055570288203725
3.692753076553345  3.695504903793335  0.5569665634093941  0.1508428773380867
3.695504903793335  3.698260545730591  0.6413137258599528  0.1603284314649882
3.698260545730591  3.7010204792022705  0.7203560857744905  0.1697895577067135
3.7010204792022705  3.703784465789795  0.5145552550808338  0.14476508332556504
3.703784465789795  3.706552743911743  0.5935558588914196  0.1551640633113386
3.706552743911743  3.709324836730957  0.8367290837773932  0.18258925536099765
3.709324836730957  3.712101459503174  0.517130090617816  0.1434260813698365
3.712101459503174  3.7148818969726562  0.43206148745634876  0.13248990824362217
3.7148818969726562  3.7176666259765625  0.31730753610827633  0.11218515525187875
3.7176666259765625  3.7204556465148926  0.5148313417109834  0.14278852313499024
3.7204556465148926  3.7232487201690674  0.8699887374987483  0.18548222205604625
3.7232487201690674  3.726046085357666  0.5527798549435923  0.14773663053639427
3.726046085357666  3.7288477420806885  0.6998830842106668  0.16840555976552388
3.7288477420806885  3.7316534519195557  0.6595051937322792  0.16348946371926362
3.7316534519195557  3.7344634532928467  0.5896008010157179  0.15223427221629524
3.7344634532928467  3.7372777462005615  0.8241824006336624  0.17985134463591324
3.7372777462005615  3.740096092224121  0.5878550918510491  0.1517835320481563
3.740096092224121  3.7429187297821045  0.31304603613013493  0.1106784874855937
3.7429187297821045  3.745745897293091  0.8594972221114719  0.18324542345982303
3.745745897293091  3.748577117919922  0.5851818981702107  0.1510933164076847
3.748577117919922  3.7514126300811768  0.46262255691869364  0.13563055615183492
3.7514126300811768  3.7542524337768555  0.583413234889703  0.15063664951232103
3.7542524337768555  3.757096529006958  0.8107461726797529  0.1784896858741585
3.757096529006958  3.7599449157714844  0.5816552306663808  0.15018273477368843
3.7599449157714844  3.7627978324890137  0.580731659766944  0.14994426979285105
3.7627978324890137  3.7656548023223873  0.5412472701372091  0.14465441759857994
3.7656548023223873  3.7685163021087646  0.5742190532900521  0.15010914340173917
3.7685163021087646  3.771382093429565  0.7227616576771193  0.16908786982012086
3.771382093429565  3.77425217628479  0.7696776918391955  0.17210516397175765
3.77425217628479  3.7771267890930176  0.6916183170710376  0.16301600066458613
3.7771267890930176  3.780005693435669  0.4220255925382126  0.1272455038524239
3.780005693435669  3.782888889312744  0.8044859883469571  0.17555323510149012
3.782888889312744  3.7857766151428223  0.5307552901973406  0.14374409595739068
3.7857766151428223  3.788668870925903  0.7255882492494383  0.166461360689416
3.788668870925903  3.791565418243408  0.4194550193347713  0.12647044686951872
3.791565418243408  3.794466257095337  0.3760526065585482  0.12114824482368074
3.794466257095337  3.797371625900269  0.5322309238513192  0.14224469769270054
3.797371625900269  3.800281524658203  0.6832316303913785  0.1610392396569615
3.800281524658203  3.803195953369141  0.4075133428936683  0.12709894231292082
3.803195953369141  3.806114673614502  0.6054814608307845  0.15137036520769612
3.806114673614502  3.809037923812866  0.8643609085174895  0.18169167638288655
3.809037923812866  3.8119657039642334  0.5658823323103624  0.14611018993006966
3.8119657039642334  3.8148980140686035  0.4143392983087176  0.12492799894446854
3.8148980140686035  3.8178348541259766  0.7897912856859679  0.17234658808916384
3.8178348541259766  3.8207762241363525  0.5632678155768219  0.14543512461224414
3.8207762241363525  3.823721885681153  0.7874260669427993  0.17183045504508296
3.823721885681153  3.8266723155975337  0.6738458221355969  0.1588269834354349
3.8266723155975337  3.829627275466919  0.6728128165986967  0.15858350169538646
3.829627275466919  3.8325870037078857  0.5551616785555238  0.14512727075140588
3.8325870037078857  3.835551023483277  0.7452847534073586  0.16665073712130218
3.835551023483277  3.83851957321167  0.4836958505610782  0.1341530916097796
3.83851957321167  3.8414928913116455  0.4365898569682499  0.1300020523920687
3.8414928913116455  3.844470977783203  0.32921007615721504  0.11202605571891687
3.844470977783203  3.8474533557891846  0.48145311658286705  0.13353106912088222
3.8474533557891846  3.850440502166748  0.4067331015962102  0.12263464434655746
3.850440502166748  3.8534324169158936  0.7014193203955363  0.16091662813953267
3.8534324169158936  3.856428861618042  0.5114980963454956  0.13852868318236122
3.856428861618042  3.8594298362731934  0.5888856791522471  0.14722141978806177
3.8594298362731934  3.8624355792999268  0.7349393237377384  0.16433742872153081
3.8624355792999268  3.865446090698242  0.5457968700077828  0.14267917471354657
3.865446090698242  3.86846137046814  0.5494611402522517  0.14187025637234058
3.86846137046814  3.87148118019104  0.47548531780640846  0.1318758995447151
3.87148118019104  3.8745057582855225  0.7668807391675667  0.1673470969637648
3.8745057582855225  3.877535104751587  0.6562916770758305  0.15468943176553718
3.877535104751587  3.8805692195892334  0.4368401722942795  0.1261048955334724
3.8805692195892334  3.883608102798462  0.47250094424408323  0.1310481832443995
3.883608102798462  3.8866515159606934  0.6169661610816621  0.14963627350420783
3.8866515159606934  3.889699935913086  0.5434878023440678  0.14032794715636288
3.889699935913086  3.8927531242370605  0.6105196847590536  0.14969842296078772
3.8927531242370605  3.895811080932617  0.5056733227859947  0.1351468802497672
3.895811080932617  3.898873805999756  0.5048860375255463  0.1349364694133204
3.898873805999756  3.9019412994384766  0.324065057085555  0.108021685695185
3.9019412994384766  3.9050137996673584  0.5751768482571068  0.1437942120642767
3.9050137996673584  3.9080910682678223  0.35892849052303666  0.11350315471789567
3.9080910682678223  3.911173105239868  0.6092343967051457  0.14776104519851577
3.911173105239868  3.914259910583496  0.6798571909819716  0.15596993639630768
3.914259910583496  3.9173517227172856  0.9288243422785655  0.18215744022993804
3.9173517227172856  3.9204485416412354  0.6419926128975824  0.15131911001718354
3.9204485416412354  3.9235501289367676  0.48975709982990323  0.13441692379476747
3.9235501289367676  3.926656723022461  0.4622023818369213  0.12819187595035425
3.926656723022461  3.9297680854797363  0.3194958639435058  0.10649862131450194
3.9297680854797363  3.932884454727173  0.3500445309462058  0.11276954286357002
3.932884454727173  3.9360058307647705  0.5307848335450085  0.1370480547159529
3.9360058307647705  3.9391322135925293  0.8478956810214293  0.1730759811343457
3.9391322135925293  3.94226336479187  0.31747666370690253  0.1058255545689675
3.94226336479187  3.9453997611999507  0.5943226973033482  0.14572694826576352
3.9453997611999507  3.9485409259796147  0.8747223608930434  0.17624772299969532
3.9485409259796147  3.9516870975494385  0.7021354997243844  0.15700227067995084
3.9516870975494385  3.9548385143280034  0.49067680723651486  0.13113889287965422
3.9548385143280034  3.9579946994781494  0.555601003195905  0.14052118805504094
3.9579946994781494  3.961156129837036  0.45418529678243474  0.12596833662391524
3.961156129837036  3.964322566986084  0.6976417479377808  0.15599743723306517
3.964322566986084  3.967494010925293  0.6617133552581255  0.15180745500849463
3.967494010925293  3.970670461654663  0.5215818539946897  0.1346718556136948
3.970670461654663  3.9738521575927734  0.5207219963110716  0.13444984131444404
3.9738521575927734  3.977038860321045  0.7625256666016635  0.16257101835901405
3.977038860321045  3.980230569839478  0.5148111658763961  0.13457906469766953
3.980230569839478  3.9834277629852295  1.03639597923523  0.18921915211159707
3.9834277629852295  3.9866297245025635  0.5174262874736598  0.1335988929516944
3.9866297245025635  3.9898369312286377  0.5123236007722475  0.13392877929735003
3.9898369312286377  3.993049383163452  0.8251785709688291  0.16843887046271894
3.993049383163452  3.9962670803070073  0.5449797036385108  0.1378348760723261
3.9962670803070073  3.9994897842407227  0.5826420837618186  0.14131146195764416
3.9994897842407227  4.002717971801758  0.6500820569899251  0.14913905218042803
4.002717971801758  4.005950927734375  0.7857807568227078  0.16384661408621165
4.005950927734375  4.009189605712891  0.5414492108588307  0.13694195284690594
4.009189605712891  4.012433052062988  0.5789159839905482  0.14040775002067135
4.012433052062988  4.015682220458984  0.6118903763520326  0.14422394482043696
4.015682220458984  4.0189361572265625  0.8825464588709091  0.173081600593653
4.0189361572265625  4.022195816040039  0.6438056649827081  0.14769914910203302
4.022195816040039  4.025460720062256  0.5074510764401381  0.13102330453784544
4.025460720062256  4.028730869293213  0.7092919989122012  0.15478020356389036
4.028730869293213  4.03200626373291  0.5691014036267608  0.13954272852204452
4.03200626373291  4.035286903381348  0.7070239140319587  0.1542852668664477
4.035286903381348  4.038572788238525  0.5336704455308632  0.13497456736847846
4.038572788238525  4.041864395141602  0.7046681918788753  0.15377120614821962
4.041864395141602  4.045161247253418  0.5612566618340659  0.1391339318085258
4.045161247253418  4.048463344573975  0.7693275857412215  0.16041589075877474
4.048463344573975  4.0517706871032715  0.3673557547504987  0.11076192755320204
4.0517706871032715  4.055083751678467  0.43339788682607117  0.12020294643301065
4.055083751678467  4.058402061462402  0.5325696251968196  0.1331424062992049
4.058402061462402  4.061726093292236  0.49842454746602  0.1286926647784576
4.061726093292236  4.0650553703308105  0.3981114317256517  0.11492487113713616
4.0650553703308105  4.068389892578125  0.8280941704527445  0.1656188340905489
4.068389892578125  4.071730136871338  0.7564546109445353  0.15900939644044057
4.071730136871338  4.075076103210449  0.8252618688864248  0.16505237377728496
4.075076103210449  4.078427314758301  0.7250937720402558  0.15459051162397425
4.078427314758301  4.081783771514893  0.7528007600037604  0.15824134423430689
4.081783771514893  4.085145950317383  0.7884311491443767  0.1609378343933254
4.085145950317383  4.0885138511657715  0.6190608161164241  0.14341639946136212
4.0885138511657715  4.091887474060059  0.5893174592880213  0.138903457244729
4.091887474060059  4.095266342163086  0.6537806981626917  0.14618980834690506
4.095266342163086  4.098650932312012  0.7139095587922553  0.15349530868748767
4.098650932312012  4.102040767669678  0.5213323986136823  0.13033309965342058
4.102040767669678  4.1054368019104  0.6424364032572109  0.14634694717960764
4.1054368019104  4.108838081359863  0.8443147392871281  0.165583743509195
4.108838081359863  4.112245082855225  0.5187056713428505  0.12967641783571263
4.112245082855225  4.115657806396484  0.5462005786659522  0.13392748389240236
4.115657806396484  4.119075775146484  0.6139865409907634  0.14085817288804375
4.119075775146484  4.122499942779541  0.6411448329744248  0.1447008591467172
4.122499942779541  4.125929832458496  0.7084608688862669  0.15104436475647032
4.125929832458496  4.129364967346191  0.5787647174434691  0.1364161521385977
4.129364967346191  4.132806301116943  0.5055970706057488  0.12937062747425354
4.132806301116943  4.1362528800964355  0.6369757949072142  0.14375994321147983
4.1362528800964355  4.139705657958984  0.44785016144546114  0.1196929903385937
4.139705657958984  4.143164157867432  0.8583348345653712  0.16632563835972747
4.143164157867432  4.146628379821777  0.5061972526019516  0.12802611751358364
4.146628379821777  4.1500983238220215  0.6684519071787653  0.14586816490877558
4.1500983238220215  4.153573989868164  0.5720155061685761  0.1348253477852185
4.153573989868164  4.157055854797363  0.567076423291052  0.1350465825654325
4.157055854797363  4.160542964935303  0.6018125975416098  0.13806527871755744
4.160542964935303  4.164036273956299  0.7549275253925077  0.15529495649861158
4.164036273956299  4.167535781860352  0.6904660101250072  0.14845478962580563
4.167535781860352  4.1710405349731445  0.5633730670573144  0.13416464569969905
4.1710405349731445  4.174551486968994  0.8179406539909119  0.1604113598330963
4.174551486968994  4.1780686378479  0.5966723869064252  0.13688603352243733
4.1780686378479  4.181591510772705  0.4350641631612202  0.11782813279885733
4.181591510772705  4.185120105743408  0.5947372332191611  0.1364420788191213
4.185120105743408  4.188654899597168  0.6523263924117613  0.14361280606993368
4.188654899597168  4.192195415496826  0.5615381851128284  0.13235581952948924
4.192195415496826  4.195742130279541  0.4359885747548513  0.11652284794860944
4.195742130279541  4.1992950439453125  0.6140695294588453  0.1398849762197243
4.1992950439453125  4.202853679656982  0.4268558295382025  0.1171532735927998
4.202853679656982  4.206418514251709  0.8055774525595352  0.15798673655043982
4.206418514251709  4.209989547729492  0.5258093901861007  0.12752750909875904
4.209989547729492  4.213566303253174  0.6446734497998114  0.14192797378968383
4.213566303253174  4.217149257659912  0.5857140705112847  0.13437202332466033
4.217149257659912  4.220738410949707  0.7655418563019202  0.15424895380109221
4.220738410949707  4.2243332862854  0.6721488325119283  0.14451647447457056
4.2243332862854  4.227934837341309  0.5175635564030476  0.12690573311504352
4.227934837341309  4.231542110443115  0.7004579708746159  0.14723870747723544
4.231542110443115  4.2351555824279785  0.699256340679133  0.14698612062091398
4.2351555824279785  4.238775730133057  1.1251116397119407  0.18589686399044997
4.238775730133057  4.242401599884033  0.7273275974520662  0.14961741863609002
4.242401599884033  4.246033668518066  0.5473836188082908  0.12901955625659153
4.246033668518066  4.2496724128723145  0.607088196459289  0.13574904756207176
4.2496724128723145  4.253316879272461  0.7236162568396588  0.14885396458312555
4.253316879272461  4.256967544555664  0.8168928339464637  0.15721109919268902
4.256967544555664  4.260624885559082  0.6342013726909878  0.13839408553339766
4.260624885559082  4.264288425445557  0.7235751701961475  0.14769916312733797
4.264288425445557  4.267958164215088  0.451470571775679  0.11656920038599633
4.267958164215088  4.271634101867676  0.7211347817637828  0.14720102092454762
4.271634101867676  4.2753167152404785  0.5924423234491591  0.13495830089513994
4.2753167152404785  4.279005527496338  0.7785027191487958  0.15267694447402894
4.279005527496338  4.282700538635254  0.5978435962292985  0.13368189210816486
4.282700538635254  4.286402225494385  0.8354716009343255  0.15788929168065885
4.286402225494385  4.290110111236572  0.6553445254499636  0.13971992228565983
4.290110111236572  4.293824672698975  0.7099613672690002  0.14604503867892535
4.293824672698975  4.297545433044434  0.7421328378797953  0.14842656757595907
4.297545433044434  4.301272869110107  0.6815394053035639  0.14211078975367983
4.301272869110107  4.305006504058838  0.5288367870844523  0.12593999308975581
4.305006504058838  4.308746814727783  0.8268442169879102  0.1562588693672813
4.308746814727783  4.312493324279785  0.6154633507634448  0.13549722940007872
4.312493324279785  4.316246509552002  0.7357213230816977  0.14714426461633953
4.316246509552002  4.320006370544434  0.4994022223340151  0.12112283013831408
4.320006370544434  4.32377290725708  0.7588135275026705  0.149881354186479
4.32377290725708  4.327545642852783  0.7026324611497726  0.14342425054440566
4.327545642852783  4.331325054168701  0.847514577266239  0.15737950603543538
4.331325054168701  4.335111618041992  0.5506140969941196  0.1275595050240021
4.335111618041992  4.338903903961182  0.7281356134761779  0.1456271226952356
4.338903903961182  4.342703342437744  0.7558354713020939  0.14823153143211448
4.342703342437744  4.3465094566345215  0.9540603311522033  0.16701683893043726
4.3465094566345215  4.350322246551514  0.7496083108733862  0.14806313365670307
4.350322246551514  4.354141712188721  0.5494451343098368  0.1260513587093006
4.354141712188721  4.357967853546143  0.4618833526601031  0.11547083816502578
4.357967853546143  4.361800670623779  0.5763485975591981  0.12887546428790364
4.361800670623779  4.365640163421631  0.7731622646674909  0.14982114443903422
4.365640163421631  4.3694868087768555  0.8039873606115244  0.15193932952980718
4.3694868087768555  4.373339653015137  0.5698095353452159  0.12860109771442776
4.373339653015137  4.377199649810791  0.6545972266419356  0.13759861915568697
4.377199649810791  4.381066799163818  0.36424051226690063  0.10395473883638282
4.381066799163818  4.384940147399902  0.5382773044725228  0.12470146859480494
4.384940147399902  4.388820648193359  0.569266407861985  0.12729183852865192
4.388820648193359  4.3927083015441895  0.5113971574221452  0.12053746596424107
4.3927083015441895  4.396602153778076  0.5673144779795291  0.12685537373820346
4.396602153778076  4.400503635406494  0.6193265764247651  0.1331593377002918
4.400503635406494  4.404411792755127  0.48045223561538664  0.11652678326508133
4.404411792755127  4.408326625823975  0.564274059339931  0.1261755154623836
4.408326625823975  4.412248611450195  0.5914072375124469  0.12905563964026262
4.412248611450195  4.416177749633789  0.8433294952392295  0.15397019598399053
4.416177749633789  4.420113563537598  0.4770761476985351  0.11570796167199013
4.420113563537598  4.424056529998779  0.5567857111608835  0.12566173292206753
4.424056529998779  4.428006649017334  0.7549651782585859  0.14529311629879613
4.428006649017334  4.431963920593262  0.5861338147415202  0.12790488444886855
4.431963920593262  4.435927867889404  0.7244673445609389  0.1420797356491144
4.435927867889404  4.439899444580078  0.691827776730046  0.13939631111307735
4.439899444580078  4.443877696990967  0.5275147459932629  0.12102018257958741
4.443877696990967  4.4478631019592285  0.6617132150066417  0.13611998699555258
4.4478631019592285  4.451855659484863  0.8852626350757595  0.1564938030982854
4.451855659484863  4.455855846405029  0.5764328939025375  0.12690448580241012
4.455855846405029  4.45986270904541  0.4618027561490814  0.11447959116079343
4.45986270904541  4.463877201080322  0.6294054578532451  0.1323032215305008
4.463877201080322  4.467898368835449  0.38115190767640167  0.10322711314098873
4.467898368835449  4.471927165985107  0.5723393948335171  0.12600328221048862
4.471927165985107  4.475963592529297  0.6807127646053813  0.1371567484064762
4.475963592529297  4.480006694793701  0.6249515921295519  0.1313670034279144
4.480006694793701  4.484057426452637  0.7328431495117878  0.14200822307511515
4.484057426452637  4.488115310668945  0.8165728602551413  0.14908512513608488
4.488115310668945  4.492180824279785  0.45849842147692  0.1124230591388604
4.492180824279785  4.496253490447998  0.7831368174476899  0.14635818673229986
4.496253490447998  4.500333309173584  0.7005455883290784  0.1383722319680923
4.500333309173584  4.504420757293701  0.6215111445704573  0.12959403214005077
4.504420757293701  4.50851583480835  0.6979352647582202  0.13785663911492754
4.50851583480835  4.512618064880371  0.5384970390771631  0.12041159850588974
4.512618064880371  4.516727924346924  0.8599958282270953  0.15202722048288012
4.516727924346924  4.520845413208008  0.4762203892622782  0.11458794052140538
4.520845413208008  4.524970054626465  0.42514717227204374  0.10752713800418326
4.524970054626465  4.529102802276611  0.7216028079720924  0.13887252514355913
4.529102802276611  4.533242702484131  0.8237779959155498  0.14884297659934861
4.533242702484131  4.537390232086182  0.5326155469281253  0.11909645688045176
4.537390232086182  4.541545391082764  0.6645469972430621  0.1329093994486124
4.541545391082764  4.545708179473877  0.4510637483509403  0.10939902813752651
4.545708179473877  4.5498785972595215  0.5826616773266542  0.12422388699900422
4.5498785972595215  4.554056644439697  0.7336804468009804  0.14050365803295972
4.554056644439697  4.558242321014404  0.5541495247823964  0.12092534017329232
4.558242321014404  4.562435626983643  0.5762258412903603  0.12389239266133587
4.562435626983643  4.566636562347412  0.5521367228762628  0.12048611078787286
4.566636562347412  4.570845603942871  0.7610060654143208  0.14131527867189994
4.570845603942871  4.575062274932861  0.7825857807508495  0.14376627673631084
4.575062274932861  4.579286575317383  0.6536700004488141  0.1307340000897628
4.579286575317383  4.583518981933594  0.7796762121653629  0.14323176939828713
4.583518981933594  4.587759017944336  0.5991445716664372  0.12493027929650417
4.587759017944336  4.592006683349609  0.6500743751656985  0.13001487503313972
4.592006683349609  4.596262454986572  0.40563194139722125  0.1050097910690716
4.596262454986572  4.600526332855225  0.696209187553415  0.13490940002495003
4.600526332855225  4.604797840118408  0.7757351016712716  0.14162920461130632
4.604797840118408  4.609077453613281  0.6936493097607395  0.13441335432012294
4.609077453613281  4.613365173339844  0.5861138309691927  0.12420302992560388
4.613365173339844  4.6176605224609375  0.4885718834171617  0.1120860771826707
4.6176605224609375  4.621963977813721  0.5101452682093457  0.11513538720582563
4.621963977813721  4.626275539398193  0.4067156646928974  0.10286548813715828
4.626275539398193  4.6305952072143555  0.5625299734958513  0.11993179332081806
4.6305952072143555  4.634922981262207  0.4338680611617132  0.10522846139715807
4.634922981262207  4.63925838470459  0.636918448523542  0.1273836897047084
4.63925838470459  4.64360237121582  0.5848071933323776  0.12194072925406314
4.64360237121582  4.64795446395874  0.5774444579900275  0.12236590830404624
4.64795446395874  4.65231466293335  0.6301655241015479  0.12697198985792008
4.65231466293335  4.656682968139648  0.42671733888355196  0.10463038993755308
4.656682968139648  4.661059379577637  0.7287831289846067  0.13620018227070965
4.661059379577637  4.665444374084473  0.4250932515781013  0.10423216640038319
4.665444374084473  4.669837474822998  0.6254459516318847  0.12602104366230557
4.669837474822998  4.674238681793213  0.5459047742920845  0.118369315866699
4.674238681793213  4.678648471832275  0.6481258708632781  0.12801825440300582
4.678648471832275  4.683066368103027  0.6750276887959121  0.1299091392789236
4.683066368103027  4.687492847442627  0.42110929026308513  0.10325530563588535
4.687492847442627  4.691927433013916  0.5199672631127297  0.11447330445122779
4.691927433013916  4.696370601654053  0.6960470098790693  0.13154052063929542
4.696370601654053  4.700822353363037  0.6916385021916965  0.13157634716333672
4.700822353363037  4.705282211303711  0.5417865977020665  0.11648772597709692
4.705282211303711  4.709750652313232  0.5654641500017576  0.11886253570219682
4.709750652313232  4.714227676391602  0.8881501809485037  0.14802503015808396
4.714227676391602  4.718713283538818  0.489429259656569  0.11045996274397536
4.718713283538818  4.723206996917725  0.6390595326119571  0.1253298856590713
4.723206996917725  4.727709770202637  0.5641844256335867  0.1176405849311146
4.727709770202637  4.732220649719238  0.5111728907979267  0.11253718090871231
4.732220649719238  4.736740589141846  0.5376051302773412  0.11461779889158043
4.736740589141846  4.741269111633301  0.4878056256903058  0.10907665388503415
4.741269111633301  4.7458062171936035  0.6299388390692165  0.12442593974976329
4.7458062171936035  4.750351905822754  0.58015305266186  0.11934237399652035
4.750351905822754  4.75490665435791  0.5577463914633541  0.11629816200842913
4.75490665435791  4.759469509124756  0.7716245231369887  0.13719831153019268
4.759469509124756  4.764041900634766  0.8183276738571206  0.14110984696758958
4.764041900634766  4.768622398376465  0.5757442276728618  0.11843544152704856
4.768622398376465  4.77321195602417  0.4813184443824243  0.10762607604635527
4.77321195602417  4.777810573577881  0.36027763587573886  0.09302328558384776
4.777810573577881  4.7824177742004395  0.5454704582979696  0.1155903172315287
4.7824177742004395  4.787034034729004  0.6669907092719428  0.12688738530285215
4.787034034729004  4.791659355163574  0.5969961375233034  0.11939922750466068
4.791659355163574  4.796293258666992  0.42904106034809125  0.10112594772653402
4.796293258666992  4.800936698913574  0.8533798590402559  0.14296474763143488
4.800936698913574  4.805588722229004  0.4273699287067191  0.10073205822124413
4.805588722229004  4.8102498054504395  0.444378267277628  0.10396093070268735
4.8102498054504395  4.814919948577881  0.5883432256876203  0.11854521903827049
4.814919948577881  4.819599151611328  0.33046805452222394  0.08832130266399235
4.819599151611328  4.824287414550781  0.7067773637887765  0.12903930176038264
4.824287414550781  4.82898473739624  0.6819003694459659  0.12662571970732522
4.82898473739624  4.833691596984863  0.5397217638798459  0.11253976734925691
4.833691596984863  4.838407039642334  0.6061146783035286  0.11972017562129615
4.838407039642334  4.843132019042969  0.490899639574112  0.10712308366547178
4.843132019042969  4.847866535186768  0.6065562529293065  0.1189554680683944
4.847866535186768  4.852610111236572  0.5297884567827685  0.11226715370838662
4.852610111236572  4.857362747192383  0.6274838503756524  0.12075932330884191
4.857362747192383  4.862124919891357  0.6494208509115018  0.12272900483798485
4.862124919891357  4.866896629333496  0.31833966781688877  0.08737032885211002
4.866896629333496  4.871677398681641  0.6699980589878526  0.12441551614171761
4.871677398681641  4.876467704772949  0.5072624955105433  0.10814872742318245
4.876467704772949  4.881267070770264  0.5983603611858008  0.1173481214556471
4.881267070770264  4.8860764503479  0.45648037334814046  0.10302368327707477
4.8860764503479  4.890894889831543  0.6418373120290122  0.12129585069935227
4.890894889831543  4.89572286605835  0.6148644498866802  0.11914665234796082
4.89572286605835  4.9005608558654785  0.6135918150111016  0.1189000448475363
4.9005608558654785  4.905407905578613  0.7747735411910889  0.13287256612012305
4.905407905578613  4.91026496887207  0.5657013108565239  0.11398310183200677
4.91026496887207  4.915131092071533  0.5873462081081425  0.11601301486712373
4.915131092071533  4.920007228851318  0.6965980421423151  0.12662018669394975
4.920007228851318  4.924893379211426  0.7459684341610595  0.12985643643569955
4.924893379211426  4.929788589477539  0.628982764120561  0.11965680665467676
4.929788589477539  4.934693813323975  0.6755161894401915  0.12333181830544201
4.934693813323975  4.939609050750732  0.7415539915452442  0.12908798061278748
4.939609050750732  4.944533824920654  0.5831232605862785  0.1143598801753571
4.944533824920654  4.949468612670898  0.44487979955448304  0.1004055338228405
4.949468612670898  4.954412937164307  0.5584784004220313  0.11169568008440627
4.954412937164307  4.959367275238037  0.7106520752548455  0.12635713599926987
4.959367275238037  4.96433162689209  0.6007234210636948  0.1156092762865457
4.96433162689209  4.969305992126465  0.7549437352576129  0.12947178245888138
4.969305992126465  4.974290370941162  0.7285286102800045  0.12753548343468382
4.974290370941162  4.979284763336182  0.597110133348685  0.1149138987415722
4.979284763336182  4.984288692474365  0.5076799629557804  0.10585859000424196
4.984288692474365  4.989303112030029  0.8149939663640684  0.13398418273022925
4.989303112030029  4.994327545166016  0.8353526669491872  0.1355120967778697
4.994327545166016  4.999362468719482  0.4799062456963187  0.10318303826724004
4.999362468719482  5.004406929016113  0.7882448292773894  0.13137413821289823
5.004406929016113  5.009461879730225  0.6091064103821978  0.11587555675095856
5.009461879730225  5.014527320861816  0.4360999743180678  0.09751491875611122
5.014527320861816  5.0196027755737305  0.5848837424936713  0.1133370776985253
5.0196027755737305  5.024688243865967  0.3665407915154449  0.08987519945784565
5.024688243865967  5.029784202575684  0.5418604410944178  0.10837208821888356
5.029784202575684  5.034890651702881  0.4948141329411215  0.10401165580962614
5.034890651702881  5.040007591247559  0.6043953068729073  0.11421997682573429
5.040007591247559  5.045134544372559  0.6247582346923557  0.11601469167009493
5.045134544372559  5.050272464752197  0.6879168485836969  0.1216076671315029
5.050272464752197  5.055420398712157  0.4720228816135417  0.1006356164962466
5.055420398712157  5.0605788230896  0.5567107631109306  0.10917996325114482
5.0605788230896  5.06574821472168  0.5982627099025152  0.11306102493468818
5.06574821472168  5.070927619934082  0.4904799789410753  0.10227214541562467
5.070927619934082  5.076117992401123  0.5745642201831994  0.11057493572983254
5.076117992401123  5.0813188552856445  0.31855849641382833  0.08225145009357548
5.0813188552856445  5.086530685424806  0.887467527491913  0.13754531485953495
5.086530685424806  5.091753005981445  0.6344991819551162  0.115843171558464
5.091753005981445  5.096985816955566  0.5699044593306112  0.10967816433563216
5.096985816955566  5.102230072021484  0.6318453392226997  0.11535864838225879
5.102230072021484  5.107484340667725  0.5255343074667431  0.10510686149334862
5.107484340667725  5.112750053405762  0.5427753376567594  0.10720934680059745
5.112750053405762  5.118026256561279  0.5574554534043975  0.10952051243001962
5.118026256561279  5.1233134269714355  0.5823536306332683  0.11078614512237658
5.1233134269714355  5.1286115646362305  0.5394535193721172  0.10655321903690015
5.1286115646362305  5.133920669555664  0.5591433945664305  0.10834918762557062
5.133920669555664  5.139240741729736  0.6410361710620063  0.11582456958282199
5.139240741729736  5.1445722579956055  0.4350527259225361  0.09493628799223325
5.1445722579956055  5.149914264678955  0.3928461595842  0.09012508999924107
5.149914264678955  5.155267715454102  0.5157978564154309  0.10315957128308617
5.155267715454102  5.160632133483887  0.36807040381077877  0.08765423519047005
5.160632133483887  5.1660075187683105  0.5958840183990252  0.11065288431090756
5.1660075187683105  5.1713948249816895  0.41004514313868246  0.09168888139017255
5.1713948249816895  5.176792621612549  0.5320227063016858  0.1043382369656438
5.176792621612549  5.182202339172362  0.5308503336567716  0.1041083157735815
5.182202339172362  5.187623023986816  0.5094002932771898  0.10188005865543796
5.187623023986816  5.193054676055908  0.6685374034989805  0.1170334833063603
5.193054676055908  5.198498249053955  0.5022428670982012  0.10195201638088663
5.198498249053955  5.203953266143799  0.6226758373205695  0.11318339415492398
5.203953266143799  5.2094197273254395  0.5051345546036325  0.1010269109207265
5.2094197273254395  5.214897632598877  0.6250582818706731  0.11226378149971923
5.214897632598877  5.220386981964111  0.39993581007551643  0.09026206302402504
5.220386981964111  5.225887775421143  0.5822989371889918  0.10813019806144772
5.225887775421143  5.231400012969971  0.37576103483034723  0.08790813993241946
5.231400012969971  5.236924648284912  0.45488827620188  0.09639510142335837
5.236924648284912  5.242460250854492  0.5786373106565775  0.10745025108423298
5.242460250854492  5.248007774353027  0.4729216150450424  0.09804036155163652
5.248007774353027  5.253567218780517  0.4569511562963213  0.09528090260783023
5.253567218780517  5.259138107299805  0.5130418602878233  0.1013363705143207
5.259138107299805  5.264721393585205  0.49212004034371454  0.0991572188283219
5.264721393585205  5.270316123962403  0.592264130296612  0.10813214138821109
5.270316123962403  5.275922775268555  0.4728038809846813  0.09651068806833793
5.275922775268555  5.281541347503661  0.5086877750780398  0.10047634869890391
5.281541347503661  5.287172317504883  0.48795270999946183  0.0983175438445794
5.287172317504883  5.2928147315979  0.5261136275756475  0.10194877503786896
5.2928147315979  5.298469543457031  0.4639489054249113  0.09618024844352301
5.298469543457031  5.304136276245117  0.6627038914681436  0.11365277975522135
5.304136276245117  5.309815406799316  0.3306285913605129  0.08018921206050432
5.309815406799316  5.315506458282471  0.48520004474034717  0.09704000894806943
5.315506458282471  5.321209907531738  0.46238600878066316  0.09511670021811125
5.321209907531738  5.326925277709962  0.6570643289009006  0.11268560275411654
5.326925277709962  5.332653045654297  0.4989900144642461  0.0985608405527124
5.332653045654297  5.338393211364746  0.5171542245474861  0.10021264786701307
5.338393211364746  5.344145774841309  0.3840094518551752  0.08586712383506045
5.344145774841309  5.349910736083984  0.4406611688385409  0.09188420541807404
5.349910736083984  5.355688571929932  0.4779122335541836  0.09558244671083671
5.355688571929932  5.361478328704833  0.6271874125562555  0.10979479561381607
5.361478328704833  5.367280960083008  0.6257958388738369  0.10955118812906124
5.367280960083008  5.373095989227295  0.6268092287698546  0.10911348127565504
5.373095989227295  5.378923416137694  0.4738452282118423  0.09476904564236846
5.378923416137694  5.384763717651367  0.6005099673665283  0.10739498808677965
5.384763717651367  5.390616893768311  0.4717606952321926  0.09435213904643852
5.390616893768311  5.396482467651367  0.3931140189374131  0.08654595003630434
5.396482467651367  5.402360916137695  0.46973252222388406  0.09394650444477681
5.402360916137695  5.408252239227295  0.5367473569111892  0.10160574985542356
5.408252239227295  5.414156436920166  0.5986354420521187  0.10582479513341492
5.414156436920166  5.420073509216309  0.5203591793425481  0.09899240689152322
5.420073509216309  5.426003932952881  0.33524330823050175  0.07901760553239991
5.426003932952881  5.431946754455566  0.4460585759943032  0.0910513255482097
5.431946754455566  5.437902927398682  0.46360279673173027  0.09272055934634606
5.437902927398682  5.4438719749450675  0.5297582357116735  0.10028271604600933
5.4438719749450675  5.449854373931885  0.38771915578982574  0.08460725618053583
5.449854373931885  5.455849647521973  0.41690182028819633  0.08906375375347357
5.455849647521973  5.46185827255249  0.5330847186264749  0.09899134710236179
5.46185827255249  5.4678802490234375  0.403512473663704  0.08602914844352609
5.4678802490234375  5.4739155769348145  0.47582342066327604  0.09331665026871203
5.4739155769348145  5.479963779449463  0.40176277435343094  0.08565611129716895
5.479963779449463  5.486025810241699  0.36440572855980763  0.08148359804500664
5.486025810241699  5.492101192474365  0.4681923767484582  0.0931410537429091
5.492101192474365  5.498189926147461  0.32652682468969774  0.07696311065913208
5.498189926147461  5.5042924880981445  0.7579324953499189  0.11746915857282178
5.5042924880981445  5.510408401489258  0.46732169450675154  0.09230569286753453
5.510408401489258  5.516537666320801  0.4460560580981068  0.09054646172430386
5.516537666320801  5.522680759429931  0.3393950589327746  0.07862687490458334
5.522680759429931  5.528837680816651  0.394668450270868  0.08414359632070767
5.528837680816651  5.535008430480957  0.4474818432869852  0.08949636865739705
5.535008430480957  5.541192531585693  0.46437636173452734  0.09107169731290679
5.541192531585693  5.547390937805176  0.40544161613008545  0.08591688938310871
5.547390937805176  5.553603172302246  0.42671384960216463  0.08710259980866883
5.553603172302246  5.559828758239746  0.4080571025779687  0.08508578764587278
5.559828758239746  5.56606912612915  0.3673161584287383  0.08158567395194252
5.56606912612915  5.572322845458984  0.5298539870965498  0.09673766030561053
5.572322845458984  5.5785908699035645  0.5595318433097266  0.10006647501613367
5.5785908699035645  5.584873199462891  0.5428493784090174  0.09808384993059163
5.584873199462891  5.591169357299804  0.38377234537323107  0.0825136095928462
5.591169357299804  5.597480297088622  0.4353784323675522  0.08772435778321279
5.597480297088622  5.603805065155029  0.5042801234785722  0.09424346146565121
5.603805065155029  5.610144138336182  0.3484797673522517  0.07792244485829468
5.610144138336182  5.61649751663208  0.4520036802262898  0.08864521483421556
5.61649751663208  5.622865676879884  0.6569436218682795  0.10709181547534778
5.622865676879884  5.629248142242432  0.5170269749107751  0.0949813362106368
5.629248142242432  5.635644912719727  0.3971370504105821  0.08280879936671748
5.635644912719727  5.642056465148926  0.3962214436455421  0.08261788215859847
5.642056465148926  5.648482322692871  0.2062640261434031  0.059543295509014896
5.648482322692871  5.654922962188721  0.4458796946276068  0.08744420244695995
5.654922962188721  5.661378383636475  0.4256340340068366  0.08576095990994395
5.661378383636475  5.667848587036133  0.5462675247615399  0.09656736777521879
5.667848587036133  5.674333572387695  0.47478948944571164  0.09032329243506702
5.674333572387695  5.680833339691162  0.38874363947373414  0.08171526829031518
5.680833339691162  5.687347888946533  0.5934129371663343  0.10030509373141466
5.687347888946533  5.693877696990966  0.422875897033506  0.0845751794067012
5.693877696990966  5.700422286987305  0.36711847480621174  0.07960282589795871
5.700422286987305  5.706982135772705  0.45461448983747366  0.08749059936172328
5.706982135772705  5.71355676651001  0.5711903862929663  0.09795834309624679
5.71355676651001  5.720147132873535  0.4189901261830578  0.08379802523661156
5.720147132873535  5.726752281188965  0.5163182616617675  0.09329011859915859
5.726752281188965  5.733372688293457  0.5005067012943857  0.09137960349381172
5.733372688293457  5.74000883102417  0.48267590281039086  0.08963066500228935
5.74000883102417  5.746659755706787  0.2657120749745245  0.06642801874363112
5.746659755706787  5.753326416015624  0.4452830666692988  0.08628566304436479
5.753326416015624  5.760008811950684  0.328532970286052  0.07414705790869403
5.760008811950684  5.766706466674805  0.2143847727230202  0.05945963774858023
5.766706466674805  5.773419380187988  0.34349307763520287  0.0756216601361286
5.773419380187988  5.780148506164551  0.35907951022586654  0.07720448561959946
5.780148506164551  5.786893367767334  0.3398421043023611  0.0754833308596021
5.786893367767334  5.793653488159181  0.35945256612105864  0.07663554459287213
5.793653488159181  5.800429821014404  0.4074915582279081  0.08149831164558162
5.800429821014404  5.80722188949585  0.48383720005534064  0.08943629633504045
5.80722188949585  5.814029693603515  0.29203761465737166  0.06883392589525712
5.814029693603515  5.8208537101745605  0.25897226062079415  0.06474306515519854
5.8208537101745605  5.827693939208984  0.38753768090742424  0.07910579786039298
5.827693939208984  5.834549903869629  0.37053787253150366  0.07726248737686153
5.834549903869629  5.841422080993652  0.2410850347200684  0.062247888299377455
5.841422080993652  5.848310470581055  0.41689720582410944  0.08176026875613236
5.848310470581055  5.855215549468994  0.3179380599122536  0.07175587801481777
5.855215549468994  5.862136363983154  0.4129714795193327  0.08157040214406763
5.862136363983154  5.869073867797852  0.3980247806705645  0.07960495613411291
5.869073867797852  5.876027584075928  0.4567059299341172  0.08590104591256173
5.876027584075928  5.882997989654541  0.2693792942333909  0.06533407549874172
5.882997989654541  5.889985084533691  0.26482826451380137  0.06565017433454905
5.889985084533691  5.896988391876221  0.39428491414012684  0.07885698282802536
5.896988391876221  5.904008865356445  0.37564348645150525  0.07727303207965962
5.904008865356445  5.911046028137206  0.4512903222814793  0.08488243342885526
5.911046028137206  5.918099403381348  0.31125345089161477  0.07024721941133352
5.918099403381348  5.925169944763184  0.3592927927743431  0.07491772616027213
5.925169944763184  5.932257652282715  0.3564965385943535  0.07493681526273455
5.932257652282715  5.939362049102783  0.5577698548448897  0.09344188955197751
5.939362049102783  5.946483612060546  0.5428327785448591  0.09175548647865807
5.946483612060546  5.953622341156006  0.3403886867876751  0.07257111186247783
5.953622341156006  5.96077823638916  0.4302750087600239  0.08185491951202183
5.96077823638916  5.967951297760009  0.5159248234954745  0.09043633952146843
5.967951297760009  5.975141525268555  0.4454805052995145  0.08272365308287728
5.975141525268555  5.982348918914795  0.5000364935543439  0.08852752376609632
5.982348918914795  5.989573955535889  0.40709111615098065  0.07997917568889699
5.989573955535889  5.996816635131836  0.34886855946187834  0.07333338745574339
5.996816635131836  6.004076957702636  0.4107534176208387  0.07904953207798333
6.004076957702636  6.011354446411132  0.33202267385057194  0.07138708564171063
6.011354446411132  6.018649578094482  0.3179504888253666  0.06938248487097397
6.018649578094482  6.025962829589844  0.33226569928270966  0.07083928510747153
6.025962829589844  6.033293724060059  0.22599957853425431  0.058352840260870814
6.033293724060059  6.040642261505127  0.4471985645051115  0.08266372104317152
6.040642261505127  6.048008918762206  0.3598438755011762  0.07345282350362317
6.048008918762206  6.0553936958313  0.3888743485073698  0.0762645342836446
6.0553936958313  6.062796592712402  0.25364164400026934  0.06151713466284838
6.062796592712402  6.07021713256836  0.34234632638846685  0.07138414365148324
6.07021713256836  6.077656269073486  0.3229729547283213  0.07003068940771502
6.077656269073486  6.085113525390625  0.3388301393737752  0.0712232765563838
6.085113525390625  6.092588901519775  0.3841613213838798  0.07534023361938431
6.092588901519775  6.100082874298096  0.2800366203755276  0.06424480677408359
6.100082874298096  6.107595443725585  0.33815255672856803  0.07050968222815909
6.107595443725585  6.115126132965087  0.33733891795466087  0.07034002681596371
6.115126132965087  6.122675895690917  0.4809770456171848  0.08419935630283269
6.122675895690917  6.130244255065917  0.3630439486129381  0.07314968972157392
6.130244255065917  6.137831211090088  0.3475959431226739  0.07150341595806017
6.137831211090088  6.145436763763428  0.24508824711675356  0.060095235248772645
6.145436763763428  6.153061389923097  0.27344756374170065  0.06334896994343231
6.153061389923097  6.160705089569092  0.2456510619528488  0.05957913385157314
6.160705089569092  6.168367385864258  0.4883280891540188  0.08420575783012113
6.168367385864258  6.17604923248291  0.35945763711831424  0.07189152742366285
6.17604923248291  6.1837496757507315  0.34424596152192966  0.07026891264520826
6.1837496757507315  6.191470146179199  0.41311664244456486  0.07720618077206036
6.191470146179199  6.199209213256836  0.24262393857693831  0.05884494859153459
6.199209213256836  6.206967830657959  0.3256692612418702  0.06845681409042383
6.206967830657959  6.214745998382568  0.2680496900582579  0.0620984569271457
6.214745998382568  6.222543716430664  0.31162227297125406  0.06643809182983496
6.222543716430664  6.230360984802246  0.29671370797486135  0.06474823935837258
6.230360984802246  6.2381978034973145  0.31006747976263566  0.06610660880397266
6.2381978034973145  6.246054649353027  0.337393216763792  0.06887010197896083
6.246054649353027  6.253931045532227  0.2804631327752049  0.06271346300679075
6.253931045532227  6.26182746887207  0.36194855397002385  0.07149231985018102
6.26182746887207  6.269743919372559  0.1936064352147389  0.052434299790263705
6.269743919372559  6.277680397033691  0.34620485174144155  0.06975678173881406
6.277680397033691  6.285636901855469  0.31928524099592226  0.06657557494333663
6.285636901855469  6.293613433837891  0.2856550444623032  0.06401319143169519
6.293613433837891  6.301610469818115  0.343583182421117  0.06922854184370766
6.301610469818115  6.309628009796143  0.2738230668246309  0.06179950455171739
6.309628009796143  6.3176655769348145  0.19238745960053297  0.051417711381214815
6.3176655769348145  6.325723648071289  0.20560491865705818  0.05308696172380779
6.325723648071289  6.333802700042725  0.3964705506352009  0.07362273297744559
6.333802700042725  6.341902256011963  0.3272829408110798  0.06680635054205449
6.341902256011963  6.350022315979004  0.3911059120458765  0.07356244950043384
6.350022315979004  6.358163356781006  0.2561018300375038  0.059330523598406876
6.358163356781006  6.366325378417969  0.3366380529523019  0.06782916838586324
6.366325378417969  6.374508380889893  0.4589227344681206  0.07870459965101397
6.374508380889893  6.382712364196777  0.4712122957027875  0.07964941531872055
6.382712364196777  6.390937328338623  0.7923030656956033  0.10314907328967873
6.390937328338623  6.399183750152588  0.7098779097969938  0.09750923002443165
6.399183750152588  6.407451629638672  0.8533352041863532  0.10697643804051676
6.407451629638672  6.415740489959717  0.5330138672474065  0.08427689224782141
6.415740489959717  6.424051284790039  0.47680377918033234  0.07987783076682041
6.424051284790039  6.432383060455322  0.25023902845706536  0.05797230180252966
6.432383060455322  6.440736770629883  0.35699135434066587  0.06870301817565085
6.440736770629883  6.449112415313721  0.35605644956983357  0.06852309566861528
6.449112415313721  6.457509517669678  0.34199301733873283  0.06707034880471824
6.457509517669678  6.46592903137207  0.15417998828371307  0.045909712730970394
6.46592903137207  6.474370002746582  0.32551313706838514  0.0655876101717784
6.474370002746582  6.482833385467529  0.22185962719610733  0.05380886335233571
6.482833385467529  6.491318702697754  0.20505164701105302  0.05246798642774306
6.491318702697754  6.499826431274414  0.31158099050650157  0.0636012033576582
6.499826431274414  6.508356094360352  0.20558603757564725  0.051996296049652564
6.508356094360352  6.516908645629883  0.28252286174773794  0.06074429644646451
6.516908645629883  6.52548360824585  0.21738072298905745  0.05330139588599921
6.52548360824585  6.534080982208252  0.2296612336589718  0.05469274242333822
6.534080982208252  6.542701244354248  0.20342532581885045  0.05144981434540243
6.542701244354248  6.55134391784668  0.2428168565970644  0.05570600735235849
6.55134391784668  6.560009956359863  0.25490756174649687  0.0569990636043892
6.560009956359863  6.568698406219482  0.24153754052037715  0.055412512115772874
6.568698406219482  6.5774102210998535  0.29003637381863545  0.060966656927492396
6.5774102210998535  6.586145401000977  0.18966742291531336  0.04897191801793918
6.586145401000977  6.594903469085693  0.2365001123013456  0.05532847485265797
6.594903469085693  6.603684902191162  0.17609052014696916  0.04706217110348376
6.603684902191162  6.612489700317383  0.21325678435438447  0.05172236748662912
6.612489700317383  6.621318340301514  0.20017024152010085  0.05004256038002521
6.621318340301514  6.6301703453063965  0.24955236086946964  0.05580160428496926
6.6301703453063965  6.6390461921691895  0.29865843089164074  0.060963396922066045
6.6390461921691895  6.647945404052734  0.18617143655283852  0.04806925822057696
6.647945404052734  6.656868934631348  0.2104192862618205  0.05103417311320971
6.656868934631348  6.665816307067871  0.1975139640665459  0.049378491016636473
6.665816307067871  6.674787998199463  0.1477339365563912  0.04264711401963777
6.674787998199463  6.683783531188965  0.20721746840775082  0.050809382571848596
6.683783531188965  6.692803382873535  0.13469969945810206  0.04061348749783301
6.692803382873535  6.701848030090332  0.25493966401035356  0.05612619840765597
6.701848030090332  6.710916519165039  0.22990990347198986  0.05326270004183409
6.710916519165039  6.720010280609131  0.2171250612380715  0.051707311933972426
6.720010280609131  6.729128360748291  0.21804314530189053  0.051393262211403494
6.729128360748291  6.7382707595825195  0.3020321563644731  0.06040643127289462
6.7382707595825195  6.747438907623291  0.16717397604592993  0.04527561476662807
6.747438907623291  6.756631374359131  0.2523251648791304  0.05506186513337276
6.756631374359131  6.7658491134643555  0.2037031981327251  0.04940528248102046
6.7658491134643555  6.775092124938965  0.15534711708974117  0.04308553816635153
6.775092124938965  6.784360408782959  0.17875791122012785  0.04615509421055861
6.784360408782959  6.793653964996338  0.17827180710033994  0.04602958266652785
6.793653964996338  6.80297327041626  0.2607428893726421  0.05559057079887899
6.80297327041626  6.812317848205566  0.14183875166140225  0.04094532072661554
6.812317848205566  6.821688175201416  0.20038606295372802  0.048600759027052395
6.821688175201416  6.831084728240967  0.18807226335860486  0.047018065839651214
6.831084728240967  6.8405070304870605  0.17583590690210654  0.0454006359398091
6.8405070304870605  6.849955081939697  0.11690446217777414  0.03696843691187744
6.849955081939697  6.859429359436035  0.15011422497740468  0.04223316752210166
6.859429359436035  6.868929862976074  0.20782935368757582  0.04949358290969625
6.868929862976074  6.878457069396973  0.17389977579507634  0.044900729037568955
6.878457069396973  6.888010501861572  0.21823940824708274  0.0505590231792164
6.888010501861572  6.897590160369873  0.13835808941306624  0.03994054008359805
6.897590160369873  6.907196998596191  0.14946386646486037  0.041453818028319746
6.907196998596191  6.916830539703369  0.10318816572941522  0.03439605524313841
6.916830539703369  6.926490783691406  0.148637569360163  0.04122464444526176
6.926490783691406  6.936178207397461  0.1354097772552181  0.03969910918275675
6.936178207397461  6.945892810821533  0.08955220288032417  0.03240577459500574
6.945892810821533  6.955634593963623  0.13605550740619188  0.039275841912848004
6.955634593963623  6.9654035568237305  0.13567696667684387  0.039166566616853846
6.9654035568237305  6.975200176239014  0.16772394932071727  0.04384545970085064
6.975200176239014  6.985024452209473  0.056213779876484425  0.025139566615205784
6.985024452209473  6.994876384735107  0.09951510239774872  0.03386373994446035
6.994876384735107  7.004756450653076  0.055896356505560255  0.024997610568199068
7.004756450653076  7.014664173126221  0.13377678392090195  0.03861803110402757
7.014664173126221  7.024599552154541  0.07781923159499386  0.02941290485978486
7.024599552154541  7.0345635414123535  0.11085112048193038  0.03505420219046419
7.0345635414123535  7.044556140899658  0.1547472332041699  0.041357937728658
7.044556140899658  7.054576873779297  0.12124575374491833  0.03655697023597475
7.054576873779297  7.0646257400512695  0.120906307058435  0.036454623209120685
7.0646257400512695  7.074703693389893  0.12055734634253412  0.036349407594464596
7.074703693389893  7.084810733795166  0.15299504713278844  0.040889646303158944
7.084810733795166  7.094946384429932  0.08717896174596979  0.03082241751368893
7.094946384429932  7.105111122131348  0.18472517348143308  0.044802435410264414
7.105111122131348  7.115304946899414  0.08668144872636981  0.030646520098745057
7.115304946899414  7.125527858734131  0.0216087038909503  0.015279661053943093
7.125527858734131  7.135780334472656  0.0861855732697239  0.03047120164973591
7.135780334472656  7.14606237411499  0.06445332319965916  0.02631295901097569
7.14606237411499  7.156374454498291  0.1178201939771321  0.03552412510445803
7.156374454498291  7.1667160987854  0.07476215001444542  0.028257436631246653
7.1667160987854  7.177087306976318  0.11714848344595213  0.03532159675903491
7.177087306976318  7.187489032745361  0.05178066953349772  0.024035621469385347
7.187489032745361  7.197920799255371  0.0423521509089988  0.0211760754544994
7.197920799255371  7.208383083343506  0.06334292001979172  0.02585963881106917
7.208383083343506  7.218875408172607  0.13685005079383486  0.03795537501438638
7.218875408172607  7.229398727416992  0.11545514137248895  0.03481103491363493
7.229398727416992  7.239952564239502  0.08372457465650086  0.02960110724578556
7.239952564239502  7.250537395477295  0.030015069938086128  0.01844237268237077
7.250537395477295  7.261152744293213  0.0520246387025069  0.02326612572873438
7.261152744293213  7.271799564361572  0.05187085752397028  0.023197352694960798
7.271799564361572  7.282477855682373  0.04137438623900004  0.02068719311950002
7.282477855682373  7.293187618255615  0.04125280522868063  0.020626402614340313
7.293187618255615  7.303928375244141  0.06170064409119868  0.02518918247075111
7.303928375244141  7.314701080322266  0.1320210488702219  0.0371428295634135
7.314701080322266  7.32550573348999  0.05111313415398776  0.022858488502276564
7.32550573348999  7.3363423347473145  0.03057746651751849  0.017653908525026067
7.3363423347473145  7.347210884094238  0.05081264014369361  0.02272410349550672
7.347210884094238  7.35811185836792  0.06967379064440762  0.027043173138633365
7.35811185836792  7.369045257568359  0.05051125242248718  0.022589318809066453
7.369045257568359  7.380011081695557  0.020144758130107552  0.014244495079161886
7.380011081695557  7.39100980758667  0.08033798711837048  0.028403767739138636
7.39100980758667  7.402040958404541  0.028800662336199358  0.017696195591046356
7.402040958404541  7.413105487823486  0.07986019698639604  0.028234843417987068
7.413105487823486  7.424202919006348  0.09952928344392289  0.03147392295672839
7.424202919006348  7.435333251953125  0.1587761126614972  0.0396940281653743
7.435333251953125  7.446497440338135  0.06925389781374842  0.026175512991008298
7.446497440338135  7.457695484161377  0.029590508604885244  0.01708408810848843
7.457695484161377  7.468926906585693  0.039336758318594164  0.019668379159297082
7.468926906585693  7.480192184448242  0.01960926995632099  0.013865847760232208
7.480192184448242  7.491491794586182  0.05864906984657342  0.023943382502159292
7.491491794586182  7.5028252601623535  0.058473872776600905  0.023871858597848735
7.5028252601623535  7.514193058013916  0.058297273831973584  0.02379976238060691
7.514193058013916  7.525595664978027  0.05572487956221603  0.02421093573960867
7.525595664978027  7.537032604217529  0.04828736738775103  0.02159476718670355
7.537032604217529  7.54850435256958  0.028884508441147438  0.01667647872390649
7.54850435256958  7.560011386871338  0.06719051506353771  0.025395627617208573
7.560011386871338  7.5715532302856445  0.038278785599511124  0.019139392799755562
7.5715532302856445  7.583130836486816  0.038160543881225986  0.019080271940612993
7.583130836486816  7.594743251800538  0.03569498797902197  0.019602058185158047
7.594743251800538  7.606391906738282  0.05689168644456385  0.02322593373259932
7.606391906738282  7.618075847625732  0.02835993568449488  0.016373616501643592
7.618075847625732  7.629796028137207  0.009424081588308788  0.009424081588308788
7.629796028137207  7.641552448272705  0.018790062977817212  0.013286580950536845
7.641552448272705  7.6533446311950675  0.046832693360100916  0.02094421718451774
7.6533446311950675  7.6651740074157715  0.028011266691271883  0.01617231236454822
7.6651740074157715  7.67703914642334  0.06516262144891259  0.024629155875838013
7.67703914642334  7.688941955566406  0.01855896974273229  0.013123173356921959
7.688941955566406  7.700881004333496  0.04625659025462131  0.020686576043337512
7.700881004333496  7.712857723236084  0.06455554045121997  0.024399700826471207
7.712857723236084  7.7248711585998535  0.03677613739129026  0.01838806869564513
7.7248711585998535  7.73692274093628  0.044691917591344305  0.020745154970844868
7.73692274093628  7.749011516571045  0.027410204483952993  0.015825288937352945
7.749011516571045  7.761138439178467           0.0  0.009107993919433852
7.761138439178467  7.773303031921387  0.018159578327705046  0.012840760979008504
7.773303031921387  7.785506248474121  0.0362042046513038  0.0181021023256519
7.785506248474121  7.797747611999512  0.03609138382035552  0.01804569191017776
7.797747611999512  7.810027599334717  0.02698340015055043  0.015578873340571679
7.810027599334717  7.822346210479736  0.017932530878612813  0.012680214188104277
7.822346210479736  7.834703445434571  0.0446912022687681  0.01998651325383166
7.834703445434571  7.847100257873535  0.03563881857974587  0.017819409289872936
7.847100257873535  7.859536170959473  0.01776338200606148  0.01256060787329317
7.859536170959473  7.872011661529541  0.01770702911432494  0.012520760361406794
7.872011661529541  7.88452672958374  0.017651032641853366  0.012481164875999616
7.88452672958374  7.897081851959229  0.01759472095397078  0.012441346499637778
7.897081851959229  7.909677028656007  0.026308151134895326  0.015189018139613174
7.909677028656007  7.922312259674072  0.02622475296540018  0.015140868184005231
7.922312259674072  7.934988021850586  0.026140898471847612  0.015092454769579896
7.934988021850586  7.947704315185547  0.01737171901597733  0.012283660317064871
7.947704315185547  7.960461139678956  0.04329131337775681  0.01936046390958205
7.960461139678956  7.973259449005127  0.03452079006841398  0.01726039503420699
7.973259449005127  7.986098766326904  0.008602633193160578  0.008602633193160578
7.986098766326904  7.998979568481445  0.060024488561555255  0.02268712418681662
7.998979568481445  8.01190185546875  0.01709479714826876  0.012087846986549296
