# Plot Type : plot_data 
# 
# X-axis    : \frEnergy (keV) 
# Y-Axis    : \frCounts s\u-1\d keV\u-1\d 
# Residual  : NONE 
# 
# Index-   1,  Model Plotted-       no,  Data File: med4.ds/part=0/order=0,   Scale: 1.0000e+00 
# 
# Background included in data and model-    no 
# 
# XAXIS_COLS   :   1 set  (X 2 columns - bin_lo, bin_hi)
# DATA_COLS    :   1 set  (X 2 columns - Data, Error)
# 
#         X_LO          X_HI    DATA_VALUE    DATA_ERROR
2.4999999441206454e-06  0.004999999888241291           0.0  0.005123488705606295
0.004999999888241291  0.009999999776482582           0.0  0.005120926961253492
0.009999999776482582  0.014999999664723873           0.0  0.005120926961253492
0.014999999664723873  0.019999999552965164           0.0  0.005120926961253492
0.019999999552965164  0.02500000037252903           0.0  0.005120926007406672
0.02500000037252903  0.029999999329447746           0.0  0.005120927915100667
0.029999999329447746  0.03500000014901161           0.0  0.005120926007406672
0.03500000014901161  0.03999999910593033           0.0  0.005120927915100667
0.03999999910593033  0.04500000178813934           0.0  0.005120924099714098
0.04500000178813934  0.05000000074505806           0.0  0.005120927915100667
0.05000000074505806  0.054999999701976776           0.0  0.005120927915100667
0.054999999701976776  0.05999999865889549           0.0  0.005120927915100667
0.05999999865889549  0.06499999761581421           0.0  0.005120927915100667
0.06499999761581421  0.07000000029802322           0.0  0.005120924099714098
0.07000000029802322  0.07500000298023224           0.0  0.005120924099714098
0.07500000298023224  0.07999999821186066           0.0  0.005120931730492922
0.07999999821186066  0.08500000089406967           0.0  0.005120924099714098
0.08500000089406967  0.09000000357627869           0.0  0.005120924099714098
0.09000000357627869  0.0949999988079071           0.0  0.005120931730492922
0.0949999988079071  0.10000000149011612           0.0  0.005120924099714098
0.10000000149011612  0.10499999672174454           0.0  0.005120931730492922
0.10499999672174454  0.10999999940395355           0.0  0.005120924099714098
0.10999999940395355  0.11500000208616257           0.0  0.005120924099714098
0.11500000208616257  0.11999999731779099           0.0  0.005120931730492922
0.11999999731779099         0.125           0.0  0.005120924099714098
       0.125  0.12999999523162842           0.0  0.005120931730492922
0.12999999523162842  0.13500000536441803           0.0  0.0051209164689580144
0.13500000536441803  0.14000000059604645           0.0  0.005120931730492922
0.14000000059604645  0.14499999582767487           0.0  0.005120931730492922
0.14499999582767487  0.15000000596046448           0.0  0.0051209164689580144
0.15000000596046448  0.1550000011920929  -0.022831030083246544  0.00870175675036043
0.1550000011920929  0.1599999964237213  -0.01610755955249819  0.011429972523216791
0.1599999964237213  0.16500000655651093  -0.01438684417449886  0.00835333418471035
0.16500000655651093  0.17000000178813934  -0.005434247060219542  0.005800982250903403
0.17000000178813934  0.17499999701976776  -0.004535386846011607  0.007927566977228032
0.17499999701976776  0.18000000715255737  -0.0077404413781875375  0.005627659557381473
0.18000000715255737  0.1850000023841858  -0.0005084969578870594  0.005494110501988805
0.1850000023841858  0.1899999976158142  -0.0040268898881245475  0.0057149862616083956
0.1899999976158142  0.19499999284744263  -0.0019158541299820542  0.005583509408336954
0.19499999284744263  0.20000000298023224  -0.005629411911409117  0.005494094128296745
0.20000000298023224  0.20499999821186066  0.0008988602142079359  0.005403232653064281
0.20499999821186066  0.20999999344348907           0.0  0.005120931730492922
0.20999999344348907  0.2150000035762787  -0.005629411911409117  0.005494094128296745
0.2150000035762787  0.2199999988079071           0.0  0.005120931730492922
0.2199999988079071  0.22499999403953552           0.0  0.005120931730492922
0.22499999403953552  0.23000000417232513  -0.005629411911409117  0.005494094128296745
0.23000000417232513  0.23499999940395355  -0.007350101190201599  0.008051519880636427
0.23499999940395355  0.23999999463558197           0.0  0.005120931730492922
0.23999999463558197  0.2450000047683716           0.0  0.005120916468957986
0.2450000047683716          0.25  -0.015090565636724155  0.008382945273909656
        0.25  0.2549999952316284  -0.012666214548854957  0.005927637449497205
0.2549999952316284  0.25999999046325684  7.70479265942556e-05  0.01092041712458225
0.25999999046325684  0.26499998569488525  -0.008444143032569972  0.005671499309522209
0.26499998569488525  0.27000001072883606  -0.010359935412466123  0.006092380279538232
0.27000001072883606  0.2750000059604645  -0.0031280296739166122  0.007864857981776453
0.2750000059604645  0.2800000011920929  0.010827408345467159  0.011896139858943491
0.2800000011920929  0.2849999964237213  -0.006333107274427478  0.005538990319591241
0.2849999964237213  0.28999999165534973           0.0  0.005120931730492922
0.28999999165534973  0.29499998688697815           0.0  0.005120931730492922
0.29499998688697815  0.30000001192092896  -0.004925720742720971  0.005448828564472829
0.30000001192092896  0.3050000071525574  -0.0005084969578870594  0.005494110501988805
0.3050000071525574  0.3100000023841858  -0.0012121755439345567  0.005538990319591241
0.3100000023841858  0.3149999976158142  -0.0028147143441899906  0.005310799939577507
0.3149999976158142  0.3199999928474426           0.0  0.005120931730492922
0.3199999928474426  0.32499998807907104  -0.0005084969578870594  0.005494110501988805
0.32499998807907104  0.33000001311302185           0.0  0.0051209012075140725
0.33000001311302185  0.33500000834465027           0.0  0.005120931730492922
0.33500000834465027  0.3400000035762787           0.0  0.005120931730492922
0.3400000035762787  0.3449999988079071           0.0  0.005120931730492922
0.3449999988079071  0.3499999940395355           0.0  0.005120931730492922
0.3499999940395355  0.35499998927116394  0.002306217386302931  0.005310799939577507
0.35499998927116394  0.36000001430511475  -0.0014073487836345632  0.00521669861852474
0.36000001430511475  0.3650000095367432           0.0  0.005120931730492865
0.3650000095367432  0.3700000047683716           0.0  0.005120931730492978
0.3700000047683716         0.375           0.0  0.005120931730492922
       0.375  0.3799999952316284           0.0  0.005120931730492922
0.3799999952316284  0.38499999046325684           0.0  0.005120931730492922
0.38499999046325684  0.38999998569488525           0.0  0.005120931730492922
0.38999998569488525  0.39500001072883606           0.0  0.0051209012075140725
0.39500001072883606  0.4000000059604645  -0.0028147143441899906  0.005310799939577507
0.4000000059604645  0.4050000011920929           0.0  0.005120931730492922
0.4050000011920929  0.4099999964237213           0.0  0.005120931730492922
0.4099999964237213  0.41499999165534973           0.0  0.005120931730492922
0.41499999165534973  0.41999998688697815           0.0  0.005120931730492922
0.41999998688697815  0.42500001192092896           0.0  0.0051209012075140725
0.42500001192092896  0.4300000071525574           0.0  0.005120931730492922
0.4300000071525574  0.4350000023841858           0.0  0.005120931730492922
0.4350000023841858  0.4399999976158142           0.0  0.005120931730492922
0.4399999976158142  0.4449999928474426           0.0  0.005120931730492922
0.4449999928474426  0.44999998807907104           0.0  0.005120931730492922
0.44999998807907104  0.45500001311302185           0.0  0.0051209012075140725
0.45500001311302185  0.46000000834465027           0.0  0.005120931730492922
0.46000000834465027  0.4650000035762787           0.0  0.005120931730492922
0.4650000035762787  0.4699999988079071           0.0  0.005120931730492922
0.4699999988079071  0.4749999940395355           0.0  0.005120931730492922
0.4749999940395355  0.47999998927116394           0.0  0.005120931730492922
0.47999998927116394  0.4850000143051147           0.0  0.00512090120751413
0.4850000143051147  0.4900000095367432           0.0  0.005120931730492808
0.4900000095367432  0.4950000047683716           0.0  0.005120931730492978
0.4950000047683716           0.5           0.0  0.005120931730492922
         0.5  0.5049999952316284           0.0  0.005120931730492922
0.5049999952316284  0.5099999904632568  0.0030098959723504288  0.00526397496629255
0.5099999904632568  0.5149999856948853  -0.0007036785860474976  0.005169052654097367
0.5149999856948853  0.5199999809265137           0.0  0.005120931730492922
0.5199999809265137  0.5249999761581421           0.0  0.005120931730492922
0.5249999761581421  0.5299999713897705  0.0037135745583979263  0.0052167297125011985
0.5299999713897705  0.5350000262260437           0.0  0.0051208706848990815
0.5350000262260437  0.5400000214576721           0.0  0.005120931730492922
0.5400000214576721  0.5450000166893005           0.0  0.005120931730492922
0.5450000166893005  0.550000011920929           0.0  0.005120931730492922
0.550000011920929  0.5550000071525574  -0.0007036785860474976  0.005169052654097367
0.5550000071525574  0.5600000023841858  -0.0007036785860474976  0.005169052654097367
0.5600000023841858  0.5649999976158142           0.0  0.005120931730492922
0.5649999976158142  0.5699999928474426           0.0  0.005120931730492922
0.5699999928474426  0.574999988079071  0.0037135745583979263  0.0052167297125011985
0.574999988079071  0.5799999833106995  -0.0014073571720949953  0.0052167297125011985
0.5799999833106995  0.5849999785423279           0.0  0.005120931730492922
0.5849999785423279  0.5899999737739563           0.0  0.005120931730492922
0.5899999737739563  0.5950000286102295           0.0  0.0051208706848990815
0.5950000286102295  0.6000000238418579           0.0  0.005120931730492922
0.6000000238418579  0.6050000190734863           0.0  0.005120931730492922
0.6050000190734863  0.6100000143051147           0.0  0.005120931730492922
0.6100000143051147  0.6150000095367432  -0.0028147143441899906  0.005310799939577507
0.6150000095367432  0.6200000047683716           0.0  0.005120931730492922
0.6200000047683716         0.625           0.0  0.005120931730492922
       0.625  0.6299999952316284  -0.0007036785860474976  0.005169052654097367
0.6299999952316284  0.6349999904632568           0.0  0.005120931730492922
0.6349999904632568  0.6399999856948853           0.0  0.005120931730492922
0.6399999856948853  0.6449999809265137           0.0  0.005120931730492922
0.6449999809265137  0.6499999761581421  -0.0007036785860474976  0.005169052654097367
0.6499999761581421  0.6549999713897705  -0.0007036785860474976  0.005169052654097367
0.6549999713897705  0.6600000262260437           0.0  0.0051208706848990815
0.6600000262260437  0.6650000214576721           0.0  0.005120931730492922
0.6650000214576721  0.6700000166893005           0.0  0.005120931730492922
0.6700000166893005  0.675000011920929           0.0  0.005120931730492922
0.675000011920929  0.6800000071525574           0.0  0.005120931730492922
0.6800000071525574  0.6850000023841858           0.0  0.005120931730492922
0.6850000023841858  0.6899999976158142           0.0  0.005120931730492922
0.6899999976158142  0.6949999928474425           0.0  0.005120931730493036
0.6949999928474425  0.699999988079071           0.0  0.005120931730492808
0.699999988079071  0.7049999833106996  -0.002111035758142446  0.005263974966292433
0.7049999833106996  0.7099999785423279           0.0  0.005120931730493036
0.7099999785423279  0.7149999737739563           0.0  0.005120931730492922
0.7149999737739563  0.7200000286102295           0.0  0.0051208706848990815
0.7200000286102295  0.7250000238418579           0.0  0.005120931730492922
0.7250000238418579  0.7300000190734864  -0.001407357172094964  0.005216729712501083
0.7300000190734864  0.7350000143051147           0.0  0.005120931730493036
0.7350000143051147  0.7400000095367432           0.0  0.005120931730492922
0.7400000095367432  0.7450000047683715           0.0  0.005120931730493036
0.7450000047683715          0.75           0.0  0.005120931730492808
        0.75  0.7549999952316284           0.0  0.005120931730492922
0.7549999952316284  0.7599999904632568           0.0  0.005120931730492922
0.7599999904632568  0.7649999856948853  -0.0014073571720949953  0.0052167297125011985
0.7649999856948853  0.7699999809265137           0.0  0.005120931730492922
0.7699999809265137  0.7749999761581421  0.0037135745583979263  0.0052167297125011985
0.7749999761581421  0.7799999713897705           0.0  0.005120931730492922
0.7799999713897705  0.7850000262260437           0.0  0.0051208706848990815
0.7850000262260437  0.7900000214576721           0.0  0.005120931730492922
0.7900000214576721  0.7950000166893005  -0.0007036785860474976  0.005169052654097367
0.7950000166893005  0.800000011920929           0.0  0.005120931730492922
0.800000011920929  0.8050000071525574           0.0  0.005120931730492922
0.8050000071525574  0.8100000023841858  0.002306217386302931  0.005310799939577507
0.8100000023841858  0.8149999976158142  -0.0014073571720949953  0.0052167297125011985
0.8149999976158142  0.8199999928474426  -0.0014073571720949953  0.0052167297125011985
0.8199999928474426  0.824999988079071  0.0030098959723504288  0.00526397496629255
0.824999988079071  0.8299999833106995           0.0  0.005120931730492922
0.8299999833106995  0.8349999785423279  0.002306217386302931  0.005310799939577507
0.8349999785423279  0.8399999737739563  -0.0007036785860474976  0.005169052654097367
0.8399999737739563  0.8450000286102295  0.003009860091987889  0.005263912215509159
0.8450000286102295  0.8500000238418579  -0.0014073571720949953  0.0052167297125011985
0.8500000238418579  0.8550000190734863           0.0  0.005120931730492922
0.8550000190734863  0.8600000143051147           0.0  0.005120931730492922
0.8600000143051147  0.8650000095367432           0.0  0.005120931730492922
0.8650000095367432  0.8700000047683716  0.002306217386302931  0.005310799939577507
0.8700000047683716         0.875           0.0  0.005120931730492922
       0.875  0.8799999952316284           0.0  0.005120931730492922
0.8799999952316284  0.8849999904632569           0.0  0.005120931730492808
0.8849999904632569  0.8899999856948853           0.0  0.005120931730493036
0.8899999856948853  0.8949999809265137  0.0037135745583979263  0.0052167297125011985
0.8949999809265137  0.8999999761581421  0.004417253144445425  0.005169052654097367
0.8999999761581421  0.9049999713897705  -0.0007036785860474976  0.005169052654097367
0.9049999713897705  0.9100000262260437           0.0  0.0051208706848990815
0.9100000262260437  0.9150000214576721  0.0067234705307483555  0.00741105264716474
0.9150000214576721  0.9200000166893005           0.0  0.005120931730492922
0.9200000166893005  0.9250000119209288  0.003009895972350496  0.005263974966292668
0.9250000119209288  0.9300000071525574           0.0  0.005120931730492808
0.9300000071525574  0.9350000023841857           0.0  0.005120931730493036
0.9350000023841857  0.9399999976158142           0.0  0.005120931730492808
0.9399999976158142  0.9449999928474426           0.0  0.005120931730492922
0.9449999928474426  0.949999988079071           0.0  0.005120931730492922
0.949999988079071  0.9549999833106995           0.0  0.005120931730492922
0.9549999833106995  0.9599999785423279           0.0  0.005120931730492922
0.9599999785423279  0.9649999737739563           0.0  0.005120931730492922
0.9649999737739563  0.9700000286102294           0.0  0.005120870684899195
0.9700000286102294  0.9750000238418579  0.003009895972350362  0.005263974966292433
0.9750000238418579  0.9800000190734864           0.0  0.005120931730492808
0.9800000190734864  0.9850000143051149  0.004417253144445425  0.005169052654097367
0.9850000143051149  0.9900000095367432           0.0  0.005120931730493036
0.9900000095367432  0.9950000047683716  0.004417253144445425  0.005169052654097367
0.9950000047683716           1.0           0.0  0.005120931730492922
         1.0  1.0049999952316284  0.0037135745583979263  0.0052167297125011985
1.0049999952316284  1.0099999904632568           0.0  0.005120931730492922
1.0099999904632568  1.0149999856948853           0.0  0.005120931730492922
1.0149999856948853  1.0199999809265137           0.0  0.005120931730492922
1.0199999809265137  1.024999976158142  -0.0007036785860474976  0.005169052654097367
1.024999976158142  1.0299999713897705           0.0  0.005120931730492922
1.0299999713897705  1.034999966621399           0.0  0.005120931730492922
1.034999966621399  1.0399999618530273           0.0  0.005120931730492922
1.0399999618530273  1.0449999570846558  -0.0007036785860474976  0.005169052654097367
1.0449999570846558  1.0499999523162842           0.0  0.005120931730492922
1.0499999523162842  1.0549999475479126           0.0  0.005120931730492922
1.0549999475479126  1.059999942779541           0.0  0.005120931730492922
1.059999942779541  1.065000057220459           0.0  0.005120809640760648
1.065000057220459  1.0700000524520874           0.0  0.005120931730492922
1.0700000524520874  1.0750000476837158           0.0  0.005120931730492922
1.0750000476837158  1.0800000429153442           0.0  0.005120931730492922
1.0800000429153442  1.0850000381469727           0.0  0.005120931730492922
1.0850000381469727  1.090000033378601           0.0  0.005120931730492922
1.090000033378601  1.0950000286102295           0.0  0.005120931730492922
1.0950000286102295  1.100000023841858           0.0  0.005120931730492922
1.100000023841858  1.1050000190734863           0.0  0.005120931730492922
1.1050000190734863  1.1100000143051147  0.0016025388002554339  0.005357215652806806
1.1100000143051147  1.1150000095367432           0.0  0.005120931730492922
1.1150000095367432  1.1200000047683716           0.0  0.005120931730492922
1.1200000047683716         1.125           0.0  0.005120931730492922
       1.125  1.1299999952316284           0.0  0.005120931730492922
1.1299999952316284  1.1349999904632568  -0.0014073571720949953  0.0052167297125011985
1.1349999904632568  1.1399999856948853           0.0  0.005120931730492922
1.1399999856948853  1.1449999809265137           0.0  0.005120931730492922
1.1449999809265137  1.149999976158142           0.0  0.005120931730492922
1.149999976158142  1.1549999713897705           0.0  0.005120931730492922
1.1549999713897705  1.159999966621399  0.0037135745583979263  0.0052167297125011985
1.159999966621399  1.1649999618530273  0.0037135745583979263  0.0052167297125011985
1.1649999618530273  1.1699999570846558           0.0  0.005120931730492922
1.1699999570846558  1.1749999523162842           0.0  0.005120931730492922
1.1749999523162842  1.1799999475479126           0.0  0.005120931730492922
1.1799999475479126  1.184999942779541           0.0  0.005120931730492922
1.184999942779541  1.190000057220459  -0.002110985428279863  0.0052638494662218295
1.190000057220459  1.1950000524520874  0.0037135745583979263  0.0052167297125011985
1.1950000524520874  1.2000000476837158  0.007427149116795853  0.007377569910653893
1.2000000476837158  1.2050000429153442  0.0037135745583979263  0.0052167297125011985
1.2050000429153442  1.2100000381469727           0.0  0.005120931730492922
1.2100000381469727  1.215000033378601           0.0  0.005120931730492922
1.215000033378601  1.2200000286102295           0.0  0.005120931730492922
1.2200000286102295  1.225000023841858           0.0  0.005120931730492922
1.225000023841858  1.2300000190734863  -0.0007036785860474976  0.005169052654097367
1.2300000190734863  1.2350000143051147           0.0  0.005120931730492922
1.2350000143051147  1.2400000095367432  0.004417253144445425  0.005169052654097367
1.2400000095367432  1.2450000047683716  -0.0007036785860474976  0.005169052654097367
1.2450000047683716          1.25           0.0  0.005120931730492922
        1.25  1.2549999952316284  0.009538184874938346  0.007276197298671901
1.2549999952316284  1.2599999904632568           0.0  0.005120931730492922
1.2599999904632568  1.2649999856948853           0.0  0.005120931730492922
1.2649999856948853  1.2699999809265137           0.0  0.005120931730492922
1.2699999809265137  1.2749999761581419  -0.0007036785860475289  0.005169052654097597
1.2749999761581419  1.2799999713897705  0.013955438019383152  0.008925365677103891
1.2799999713897705  1.284999966621399  -0.0014073571720949953  0.0052167297125011985
1.284999966621399  1.2899999618530273  0.0037135745583979263  0.0052167297125011985
1.2899999618530273  1.2949999570846558  0.011844402261241277  0.009008198661631342
1.2949999570846558  1.2999999523162842           0.0  0.005120931730492922
1.2999999523162842  1.3049999475479126           0.0  0.005120931730492922
1.3049999475479126  1.309999942779541  -0.0007036785860474976  0.005169052654097367
1.309999942779541  1.315000057220459  0.003713486021907406  0.005216605338819326
1.315000057220459  1.3200000524520874           0.0  0.005120931730492922
1.3200000524520874  1.3250000476837158  0.0037135745583979263  0.0052167297125011985
1.3250000476837158  1.3300000429153442           0.0  0.005120931730492922
1.3300000429153442  1.3350000381469727  -0.0014073571720949953  0.0052167297125011985
1.3350000381469727  1.340000033378601           0.0  0.005120931730492922
1.340000033378601  1.3450000286102295           0.0  0.005120931730492922
1.3450000286102295  1.350000023841858           0.0  0.005120931730492922
1.350000023841858  1.3550000190734863           0.0  0.005120931730492922
1.3550000190734863  1.3600000143051147           0.0  0.005120931730492922
1.3600000143051147  1.3650000095367432           0.0  0.005120931730492922
1.3650000095367432  1.3700000047683716           0.0  0.005120931730492922
1.3700000047683716         1.375           0.0  0.005120931730492922
       1.375  1.3799999952316284           0.0  0.005120931730492922
1.3799999952316284  1.3849999904632568           0.0  0.005120931730492922
1.3849999904632568  1.389999985694885           0.0  0.005120931730493149
1.389999985694885  1.3949999809265137           0.0  0.0051209317304926946
1.3949999809265137  1.399999976158142           0.0  0.005120931730492922
1.399999976158142  1.4049999713897705  0.0030098959723504288  0.00526397496629255
1.4049999713897705  1.4099999666213991  0.0037135745583977615  0.005216729712500968
1.4099999666213991  1.4149999618530273  0.007427149116796182  0.00737756991065422
1.4149999618530273  1.4199999570846558  0.00019518162816043795  0.005448861042052905
1.4199999570846558  1.4249999523162842           0.0  0.005120931730492922
1.4249999523162842  1.4299999475479126           0.0  0.005120931730492922
1.4299999475479126  1.434999942779541  0.0016025388002554339  0.005357215652806806
1.434999942779541  1.440000057220459           0.0  0.005120809640760648
1.440000057220459  1.4450000524520874  0.0060197919447008575  0.00744438478932338
1.4450000524520874  1.4500000476837158           0.0  0.005120931730492922
1.4500000476837158  1.4550000429153442  -0.0028147143441899906  0.005310799939577507
1.4550000429153442  1.4600000381469729  -0.0021110357581423994  0.005263974966292316
1.4600000381469729  1.465000033378601  0.0023062173863030336  0.005310799939577743
1.465000033378601  1.4700000286102295           0.0  0.005120931730492922
1.4700000286102295  1.475000023841858  -0.00332321130207705  0.005671499309522209
1.475000023841858  1.4800000190734863           0.0  0.005120931730492922
1.4800000190734863  1.485000014305115  -0.004222071516284799  0.00540323265306404
1.485000014305115  1.490000009536743           0.0  0.005120931730493376
1.490000009536743  1.4950000047683716  0.002306217386302829  0.005310799939577272
1.4950000047683716           1.5  0.004612434772605862  0.007510605301600725
         1.5  1.5049999952316284  0.0032050776005108678  0.007576247032756821
1.5049999952316284  1.5099999904632568           0.0  0.005120931730492922
1.5099999904632568  1.5149999856948855  0.011844402261240752  0.009008198661630943
1.5149999856948855  1.5199999809265137  0.001602538800255505  0.005357215652807044
1.5199999809265137  1.524999976158142  0.0008988602142079359  0.005403232653064281
1.524999976158142  1.5299999713897705  0.0030098959723504288  0.00526397496629255
1.5299999713897705  1.534999966621399  0.0016025388002554339  0.005357215652806806
1.534999966621399  1.5399999618530273           0.0  0.005120931730492922
1.5399999618530273  1.5449999570846558  -0.0007036785860474976  0.005169052654097367
1.5449999570846558  1.5499999523162842           0.0  0.005120931730492922
1.5499999523162842  1.5549999475479126           0.0  0.005120931730492922
1.5549999475479126  1.559999942779541           0.0  0.005120931730492922
1.559999942779541  1.565000057220459  -0.0007036618094266211  0.00516892941709913
1.565000057220459  1.5700000524520874           0.0  0.005120931730492922
1.5700000524520874  1.5750000476837158           0.0  0.005120931730492922
1.5750000476837158  1.5800000429153442           0.0  0.005120931730492922
1.5800000429153442  1.5850000381469727           0.0  0.005120931730492922
1.5850000381469727  1.590000033378601           0.0  0.005120931730492922
1.590000033378601  1.5950000286102295           0.0  0.005120931730492922
1.5950000286102295  1.600000023841858           0.0  0.005120931730492922
1.600000023841858  1.6050000190734863           0.0  0.005120931730492922
1.6050000190734863  1.6100000143051147  0.014659116605431267  0.008897583318945065
1.6100000143051147  1.6150000095367432           0.0  0.005120931730492922
1.6150000095367432  1.6200000047683716           0.0  0.005120931730492922
1.6200000047683716         1.625  -0.0007036785860474976  0.005169052654097367
       1.625  1.6299999952316284           0.0  0.005120931730492922
1.6299999952316284  1.6349999904632568           0.0  0.005120931730492922
1.6349999904632568  1.6399999856948853           0.0  0.005120931730492922
1.6399999856948853  1.6449999809265137           0.0  0.005120931730492922
1.6449999809265137  1.649999976158142           0.0  0.005120931730492922
1.649999976158142  1.6549999713897705  0.0037135745583979263  0.0052167297125011985
1.6549999713897705  1.659999966621399  0.010241863460985844  0.007242091105249814
1.659999966621399  1.6649999618530273           0.0  0.005120931730492922
1.6649999618530273  1.6699999570846558  -0.0014073571720949953  0.0052167297125011985
1.6699999570846558  1.6749999523162842           0.0  0.005120931730492922
1.6749999523162842  1.6799999475479126  0.005120931730492922  0.005120931730492922
1.6799999475479126  1.684999942779541           0.0  0.005120931730492922
1.684999942779541  1.690000057220459  0.0030098242124807846  0.0052638494662218295
1.690000057220459  1.6950000524520874  0.004417253144445425  0.005169052654097367
1.6950000524520874  1.7000000476837158           0.0  0.005120931730492922
1.7000000476837158  1.7050000429153442  0.009538184874938346  0.007276197298671901
1.7050000429153442  1.7100000381469727  0.013251759433336271  0.008953061823895393
1.7100000381469727  1.715000033378601  -0.0007036785860474976  0.005169052654097367
1.715000033378601  1.7200000286102295  0.009538184874938346  0.007276197298671901
1.7200000286102295  1.725000023841858  0.014659116605431267  0.008897583318945065
1.725000023841858  1.7300000190734863           0.0  0.005120931730492922
1.7300000190734863  1.7350000143051147           0.0  0.005120931730492922
1.7350000143051147  1.7400000095367432  -0.0007036785860474976  0.005169052654097367
1.7400000095367432  1.7450000047683716  -0.0014073571720949953  0.0052167297125011985
1.7450000047683716          1.75  0.010241863460985844  0.007242091105249814
        1.75  1.7549999952316284  0.033031807769260464  0.013621609549845124
1.7549999952316284  1.7599999904632568  0.0067234705307483555  0.00741105264716474
1.7599999904632568  1.7649999856948853           0.0  0.005120931730492922
1.7649999856948853  1.769999980926514  0.008130827702842989  0.0073439345200048654
1.769999980926514  1.774999976158142  0.0030098959723505623  0.005263974966292783
1.774999976158142  1.7799999713897705  -0.0007036785860474976  0.005169052654097367
1.7799999713897705  1.784999966621399           0.0  0.005120931730492922
1.784999966621399  1.7899999618530273  -0.0007036785860474976  0.005169052654097367
1.7899999618530273  1.7949999570846558           0.0  0.005120931730492922
1.7949999570846558  1.7999999523162842  0.0037135745583979263  0.0052167297125011985
1.7999999523162842  1.8049999475479126           0.0  0.005120931730492922
1.8049999475479126  1.809999942779541  -0.0007036785860474976  0.005169052654097367
1.809999942779541  1.815000057220459  0.003713486021907406  0.005216605338819326
1.815000057220459  1.8200000524520874           0.0  0.005120931730492922
1.8200000524520874  1.8250000476837158  0.005120931730492922  0.005120931730492922
1.8250000476837158  1.8300000429153442  0.02490098006641711  0.011472352526587909
1.8300000429153442  1.8350000381469727           0.0  0.005120931730492922
1.8350000381469727  1.840000033378601  0.008834506288890849  0.0073101443680451406
1.840000033378601  1.8450000286102295  0.014659116605431267  0.008897583318945065
1.8450000286102295  1.8500000238418577  -0.0007036785860475289  0.005169052654097597
1.8500000238418577  1.8550000190734863  0.013955438019383152  0.008925365677103891
1.8550000190734863  1.8600000143051147  -0.0007036785860474976  0.005169052654097367
1.8600000143051147  1.8650000095367432  -0.0007036785860474976  0.005169052654097367
1.8650000095367432  1.8700000047683714           0.0  0.005120931730493149
1.8700000047683714         1.875           0.0  0.0051209317304926946
       1.875  1.8799999952316284  0.004417253144445425  0.005169052654097367
1.8799999952316284  1.8849999904632568           0.0  0.005120931730492922
1.8849999904632568  1.8899999856948853           0.0  0.005120931730492922
1.8899999856948853  1.8949999809265134           0.0  0.005120931730493149
1.8949999809265134  1.899999976158142           0.0  0.0051209317304926946
1.899999976158142  1.9049999713897705           0.0  0.005120931730492922
1.9049999713897705  1.909999966621399           0.0  0.005120931730492922
1.909999966621399  1.9149999618530273           0.0  0.005120931730492922
1.9149999618530273  1.9199999570846558  0.005120931730492922  0.005120931730492922
1.9199999570846558  1.9249999523162842           0.0  0.005120931730492922
1.9249999523162842  1.9299999475479126           0.0  0.005120931730492922
1.9299999475479126  1.934999942779541           0.0  0.005120931730492922
1.934999942779541  1.9400000572204588           0.0  0.005120809640760875
1.9400000572204588  1.9450000524520874           0.0  0.0051209317304926946
1.9450000524520874  1.9500000476837158           0.0  0.005120931730492922
1.9500000476837158  1.9550000429153442           0.0  0.005120931730492922
1.9550000429153442  1.9600000381469729  0.0051209317304926946  0.0051209317304926946
1.9600000381469729  1.965000033378601  0.01837269116383001  0.01031412903792035
1.965000033378601  1.9700000286102297           0.0  0.0051209317304926946
1.9700000286102297  1.975000023841858           0.0  0.005120931730493149
1.975000023841858  1.9800000190734863           0.0  0.005120931730492922
1.9800000190734863  1.985000014305115           0.0  0.0051209317304926946
1.985000014305115  1.9900000095367432           0.0  0.005120931730493149
1.9900000095367432  1.9950000047683716  -0.0007036785860474976  0.005169052654097367
1.9950000047683716           2.0           0.0  0.005120931730492922
         2.0  2.005000114440918           0.0  0.005120809640760648
2.005000114440918  2.009999990463257           0.0  0.005121053826047032
2.009999990463257  2.015000104904175  0.009537957472094676  0.007276023824580287
2.015000104904175  2.0199999809265137  -0.0007036953634683657  0.005169175896972149
2.0199999809265137  2.0250000953674316  -0.0007036618094266211  0.00516892941709913
2.0250000953674316  2.0299999713897705  -0.0007036953634683657  0.005169175896972149
2.0299999713897705  2.0350000858306885  0.005120809640760648  0.005120809640760648
2.0350000858306885  2.0399999618530273           0.0  0.005121053826047032
2.0399999618530273  2.0450000762939453           0.0  0.005120809640760648
2.0450000762939453  2.049999952316284  0.005121053826047032  0.005121053826047032
2.049999952316284  2.055000066757202           0.0  0.005120809640760648
2.055000066757202  2.059999942779541           0.0  0.005121053826047032
2.059999942779541  2.065000057220459           0.0  0.005120809640760648
2.065000057220459  2.069999933242798           0.0  0.005121053826047032
2.069999933242798  2.075000047683716           0.0  0.005120809640760648
2.075000047683716  2.0799999237060547  0.009538412288625699  0.00727637078103561
2.0799999237060547  2.0850000381469727           0.0  0.005120809640760648
2.0850000381469727  2.0899999141693115           0.0  0.005121053826047032
2.0899999141693115  2.0950000286102295           0.0  0.005120809640760648
2.0950000286102295  2.0999999046325684           0.0  0.005121053826047032
2.0999999046325684  2.1050000190734863           0.0  0.005120809640760648
2.1050000190734863  2.109999895095825           0.0  0.005121053826047032
2.109999895095825  2.115000009536743           0.0  0.005120809640760648
2.115000009536743  2.119999885559082           0.0  0.005121053826047032
2.119999885559082         2.125           0.0  0.005120809640760648
       2.125  2.130000114440918           0.0  0.005120809640760648
2.130000114440918  2.134999990463257           0.0  0.005121053826047032
2.134999990463257  2.140000104904175  -0.0007036618094266211  0.00516892941709913
2.140000104904175  2.1449999809265137           0.0  0.005121053826047032
2.1449999809265137  2.1500000953674316           0.0  0.005120809640760648
2.1500000953674316  2.1549999713897705           0.0  0.005121053826047032
2.1549999713897705  2.1600000858306885           0.0  0.005120809640760648
2.1600000858306885  2.1649999618530273           0.0  0.005121053826047032
2.1649999618530273  2.1700000762939453           0.0  0.005120809640760648
2.1700000762939453  2.174999952316284           0.0  0.005121053826047032
2.174999952316284  2.180000066757202           0.0  0.005120809640760648
2.180000066757202  2.184999942779541           0.0  0.005121053826047032
2.184999942779541  2.190000057220459           0.0  0.005120809640760648
2.190000057220459  2.194999933242798  0.003713663099110301  0.005216854092113819
2.194999933242798  2.200000047683716           0.0  0.005120809640760648
2.200000047683716  2.2049999237060547           0.0  0.005121053826047032
2.2049999237060547  2.2100000381469727  0.003713486021907406  0.005216605338819326
2.2100000381469727  2.2149999141693115           0.0  0.005121053826047032
2.2149999141693115  2.2200000286102295           0.0  0.005120809640760648
2.2200000286102295  2.2249999046325684           0.0  0.005121053826047032
2.2249999046325684  2.2300000190734863           0.0  0.005120809640760648
2.2300000190734863  2.234999895095825  0.008834716925157334  0.007310318659790123
2.234999895095825  2.240000009536743           0.0  0.005120809640760648
2.240000009536743  2.244999885559082           0.0  0.005121053826047032
2.244999885559082          2.25           0.0  0.005120809640760648
        2.25  2.255000114440918  0.004417147831334027  0.00516892941709913
2.255000114440918  2.259999990463257           0.0  0.005121053826047032
2.259999990463257  2.265000104904175           0.0  0.005120809640760648
2.265000104904175  2.2699999809265137           0.0  0.005121053826047032
2.2699999809265137  2.2750000953674316           0.0  0.005120809640760648
2.2750000953674316  2.2799999713897705  0.003009967735641935  0.0052641004723477285
2.2799999713897705  2.2850000858306885           0.0  0.005120809640760648
2.2850000858306885  2.2899999618530273           0.0  0.005121053826047032
2.2899999618530273  2.2950000762939453           0.0  0.005120809640760648
2.2950000762939453  2.299999952316284           0.0  0.005121053826047032
2.299999952316284  2.305000066757202           0.0  0.005120809640760648
2.305000066757202  2.309999942779541           0.0  0.005121053826047032
2.309999942779541  2.315000057220459           0.0  0.005120809640760648
2.315000057220459  2.319999933242798           0.0  0.005121053826047032
2.319999933242798  2.325000047683716           0.0  0.005120809640760648
2.325000047683716  2.3299999237060547  0.003713663099110301  0.005216854092113819
2.3299999237060547  2.3350000381469727           0.0  0.005120809640760648
2.3350000381469727  2.3399999141693115  0.003009967735641935  0.0052641004723477285
2.3399999141693115  2.3450000286102295           0.0  0.005120809640760648
2.3450000286102295  2.3499999046325684  0.003713663099110301  0.005216854092113819
2.3499999046325684  2.3550000190734863           0.0  0.005120809640760648
2.3550000190734863  2.359999895095825           0.0  0.005121053826047032
2.359999895095825  2.365000009536743  0.020483238563042593  0.010241619281521296
2.365000009536743  2.369999885559082           0.0  0.005121053826047032
2.369999885559082         2.375  0.005120809640760648  0.005120809640760648
       2.375  2.380000114440918  -0.0007036618094266211  0.00516892941709913
2.380000114440918  2.384999990463257           0.0  0.005121053826047032
2.384999990463257  2.390000104904175  0.005120809640760648  0.005120809640760648
2.390000104904175  2.3949999809265137  -0.0007036953634683657  0.005169175896972149
2.3949999809265137  2.4000000953674316  -0.0007036618094266211  0.00516892941709913
2.4000000953674316  2.4049999713897705           0.0  0.005121053826047032
2.4049999713897705  2.4100000858306885           0.0  0.005120809640760648
2.4100000858306885  2.4149999618530273           0.0  0.005121053826047032
2.4149999618530273  2.4200000762939453  0.004417147831334027  0.00516892941709913
2.4200000762939453  2.424999952316284  0.005121053826047032  0.005121053826047032
2.424999952316284  2.430000066757202           0.0  0.005120809640760648
2.430000066757202  2.434999942779541           0.0  0.005121053826047032
2.434999942779541  2.440000057220459           0.0  0.005120809640760648
2.440000057220459  2.444999933242798           0.0  0.005121053826047032
2.444999933242798  2.450000047683716  0.004417147831334027  0.00516892941709913
2.450000047683716  2.4549999237060547           0.0  0.005121053826047032
2.4549999237060547  2.4600000381469727           0.0  0.005120809640760648
2.4600000381469727  2.4649999141693115           0.0  0.005121053826047032
2.4649999141693115  2.4700000286102295           0.0  0.005120809640760648
2.4700000286102295  2.4749999046325684           0.0  0.005121053826047032
2.4749999046325684  2.4800000190734863           0.0  0.005120809640760648
2.4800000190734863  2.484999895095825           0.0  0.005121053826047032
2.484999895095825  2.490000009536743           0.0  0.005120809640760648
2.490000009536743  2.494999885559082           0.0  0.005121053826047032
2.494999885559082           2.5           0.0  0.005120809640760648
         2.5  2.505000114440918           0.0  0.005120809640760648
2.505000114440918  2.509999990463257           0.0  0.005121053826047032
2.509999990463257  2.515000104904175           0.0  0.005120809640760648
2.515000104904175  2.5199999809265137           0.0  0.005121053826047032
2.5199999809265137  2.5250000953674316           0.0  0.005120809640760648
2.5250000953674316  2.5299999713897705           0.0  0.005121053826047032
2.5299999713897705  2.5350000858306885           0.0  0.005120809640760648
2.5350000858306885  2.5399999618530273  -0.0007036953634683657  0.005169175896972149
2.5399999618530273  2.5450000762939453           0.0  0.005120809640760648
2.5450000762939453  2.5499999523162837           0.0  0.005121053826047487
2.5499999523162837  2.5550000667572017           0.0  0.005120809640760648
2.5550000667572017  2.559999942779541           0.0  0.005121053826046577
2.559999942779541  2.565000057220459           0.0  0.005120809640760648
2.565000057220459  2.569999933242798  0.005121053826047032  0.005121053826047032
2.569999933242798  2.575000047683716           0.0  0.005120809640760648
2.575000047683716  2.5799999237060547           0.0  0.005121053826047032
2.5799999237060547  2.5850000381469727           0.0  0.005120809640760648
2.5850000381469727  2.5899999141693115           0.0  0.005121053826047032
2.5899999141693115  2.5950000286102295           0.0  0.005120809640760648
2.5950000286102295  2.5999999046325684           0.0  0.005121053826047032
2.5999999046325684  2.6050000190734863           0.0  0.005120809640760648
2.6050000190734863  2.609999895095825  -0.0014073907269367314  0.005216854092113819
2.609999895095825  2.615000009536743           0.0  0.005120809640760648
2.615000009536743  2.619999885559082           0.0  0.005121053826047032
2.619999885559082         2.625           0.0  0.005120809640760648
       2.625  2.630000114440918           0.0  0.005120809640760648
2.630000114440918  2.634999990463257           0.0  0.005121053826047032
2.634999990463257  2.640000104904175           0.0  0.005120809640760648
2.640000104904175  2.6449999809265137           0.0  0.005121053826047032
2.6449999809265137  2.6500000953674316           0.0  0.005120809640760648
2.6500000953674316  2.6549999713897705           0.0  0.005121053826047032
2.6549999713897705  2.6600000858306885           0.0  0.005120809640760648
2.6600000858306885  2.664999961853028  0.005121053826046577  0.005121053826046577
2.664999961853028  2.6700000762939453           0.0  0.0051208096407611035
2.6700000762939453  2.674999952316284           0.0  0.005121053826047032
2.674999952316284  2.680000066757202           0.0  0.005120809640760648
2.680000066757202  2.684999942779541           0.0  0.005121053826047032
2.684999942779541  2.690000057220459  0.004417147831334027  0.00516892941709913
2.690000057220459  2.694999933242798           0.0  0.005121053826047032
2.694999933242798  2.700000047683716           0.0  0.005120809640760648
2.700000047683716  2.7049999237060547           0.0  0.005121053826047032
2.7049999237060547  2.7100000381469727  0.012547781684575461  0.00898045844592044
2.7100000381469727  2.7149999141693115  0.010242107652094065  0.007242263774438342
2.7149999141693115  2.7200000286102295           0.0  0.005120809640760648
2.7200000286102295  2.7249999046325684           0.0  0.005121053826047032
2.7249999046325684  2.7300000190734863  0.0030098242124807846  0.0052638494662218295
2.7300000190734863  2.734999895095825           0.0  0.005121053826047032
2.734999895095825  2.740000009536743           0.0  0.005120809640760648
2.740000009536743  2.7449998855590816  0.004417358462579059  0.005169175896972608
2.7449998855590816          2.75  0.004417147831333635  0.005168929417098671
        2.75  2.755000114440918           0.0  0.005120809640760648
2.755000114440918  2.759999990463257  0.004417358462578667  0.005169175896972149
2.759999990463257  2.765000104904175           0.0  0.005120809640760648
2.765000104904175  2.7699999809265137           0.0  0.005121053826047032
2.7699999809265137  2.7750000953674316           0.0  0.005120809640760648
2.7750000953674316  2.77999997138977           0.0  0.005121053826047487
2.77999997138977  2.785000085830688           0.0  0.005120809640760648
2.785000085830688  2.7899999618530273           0.0  0.005121053826046577
2.7899999618530273  2.7950000762939453  -0.0007036618094266211  0.00516892941709913
2.7950000762939453  2.799999952316284           0.0  0.005121053826047032
2.799999952316284  2.805000066757202           0.0  0.005120809640760648
2.805000066757202  2.809999942779541           0.0  0.005121053826047032
2.809999942779541  2.815000057220459           0.0  0.005120809640760648
2.815000057220459  2.8199999332427983           0.0  0.005121053826046577
2.8199999332427983  2.825000047683716           0.0  0.0051208096407611035
2.825000047683716  2.8299999237060547           0.0  0.005121053826047032
2.8299999237060547  2.8350000381469727           0.0  0.005120809640760648
2.8350000381469727  2.8399999141693115           0.0  0.005121053826047032
2.8399999141693115  2.8450000286102295           0.0  0.005120809640760648
2.8450000286102295  2.8499999046325684           0.0  0.005121053826047032
2.8499999046325684  2.8550000190734863           0.0  0.005120809640760648
2.8550000190734863  2.859999895095825           0.0  0.005121053826047032
2.859999895095825  2.865000009536743           0.0  0.005120809640760648
2.865000009536743  2.869999885559082           0.0  0.005121053826047032
2.869999885559082  2.8749999999999996           0.0  0.0051208096407611035
2.8749999999999996  2.880000114440918           0.0  0.005120809640760194
2.880000114440918  2.884999990463257           0.0  0.005121053826047032
2.884999990463257  2.890000104904175           0.0  0.005120809640760648
2.890000104904175  2.8949999809265137           0.0  0.005121053826047032
2.8949999809265137  2.9000000953674316           0.0  0.005120809640760648
2.9000000953674316  2.9049999713897705           0.0  0.005121053826047032
2.9049999713897705  2.9100000858306885           0.0  0.005120809640760648
2.9100000858306885  2.9149999618530273           0.0  0.005121053826047032
2.9149999618530273  2.9200000762939458           0.0  0.005120809640760194
2.9200000762939458  2.9249999523162837  0.005121053826047941  0.005121053826047941
2.9249999523162837  2.930000066757202           0.0  0.005120809640760194
2.930000066757202  2.9349999427795406           0.0  0.005121053826047487
2.9349999427795406  2.940000057220459           0.0  0.005120809640760194
2.940000057220459  2.944999933242798           0.0  0.005121053826047032
2.944999933242798  2.950000047683716           0.0  0.005120809640760648
2.950000047683716  2.9549999237060547           0.0  0.005121053826047032
2.9549999237060547  2.9600000381469727           0.0  0.005120809640760648
2.9600000381469727  2.964999914169312           0.0  0.005121053826046577
2.964999914169312  2.97000002861023           0.0  0.005120809640760648
2.97000002861023  2.9749999046325684  0.0037136630991106306  0.005216854092114282
2.9749999046325684  2.980000019073486           0.0  0.0051208096407611035
2.980000019073486  2.9849998950958256           0.0  0.0051210538260461225
2.9849998950958256  2.990000009536743           0.0  0.0051208096407611035
2.990000009536743  2.9949998855590816           0.0  0.005121053826047487
2.9949998855590816           3.0  -0.0007036618094265586  0.005168929417098671
         3.0  3.005000114440918           0.0  0.005120809640760648
3.005000114440918  3.009999990463257  0.008834716925157334  0.007310318659790123
3.009999990463257  3.015000104904175           0.0  0.005120809640760648
3.015000104904175  3.0199999809265137           0.0  0.005121053826047032
3.0199999809265137  3.0250000953674316           0.0  0.005120809640760648
3.0250000953674316  3.029999971389771  0.010242107652093154  0.0072422637744376985
3.029999971389771  3.035000085830689  0.004417147831334027  0.00516892941709913
3.035000085830689  3.0399999618530273           0.0  0.005121053826047487
3.0399999618530273  3.045000076293945           0.0  0.0051208096407611035
3.045000076293945  3.049999952316284           0.0  0.005121053826046577
3.049999952316284  3.055000066757202  -0.0007036618094266211  0.00516892941709913
3.055000066757202  3.059999942779541           0.0  0.005121053826047032
3.059999942779541  3.0650000572204585           0.0  0.0051208096407611035
3.0650000572204585  3.069999933242798           0.0  0.005121053826046577
3.069999933242798  3.075000047683716           0.0  0.005120809640760648
3.075000047683716  3.0799999237060547           0.0  0.005121053826047032
3.0799999237060547  3.0850000381469727           0.0  0.005120809640760648
3.0850000381469727  3.0899999141693115           0.0  0.005121053826047032
3.0899999141693115  3.09500002861023  0.004417147831333635  0.005168929417098671
3.09500002861023  3.0999999046325684           0.0  0.005121053826047487
3.0999999046325684  3.1050000190734863           0.0  0.005120809640760648
3.1050000190734863  3.109999895095825           0.0  0.005121053826047032
3.109999895095825  3.115000009536743           0.0  0.005120809640760648
3.115000009536743  3.119999885559082  -0.0007036953634683657  0.005169175896972149
3.119999885559082         3.125           0.0  0.005120809640760648
       3.125  3.130000114440918  0.009537957472094676  0.007276023824580287
3.130000114440918  3.134999990463257           0.0  0.005121053826047032
3.134999990463257  3.140000104904175           0.0  0.005120809640760648
3.140000104904175  3.1449999809265137           0.0  0.005121053826047032
3.1449999809265137  3.1500000953674316           0.0  0.005120809640760648
3.1500000953674316  3.1549999713897705           0.0  0.005121053826047032
3.1549999713897705  3.1600000858306885  0.005120809640760648  0.005120809640760648
3.1600000858306885  3.1649999618530273  0.005121053826047032  0.005121053826047032
3.1649999618530273  3.1700000762939453  0.005120809640760648  0.005120809640760648
3.1700000762939453  3.174999952316284           0.0  0.005121053826047032
3.174999952316284  3.180000066757202           0.0  0.005120809640760648
3.180000066757202  3.184999942779541           0.0  0.005121053826047032
3.184999942779541  3.190000057220459           0.0  0.005120809640760648
3.190000057220459  3.194999933242798  0.009538412288625699  0.00727637078103561
3.194999933242798  3.200000047683716           0.0  0.005120809640760648
3.200000047683716  3.2049999237060547           0.0  0.005121053826047032
3.2049999237060547  3.2100000381469727  0.009537957472094676  0.007276023824580287
3.2100000381469727  3.2149999141693115           0.0  0.005121053826047032
3.2149999141693115  3.2200000286102295           0.0  0.005120809640760648
3.2200000286102295  3.2249999046325684           0.0  0.005121053826047032
3.2249999046325684  3.2300000190734863           0.0  0.005120809640760648
3.2300000190734863  3.234999895095825           0.0  0.005121053826047032
3.234999895095825  3.240000009536743           0.0  0.005120809640760648
3.240000009536743  3.244999885559082           0.0  0.005121053826047032
3.244999885559082          3.25  0.010241619281521296  0.007241918444294605
        3.25  3.255000114440918           0.0  0.005120809640760648
3.255000114440918  3.259999990463257           0.0  0.005121053826047032
3.259999990463257  3.265000104904175           0.0  0.005120809640760648
3.265000104904175  3.2699999809265137           0.0  0.005121053826047032
3.2699999809265137  3.2750000953674316           0.0  0.005120809640760648
3.2750000953674316  3.2799999713897705           0.0  0.005121053826047032
3.2799999713897705  3.2850000858306885           0.0  0.005120809640760648
3.2850000858306885  3.2899999618530273           0.0  0.005121053826047032
3.2899999618530273  3.2950000762939453           0.0  0.005120809640760648
3.2950000762939453  3.299999952316284           0.0  0.005121053826047032
3.299999952316284  3.305000066757202           0.0  0.005120809640760648
3.305000066757202  3.309999942779541           0.0  0.005121053826047032
3.309999942779541  3.315000057220459           0.0  0.005120809640760648
3.315000057220459  3.319999933242798  0.008834716925157334  0.007310318659790123
3.319999933242798  3.325000047683716           0.0  0.005120809640760648
3.325000047683716  3.3299999237060547           0.0  0.005121053826047032
3.3299999237060547  3.3350000381469727           0.0  0.005120809640760648
3.3350000381469727  3.3399999141693115           0.0  0.005121053826047032
3.3399999141693115  3.3450000286102295           0.0  0.005120809640760648
3.3450000286102295  3.3499999046325684           0.0  0.005121053826047032
3.3499999046325684  3.3550000190734863  0.010241619281521296  0.007241918444294605
3.3550000190734863  3.359999895095825           0.0  0.005121053826047032
3.359999895095825  3.365000009536743           0.0  0.005120809640760648
3.365000009536743  3.369999885559082           0.0  0.005121053826047032
3.369999885559082         3.375           0.0  0.005120809640760648
       3.375  3.380000114440918           0.0  0.005120809640760648
3.380000114440918  3.384999990463257           0.0  0.005121053826047032
3.384999990463257  3.390000104904175  0.005120809640760648  0.005120809640760648
3.390000104904175  3.3949999809265137           0.0  0.005121053826047032
3.3949999809265137  3.4000000953674316  0.004417147831334027  0.00516892941709913
3.4000000953674316  3.4049999713897705           0.0  0.005121053826047032
3.4049999713897705  3.4100000858306885           0.0  0.005120809640760648
3.4100000858306885  3.4149999618530273           0.0  0.005121053826047032
3.4149999618530273  3.4200000762939453           0.0  0.005120809640760648
3.4200000762939453  3.424999952316284           0.0  0.005121053826047032
3.424999952316284  3.430000066757202           0.0  0.005120809640760648
3.430000066757202  3.434999942779541  0.005121053826047032  0.005121053826047032
3.434999942779541  3.440000057220459           0.0  0.005120809640760648
3.440000057220459  3.444999933242798           0.0  0.005121053826047032
3.444999933242798  3.450000047683716           0.0  0.005120809640760648
3.450000047683716  3.4549999237060547           0.0  0.005121053826047032
3.4549999237060547  3.4600000381469727           0.0  0.005120809640760648
3.4600000381469727  3.4649999141693115           0.0  0.005121053826047032
3.4649999141693115  3.4700000286102295  -0.0007036618094266211  0.00516892941709913
3.4700000286102295  3.4749999046325684           0.0  0.005121053826047032
3.4749999046325684  3.4800000190734863           0.0  0.005120809640760648
3.4800000190734863  3.484999895095825           0.0  0.005121053826047032
3.484999895095825  3.490000009536743  0.005120809640760648  0.005120809640760648
3.490000009536743  3.494999885559082           0.0  0.005121053826047032
3.494999885559082           3.5           0.0  0.005120809640760648
         3.5  3.505000114440918           0.0  0.005120809640760648
3.505000114440918  3.509999990463257           0.0  0.005121053826047032
3.509999990463257  3.515000104904175           0.0  0.005120809640760648
3.515000104904175  3.5199999809265137           0.0  0.005121053826047032
3.5199999809265137  3.5250000953674316           0.0  0.005120809640760648
3.5250000953674316  3.5299999713897705  0.005121053826047032  0.005121053826047032
3.5299999713897705  3.5350000858306885           0.0  0.005120809640760648
3.5350000858306885  3.539999961853028           0.0  0.005121053826046577
3.539999961853028  3.5450000762939453  0.01977957675361773  0.010265763753841849
3.5450000762939453  3.549999952316284           0.0  0.005121053826047032
3.549999952316284  3.555000066757202           0.0  0.005120809640760648
3.555000066757202  3.559999942779541           0.0  0.005121053826047032
3.559999942779541  3.565000057220459  0.010241619281521296  0.007241918444294605
3.565000057220459  3.569999933242798           0.0  0.005121053826047032
3.569999933242798  3.575000047683716           0.0  0.005120809640760648
3.575000047683716  3.5799999237060547           0.0  0.005121053826047032
3.5799999237060547  3.5850000381469727  0.015362428922281944  0.008869502473685972
3.5850000381469727  3.5899999141693115  0.009538412288625699  0.00727637078103561
3.5899999141693115  3.5950000286102295           0.0  0.005120809640760648
3.5950000286102295  3.5999999046325684  0.009538412288625699  0.00727637078103561
3.5999999046325684  3.6050000190734863           0.0  0.005120809640760648
3.6050000190734863  3.609999895095825           0.0  0.005121053826047032
3.609999895095825  3.615000009536743           0.0  0.005120809640760648
3.615000009536743  3.619999885559082           0.0  0.005121053826047032
3.619999885559082         3.625           0.0  0.005120809640760648
       3.625  3.630000114440918           0.0  0.005120809640760648
3.630000114440918  3.634999990463257           0.0  0.005121053826047032
3.634999990463257  3.640000104904175           0.0  0.005120809640760648
3.640000104904175  3.6449999809265132  0.005121053826047487  0.005121053826047487
3.6449999809265132  3.6500000953674316           0.0  0.005120809640760194
3.6500000953674316  3.6549999713897705  0.005121053826047032  0.005121053826047032
3.6549999713897705  3.6600000858306885           0.0  0.005120809640760648
3.6600000858306885  3.6649999618530273           0.0  0.005121053826047032
3.6649999618530273  3.6700000762939453           0.0  0.005120809640760648
3.6700000762939453  3.674999952316284  0.010242107652094065  0.007242263774438342
3.674999952316284  3.680000066757202  0.010241619281521296  0.007241918444294605
3.680000066757202  3.684999942779541  0.01465946611467273  0.008897795459122429
3.684999942779541  3.690000057220459           0.0  0.005120809640760648
3.690000057220459  3.694999933242798  0.005121053826047032  0.005121053826047032
3.694999933242798  3.7000000476837154  0.020483238563044414  0.010241619281522207
3.7000000476837154  3.7049999237060547  0.005121053826046577  0.005121053826046577
3.7049999237060547  3.7100000381469727           0.0  0.005120809640760648
3.7100000381469727  3.7149999141693115  0.015363161478141096  0.00886992541500845
3.7149999141693115  3.7200000286102295           0.0  0.005120809640760648
3.7200000286102295  3.7249999046325684           0.0  0.005121053826047032
3.7249999046325684  3.7300000190734863  0.009537957472094676  0.007276023824580287
3.7300000190734863  3.734999895095825           0.0  0.005121053826047032
3.734999895095825  3.7400000095367427           0.0  0.0051208096407611035
3.7400000095367427  3.7449998855590825           0.0  0.0051210538260461225
3.7449998855590825          3.75           0.0  0.0051208096407611035
        3.75  3.755000114440918           0.0  0.005120809640760648
3.755000114440918  3.759999990463257  0.015363161478141096  0.00886992541500845
3.759999990463257  3.765000104904175           0.0  0.005120809640760648
3.765000104904175  3.7699999809265137           0.0  0.005121053826047032
3.7699999809265137  3.7750000953674316           0.0  0.005120809640760648
3.7750000953674316  3.7799999713897705  0.005121053826047032  0.005121053826047032
3.7799999713897705  3.7850000858306885  0.013955105303428703  0.00892515288467445
3.7850000858306885  3.789999961853027  0.005121053826047487  0.005121053826047487
3.789999961853027  3.7950000762939458  0.005120809640759738  0.005120809640759738
3.7950000762939458  3.799999952316284           0.0  0.005121053826047487
3.799999952316284  3.805000066757202  0.014658767112855322  0.008897371188883103
3.805000066757202  3.809999942779541           0.0  0.005121053826047032
3.809999942779541  3.815000057220459           0.0  0.005120809640760648
3.815000057220459  3.819999933242798           0.0  0.005121053826047032
3.819999933242798  3.825000047683716           0.0  0.005120809640760648
3.825000047683716  3.8299999237060547           0.0  0.005121053826047032
3.8299999237060547  3.8350000381469727           0.0  0.005120809640760648
3.8350000381469727  3.8399999141693115           0.0  0.005121053826047032
3.8399999141693115  3.8450000286102295           0.0  0.005120809640760648
3.8450000286102295  3.8499999046325684           0.0  0.005121053826047032
3.8499999046325684  3.8550000190734863           0.0  0.005120809640760648
3.8550000190734863  3.859999895095825           0.0  0.005121053826047032
3.859999895095825  3.865000009536743  0.005120809640760648  0.005120809640760648
3.865000009536743  3.869999885559082           0.0  0.005121053826047032
3.869999885559082         3.875           0.0  0.005120809640760648
       3.875  3.8800001144409175           0.0  0.0051208096407611035
3.8800001144409175  3.884999990463257           0.0  0.005121053826046577
3.884999990463257  3.890000104904175           0.0  0.005120809640760648
3.890000104904175  3.8949999809265137           0.0  0.005121053826047032
3.8949999809265137  3.9000000953674316           0.0  0.005120809640760648
3.9000000953674316  3.904999971389771           0.0  0.005121053826046577
3.904999971389771  3.9100000858306885  0.0051208096407611035  0.0051208096407611035
3.9100000858306885  3.9149999618530273  0.010242107652094065  0.007242263774438342
3.9149999618530273  3.9200000762939458           0.0  0.005120809640760194
3.9200000762939458  3.924999952316284  0.005121053826047487  0.005121053826047487
3.924999952316284  3.930000066757202           0.0  0.005120809640760648
3.930000066757202  3.934999942779541           0.0  0.005121053826047032
3.934999942779541  3.9400000572204594           0.0  0.005120809640760194
3.9400000572204594  3.944999933242798  0.005121053826047487  0.005121053826047487
3.944999933242798  3.950000047683716           0.0  0.005120809640760648
3.950000047683716  3.9549999237060547           0.0  0.005121053826047032
3.9549999237060547  3.9600000381469727           0.0  0.005120809640760648
3.9600000381469727  3.964999914169312           0.0  0.005121053826046577
3.964999914169312  3.97000002861023           0.0  0.005120809640760648
3.97000002861023  3.9749999046325684           0.0  0.005121053826047487
3.9749999046325684  3.9800000190734863           0.0  0.005120809640760648
3.9800000190734863  3.984999895095825           0.0  0.005121053826047032
3.984999895095825  3.990000009536743           0.0  0.005120809640760648
3.990000009536743  3.9949998855590816  0.005121053826047487  0.005121053826047487
3.9949998855590816           4.0           0.0  0.005120809640760194
         4.0  4.005000114440918  0.005120809640760648  0.005120809640760648
4.005000114440918  4.010000228881836  0.020483238563042593  0.010241619281521296
4.010000228881836  4.014999866485596           0.0  0.005121298034622428
4.014999866485596  4.019999980926514  0.010241619281521296  0.007241918444294605
4.019999980926514  4.025000095367432           0.0  0.005120809640760648
4.025000095367432  4.03000020980835           0.0  0.005120809640760648
4.03000020980835  4.034999847412109           0.0  0.005121298034622428
4.034999847412109  4.039999961853027           0.0  0.005120809640760648
4.039999961853027  4.045000076293945           0.0  0.005120809640760648
4.045000076293945  4.050000190734863           0.0  0.005120809640760648
4.050000190734863  4.054999828338623  0.005121298034622428  0.005121298034622428
4.054999828338623  4.059999942779541           0.0  0.005120809640760648
4.059999942779541  4.065000057220459           0.0  0.005120809640760648
4.065000057220459  4.070000171661377  0.009537957472094676  0.007276023824580287
4.070000171661377  4.074999809265137  0.014660165183156978  0.00889821976982625
4.074999809265137  4.079999923706055           0.0  0.005120809640760648
4.079999923706055  4.085000038146973           0.0  0.005120809640760648
4.085000038146973  4.090000152587891           0.0  0.005120809640760648
4.090000152587891  4.09499979019165           0.0  0.005121298034622428
4.09499979019165  4.099999904632568  0.004417147831334027  0.00516892941709913
4.099999904632568  4.105000019073486           0.0  0.005120809640760648
4.105000019073486  4.110000133514404           0.0  0.005120809640760648
4.110000133514404  4.114999771118164           0.0  0.005121298034622428
4.114999771118164  4.119999885559082           0.0  0.005120809640760648
4.119999885559082         4.125           0.0  0.005120809640760648
       4.125  4.130000114440918  0.009537957472094676  0.007276023824580287
4.130000114440918  4.135000228881836           0.0  0.005120809640760648
4.135000228881836  4.139999866485596           0.0  0.005121298034622428
4.139999866485596  4.144999980926514           0.0  0.005120809640760648
4.144999980926514  4.150000095367432           0.0  0.005120809640760648
4.150000095367432  4.15500020980835  0.005120809640760648  0.005120809640760648
4.15500020980835  4.159999847412109           0.0  0.005121298034622428
4.159999847412109  4.164999961853027  0.010241619281521296  0.007241918444294605
4.164999961853027  4.170000076293945           0.0  0.005120809640760648
4.170000076293945  4.175000190734863           0.0  0.005120809640760648
4.175000190734863  4.179999828338623           0.0  0.005121298034622428
4.179999828338623  4.184999942779541           0.0  0.005120809640760648
4.184999942779541  4.190000057220459           0.0  0.005120809640760648
4.190000057220459  4.195000171661377           0.0  0.005120809640760648
4.195000171661377  4.199999809265137           0.0  0.005121298034622428
4.199999809265137  4.204999923706055  0.005120809640760648  0.005120809640760648
4.204999923706055  4.210000038146973           0.0  0.005120809640760648
4.210000038146973  4.215000152587891           0.0  0.005120809640760648
4.215000152587891  4.21999979019165           0.0  0.005121298034622428
4.21999979019165  4.224999904632568           0.0  0.005120809640760648
4.224999904632568  4.230000019073486  0.005120809640760648  0.005120809640760648
4.230000019073486  4.235000133514404           0.0  0.005120809640760648
4.235000133514404  4.239999771118164           0.0  0.005121298034622428
4.239999771118164  4.244999885559082           0.0  0.005120809640760648
4.244999885559082          4.25           0.0  0.005120809640760648
        4.25  4.255000114440918           0.0  0.005120809640760648
4.255000114440918  4.260000228881836           0.0  0.005120809640760648
4.260000228881836  4.264999866485596           0.0  0.005121298034622428
4.264999866485596  4.269999980926514           0.0  0.005120809640760648
4.269999980926514  4.275000095367432  0.005120809640760648  0.005120809640760648
4.275000095367432  4.28000020980835  0.005120809640760648  0.005120809640760648
4.28000020980835  4.284999847412109           0.0  0.005121298034622428
4.284999847412109  4.289999961853027           0.0  0.005120809640760648
4.289999961853027  4.295000076293945           0.0  0.005120809640760648
4.295000076293945  4.300000190734863           0.0  0.005120809640760648
4.300000190734863  4.304999828338623           0.0  0.005121298034622428
4.304999828338623  4.309999942779541           0.0  0.005120809640760648
4.309999942779541  4.315000057220459           0.0  0.005120809640760648
4.315000057220459  4.320000171661377           0.0  0.005120809640760648
4.320000171661377  4.324999809265137           0.0  0.005121298034622428
4.324999809265137  4.329999923706055           0.0  0.005120809640760648
4.329999923706055  4.335000038146973  0.005120809640760648  0.005120809640760648
4.335000038146973  4.340000152587891  0.009537957472094676  0.007276023824580287
4.340000152587891  4.34499979019165  0.004417569113912123  0.005169422400353026
4.34499979019165  4.349999904632568           0.0  0.005120809640760648
4.349999904632568  4.355000019073486  0.009537957472094676  0.007276023824580287
4.355000019073486  4.360000133514404           0.0  0.005120809640760648
4.360000133514404  4.364999771118164  0.010242596069244856  0.007242609137517715
4.364999771118164  4.369999885559082  0.004417147831334027  0.00516892941709913
4.369999885559082         4.375           0.0  0.005120809640760648
       4.375  4.380000114440918           0.0  0.005120809640760648
4.380000114440918  4.385000228881836           0.0  0.005120809640760648
4.385000228881836  4.389999866485596           0.0  0.005121298034622428
4.389999866485596  4.394999980926514           0.0  0.005120809640760648
4.394999980926514  4.400000095367432           0.0  0.005120809640760648
4.400000095367432  4.40500020980835           0.0  0.005120809640760648
4.40500020980835  4.409999847412109           0.0  0.005121298034622428
4.409999847412109  4.414999961853027  0.009537957472094676  0.007276023824580287
4.414999961853027  4.420000076293945           0.0  0.005120809640760648
4.420000076293945  4.425000190734863           0.0  0.005120809640760648
4.425000190734863  4.429999828338623  0.005121298034622428  0.005121298034622428
4.429999828338623  4.434999942779541           0.0  0.005120809640760648
4.434999942779541  4.440000057220459           0.0  0.005120809640760648
4.440000057220459  4.445000171661377  0.003713486021907406  0.005216605338819326
4.445000171661377  4.449999809265137           0.0  0.005121298034622428
4.449999809265137  4.454999923706055  0.005120809640760648  0.005120809640760648
4.454999923706055  4.460000038146973           0.0  0.005120809640760648
4.460000038146973  4.465000152587891  0.005120809640760648  0.005120809640760648
4.465000152587891  4.46999979019165  0.004417569113912123  0.005169422400353026
4.46999979019165  4.474999904632568           0.0  0.005120809640760648
4.474999904632568  4.480000019073486           0.0  0.005120809640760648
4.480000019073486  4.485000133514404           0.0  0.005120809640760648
4.485000133514404  4.489999771118164  0.008131409307113941  0.0073444598372097705
4.489999771118164  4.494999885559082           0.0  0.005120809640760648
4.494999885559082           4.5           0.0  0.005120809640760648
         4.5  4.505000114440918           0.0  0.005120809640760648
4.505000114440918  4.510000228881836           0.0  0.005120809640760648
4.510000228881836  4.514999866485596  0.014660165183156978  0.00889821976982625
4.514999866485596  4.519999980926514           0.0  0.005120809640760648
4.519999980926514  4.525000095367432           0.0  0.005120809640760648
4.525000095367432  4.53000020980835           0.0  0.005120809640760648
4.53000020980835  4.534999847412109           0.0  0.005121298034622428
4.534999847412109  4.539999961853027  0.005120809640760648  0.005120809640760648
4.539999961853027  4.545000076293945           0.0  0.005120809640760648
4.545000076293945  4.550000190734863           0.0  0.005120809640760648
4.550000190734863  4.554999828338623           0.0  0.005121298034622428
4.554999828338623  4.559999942779541           0.0  0.005120809640760648
4.559999942779541  4.565000057220459           0.0  0.005120809640760648
4.565000057220459  4.570000171661377           0.0  0.005120809640760648
4.570000171661377  4.574999809265137           0.0  0.005121298034622428
4.574999809265137  4.579999923706055           0.0  0.005120809640760648
4.579999923706055  4.585000038146973           0.0  0.005120809640760648
4.585000038146973  4.590000152587891  0.005120809640760648  0.005120809640760648
4.590000152587891  4.59499979019165           0.0  0.005121298034622428
4.59499979019165  4.599999904632568           0.0  0.005120809640760648
4.599999904632568  4.605000019073486  0.015362428922281944  0.008869502473685972
4.605000019073486  4.610000133514404           0.0  0.005120809640760648
4.610000133514404  4.614999771118164  0.010242596069244856  0.007242609137517715
4.614999771118164  4.619999885559082  0.010241619281521296  0.007241918444294605
4.619999885559082         4.625           0.0  0.005120809640760648
       4.625  4.630000114440918           0.0  0.005120809640760648
4.630000114440918  4.635000228881836           0.0  0.005120809640760648
4.635000228881836  4.639999866485596  0.004417569113912123  0.005169422400353026
4.639999866485596  4.644999980926514           0.0  0.005120809640760648
4.644999980926514  4.650000095367432           0.0  0.005120809640760648
4.650000095367432  4.65500020980835           0.0  0.005120809640760648
4.65500020980835  4.659999847412109           0.0  0.005121298034622428
4.659999847412109  4.664999961853027           0.0  0.005120809640760648
4.664999961853027  4.670000076293945           0.0  0.005120809640760648
4.670000076293945  4.675000190734863           0.0  0.005120809640760648
4.675000190734863  4.679999828338623           0.0  0.005121298034622428
4.679999828338623  4.684999942779541  0.005120809640760648  0.005120809640760648
4.684999942779541  4.690000057220459  0.005120809640760648  0.005120809640760648
4.690000057220459  4.695000171661377           0.0  0.005120809640760648
4.695000171661377  4.699999809265137           0.0  0.005121298034622428
4.699999809265137  4.704999923706055           0.0  0.005120809640760648
4.704999923706055  4.710000038146973  0.005120809640760648  0.005120809640760648
4.710000038146973  4.715000152587891           0.0  0.005120809640760648
4.715000152587891  4.71999979019165           0.0  0.005121298034622428
4.71999979019165  4.724999904632568           0.0  0.005120809640760648
4.724999904632568  4.730000019073486  0.005120809640760648  0.005120809640760648
4.730000019073486  4.735000133514404           0.0  0.005120809640760648
4.735000133514404  4.739999771118164           0.0  0.005121298034622428
4.739999771118164  4.744999885559082  0.005120809640760648  0.005120809640760648
4.744999885559082          4.75           0.0  0.005120809640760648
        4.75  4.755000114440918           0.0  0.005120809640760648
4.755000114440918  4.760000228881836  0.010241619281521296  0.007241918444294605
4.760000228881836  4.764999866485596           0.0  0.005121298034622428
4.764999866485596  4.769999980926514  0.004417147831334027  0.00516892941709913
4.769999980926514  4.775000095367432           0.0  0.005120809640760648
4.775000095367432  4.78000020980835           0.0  0.005120809640760648
4.78000020980835  4.784999847412109  0.010242596069244856  0.007242609137517715
4.784999847412109  4.789999961853027           0.0  0.005120809640760648
4.789999961853027  4.795000076293945           0.0  0.005120809640760648
4.795000076293945  4.800000190734863           0.0  0.005120809640760648
4.800000190734863  4.804999828338623           0.0  0.005121298034622428
4.804999828338623  4.809999942779541           0.0  0.005120809640760648
4.809999942779541  4.815000057220459  0.004417147831334027  0.00516892941709913
4.815000057220459  4.820000171661377           0.0  0.005120809640760648
4.820000171661377  4.824999809265137  0.015363894103867284  0.008870348396668681
4.824999809265137  4.829999923706055           0.0  0.005120809640760648
4.829999923706055  4.835000038146973  0.004417147831334027  0.00516892941709913
4.835000038146973  4.840000152587891  0.015362428922281944  0.008869502473685972
4.840000152587891  4.84499979019165           0.0  0.005121298034622428
4.84499979019165  4.849999904632568           0.0  0.005120809640760648
4.849999904632568  4.855000019073486  0.015362428922281944  0.008869502473685972
4.855000019073486  4.860000133514404           0.0  0.005120809640760648
4.860000133514404  4.864999771118164  0.00953886714853455  0.007276717770581678
4.864999771118164  4.869999885559082           0.0  0.005120809640760648
4.869999885559082         4.875  0.015362428922281944  0.008869502473685972
       4.875  4.880000114440918           0.0  0.005120809640760648
4.880000114440918  4.885000228881836           0.0  0.005120809640760648
4.885000228881836  4.889999866485596           0.0  0.005121298034622428
4.889999866485596  4.894999980926514  0.003713486021907406  0.005216605338819326
4.894999980926514  4.900000095367432           0.0  0.005120809640760648
4.900000095367432  4.90500020980835           0.0  0.005120809640760648
4.90500020980835  4.909999847412109           0.0  0.005121298034622428
4.909999847412109  4.914999961853027           0.0  0.005120809640760648
4.914999961853027  4.920000076293945           0.0  0.005120809640760648
4.920000076293945  4.925000190734863           0.0  0.005120809640760648
4.925000190734863  4.929999828338623           0.0  0.005121298034622428
4.929999828338623  4.934999942779541  0.005120809640760648  0.005120809640760648
4.934999942779541  4.940000057220459  0.03072485784456389  0.012543370689788417
4.940000057220459  4.945000171661377           0.0  0.005120809640760648
4.945000171661377  4.949999809265137  0.004417569113912123  0.005169422400353026
4.949999809265137  4.954999923706055           0.0  0.005120809640760648
4.954999923706055  4.960000038146973  0.009537957472094676  0.007276023824580287
4.960000038146973  4.965000152587891           0.0  0.005120809640760648
4.965000152587891  4.96999979019165           0.0  0.005121298034622428
4.96999979019165  4.974999904632568  0.010241619281521296  0.007241918444294605
4.974999904632568  4.980000019073486           0.0  0.005120809640760648
4.980000019073486  4.985000133514404  0.003713486021907406  0.005216605338819326
4.985000133514404  4.989999771118164           0.0  0.005121298034622428
4.989999771118164  4.994999885559082           0.0  0.005120809640760648
4.994999885559082           5.0           0.0  0.005120809640760648
         5.0  5.005000114440918           0.0  0.005120809640760648
5.005000114440918  5.010000228881836           0.0  0.005120809640760648
5.010000228881836  5.014999866485596  0.005121298034622428  0.005121298034622428
5.014999866485596  5.019999980926514           0.0  0.005120809640760648
5.019999980926514  5.025000095367432           0.0  0.005120809640760648
5.025000095367432  5.03000020980835  0.004417147831334027  0.00516892941709913
5.03000020980835  5.034999847412109           0.0  0.005121298034622428
5.034999847412109  5.039999961853027  0.005120809640760648  0.005120809640760648
5.039999961853027  5.045000076293945  0.005120809640760648  0.005120809640760648
5.045000076293945  5.050000190734863           0.0  0.005120809640760648
5.050000190734863  5.054999828338623           0.0  0.005121298034622428
5.054999828338623  5.059999942779541  0.005120809640760648  0.005120809640760648
5.059999942779541  5.065000057220459           0.0  0.005120809640760648
5.065000057220459  5.070000171661377           0.0  0.005120809640760648
5.070000171661377  5.074999809265137           0.0  0.005121298034622428
5.074999809265137  5.079999923706055           0.0  0.005120809640760648
5.079999923706055  5.085000038146973           0.0  0.005120809640760648
5.085000038146973  5.090000152587891           0.0  0.005120809640760648
5.090000152587891  5.09499979019165           0.0  0.005121298034622428
5.09499979019165  5.0999999046325675           0.0  0.005120809640761558
5.0999999046325675  5.105000019073486           0.0  0.005120809640759738
5.105000019073486  5.110000133514403           0.0  0.005120809640761558
5.110000133514403  5.114999771118164  0.004417569113911338  0.005169422400352107
5.114999771118164  5.119999885559082           0.0  0.005120809640760648
5.119999885559082         5.125  0.010241619281521296  0.007241918444294605
       5.125  5.130000114440918           0.0  0.005120809640760648
5.130000114440918  5.135000228881836           0.0  0.005120809640760648
5.135000228881836  5.139999866485596           0.0  0.005121298034622428
5.139999866485596  5.144999980926514           0.0  0.005120809640760648
5.144999980926514  5.150000095367432           0.0  0.005120809640760648
5.150000095367432  5.15500020980835           0.0  0.005120809640760648
5.15500020980835  5.159999847412109           0.0  0.005121298034622428
5.159999847412109  5.164999961853027           0.0  0.005120809640760648
5.164999961853027  5.170000076293945           0.0  0.005120809640760648
5.170000076293945  5.175000190734863           0.0  0.005120809640760648
5.175000190734863  5.179999828338623           0.0  0.005121298034622428
5.179999828338623  5.184999942779541           0.0  0.005120809640760648
5.184999942779541  5.190000057220459           0.0  0.005120809640760648
5.190000057220459  5.195000171661377           0.0  0.005120809640760648
5.195000171661377  5.199999809265137  0.004417569113912123  0.005169422400353026
5.199999809265137  5.204999923706056  0.005120809640759738  0.005120809640759738
5.204999923706056  5.210000038146973  0.015362428922284673  0.008869502473687549
5.210000038146973  5.215000152587891  0.009537957472094676  0.007276023824580287
5.215000152587891  5.21999979019165           0.0  0.005121298034622428
5.21999979019165  5.224999904632568           0.0  0.005120809640760648
5.224999904632568  5.230000019073486           0.0  0.005120809640760648
5.230000019073486  5.235000133514404  0.025604048203803242  0.011450478456577087
5.235000133514404  5.239999771118164           0.0  0.005121298034622428
5.239999771118164  5.244999885559082  0.005120809640760648  0.005120809640760648
5.244999885559082          5.25           0.0  0.005120809640760648
        5.25  5.255000114440918           0.0  0.005120809640760648
5.255000114440918  5.260000228881836           0.0  0.005120809640760648
5.260000228881836  5.264999866485596           0.0  0.005121298034622428
5.264999866485596  5.269999980926514  0.010241619281521296  0.007241918444294605
5.269999980926514  5.275000095367432           0.0  0.005120809640760648
5.275000095367432  5.28000020980835  0.005120809640760648  0.005120809640760648
5.28000020980835  5.284999847412109           0.0  0.005121298034622428
5.284999847412109  5.289999961853027  0.005120809640760648  0.005120809640760648
5.289999961853027  5.295000076293945  0.005120809640760648  0.005120809640760648
5.295000076293945  5.300000190734863           0.0  0.005120809640760648
5.300000190734863  5.304999828338623           0.0  0.005121298034622428
5.304999828338623  5.309999942779541           0.0  0.005120809640760648
5.309999942779541  5.315000057220459  0.005120809640760648  0.005120809640760648
5.315000057220459  5.320000171661377           0.0  0.005120809640760648
5.320000171661377  5.324999809265137  0.02560649017311214  0.01145157053845182
5.324999809265137  5.329999923706056           0.0  0.005120809640759738
5.329999923706056  5.3350000381469735           0.0  0.005120809640760648
5.3350000381469735  5.340000152587891           0.0  0.005120809640761558
5.340000152587891  5.34499979019165           0.0  0.005121298034622428
5.34499979019165  5.349999904632568  0.004417147831334027  0.00516892941709913
5.349999904632568  5.355000019073486           0.0  0.005120809640760648
5.355000019073486  5.360000133514404           0.0  0.005120809640760648
5.360000133514404  5.364999771118164           0.0  0.005121298034622428
5.364999771118164  5.369999885559082           0.0  0.005120809640760648
5.369999885559082         5.375           0.0  0.005120809640760648
       5.375  5.380000114440918           0.0  0.005120809640760648
5.380000114440918  5.385000228881836  0.013955105303428703  0.00892515288467445
5.385000228881836  5.389999866485596  0.010242596069244856  0.007242609137517715
5.389999866485596  5.394999980926514  0.010241619281521296  0.007241918444294605
5.394999980926514  5.400000095367432  0.020483238563042593  0.010241619281521296
5.400000095367432  5.405000209808349           0.0  0.005120809640761558
5.405000209808349  5.409999847412109           0.0  0.005121298034621518
5.409999847412109  5.414999961853027  0.010241619281521296  0.007241918444294605
5.414999961853027  5.420000076293945           0.0  0.005120809640760648
5.420000076293945  5.425000190734863           0.0  0.005120809640760648
5.425000190734863  5.429999828338623  0.019781463217779405  0.010266742844327712
5.429999828338623  5.434999942779541           0.0  0.005120809640760648
5.434999942779541  5.440000057220459           0.0  0.005120809640760648
5.440000057220459  5.445000171661377  0.004417147831334027  0.00516892941709913
5.445000171661377  5.449999809265137           0.0  0.005121298034622428
5.449999809265137  5.454999923706055  0.005120809640760648  0.005120809640760648
5.454999923706055  5.460000038146973           0.0  0.005120809640760648
5.460000038146973  5.465000152587891  0.005120809640760648  0.005120809640760648
5.465000152587891  5.46999979019165           0.0  0.005121298034622428
5.46999979019165  5.474999904632568           0.0  0.005120809640760648
5.474999904632568  5.480000019073486           0.0  0.005120809640760648
5.480000019073486  5.485000133514404           0.0  0.005120809640760648
5.485000133514404  5.489999771118163           0.0  0.005121298034623338
5.489999771118163  5.494999885559082  0.005120809640759738  0.005120809640759738
5.494999885559082           5.5  0.009537957472094676  0.007276023824580287
         5.5  5.505000114440918           0.0  0.005120809640760648
5.505000114440918  5.510000228881836           0.0  0.005120809640760648
5.510000228881836  5.514999866485596  0.015363894103867284  0.008870348396668681
5.514999866485596  5.519999980926514  0.004417147831334027  0.00516892941709913
5.519999980926514  5.525000095367432           0.0  0.005120809640760648
5.525000095367432  5.53000020980835           0.0  0.005120809640760648
5.53000020980835  5.534999847412109           0.0  0.005121298034622428
5.534999847412109  5.539999961853027           0.0  0.005120809640760648
5.539999961853027  5.545000076293945  0.005120809640760648  0.005120809640760648
5.545000076293945  5.550000190734863           0.0  0.005120809640760648
5.550000190734863  5.554999828338623           0.0  0.005121298034622428
5.554999828338623  5.55999994277954  0.010241619281523116  0.007241918444295893
5.55999994277954  5.565000057220459           0.0  0.005120809640759738
5.565000057220459  5.570000171661376  0.005120809640761558  0.005120809640761558
5.570000171661376  5.574999809265137           0.0  0.005121298034621518
5.574999809265137  5.579999923706055           0.0  0.005120809640760648
5.579999923706055  5.5850000381469735  0.014658767112852718  0.008897371188881523
5.5850000381469735  5.590000152587891           0.0  0.005120809640761558
5.590000152587891  5.594999790191651  0.005121298034621518  0.005121298034621518
5.594999790191651  5.599999904632568           0.0  0.005120809640761558
5.599999904632568  5.605000019073486           0.0  0.005120809640760648
5.605000019073486  5.610000133514404           0.0  0.005120809640760648
5.610000133514404  5.614999771118164           0.0  0.005121298034622428
5.614999771118164  5.619999885559082           0.0  0.005120809640760648
5.619999885559082         5.625           0.0  0.005120809640760648
       5.625  5.630000114440918           0.0  0.005120809640760648
5.630000114440918  5.635000228881836           0.0  0.005120809640760648
5.635000228881836  5.639999866485597           0.0  0.005121298034621518
5.639999866485597  5.644999980926513           0.0  0.005120809640762467
5.644999980926513  5.650000095367432           0.0  0.005120809640759738
5.650000095367432  5.65500020980835  0.010241619281521296  0.007241918444294605
5.65500020980835  5.659999847412109           0.0  0.005121298034622428
5.659999847412109  5.664999961853027           0.0  0.005120809640760648
5.664999961853027  5.670000076293945           0.0  0.005120809640760648
5.670000076293945  5.675000190734863           0.0  0.005120809640760648
5.675000190734863  5.679999828338623           0.0  0.005121298034622428
5.679999828338623  5.684999942779541           0.0  0.005120809640760648
5.684999942779541  5.690000057220459  0.005120809640760648  0.005120809640760648
5.690000057220459  5.695000171661378           0.0  0.005120809640759738
5.695000171661378  5.699999809265137           0.0  0.005121298034623338
5.699999809265137  5.704999923706054           0.0  0.005120809640761558
5.704999923706054  5.710000038146973           0.0  0.005120809640759738
5.710000038146973  5.715000152587891  0.020483238563042593  0.010241619281521296
5.715000152587891  5.71999979019165  0.010242596069244856  0.007242609137517715
5.71999979019165  5.724999904632568           0.0  0.005120809640760648
5.724999904632568  5.730000019073486  0.010241619281521296  0.007241918444294605
5.730000019073486  5.735000133514404           0.0  0.005120809640760648
5.735000133514404  5.739999771118164           0.0  0.005121298034622428
5.739999771118164  5.744999885559082  0.005120809640760648  0.005120809640760648
5.744999885559082  5.749999999999999           0.0  0.005120809640761558
5.749999999999999  5.755000114440918  0.009537957472092981  0.007276023824578994
5.755000114440918  5.760000228881836           0.0  0.005120809640760648
5.760000228881836  5.764999866485596  0.005121298034622428  0.005121298034622428
5.764999866485596  5.769999980926514           0.0  0.005120809640760648
5.769999980926514  5.775000095367432  0.008834295662668055  0.007309970084610846
5.775000095367432  5.78000020980835           0.0  0.005120809640760648
5.78000020980835  5.78499984741211           0.0  0.005121298034621518
5.78499984741211  5.789999961853027           0.0  0.005120809640761558
5.789999961853027  5.795000076293945           0.0  0.005120809640760648
5.795000076293945  5.800000190734863           0.0  0.005120809640760648
5.800000190734863  5.804999828338623           0.0  0.005121298034622428
5.804999828338623  5.809999942779541  0.005120809640760648  0.005120809640760648
5.809999942779541  5.815000057220459           0.0  0.005120809640760648
5.815000057220459  5.820000171661377           0.0  0.005120809640760648
5.820000171661377  5.824999809265137           0.0  0.005121298034622428
5.824999809265137  5.829999923706055           0.0  0.005120809640760648
5.829999923706055  5.835000038146973           0.0  0.005120809640760648
5.835000038146973  5.8400001525878915  0.010241619281519477  0.007241918444293319
5.8400001525878915  5.8449997901916495           0.0  0.005121298034624248
5.8449997901916495  5.8499999046325675           0.0  0.005120809640760648
5.8499999046325675  5.855000019073486           0.0  0.005120809640759738
5.855000019073486  5.860000133514404           0.0  0.005120809640760648
5.860000133514404  5.864999771118163           0.0  0.005121298034623338
5.864999771118163  5.869999885559081  0.005120809640760648  0.005120809640760648
5.869999885559081         5.875  0.010241619281519477  0.007241918444293319
       5.875  5.880000114440918           0.0  0.005120809640760648
5.880000114440918  5.885000228881836  0.015362428922281944  0.008869502473685972
5.885000228881836  5.889999866485596  0.005121298034622428  0.005121298034622428
5.889999866485596  5.894999980926514           0.0  0.005120809640760648
5.894999980926514  5.900000095367432  0.009537957472094676  0.007276023824580287
5.900000095367432  5.90500020980835           0.0  0.005120809640760648
5.90500020980835  5.909999847412109           0.0  0.005121298034622428
5.909999847412109  5.914999961853027  0.005120809640760648  0.005120809640760648
5.914999961853027  5.920000076293945  0.010241619281521296  0.007241918444294605
5.920000076293945  5.925000190734864  0.005120809640759738  0.005120809640759738
5.925000190734864  5.929999828338624  0.014660165183156978  0.00889821976982625
5.929999828338624  5.934999942779541           0.0  0.005120809640761558
5.934999942779541  5.94000005722046           0.0  0.005120809640759738
5.94000005722046  5.945000171661377  0.005120809640761558  0.005120809640761558
5.945000171661377  5.949999809265137  0.005121298034622428  0.005121298034622428
5.949999809265137  5.954999923706055  0.005120809640760648  0.005120809640760648
5.954999923706055  5.960000038146972           0.0  0.005120809640761558
5.960000038146972  5.96500015258789           0.0  0.005120809640760648
5.96500015258789  5.969999790191651  0.009538867148531163  0.007276717770579092
5.969999790191651  5.9749999046325675  0.013955105303433659  0.008925152884677622
5.9749999046325675  5.980000019073486  0.010241619281519477  0.007241918444293319
5.980000019073486  5.985000133514404           0.0  0.005120809640760648
5.985000133514404  5.989999771118163  0.02048519213849335  0.010242596069246676
5.989999771118163  5.994999885559082           0.0  0.005120809640759738
5.994999885559082           6.0  0.005120809640760648  0.005120809640760648
         6.0  6.005000114440918  0.005120809640760648  0.005120809640760648
6.005000114440918  6.010000228881836  0.005120809640760648  0.005120809640760648
6.010000228881836  6.014999866485596           0.0  0.005121298034622428
6.014999866485596  6.019999980926514           0.0  0.005120809640760648
6.019999980926514  6.025000095367432           0.0  0.005120809640760648
6.025000095367432  6.03000020980835           0.0  0.005120809640760648
6.03000020980835  6.034999847412109           0.0  0.005121298034622428
6.034999847412109  6.039999961853027           0.0  0.005120809640760648
6.039999961853027  6.045000076293944  0.005120809640761558  0.005120809640761558
6.045000076293944  6.050000190734863           0.0  0.005120809640759738
6.050000190734863  6.054999828338623           0.0  0.005121298034622428
6.054999828338623  6.059999942779542           0.0  0.005120809640759738
6.059999942779542  6.065000057220459           0.0  0.005120809640761558
6.065000057220459  6.070000171661378  0.005120809640759738  0.005120809640759738
6.070000171661378  6.074999809265137           0.0  0.005121298034623338
6.074999809265137  6.079999923706055  0.004417147831334027  0.00516892941709913
6.079999923706055  6.085000038146973           0.0  0.005120809640760648
6.085000038146973  6.09000015258789  0.005120809640761558  0.005120809640761558
6.09000015258789  6.0949997901916495           0.0  0.005121298034622428
6.0949997901916495  6.099999904632568           0.0  0.005120809640759738
6.099999904632568  6.105000019073486           0.0  0.005120809640760648
6.105000019073486  6.110000133514404  0.015362428922281944  0.008869502473685972
6.110000133514404  6.114999771118165           0.0  0.005121298034621518
6.114999771118165  6.119999885559082  0.005120809640761558  0.005120809640761558
6.119999885559082         6.125           0.0  0.005120809640760648
       6.125  6.130000114440917           0.0  0.005120809640761558
6.130000114440917  6.135000228881837  0.005120809640758828  0.005120809640758828
6.135000228881837  6.139999866485596           0.0  0.005121298034623338
6.139999866485596  6.144999980926513           0.0  0.005120809640761558
6.144999980926513  6.150000095367432           0.0  0.005120809640759738
6.150000095367432  6.155000209808349  0.005120809640761558  0.005120809640761558
6.155000209808349  6.159999847412109  0.015363894103864555  0.008870348396667104
6.159999847412109  6.164999961853027           0.0  0.005120809640760648
6.164999961853027  6.170000076293945           0.0  0.005120809640760648
6.170000076293945  6.175000190734863           0.0  0.005120809640760648
6.175000190734863  6.179999828338623           0.0  0.005121298034622428
6.179999828338623  6.184999942779541           0.0  0.005120809640760648
6.184999942779541  6.19000005722046           0.0  0.005120809640759738
6.19000005722046  6.195000171661377  0.019779576753619486  0.01026576375384276
6.195000171661377  6.199999809265137           0.0  0.005121298034622428
6.199999809265137  6.204999923706055  0.005120809640760648  0.005120809640760648
6.204999923706055  6.210000038146973           0.0  0.005120809640760648
6.210000038146973  6.215000152587891  0.005120809640760648  0.005120809640760648
6.215000152587891  6.21999979019165  0.005121298034622428  0.005121298034622428
6.21999979019165  6.224999904632568  0.009537957472094676  0.007276023824580287
6.224999904632568  6.230000019073486  0.04467996314799259  0.01539462575953881
6.230000019073486  6.235000133514404           0.0  0.005120809640760648
6.235000133514404  6.239999771118164  0.010242596069244856  0.007242609137517715
6.239999771118164  6.244999885559082  0.005120809640760648  0.005120809640760648
6.244999885559082          6.25           0.0  0.005120809640760648
        6.25  6.255000114440918  0.014658767112855322  0.008897371188883103
6.255000114440918  6.260000228881836           0.0  0.005120809640760648
6.260000228881836  6.264999866485596           0.0  0.005121298034622428
6.264999866485596  6.269999980926514  0.009537957472094676  0.007276023824580287
6.269999980926514  6.275000095367432  0.015362428922281944  0.008869502473685972
6.275000095367432  6.28000020980835  0.01907591494418935  0.010289851572871198
6.28000020980835  6.284999847412109  0.010242596069244856  0.007242609137517715
6.284999847412109  6.289999961853027  0.024900386394376618  0.011472079010649358
6.289999961853027  6.295000076293945  0.024196724584949997  0.011493638969822704
6.295000076293945  6.300000190734863  0.010241619281521296  0.007241918444294605
6.300000190734863  6.304999828338623  0.02560649017311214  0.01145157053845182
6.304999828338623  6.309999942779541  0.029317534225710644  0.012582783004786114
6.309999942779541  6.315000057220459  0.019779576753615972  0.010265763753840937
6.315000057220459  6.320000171661377  0.009537957472094676  0.007276023824580287
6.320000171661377  6.324999809265137  0.024199032331691527  0.011494735168103088
6.324999809265137  6.329999923706055  0.019779576753615972  0.010265763753840937
6.329999923706055  6.335000038146973  0.025604048203803242  0.011450478456577087
6.335000038146973  6.340000152587891  0.029317534225710644  0.012582783004786114
6.340000152587891  6.34499979019165  0.015363894103867284  0.008870348396668681
6.34499979019165  6.349999904632568  0.02349306277552338  0.011515158562115968
6.349999904632568  6.355000019073486  0.03514200567589792  0.013566649534074209
6.355000019073486  6.360000133514404  0.07681214461140973  0.019832810457764378
6.360000133514404  6.364999771118164  0.03514535732164669  0.013567943444377888
6.364999771118164  6.369999885559082  0.05933873026084791  0.0177808244001515
6.369999885559082         6.375  0.020483238563042593  0.010241619281521296
       6.375  6.380000114440918  0.05562524423894051  0.01699837477784346
6.380000114440918  6.385000228881836  0.05050443459817986  0.016208703023719004
6.385000228881836  6.389999866485596  0.04609168231160185  0.015363894103867284
6.389999866485596  6.394999980926514  0.02349306277552338  0.011515158562115968
6.394999980926514  6.400000095367432  0.07028401135179584  0.019186139767050376
6.400000095367432  6.40500020980835  0.040966477126085185  0.01448383688858921
6.40500020980835  6.409999847412109  0.05633427838084671  0.01698542402042713
6.409999847412109  6.414999961853027  0.040966477126085185  0.01448383688858921
6.414999961853027  6.420000076293945  0.08494277846465115  0.021148786566457165
6.420000076293945  6.425000190734863  0.038855491697805326  0.014535024968722767
6.425000190734863  6.429999828338623  0.035849086242357  0.0135496809894548
6.429999828338623  6.434999942779541  0.03514200567589792  0.013566649534074209
6.434999942779541  6.440000057220459  0.019779576753615972  0.010265763753840937
6.440000057220459  6.445000171661377  0.040966477126085185  0.01448383688858921
6.445000171661377  6.449999809265137  0.035849086242357  0.0135496809894548
6.449999809265137  6.454999923706055  0.030021196035137268  0.012563092302593686
6.454999923706055  6.460000038146973  0.03072485784456389  0.012543370689788417
6.460000038146973  6.465000152587891  0.035845667485324535  0.013548388820754681
6.465000152587891  6.46999979019165  0.013956436262446675  0.008926004115278616
6.46999979019165  6.474999904632568  0.028613872416284027  0.012602442941254675
6.474999904632568  6.480000019073486  0.013955105303428703  0.00892515288467445
6.480000019073486  6.485000133514404  0.014658767112855322  0.008897371188883103
6.485000133514404  6.489999771118164  0.061455576415469136  0.01774069679333736
6.489999771118164  6.494999885559082  0.030021196035137268  0.012563092302593686
6.494999885559082           6.5  0.05632890604836713  0.016983804201237695
         6.5  6.505000114440918  0.014658767112855322  0.008897371188883103
6.505000114440918  6.510000228881836  0.014658767112855322  0.008897371188883103
6.510000228881836  6.514999866485596  0.015363894103867284  0.008870348396668681
6.514999866485596  6.519999980926514  0.014658767112855322  0.008897371188883103
6.519999980926514  6.525000095367432  0.010241619281521296  0.007241918444294605
6.525000095367432  6.53000020980835           0.0  0.005120809640760648
6.53000020980835  6.534999847412109  0.010242596069244856  0.007242609137517715
6.534999847412109  6.539999961853027  0.019779576753615972  0.010265763753840937
6.539999961853027  6.545000076293945  0.020483238563042593  0.010241619281521296
6.545000076293945  6.550000190734863  0.004417147831334027  0.00516892941709913
6.550000190734863  6.554999828338623  0.010242596069244856  0.007242609137517715
6.554999828338623  6.559999942779541           0.0  0.005120809640760648
6.559999942779541  6.565000057220459           0.0  0.005120809640760648
6.565000057220459  6.570000171661377  0.019779576753615972  0.010265763753840937
6.570000171661377  6.574999809265137  0.0037138401932018178  0.005217102869132994
6.574999809265137  6.579999923706055           0.0  0.005120809640760648
6.579999923706055  6.585000038146973  0.005120809640760648  0.005120809640760648
6.585000038146973  6.590000152587891           0.0  0.005120809640760648
6.590000152587891  6.59499979019165           0.0  0.005121298034622428
6.59499979019165  6.599999904632568           0.0  0.005120809640760648
6.599999904632568  6.605000019073486  0.005120809640760648  0.005120809640760648
6.605000019073486  6.610000133514404  0.009537957472094676  0.007276023824580287
6.610000133514404  6.614999771118164           0.0  0.005121298034622428
6.614999771118164  6.619999885559082  0.010241619281521296  0.007241918444294605
6.619999885559082         6.625  0.015362428922281944  0.008869502473685972
       6.625  6.630000114440918  0.009537957472094676  0.007276023824580287
6.630000114440918  6.635000228881836  0.010241619281521296  0.007241918444294605
6.635000228881836  6.639999866485596  0.00953886714853455  0.007276717770581678
6.639999866485596  6.644999980926514           0.0  0.005120809640760648
6.644999980926514  6.650000095367432  0.015362428922281944  0.008869502473685972
6.650000095367432  6.65500020980835  0.009537957472094676  0.007276023824580287
6.65500020980835  6.659999847412109  -0.0007037289207103051  0.005169422400353026
6.659999847412109  6.664999961853027           0.0  0.005120809640760648
6.664999961853027  6.670000076293945           0.0  0.005120809640760648
6.670000076293945  6.675000190734863  0.004417147831334027  0.00516892941709913
6.675000190734863  6.679999828338623  0.010242596069244856  0.007242609137517715
6.679999828338623  6.684999942779541  0.005120809640760648  0.005120809640760648
6.684999942779541  6.690000057220459           0.0  0.005120809640760648
6.690000057220459  6.695000171661377  0.020483238563042593  0.010241619281521296
6.695000171661377  6.699999809265137           0.0  0.005121298034622428
6.699999809265137  6.704999923706055  0.010241619281521296  0.007241918444294605
6.704999923706055  6.710000038146973           0.0  0.005120809640760648
6.710000038146973  6.715000152587891  0.010241619281521296  0.007241918444294605
6.715000152587891  6.71999979019165           0.0  0.005121298034622428
6.71999979019165  6.724999904632568  0.005120809640760648  0.005120809640760648
6.724999904632568  6.730000019073486  0.015362428922281944  0.008869502473685972
6.730000019073486  6.735000133514404  0.019779576753615972  0.010265763753840937
6.735000133514404  6.739999771118164  0.005121298034622428  0.005121298034622428
6.739999771118164  6.744999885559082           0.0  0.005120809640760648
6.744999885559082          6.75           0.0  0.005120809640760648
        6.75  6.755000114440918           0.0  0.005120809640760648
6.755000114440918  6.760000228881836  0.005120809640760648  0.005120809640760648
6.760000228881836  6.764999866485596           0.0  0.005121298034622428
6.764999866485596  6.769999980926514  0.010241619281521296  0.007241918444294605
6.769999980926514  6.775000095367432           0.0  0.005120809640760648
6.775000095367432  6.78000020980835           0.0  0.005120809640760648
6.78000020980835  6.784999847412109  0.005121298034622428  0.005121298034622428
6.784999847412109  6.789999961853027           0.0  0.005120809640760648
6.789999961853027  6.795000076293945           0.0  0.005120809640760648
6.795000076293945  6.800000190734863  0.005120809640760648  0.005120809640760648
6.800000190734863  6.804999828338623           0.0  0.005121298034622428
6.804999828338623  6.809999942779541           0.0  0.005120809640760648
6.809999942779541  6.815000057220459           0.0  0.005120809640760648
6.815000057220459  6.820000171661377  0.019779576753615972  0.010265763753840937
6.820000171661377  6.824999809265137           0.0  0.005121298034622428
6.824999809265137  6.829999923706055  0.004417147831334027  0.00516892941709913
6.829999923706055  6.835000038146973           0.0  0.005120809640760648
6.835000038146973  6.840000152587891           0.0  0.005120809640760648
6.840000152587891  6.84499979019165  0.0037138401932018178  0.005217102869132994
6.84499979019165  6.849999904632568  0.004417147831334027  0.00516892941709913
6.849999904632568  6.855000019073486           0.0  0.005120809640760648
6.855000019073486  6.860000133514404           0.0  0.005120809640760648
6.860000133514404  6.864999771118164           0.0  0.005121298034622428
6.864999771118164  6.869999885559082           0.0  0.005120809640760648
6.869999885559082         6.875  0.005120809640760648  0.005120809640760648
       6.875  6.880000114440918           0.0  0.005120809640760648
6.880000114440918  6.885000228881836           0.0  0.005120809640760648
6.885000228881836  6.889999866485596           0.0  0.005121298034622428
6.889999866485596  6.894999980926514           0.0  0.005120809640760648
6.894999980926514  6.900000095367432           0.0  0.005120809640760648
6.900000095367432  6.90500020980835           0.0  0.005120809640760648
6.90500020980835  6.909999847412109  0.004417569113912123  0.005169422400353026
6.909999847412109  6.914999961853027  -0.0007036618094266211  0.00516892941709913
6.914999961853027  6.920000076293945  0.015362428922281944  0.008869502473685972
6.920000076293945  6.925000190734863           0.0  0.005120809640760648
6.925000190734863  6.929999828338623  0.010242596069244856  0.007242609137517715
6.929999828338623  6.934999942779541  0.010241619281521296  0.007241918444294605
6.934999942779541  6.940000057220459           0.0  0.005120809640760648
6.940000057220459  6.945000171661377  0.005120809640760648  0.005120809640760648
6.945000171661377  6.949999809265137           0.0  0.005121298034622428
6.949999809265137  6.954999923706055           0.0  0.005120809640760648
6.954999923706055  6.960000038146973  0.004417147831334027  0.00516892941709913
6.960000038146973  6.965000152587891  0.009537957472094676  0.007276023824580287
6.965000152587891  6.96999979019165  0.004417569113912123  0.005169422400353026
6.96999979019165  6.974999904632568           0.0  0.005120809640760648
6.974999904632568  6.980000019073486           0.0  0.005120809640760648
6.980000019073486  6.985000133514404  -0.0007036618094266211  0.00516892941709913
6.985000133514404  6.989999771118164  0.005121298034622428  0.005121298034622428
6.989999771118164  6.994999885559082           0.0  0.005120809640760648
6.994999885559082           7.0  0.005120809640760648  0.005120809640760648
         7.0  7.005000114440918           0.0  0.005120809640760648
7.005000114440918  7.010000228881836           0.0  0.005120809640760648
7.010000228881836  7.014999866485596           0.0  0.005121298034622428
7.014999866485596  7.019999980926514           0.0  0.005120809640760648
7.019999980926514  7.025000095367432           0.0  0.005120809640760648
7.025000095367432  7.03000020980835           0.0  0.005120809640760648
7.03000020980835  7.034999847412109  0.015363894103867284  0.008870348396668681
7.034999847412109  7.039999961853027           0.0  0.005120809640760648
7.039999961853027  7.045000076293945           0.0  0.005120809640760648
7.045000076293945  7.050000190734863  0.005120809640760648  0.005120809640760648
7.050000190734863  7.054999828338623           0.0  0.005121298034622428
7.054999828338623  7.059999942779541           0.0  0.005120809640760648
7.059999942779541  7.065000057220459           0.0  0.005120809640760648
7.065000057220459  7.070000171661377  0.005120809640760648  0.005120809640760648
7.070000171661377  7.074999809265137  0.0037138401932018178  0.005217102869132994
7.074999809265137  7.079999923706056           0.0  0.005120809640759738
7.079999923706056  7.085000038146973           0.0  0.005120809640761558
7.085000038146973  7.090000152587891           0.0  0.005120809640760648
7.090000152587891  7.09499979019165  0.005121298034622428  0.005121298034622428
7.09499979019165  7.099999904632568           0.0  0.005120809640760648
7.099999904632568  7.105000019073486  0.010241619281521296  0.007241918444294605
7.105000019073486  7.110000133514404  0.004417147831334027  0.00516892941709913
7.110000133514404  7.114999771118165           0.0  0.005121298034621518
7.114999771118165  7.119999885559082           0.0  0.005120809640761558
7.119999885559082         7.125           0.0  0.005120809640760648
       7.125  7.130000114440918           0.0  0.005120809640760648
7.130000114440918  7.135000228881836           0.0  0.005120809640760648
7.135000228881836  7.139999866485596           0.0  0.005121298034622428
7.139999866485596  7.144999980926514  0.005120809640760648  0.005120809640760648
7.144999980926514  7.150000095367432           0.0  0.005120809640760648
7.150000095367432  7.15500020980835           0.0  0.005120809640760648
7.15500020980835  7.159999847412109  0.010242596069244856  0.007242609137517715
7.159999847412109  7.164999961853027           0.0  0.005120809640760648
7.164999961853027  7.170000076293945           0.0  0.005120809640760648
7.170000076293945  7.175000190734863           0.0  0.005120809640760648
7.175000190734863  7.179999828338623           0.0  0.005121298034622428
7.179999828338623  7.184999942779541  -0.0007036618094266211  0.00516892941709913
7.184999942779541  7.190000057220459           0.0  0.005120809640760648
7.190000057220459  7.195000171661377           0.0  0.005120809640760648
7.195000171661377  7.199999809265137           0.0  0.005121298034622428
7.199999809265137  7.204999923706055           0.0  0.005120809640760648
7.204999923706055  7.210000038146973           0.0  0.005120809640760648
7.210000038146973  7.215000152587891           0.0  0.005120809640760648
7.215000152587891  7.21999979019165           0.0  0.005121298034622428
7.21999979019165  7.224999904632568  0.005120809640760648  0.005120809640760648
7.224999904632568  7.230000019073486           0.0  0.005120809640760648
7.230000019073486  7.235000133514404           0.0  0.005120809640760648
7.235000133514404  7.239999771118164           0.0  0.005121298034622428
7.239999771118164  7.244999885559082           0.0  0.005120809640760648
7.244999885559082          7.25           0.0  0.005120809640760648
        7.25  7.255000114440918           0.0  0.005120809640760648
7.255000114440918  7.260000228881836           0.0  0.005120809640760648
7.260000228881836  7.264999866485596           0.0  0.005121298034622428
7.264999866485596  7.269999980926514           0.0  0.005120809640760648
7.269999980926514  7.275000095367432           0.0  0.005120809640760648
7.275000095367432  7.28000020980835           0.0  0.005120809640760648
7.28000020980835  7.284999847412109           0.0  0.005121298034622428
7.284999847412109  7.2899999618530265  0.005120809640761558  0.005120809640761558
7.2899999618530265  7.295000076293945           0.0  0.005120809640759738
7.295000076293945  7.300000190734863           0.0  0.005120809640760648
7.300000190734863  7.304999828338623           0.0  0.005121298034622428
7.304999828338623  7.309999942779541           0.0  0.005120809640760648
7.309999942779541  7.315000057220459           0.0  0.005120809640760648
7.315000057220459  7.320000171661377           0.0  0.005120809640760648
7.320000171661377  7.324999809265137           0.0  0.005121298034622428
7.324999809265137  7.329999923706055           0.0  0.005120809640760648
7.329999923706055  7.335000038146973           0.0  0.005120809640760648
7.335000038146973  7.340000152587891           0.0  0.005120809640760648
7.340000152587891  7.34499979019165           0.0  0.005121298034622428
7.34499979019165  7.349999904632568           0.0  0.005120809640760648
7.349999904632568  7.355000019073487           0.0  0.005120809640759738
7.355000019073487  7.360000133514404           0.0  0.005120809640761558
7.360000133514404  7.364999771118164           0.0  0.005121298034622428
7.364999771118164  7.369999885559082           0.0  0.005120809640760648
7.369999885559082         7.375           0.0  0.005120809640760648
       7.375  7.380000114440918           0.0  0.005120809640760648
7.380000114440918  7.385000228881836           0.0  0.005120809640760648
7.385000228881836  7.389999866485596           0.0  0.005121298034622428
7.389999866485596  7.394999980926514           0.0  0.005120809640760648
7.394999980926514  7.400000095367431           0.0  0.005120809640761558
7.400000095367431  7.40500020980835           0.0  0.005120809640759738
7.40500020980835  7.409999847412109           0.0  0.005121298034622428
7.409999847412109  7.414999961853027  0.013955105303428703  0.00892515288467445
7.414999961853027  7.420000076293945           0.0  0.005120809640760648
7.420000076293945  7.425000190734863           0.0  0.005120809640760648
7.425000190734863  7.429999828338623           0.0  0.005121298034622428
7.429999828338623  7.434999942779541           0.0  0.005120809640760648
7.434999942779541  7.440000057220459           0.0  0.005120809640760648
7.440000057220459  7.445000171661377           0.0  0.005120809640760648
7.445000171661377  7.449999809265137  0.005121298034622428  0.005121298034622428
7.449999809265137  7.454999923706055           0.0  0.005120809640760648
7.454999923706055  7.460000038146973           0.0  0.005120809640760648
7.460000038146973  7.465000152587891           0.0  0.005120809640760648
7.465000152587891  7.46999979019165           0.0  0.005121298034622428
7.46999979019165  7.474999904632569  0.010241619281519477  0.007241918444293319
7.474999904632569  7.480000019073485           0.0  0.005120809640762467
7.480000019073485  7.485000133514404           0.0  0.005120809640759738
7.485000133514404  7.489999771118165           0.0  0.005121298034621518
7.489999771118165  7.494999885559082           0.0  0.005120809640761558
7.494999885559082           7.5  0.005120809640760648  0.005120809640760648
         7.5  7.505000114440918           0.0  0.005120809640760648
7.505000114440918  7.510000228881836           0.0  0.005120809640760648
7.510000228881836  7.514999866485596           0.0  0.005121298034622428
7.514999866485596  7.519999980926514           0.0  0.005120809640760648
7.519999980926514  7.525000095367432           0.0  0.005120809640760648
7.525000095367432  7.53000020980835           0.0  0.005120809640760648
7.53000020980835  7.5349998474121085           0.0  0.005121298034623338
7.5349998474121085  7.539999961853027  -0.0007036618094264961  0.005168929417098211
7.539999961853027  7.545000076293945           0.0  0.005120809640760648
7.545000076293945  7.550000190734863           0.0  0.005120809640760648
7.550000190734863  7.554999828338623  0.005121298034622428  0.005121298034622428
7.554999828338623  7.559999942779541           0.0  0.005120809640760648
7.559999942779541  7.565000057220459           0.0  0.005120809640760648
7.565000057220459  7.570000171661377           0.0  0.005120809640760648
7.570000171661377  7.574999809265137           0.0  0.005121298034622428
7.574999809265137  7.579999923706054           0.0  0.005120809640761558
7.579999923706054  7.585000038146973           0.0  0.005120809640759738
7.585000038146973  7.5900001525878915           0.0  0.005120809640759738
7.5900001525878915  7.59499979019165           0.0  0.005121298034623338
7.59499979019165  7.599999904632568           0.0  0.005120809640760648
7.599999904632568  7.605000019073486           0.0  0.005120809640760648
7.605000019073486  7.610000133514404           0.0  0.005120809640760648
7.610000133514404  7.614999771118164           0.0  0.005121298034622428
7.614999771118164  7.619999885559082           0.0  0.005120809640760648
7.619999885559082         7.625           0.0  0.005120809640760648
       7.625  7.630000114440918  0.010241619281521296  0.007241918444294605
7.630000114440918  7.635000228881836           0.0  0.005120809640760648
7.635000228881836  7.639999866485596           0.0  0.005121298034622428
7.639999866485596  7.644999980926514           0.0  0.005120809640760648
7.644999980926514  7.650000095367432           0.0  0.005120809640760648
7.650000095367432  7.65500020980835           0.0  0.005120809640760648
7.65500020980835  7.659999847412109           0.0  0.005121298034622428
7.659999847412109  7.664999961853027           0.0  0.005120809640760648
7.664999961853027  7.670000076293945           0.0  0.005120809640760648
7.670000076293945  7.675000190734863           0.0  0.005120809640760648
7.675000190734863  7.679999828338623           0.0  0.005121298034622428
7.679999828338623  7.684999942779541           0.0  0.005120809640760648
7.684999942779541  7.690000057220459           0.0  0.005120809640760648
7.690000057220459  7.695000171661377           0.0  0.005120809640760648
7.695000171661377  7.699999809265137           0.0  0.005121298034622428
7.699999809265137  7.704999923706055  0.005120809640760648  0.005120809640760648
7.704999923706055  7.710000038146973  -0.0007036618094266211  0.00516892941709913
7.710000038146973  7.715000152587891  0.005120809640760648  0.005120809640760648
7.715000152587891  7.71999979019165           0.0  0.005121298034622428
7.71999979019165  7.724999904632568           0.0  0.005120809640760648
7.724999904632568  7.730000019073486           0.0  0.005120809640760648
7.730000019073486  7.735000133514404           0.0  0.005120809640760648
7.735000133514404  7.739999771118164           0.0  0.005121298034622428
7.739999771118164  7.744999885559082           0.0  0.005120809640760648
7.744999885559082          7.75           0.0  0.005120809640760648
        7.75  7.755000114440917           0.0  0.005120809640761558
7.755000114440917  7.760000228881835  0.005120809640760648  0.005120809640760648
7.760000228881835  7.764999866485596  0.005121298034621518  0.005121298034621518
7.764999866485596  7.769999980926514           0.0  0.005120809640760648
7.769999980926514  7.775000095367432           0.0  0.005120809640760648
7.775000095367432  7.78000020980835           0.0  0.005120809640760648
7.78000020980835  7.784999847412109           0.0  0.005121298034622428
7.784999847412109  7.789999961853027  0.015362428922281944  0.008869502473685972
7.789999961853027  7.795000076293945  0.005120809640760648  0.005120809640760648
7.795000076293945  7.800000190734863           0.0  0.005120809640760648
7.800000190734863  7.804999828338623           0.0  0.005121298034622428
7.804999828338623  7.809999942779542           0.0  0.005120809640759738
7.809999942779542  7.815000057220459           0.0  0.005120809640761558
7.815000057220459  7.820000171661377           0.0  0.005120809640760648
7.820000171661377  7.824999809265137           0.0  0.005121298034622428
7.824999809265137  7.829999923706055           0.0  0.005120809640760648
7.829999923706055  7.8350000381469735           0.0  0.005120809640759738
7.8350000381469735  7.8400001525878915           0.0  0.005120809640760648
7.8400001525878915  7.844999790191651           0.0  0.005121298034622428
7.844999790191651  7.849999904632568           0.0  0.005120809640761558
7.849999904632568  7.855000019073486           0.0  0.005120809640760648
7.855000019073486  7.860000133514404           0.0  0.005120809640760648
7.860000133514404  7.864999771118164           0.0  0.005121298034622428
7.864999771118164  7.869999885559082           0.0  0.005120809640760648
7.869999885559082  7.874999999999999  -0.0007036618094267461  0.005168929417100048
7.874999999999999  7.880000114440919           0.0  0.005120809640758828
7.880000114440919  7.885000228881836           0.0  0.005120809640761558
7.885000228881836  7.889999866485596           0.0  0.005121298034622428
7.889999866485596  7.894999980926515           0.0  0.005120809640759738
7.894999980926515  7.900000095367432           0.0  0.005120809640761558
7.900000095367432  7.90500020980835           0.0  0.005120809640760648
7.90500020980835  7.909999847412109           0.0  0.005121298034622428
7.909999847412109  7.914999961853027           0.0  0.005120809640760648
7.914999961853027  7.920000076293945           0.0  0.005120809640760648
7.920000076293945  7.925000190734864           0.0  0.005120809640759738
7.925000190734864  7.929999828338624           0.0  0.005121298034622428
7.929999828338624  7.934999942779542  0.009537957472094676  0.007276023824580287
7.934999942779542  7.94000005722046           0.0  0.005120809640760648
7.94000005722046  7.945000171661376           0.0  0.005120809640762467
7.945000171661376  7.949999809265137           0.0  0.005121298034621518
7.949999809265137  7.954999923706054           0.0  0.005120809640761558
7.954999923706054  7.960000038146973           0.0  0.005120809640759738
7.960000038146973  7.965000152587891           0.0  0.005120809640760648
7.965000152587891  7.96999979019165           0.0  0.005121298034622428
7.96999979019165  7.9749999046325675  0.005120809640761558  0.005120809640761558
7.9749999046325675  7.980000019073486           0.0  0.005120809640759738
7.980000019073486  7.985000133514405           0.0  0.005120809640759738
7.985000133514405  7.989999771118163  0.004417569113913693  0.005169422400354862
7.989999771118163  7.994999885559082  0.0044171478313332424  0.005168929417098211
7.994999885559082           8.0  0.004417147831334027  0.00516892941709913
         8.0  8.005000114440918           0.0  0.005120809640760648
8.005000114440918  8.010000228881836           0.0  0.005120809640760648
8.010000228881836  8.015000343322754           0.0  0.005120809640760648
8.015000343322754  8.020000457763672           0.0  0.005120809640760648
8.020000457763672  8.024999618530273           0.0  0.005121786521653582
8.024999618530273  8.029999732971191           0.0  0.005120809640760648
8.029999732971191  8.034999847412109           0.0  0.005120809640760648
8.034999847412109  8.039999961853027  0.005120809640760648  0.005120809640760648
8.039999961853027  8.045000076293945           0.0  0.005120809640760648
8.045000076293945  8.050000190734863           0.0  0.005120809640760648
8.050000190734863  8.055000305175781           0.0  0.005120809640760648
8.055000305175781  8.060000419616699           0.0  0.005120809640760648
8.060000419616699  8.064999580383301  0.008132184908917366  0.007345160377064521
8.064999580383301  8.069999694824219           0.0  0.005120809640760648
8.069999694824219  8.074999809265137  0.005120809640760648  0.005120809640760648
8.074999809265137  8.079999923706055           0.0  0.005120809640760648
8.079999923706055  8.085000038146973           0.0  0.005120809640760648
8.085000038146973  8.090000152587891  0.009537957472094676  0.007276023824580287
8.090000152587891  8.095000267028809  0.010241619281521296  0.007241918444294605
8.095000267028809  8.100000381469727           0.0  0.005120809640760648
8.100000381469727  8.104999542236328  0.004417990476856983  0.0051699154776518
8.104999542236328  8.109999656677246           0.0  0.005120809640760648
8.109999656677246  8.114999771118164           0.0  0.005120809640760648
8.114999771118164  8.119999885559082           0.0  0.005120809640760648
8.119999885559082         8.125           0.0  0.005120809640760648
       8.125  8.130000114440918           0.0  0.005120809640760648
8.130000114440918  8.135000228881836           0.0  0.005120809640760648
8.135000228881836  8.140000343322754           0.0  0.005120809640760648
8.140000343322754  8.145000457763672           0.0  0.005120809640760648
8.145000457763672  8.149999618530273           0.0  0.005121786521653582
8.149999618530273  8.154999732971191           0.0  0.005120809640760648
8.154999732971191  8.159999847412109           0.0  0.005120809640760648
8.159999847412109  8.164999961853027           0.0  0.005120809640760648
8.164999961853027  8.170000076293945           0.0  0.005120809640760648
8.170000076293945  8.175000190734863           0.0  0.005120809640760648
8.175000190734863  8.180000305175781           0.0  0.005120809640760648
8.180000305175781  8.185000419616699  0.010241619281521296  0.007241918444294605
8.185000419616699  8.189999580383301           0.0  0.005121786521653582
8.189999580383301  8.194999694824219           0.0  0.005120809640760648
8.194999694824219  8.199999809265137           0.0  0.005120809640760648
8.199999809265137  8.204999923706055  0.004417147831334027  0.00516892941709913
8.204999923706055  8.210000038146973           0.0  0.005120809640760648
8.210000038146973  8.215000152587891           0.0  0.005120809640760648
8.215000152587891  8.220000267028809           0.0  0.005120809640760648
8.220000267028809  8.225000381469727           0.0  0.005120809640760648
8.225000381469727  8.229999542236328           0.0  0.005121786521653582
8.229999542236328  8.234999656677246  0.004417147831334027  0.00516892941709913
8.234999656677246  8.239999771118164           0.0  0.005120809640760648
8.239999771118164  8.244999885559082  0.005120809640760648  0.005120809640760648
8.244999885559082          8.25           0.0  0.005120809640760648
        8.25  8.255000114440918           0.0  0.005120809640760648
8.255000114440918  8.260000228881836           0.0  0.005120809640760648
8.260000228881836  8.265000343322754  0.005120809640760648  0.005120809640760648
8.265000343322754  8.270000457763672           0.0  0.005120809640760648
8.270000457763672  8.274999618530273           0.0  0.005121786521653582
8.274999618530273  8.279999732971191           0.0  0.005120809640760648
8.279999732971191  8.284999847412109           0.0  0.005120809640760648
8.284999847412109  8.289999961853027           0.0  0.005120809640760648
8.289999961853027  8.295000076293945           0.0  0.005120809640760648
8.295000076293945  8.300000190734863           0.0  0.005120809640760648
8.300000190734863  8.305000305175781           0.0  0.005120809640760648
8.305000305175781  8.310000419616699           0.0  0.005120809640760648
8.310000419616699  8.314999580383301           0.0  0.005121786521653582
8.314999580383301  8.319999694824219           0.0  0.005120809640760648
8.319999694824219  8.324999809265137           0.0  0.005120809640760648
8.324999809265137  8.329999923706055  0.010241619281521296  0.007241918444294605
8.329999923706055  8.335000038146973           0.0  0.005120809640760648
8.335000038146973  8.340000152587891  0.004417147831334027  0.00516892941709913
8.340000152587891  8.345000267028809           0.0  0.005120809640760648
8.345000267028809  8.350000381469727           0.0  0.005120809640760648
8.350000381469727  8.354999542236328           0.0  0.005121786521653582
8.354999542236328  8.359999656677246           0.0  0.005120809640760648
8.359999656677246  8.364999771118164           0.0  0.005120809640760648
8.364999771118164  8.369999885559082           0.0  0.005120809640760648
8.369999885559082         8.375  0.004417147831334027  0.00516892941709913
       8.375  8.380000114440918           0.0  0.005120809640760648
8.380000114440918  8.385000228881836           0.0  0.005120809640760648
8.385000228881836  8.390000343322754           0.0  0.005120809640760648
8.390000343322754  8.395000457763672           0.0  0.005120809640760648
8.395000457763672  8.399999618530273           0.0  0.005121786521653582
8.399999618530273  8.404999732971191           0.0  0.005120809640760648
8.404999732971191  8.409999847412109  -0.0007036618094266211  0.00516892941709913
8.409999847412109  8.414999961853027  0.005120809640760648  0.005120809640760648
8.414999961853027  8.420000076293945           0.0  0.005120809640760648
8.420000076293945  8.425000190734863           0.0  0.005120809640760648
8.425000190734863  8.430000305175781           0.0  0.005120809640760648
8.430000305175781  8.435000419616699           0.0  0.005120809640760648
8.435000419616699  8.439999580383301           0.0  0.005121786521653582
8.439999580383301  8.444999694824219  0.003713486021907406  0.005216605338819326
8.444999694824219  8.449999809265137  -0.0014073236188532421  0.005216605338819326
8.449999809265137  8.454999923706055           0.0  0.005120809640760648
8.454999923706055  8.460000038146973  -0.0007036618094266211  0.00516892941709913
8.460000038146973  8.465000152587891           0.0  0.005120809640760648
8.465000152587891  8.470000267028809           0.0  0.005120809640760648
8.470000267028809  8.475000381469727           0.0  0.005120809640760648
8.475000381469727  8.479999542236328           0.0  0.005121786521653582
8.479999542236328  8.484999656677246           0.0  0.005120809640760648
8.484999656677246  8.489999771118164           0.0  0.005120809640760648
8.489999771118164  8.494999885559082           0.0  0.005120809640760648
8.494999885559082           8.5           0.0  0.005120809640760648
         8.5  8.505000114440918           0.0  0.005120809640760648
8.505000114440918  8.510000228881836           0.0  0.005120809640760648
8.510000228881836  8.515000343322754           0.0  0.005120809640760648
8.515000343322754  8.520000457763672  -0.0007036618094266211  0.00516892941709913
8.520000457763672  8.524999618530273           0.0  0.005121786521653582
8.524999618530273  8.529999732971191           0.0  0.005120809640760648
8.529999732971191  8.534999847412109           0.0  0.005120809640760648
8.534999847412109  8.539999961853027           0.0  0.005120809640760648
8.539999961853027  8.545000076293945           0.0  0.005120809640760648
8.545000076293945  8.550000190734863           0.0  0.005120809640760648
8.550000190734863  8.555000305175781  0.005120809640760648  0.005120809640760648
8.555000305175781  8.560000419616699           0.0  0.005120809640760648
8.560000419616699  8.564999580383301           0.0  0.005121786521653582
8.564999580383301  8.569999694824219           0.0  0.005120809640760648
8.569999694824219  8.574999809265137           0.0  0.005120809640760648
8.574999809265137  8.579999923706055  -0.0007036618094266211  0.00516892941709913
8.579999923706055  8.585000038146973  0.005120809640760648  0.005120809640760648
8.585000038146973  8.590000152587891           0.0  0.005120809640760648
8.590000152587891  8.595000267028809           0.0  0.005120809640760648
8.595000267028809  8.600000381469727           0.0  0.005120809640760648
8.600000381469727  8.604999542236328           0.0  0.005121786521653582
8.604999542236328  8.609999656677246  0.005120809640760648  0.005120809640760648
8.609999656677246  8.614999771118164           0.0  0.005120809640760648
8.614999771118164  8.619999885559082           0.0  0.005120809640760648
8.619999885559082         8.625           0.0  0.005120809640760648
       8.625  8.630000114440918           0.0  0.005120809640760648
8.630000114440918  8.635000228881836  0.005120809640760648  0.005120809640760648
8.635000228881836  8.640000343322754           0.0  0.005120809640760648
8.640000343322754  8.645000457763672           0.0  0.005120809640760648
8.645000457763672  8.649999618530273  0.005121786521653582  0.005121786521653582
8.649999618530273  8.654999732971191           0.0  0.005120809640760648
8.654999732971191  8.659999847412109  0.005120809640760648  0.005120809640760648
8.659999847412109  8.664999961853027           0.0  0.005120809640760648
8.664999961853027  8.670000076293945           0.0  0.005120809640760648
8.670000076293945  8.675000190734863           0.0  0.005120809640760648
8.675000190734863  8.680000305175781           0.0  0.005120809640760648
8.680000305175781  8.685000419616699  0.003713486021907406  0.005216605338819326
8.685000419616699  8.689999580383301           0.0  0.005121786521653582
8.689999580383301  8.694999694824219           0.0  0.005120809640760648
8.694999694824219  8.699999809265137  -0.0007036618094266211  0.00516892941709913
8.699999809265137  8.704999923706055           0.0  0.005120809640760648
8.704999923706055  8.710000038146973           0.0  0.005120809640760648
8.710000038146973  8.715000152587891  0.005120809640760648  0.005120809640760648
8.715000152587891  8.720000267028809           0.0  0.005120809640760648
8.720000267028809  8.725000381469727           0.0  0.005120809640760648
8.725000381469727  8.729999542236328           0.0  0.005121786521653582
8.729999542236328  8.734999656677246           0.0  0.005120809640760648
8.734999656677246  8.739999771118164           0.0  0.005120809640760648
8.739999771118164  8.744999885559082           0.0  0.005120809640760648
8.744999885559082          8.75           0.0  0.005120809640760648
        8.75  8.755000114440918           0.0  0.005120809640760648
8.755000114440918  8.760000228881836           0.0  0.005120809640760648
8.760000228881836  8.765000343322754  0.005120809640760648  0.005120809640760648
8.765000343322754  8.770000457763672           0.0  0.005120809640760648
8.770000457763672  8.774999618530273           0.0  0.005121786521653582
8.774999618530273  8.779999732971191           0.0  0.005120809640760648
8.779999732971191  8.784999847412109           0.0  0.005120809640760648
8.784999847412109  8.789999961853027           0.0  0.005120809640760648
8.789999961853027  8.795000076293945           0.0  0.005120809640760648
8.795000076293945  8.800000190734863           0.0  0.005120809640760648
8.800000190734863  8.805000305175781  0.005120809640760648  0.005120809640760648
8.805000305175781  8.810000419616699  0.010241619281521296  0.007241918444294605
8.810000419616699  8.814999580383301           0.0  0.005121786521653582
8.814999580383301  8.819999694824219           0.0  0.005120809640760648
8.819999694824219  8.824999809265137           0.0  0.005120809640760648
8.824999809265137  8.829999923706055           0.0  0.005120809640760648
8.829999923706055  8.835000038146973           0.0  0.005120809640760648
8.835000038146973  8.840000152587891           0.0  0.005120809640760648
8.840000152587891  8.845000267028809           0.0  0.005120809640760648
8.845000267028809  8.850000381469727           0.0  0.005120809640760648
8.850000381469727  8.854999542236328  0.005121786521653582  0.005121786521653582
8.854999542236328  8.859999656677246           0.0  0.005120809640760648
8.859999656677246  8.864999771118164           0.0  0.005120809640760648
8.864999771118164  8.869999885559082           0.0  0.005120809640760648
8.869999885559082         8.875  -0.0007036618094266211  0.00516892941709913
       8.875  8.880000114440918           0.0  0.005120809640760648
8.880000114440918  8.885000228881836  0.003713486021907406  0.005216605338819326
8.885000228881836  8.890000343322754           0.0  0.005120809640760648
8.890000343322754  8.895000457763672           0.0  0.005120809640760648
8.895000457763672  8.899999618530273           0.0  0.005121786521653582
8.899999618530273  8.904999732971191  0.009537957472094676  0.007276023824580287
8.904999732971191  8.909999847412109           0.0  0.005120809640760648
8.909999847412109  8.914999961853027           0.0  0.005120809640760648
8.914999961853027  8.920000076293945           0.0  0.005120809640760648
8.920000076293945  8.925000190734863  0.003713486021907406  0.005216605338819326
8.925000190734863  8.930000305175781           0.0  0.005120809640760648
8.930000305175781  8.935000419616699           0.0  0.005120809640760648
8.935000419616699  8.939999580383301           0.0  0.005121786521653582
8.939999580383301  8.944999694824219           0.0  0.005120809640760648
8.944999694824219  8.949999809265137  0.005120809640760648  0.005120809640760648
8.949999809265137  8.954999923706055           0.0  0.005120809640760648
8.954999923706055  8.960000038146973           0.0  0.005120809640760648
8.960000038146973  8.965000152587891           0.0  0.005120809640760648
8.965000152587891  8.970000267028809           0.0  0.005120809640760648
8.970000267028809  8.975000381469727           0.0  0.005120809640760648
8.975000381469727  8.979999542236328           0.0  0.005121786521653582
8.979999542236328  8.984999656677246  0.005120809640760648  0.005120809640760648
8.984999656677246  8.989999771118164           0.0  0.005120809640760648
8.989999771118164  8.994999885559082           0.0  0.005120809640760648
8.994999885559082           9.0           0.0  0.005120809640760648
         9.0  9.005000114440918           0.0  0.005120809640760648
9.005000114440918  9.010000228881836           0.0  0.005120809640760648
9.010000228881836  9.015000343322754           0.0  0.005120809640760648
9.015000343322754  9.020000457763672           0.0  0.005120809640760648
9.020000457763672  9.024999618530273           0.0  0.005121786521653582
9.024999618530273  9.029999732971191           0.0  0.005120809640760648
9.029999732971191  9.034999847412109  0.010241619281521296  0.007241918444294605
9.034999847412109  9.039999961853027           0.0  0.005120809640760648
9.039999961853027  9.045000076293945           0.0  0.005120809640760648
9.045000076293945  9.050000190734863           0.0  0.005120809640760648
9.050000190734863  9.055000305175781           0.0  0.005120809640760648
9.055000305175781  9.060000419616699           0.0  0.005120809640760648
9.060000419616699  9.064999580383301           0.0  0.005121786521653582
9.064999580383301  9.069999694824219  0.004417147831334027  0.00516892941709913
9.069999694824219  9.074999809265137           0.0  0.005120809640760648
9.074999809265137  9.079999923706055           0.0  0.005120809640760648
9.079999923706055  9.085000038146973  0.005120809640760648  0.005120809640760648
9.085000038146973  9.090000152587891           0.0  0.005120809640760648
9.090000152587891  9.095000267028809           0.0  0.005120809640760648
9.095000267028809  9.100000381469727           0.0  0.005120809640760648
9.100000381469727  9.104999542236328  0.005121786521653582  0.005121786521653582
9.104999542236328  9.109999656677246           0.0  0.005120809640760648
9.109999656677246  9.114999771118164           0.0  0.005120809640760648
9.114999771118164  9.119999885559082           0.0  0.005120809640760648
9.119999885559082         9.125           0.0  0.005120809640760648
       9.125  9.130000114440918           0.0  0.005120809640760648
9.130000114440918  9.135000228881836           0.0  0.005120809640760648
9.135000228881836  9.140000343322754           0.0  0.005120809640760648
9.140000343322754  9.145000457763672           0.0  0.005120809640760648
9.145000457763672  9.149999618530273  -0.0007037960447965994  0.0051699154776518
9.149999618530273  9.154999732971191           0.0  0.005120809640760648
9.154999732971191  9.159999847412109           0.0  0.005120809640760648
9.159999847412109  9.164999961853027           0.0  0.005120809640760648
9.164999961853027  9.170000076293945           0.0  0.005120809640760648
9.170000076293945  9.175000190734863           0.0  0.005120809640760648
9.175000190734863  9.180000305175781           0.0  0.005120809640760648
9.180000305175781  9.185000419616699           0.0  0.005120809640760648
9.185000419616699  9.189999580383301           0.0  0.005121786521653582
9.189999580383301  9.194999694824219           0.0  0.005120809640760648
9.194999694824219  9.199999809265137           0.0  0.005120809640760648
9.199999809265137  9.204999923706055           0.0  0.005120809640760648
9.204999923706055  9.210000038146973           0.0  0.005120809640760648
9.210000038146973  9.215000152587891           0.0  0.005120809640760648
9.215000152587891  9.220000267028809           0.0  0.005120809640760648
9.220000267028809  9.225000381469727           0.0  0.005120809640760648
9.225000381469727  9.229999542236328           0.0  0.005121786521653582
9.229999542236328  9.234999656677246           0.0  0.005120809640760648
9.234999656677246  9.239999771118164           0.0  0.005120809640760648
9.239999771118164  9.244999885559082           0.0  0.005120809640760648
9.244999885559082          9.25           0.0  0.005120809640760648
        9.25  9.255000114440918           0.0  0.005120809640760648
9.255000114440918  9.260000228881836  0.005120809640760648  0.005120809640760648
9.260000228881836  9.265000343322754           0.0  0.005120809640760648
9.265000343322754  9.270000457763672           0.0  0.005120809640760648
9.270000457763672  9.274999618530273           0.0  0.005121786521653582
9.274999618530273  9.279999732971191           0.0  0.005120809640760648
9.279999732971191  9.284999847412109  -0.0007036618094266211  0.00516892941709913
9.284999847412109  9.289999961853027           0.0  0.005120809640760648
9.289999961853027  9.295000076293945           0.0  0.005120809640760648
9.295000076293945  9.300000190734863  0.005120809640760648  0.005120809640760648
9.300000190734863  9.305000305175781           0.0  0.005120809640760648
9.305000305175781  9.310000419616699           0.0  0.005120809640760648
9.310000419616699  9.314999580383301           0.0  0.005121786521653582
9.314999580383301  9.319999694824219           0.0  0.005120809640760648
9.319999694824219  9.324999809265137  0.005120809640760648  0.005120809640760648
9.324999809265137  9.329999923706055           0.0  0.005120809640760648
9.329999923706055  9.335000038146973  -0.0007036618094266211  0.00516892941709913
9.335000038146973  9.340000152587891           0.0  0.005120809640760648
9.340000152587891  9.345000267028809           0.0  0.005120809640760648
9.345000267028809  9.350000381469727           0.0  0.005120809640760648
9.350000381469727  9.354999542236328           0.0  0.005121786521653582
9.354999542236328  9.359999656677246  -0.0007036618094266211  0.00516892941709913
9.359999656677246  9.364999771118164  -0.0007036618094266211  0.00516892941709913
9.364999771118164  9.369999885559082  0.005120809640760648  0.005120809640760648
9.369999885559082         9.375           0.0  0.005120809640760648
       9.375  9.380000114440918           0.0  0.005120809640760648
9.380000114440918  9.385000228881836           0.0  0.005120809640760648
9.385000228881836  9.390000343322754           0.0  0.005120809640760648
9.390000343322754  9.395000457763672           0.0  0.005120809640760648
9.395000457763672  9.399999618530273           0.0  0.005121786521653582
9.399999618530273  9.404999732971191           0.0  0.005120809640760648
9.404999732971191  9.409999847412109           0.0  0.005120809640760648
9.409999847412109  9.414999961853027           0.0  0.005120809640760648
9.414999961853027  9.420000076293945  0.005120809640760648  0.005120809640760648
9.420000076293945  9.425000190734863           0.0  0.005120809640760648
9.425000190734863  9.430000305175781           0.0  0.005120809640760648
9.430000305175781  9.435000419616699           0.0  0.005120809640760648
9.435000419616699  9.439999580383301           0.0  0.005121786521653582
9.439999580383301  9.444999694824219           0.0  0.005120809640760648
9.444999694824219  9.449999809265137           0.0  0.005120809640760648
9.449999809265137  9.454999923706055           0.0  0.005120809640760648
9.454999923706055  9.460000038146973           0.0  0.005120809640760648
9.460000038146973  9.465000152587891           0.0  0.005120809640760648
9.465000152587891  9.470000267028809           0.0  0.005120809640760648
9.470000267028809  9.475000381469727           0.0  0.005120809640760648
9.475000381469727  9.479999542236328           0.0  0.005121786521653582
9.479999542236328  9.484999656677246           0.0  0.005120809640760648
9.484999656677246  9.489999771118164           0.0  0.005120809640760648
9.489999771118164  9.494999885559082           0.0  0.005120809640760648
9.494999885559082           9.5           0.0  0.005120809640760648
         9.5  9.505000114440918           0.0  0.005120809640760648
9.505000114440918  9.510000228881836           0.0  0.005120809640760648
9.510000228881836  9.515000343322754           0.0  0.005120809640760648
9.515000343322754  9.520000457763672           0.0  0.005120809640760648
9.520000457763672  9.524999618530273           0.0  0.005121786521653582
9.524999618530273  9.529999732971191           0.0  0.005120809640760648
9.529999732971191  9.534999847412109           0.0  0.005120809640760648
9.534999847412109  9.539999961853027  -0.0007036618094266211  0.00516892941709913
9.539999961853027  9.545000076293945           0.0  0.005120809640760648
9.545000076293945  9.550000190734863           0.0  0.005120809640760648
9.550000190734863  9.555000305175781           0.0  0.005120809640760648
9.555000305175781  9.560000419616699           0.0  0.005120809640760648
9.560000419616699  9.564999580383301           0.0  0.005121786521653582
9.564999580383301  9.569999694824219           0.0  0.005120809640760648
9.569999694824219  9.574999809265137           0.0  0.005120809640760648
9.574999809265137  9.579999923706055           0.0  0.005120809640760648
9.579999923706055  9.585000038146973           0.0  0.005120809640760648
9.585000038146973  9.590000152587891           0.0  0.005120809640760648
9.590000152587891  9.595000267028809           0.0  0.005120809640760648
9.595000267028809  9.600000381469727           0.0  0.005120809640760648
9.600000381469727  9.604999542236328           0.0  0.005121786521653582
9.604999542236328  9.609999656677246           0.0  0.005120809640760648
9.609999656677246  9.614999771118164           0.0  0.005120809640760648
9.614999771118164  9.619999885559082           0.0  0.005120809640760648
9.619999885559082         9.625           0.0  0.005120809640760648
       9.625  9.630000114440918           0.0  0.005120809640760648
9.630000114440918  9.635000228881836           0.0  0.005120809640760648
9.635000228881836  9.640000343322754           0.0  0.005120809640760648
9.640000343322754  9.645000457763672           0.0  0.005120809640760648
9.645000457763672  9.649999618530273  -0.0007037960447965994  0.0051699154776518
9.649999618530273  9.654999732971191           0.0  0.005120809640760648
9.654999732971191  9.659999847412109           0.0  0.005120809640760648
9.659999847412109  9.664999961853027           0.0  0.005120809640760648
9.664999961853027  9.670000076293945           0.0  0.005120809640760648
9.670000076293945  9.675000190734863           0.0  0.005120809640760648
9.675000190734863  9.680000305175781           0.0  0.005120809640760648
9.680000305175781  9.685000419616699           0.0  0.005120809640760648
9.685000419616699  9.689999580383301           0.0  0.005121786521653582
9.689999580383301  9.694999694824219  -0.0007036618094266211  0.00516892941709913
9.694999694824219  9.699999809265137           0.0  0.005120809640760648
9.699999809265137  9.704999923706055           0.0  0.005120809640760648
9.704999923706055  9.710000038146973           0.0  0.005120809640760648
9.710000038146973  9.715000152587891           0.0  0.005120809640760648
9.715000152587891  9.720000267028809           0.0  0.005120809640760648
9.720000267028809  9.725000381469727           0.0  0.005120809640760648
9.725000381469727  9.729999542236328  0.005121786521653582  0.005121786521653582
9.729999542236328  9.734999656677246           0.0  0.005120809640760648
9.734999656677246  9.739999771118164           0.0  0.005120809640760648
9.739999771118164  9.744999885559082  -0.0007036618094266211  0.00516892941709913
9.744999885559082          9.75           0.0  0.005120809640760648
        9.75  9.755000114440918           0.0  0.005120809640760648
9.755000114440918  9.760000228881836           0.0  0.005120809640760648
9.760000228881836  9.765000343322754           0.0  0.005120809640760648
9.765000343322754  9.770000457763672           0.0  0.005120809640760648
9.770000457763672  9.774999618530273           0.0  0.005121786521653582
9.774999618530273  9.779999732971191           0.0  0.005120809640760648
9.779999732971191  9.784999847412109           0.0  0.005120809640760648
9.784999847412109  9.789999961853027           0.0  0.005120809640760648
9.789999961853027  9.795000076293945           0.0  0.005120809640760648
9.795000076293945  9.800000190734863           0.0  0.005120809640760648
9.800000190734863  9.805000305175781           0.0  0.005120809640760648
9.805000305175781  9.810000419616699           0.0  0.005120809640760648
9.810000419616699  9.814999580383301  0.005121786521653582  0.005121786521653582
9.814999580383301  9.819999694824219           0.0  0.005120809640760648
9.819999694824219  9.824999809265137  0.010241619281521296  0.007241918444294605
9.824999809265137  9.829999923706055           0.0  0.005120809640760648
9.829999923706055  9.835000038146973           0.0  0.005120809640760648
9.835000038146973  9.840000152587891           0.0  0.005120809640760648
9.840000152587891  9.845000267028809           0.0  0.005120809640760648
9.845000267028809  9.850000381469727           0.0  0.005120809640760648
9.850000381469727  9.854999542236328           0.0  0.005121786521653582
9.854999542236328  9.859999656677246  -0.0007036618094266211  0.00516892941709913
9.859999656677246  9.864999771118164           0.0  0.005120809640760648
9.864999771118164  9.869999885559082           0.0  0.005120809640760648
9.869999885559082         9.875           0.0  0.005120809640760648
       9.875  9.880000114440918           0.0  0.005120809640760648
9.880000114440918  9.885000228881836           0.0  0.005120809640760648
9.885000228881836  9.890000343322754           0.0  0.005120809640760648
9.890000343322754  9.895000457763672           0.0  0.005120809640760648
9.895000457763672  9.899999618530273  0.005121786521653582  0.005121786521653582
9.899999618530273  9.904999732971191           0.0  0.005120809640760648
9.904999732971191  9.909999847412109           0.0  0.005120809640760648
9.909999847412109  9.914999961853027           0.0  0.005120809640760648
9.914999961853027  9.920000076293945           0.0  0.005120809640760648
9.920000076293945  9.925000190734863           0.0  0.005120809640760648
9.925000190734863  9.930000305175781           0.0  0.005120809640760648
9.930000305175781  9.935000419616699           0.0  0.005120809640760648
9.935000419616699  9.939999580383301           0.0  0.005121786521653582
9.939999580383301  9.944999694824219           0.0  0.005120809640760648
9.944999694824219  9.949999809265137           0.0  0.005120809640760648
9.949999809265137  9.954999923706055           0.0  0.005120809640760648
9.954999923706055  9.960000038146973           0.0  0.005120809640760648
9.960000038146973  9.965000152587891           0.0  0.005120809640760648
9.965000152587891  9.970000267028809           0.0  0.005120809640760648
9.970000267028809  9.975000381469727           0.0  0.005120809640760648
9.975000381469727  9.979999542236328           0.0  0.005121786521653582
9.979999542236328  9.984999656677246           0.0  0.005120809640760648
9.984999656677246  9.989999771118164           0.0  0.005120809640760648
9.989999771118164  9.994999885559082           0.0  0.005120809640760648
9.994999885559082          10.0           0.0  0.005120809640760648
        10.0  10.005000114440918           0.0  0.005120809640760648
10.005000114440918  10.010000228881836           0.0  0.005120809640760648
10.010000228881836  10.015000343322754           0.0  0.005120809640760648
10.015000343322754  10.020000457763672           0.0  0.005120809640760648
10.020000457763672  10.024999618530273           0.0  0.005121786521653582
10.024999618530273  10.029999732971191           0.0  0.005120809640760648
10.029999732971191  10.03499984741211           0.0  0.005120809640760648
10.03499984741211  10.039999961853027           0.0  0.005120809640760648
10.039999961853027  10.045000076293945           0.0  0.005120809640760648
10.045000076293945  10.050000190734863           0.0  0.005120809640760648
10.050000190734863  10.055000305175781           0.0  0.005120809640760648
10.055000305175781  10.0600004196167           0.0  0.005120809640760648
10.0600004196167  10.0649995803833           0.0  0.005121786521653582
10.0649995803833  10.069999694824219           0.0  0.005120809640760648
10.069999694824219  10.074999809265137           0.0  0.005120809640760648
10.074999809265137  10.079999923706055           0.0  0.005120809640760648
10.079999923706055  10.085000038146973           0.0  0.005120809640760648
10.085000038146973  10.09000015258789           0.0  0.005120809640760648
10.09000015258789  10.095000267028809           0.0  0.005120809640760648
10.095000267028809  10.100000381469727           0.0  0.005120809640760648
10.100000381469727  10.104999542236328           0.0  0.005121786521653582
10.104999542236328  10.109999656677246           0.0  0.005120809640760648
10.109999656677246  10.114999771118166           0.0  0.005120809640758828
10.114999771118166  10.119999885559082           0.0  0.005120809640762467
10.119999885559082        10.125           0.0  0.005120809640760648
      10.125  10.130000114440918           0.0  0.005120809640760648
10.130000114440918  10.135000228881838  -0.000703661809426371  0.0051689294170972925
10.135000228881838  10.140000343322754           0.0  0.005120809640762467
10.140000343322754  10.145000457763672           0.0  0.005120809640760648
10.145000457763672  10.149999618530273           0.0  0.005121786521653582
10.149999618530273  10.154999732971191           0.0  0.005120809640760648
10.154999732971191  10.15999984741211           0.0  0.005120809640760648
10.15999984741211  10.164999961853027           0.0  0.005120809640760648
10.164999961853027  10.170000076293945  -0.0007036618094266211  0.00516892941709913
10.170000076293945  10.175000190734863           0.0  0.005120809640760648
10.175000190734863  10.180000305175781           0.0  0.005120809640760648
10.180000305175781  10.1850004196167           0.0  0.005120809640760648
10.1850004196167  10.1899995803833           0.0  0.005121786521653582
10.1899995803833  10.194999694824219           0.0  0.005120809640760648
10.194999694824219  10.199999809265135           0.0  0.005120809640762467
10.199999809265135  10.204999923706053           0.0  0.005120809640760648
10.204999923706053  10.210000038146973  -0.000703661809426371  0.0051689294170972925
10.210000038146973  10.21500015258789           0.0  0.005120809640760648
10.21500015258789  10.220000267028807           0.0  0.005120809640762467
10.220000267028807  10.225000381469727           0.0  0.005120809640758828
10.225000381469727  10.229999542236328           0.0  0.005121786521653582
10.229999542236328  10.234999656677246           0.0  0.005120809640760648
10.234999656677246  10.239999771118164           0.0  0.005120809640760648
10.239999771118164  10.244999885559082           0.0  0.005120809640760648
10.244999885559082         10.25           0.0  0.005120809640760648
       10.25  10.255000114440918           0.0  0.005120809640760648
10.255000114440918  10.260000228881836           0.0  0.005120809640760648
10.260000228881836  10.265000343322754           0.0  0.005120809640760648
10.265000343322754  10.270000457763672           0.0  0.005120809640760648
10.270000457763672  10.274999618530273           0.0  0.005121786521653582
10.274999618530273  10.279999732971191           0.0  0.005120809640760648
10.279999732971191  10.28499984741211           0.0  0.005120809640760648
10.28499984741211  10.289999961853027           0.0  0.005120809640760648
10.289999961853027  10.295000076293945           0.0  0.005120809640760648
10.295000076293945  10.300000190734863           0.0  0.005120809640760648
10.300000190734863  10.305000305175781           0.0  0.005120809640760648
10.305000305175781  10.3100004196167           0.0  0.005120809640760648
10.3100004196167  10.3149995803833           0.0  0.005121786521653582
10.3149995803833  10.319999694824219           0.0  0.005120809640760648
10.319999694824219  10.324999809265137           0.0  0.005120809640760648
10.324999809265137  10.329999923706055           0.0  0.005120809640760648
10.329999923706055  10.335000038146973           0.0  0.005120809640760648
10.335000038146973  10.34000015258789           0.0  0.005120809640760648
10.34000015258789  10.345000267028809           0.0  0.005120809640760648
10.345000267028809  10.350000381469727           0.0  0.005120809640760648
10.350000381469727  10.354999542236328           0.0  0.005121786521653582
10.354999542236328  10.359999656677246           0.0  0.005120809640760648
10.359999656677246  10.364999771118164           0.0  0.005120809640760648
10.364999771118164  10.369999885559082           0.0  0.005120809640760648
10.369999885559082        10.375           0.0  0.005120809640760648
      10.375  10.380000114440918           0.0  0.005120809640760648
10.380000114440918  10.385000228881836           0.0  0.005120809640760648
10.385000228881836  10.390000343322754           0.0  0.005120809640760648
10.390000343322754  10.395000457763672           0.0  0.005120809640760648
10.395000457763672  10.399999618530273           0.0  0.005121786521653582
10.399999618530273  10.404999732971191           0.0  0.005120809640760648
10.404999732971191  10.409999847412111           0.0  0.005120809640758828
10.409999847412111  10.414999961853027           0.0  0.005120809640762467
10.414999961853027  10.420000076293945           0.0  0.005120809640760648
10.420000076293945  10.425000190734863           0.0  0.005120809640760648
10.425000190734863  10.430000305175781           0.0  0.005120809640760648
10.430000305175781  10.4350004196167  -0.0007036618094266211  0.00516892941709913
10.4350004196167  10.4399995803833           0.0  0.005121786521653582
10.4399995803833  10.444999694824219           0.0  0.005120809640760648
10.444999694824219  10.449999809265137           0.0  0.005120809640760648
10.449999809265137  10.454999923706055  0.005120809640760648  0.005120809640760648
10.454999923706055  10.460000038146973  -0.0007036618094266211  0.00516892941709913
10.460000038146973  10.46500015258789           0.0  0.005120809640760648
10.46500015258789  10.470000267028809           0.0  0.005120809640760648
10.470000267028809  10.475000381469728           0.0  0.005120809640758828
10.475000381469728  10.479999542236328  0.005121786521655403  0.005121786521655403
10.479999542236328  10.484999656677246           0.0  0.005120809640760648
10.484999656677246  10.489999771118164           0.0  0.005120809640760648
10.489999771118164  10.494999885559082           0.0  0.005120809640760648
10.494999885559082          10.5  -0.0007036618094266211  0.00516892941709913
        10.5  10.505000114440916           0.0  0.005120809640762467
10.505000114440916  10.510000228881836           0.0  0.005120809640758828
10.510000228881836  10.515000343322754           0.0  0.005120809640760648
10.515000343322754  10.520000457763672           0.0  0.005120809640760648
10.520000457763672  10.524999618530273           0.0  0.005121786521653582
10.524999618530273  10.529999732971191           0.0  0.005120809640760648
10.529999732971191  10.53499984741211           0.0  0.005120809640760648
10.53499984741211  10.539999961853027           0.0  0.005120809640760648
10.539999961853027  10.545000076293944           0.0  0.005120809640762467
10.545000076293944  10.550000190734863           0.0  0.005120809640758828
10.550000190734863  10.555000305175781           0.0  0.005120809640760648
10.555000305175781  10.5600004196167  0.005120809640760648  0.005120809640760648
10.5600004196167  10.5649995803833           0.0  0.005121786521653582
10.5649995803833  10.569999694824219           0.0  0.005120809640760648
10.569999694824219  10.574999809265137           0.0  0.005120809640760648
10.574999809265137  10.579999923706055           0.0  0.005120809640760648
10.579999923706055  10.585000038146973           0.0  0.005120809640760648
10.585000038146973  10.59000015258789           0.0  0.005120809640760648
10.59000015258789  10.595000267028809           0.0  0.005120809640760648
10.595000267028809  10.600000381469727           0.0  0.005120809640760648
10.600000381469727  10.604999542236328           0.0  0.005121786521653582
10.604999542236328  10.609999656677246           0.0  0.005120809640760648
10.609999656677246  10.614999771118164  -0.0007036618094266211  0.00516892941709913
10.614999771118164  10.619999885559082           0.0  0.005120809640760648
10.619999885559082  10.624999999999998           0.0  0.005120809640762467
10.624999999999998  10.630000114440918           0.0  0.005120809640758828
10.630000114440918  10.635000228881838           0.0  0.005120809640758828
10.635000228881838  10.640000343322754  -0.000703661809426871  0.005168929417100965
10.640000343322754  10.645000457763672           0.0  0.005120809640760648
10.645000457763672  10.649999618530273           0.0  0.005121786521653582
10.649999618530273  10.654999732971191           0.0  0.005120809640760648
10.654999732971191  10.659999847412111           0.0  0.005120809640758828
10.659999847412111  10.664999961853027           0.0  0.005120809640762467
10.664999961853027  10.670000076293947  0.005120809640758828  0.005120809640758828
10.670000076293947  10.675000190734863           0.0  0.005120809640762467
10.675000190734863  10.680000305175781           0.0  0.005120809640760648
10.680000305175781  10.6850004196167           0.0  0.005120809640760648
10.6850004196167  10.6899995803833  0.0037141944320603832  0.005217600494358971
10.6899995803833  10.694999694824217           0.0  0.005120809640762467
10.694999694824217  10.699999809265137           0.0  0.005120809640758828
10.699999809265137  10.704999923706055           0.0  0.005120809640760648
10.704999923706055  10.710000038146973           0.0  0.005120809640760648
10.710000038146973  10.71500015258789  -0.0007036618094266211  0.00516892941709913
10.71500015258789  10.720000267028809           0.0  0.005120809640760648
10.720000267028809  10.725000381469727           0.0  0.005120809640760648
10.725000381469727  10.729999542236328           0.0  0.005121786521653582
10.729999542236328  10.734999656677246           0.0  0.005120809640760648
10.734999656677246  10.739999771118164           0.0  0.005120809640760648
10.739999771118164  10.744999885559082           0.0  0.005120809640760648
10.744999885559082         10.75  0.005120809640760648  0.005120809640760648
       10.75  10.755000114440918           0.0  0.005120809640760648
10.755000114440918  10.760000228881836           0.0  0.005120809640760648
10.760000228881836  10.765000343322754           0.0  0.005120809640760648
10.765000343322754  10.770000457763672           0.0  0.005120809640760648
10.770000457763672  10.774999618530273           0.0  0.005121786521653582
10.774999618530273  10.779999732971191           0.0  0.005120809640760648
10.779999732971191  10.78499984741211           0.0  0.005120809640760648
10.78499984741211  10.789999961853027           0.0  0.005120809640760648
10.789999961853027  10.795000076293947           0.0  0.005120809640758828
10.795000076293947  10.800000190734863           0.0  0.005120809640762467
10.800000190734863  10.805000305175781           0.0  0.005120809640760648
10.805000305175781  10.810000419616697           0.0  0.005120809640762467
10.810000419616697  10.8149995803833           0.0  0.005121786521651762
10.8149995803833  10.819999694824219           0.0  0.005120809640760648
10.819999694824219  10.824999809265137           0.0  0.005120809640760648
10.824999809265137  10.829999923706055  0.005120809640760648  0.005120809640760648
10.829999923706055  10.835000038146973  0.005120809640760648  0.005120809640760648
10.835000038146973  10.84000015258789           0.0  0.005120809640760648
10.84000015258789  10.845000267028809           0.0  0.005120809640760648
10.845000267028809  10.850000381469727  -0.0007036618094266211  0.00516892941709913
10.850000381469727  10.85499954223633           0.0  0.005121786521651762
10.85499954223633  10.859999656677246           0.0  0.005120809640762467
10.859999656677246  10.864999771118164  0.005120809640760648  0.005120809640760648
10.864999771118164  10.869999885559082  0.005120809640760648  0.005120809640760648
10.869999885559082        10.875           0.0  0.005120809640760648
      10.875  10.880000114440918           0.0  0.005120809640760648
10.880000114440918  10.885000228881836           0.0  0.005120809640760648
10.885000228881836  10.890000343322754           0.0  0.005120809640760648
10.890000343322754  10.895000457763672           0.0  0.005120809640760648
10.895000457763672  10.899999618530273           0.0  0.005121786521653582
10.899999618530273  10.904999732971191           0.0  0.005120809640760648
10.904999732971191  10.90999984741211           0.0  0.005120809640760648
10.90999984741211  10.914999961853027           0.0  0.005120809640760648
10.914999961853027  10.920000076293945           0.0  0.005120809640760648
10.920000076293945  10.925000190734863           0.0  0.005120809640760648
10.925000190734863  10.930000305175781           0.0  0.005120809640760648
10.930000305175781  10.935000419616697           0.0  0.005120809640762467
10.935000419616697  10.9399995803833           0.0  0.005121786521651762
10.9399995803833  10.94499969482422  -0.000703661809426371  0.0051689294170972925
10.94499969482422  10.949999809265137           0.0  0.005120809640762467
10.949999809265137  10.954999923706055           0.0  0.005120809640760648
10.954999923706055  10.960000038146973           0.0  0.005120809640760648
10.960000038146973  10.96500015258789           0.0  0.005120809640760648
10.96500015258789  10.970000267028809           0.0  0.005120809640760648
10.970000267028809  10.975000381469728           0.0  0.005120809640758828
10.975000381469728  10.979999542236326           0.0  0.005121786521657222
10.979999542236326  10.984999656677246           0.0  0.005120809640758828
10.984999656677246  10.989999771118164           0.0  0.005120809640760648
10.989999771118164  10.994999885559082           0.0  0.005120809640760648
10.994999885559082          11.0  0.005120809640760648  0.005120809640760648
        11.0  11.005000114440918           0.0  0.005120809640760648
11.005000114440918  11.010000228881836           0.0  0.005120809640760648
11.010000228881836  11.015000343322754           0.0  0.005120809640760648
11.015000343322754  11.020000457763672           0.0  0.005120809640760648
11.020000457763672  11.024999618530273           0.0  0.005121786521653582
11.024999618530273  11.029999732971191           0.0  0.005120809640760648
11.029999732971191  11.03499984741211           0.0  0.005120809640760648
11.03499984741211  11.039999961853027           0.0  0.005120809640760648
11.039999961853027  11.045000076293945           0.0  0.005120809640760648
11.045000076293945  11.050000190734863           0.0  0.005120809640760648
11.050000190734863  11.055000305175781           0.0  0.005120809640760648
11.055000305175781  11.0600004196167           0.0  0.005120809640760648
11.0600004196167  11.0649995803833           0.0  0.005121786521653582
11.0649995803833  11.069999694824219           0.0  0.005120809640760648
11.069999694824219  11.074999809265135           0.0  0.005120809640762467
11.074999809265135  11.079999923706055           0.0  0.005120809640758828
11.079999923706055  11.085000038146974           0.0  0.005120809640758828
11.085000038146974  11.09000015258789  -0.000703661809426871  0.005168929417100965
11.09000015258789  11.095000267028809           0.0  0.005120809640760648
11.095000267028809  11.100000381469727           0.0  0.005120809640760648
11.100000381469727  11.104999542236328           0.0  0.005121786521653582
11.104999542236328  11.109999656677246           0.0  0.005120809640760648
11.109999656677246  11.114999771118162           0.0  0.005120809640762467
11.114999771118162  11.11999988555908  -0.0007036618094266211  0.00516892941709913
11.11999988555908        11.125           0.0  0.005120809640758828
      11.125  11.130000114440918           0.0  0.005120809640760648
11.130000114440918  11.135000228881838           0.0  0.005120809640758828
11.135000228881838  11.140000343322752           0.0  0.005120809640764287
11.140000343322752  11.145000457763672           0.0  0.005120809640758828
11.145000457763672  11.149999618530273           0.0  0.005121786521653582
11.149999618530273  11.154999732971191           0.0  0.005120809640760648
11.154999732971191  11.15999984741211           0.0  0.005120809640760648
11.15999984741211  11.164999961853027  0.004417147831334027  0.00516892941709913
11.164999961853027  11.170000076293947           0.0  0.005120809640758828
11.170000076293947  11.175000190734865           0.0  0.005120809640760648
11.175000190734865  11.180000305175781           0.0  0.005120809640762467
11.180000305175781  11.1850004196167           0.0  0.005120809640760648
11.1850004196167  11.189999580383303           0.0  0.005121786521651762
11.189999580383303  11.194999694824219           0.0  0.005120809640762467
11.194999694824219  11.199999809265137           0.0  0.005120809640760648
11.199999809265137  11.204999923706055           0.0  0.005120809640760648
11.204999923706055  11.210000038146973           0.0  0.005120809640760648
11.210000038146973  11.21500015258789           0.0  0.005120809640760648
11.21500015258789  11.220000267028809           0.0  0.005120809640760648
11.220000267028809  11.225000381469728           0.0  0.005120809640758828
11.225000381469728  11.229999542236328           0.0  0.005121786521655403
11.229999542236328  11.234999656677246           0.0  0.005120809640760648
11.234999656677246  11.239999771118164           0.0  0.005120809640760648
11.239999771118164  11.244999885559082           0.0  0.005120809640760648
11.244999885559082         11.25           0.0  0.005120809640760648
       11.25  11.255000114440916           0.0  0.005120809640762467
11.255000114440916  11.260000228881836           0.0  0.005120809640758828
11.260000228881836  11.265000343322752           0.0  0.005120809640762467
11.265000343322752  11.270000457763672           0.0  0.005120809640758828
11.270000457763672  11.274999618530272           0.0  0.005121786521655403
11.274999618530272  11.279999732971193           0.0  0.0051208096407570096
11.279999732971193  11.284999847412111           0.0  0.005120809640760648
11.284999847412111  11.289999961853026           0.0  0.005120809640764287
11.289999961853026  11.295000076293945           0.0  0.005120809640758828
11.295000076293945  11.300000190734863           0.0  0.005120809640760648
11.300000190734863  11.305000305175781           0.0  0.005120809640760648
11.305000305175781  11.3100004196167           0.0  0.005120809640760648
11.3100004196167  11.3149995803833           0.0  0.005121786521653582
11.3149995803833  11.319999694824219           0.0  0.005120809640760648
11.319999694824219  11.324999809265137           0.0  0.005120809640760648
11.324999809265137  11.329999923706055           0.0  0.005120809640760648
11.329999923706055  11.335000038146973           0.0  0.005120809640760648
11.335000038146973  11.34000015258789           0.0  0.005120809640760648
11.34000015258789  11.345000267028809           0.0  0.005120809640760648
11.345000267028809  11.350000381469727           0.0  0.005120809640760648
11.350000381469727  11.35499954223633           0.0  0.005121786521651762
11.35499954223633  11.359999656677246           0.0  0.005120809640762467
11.359999656677246  11.364999771118164           0.0  0.005120809640760648
11.364999771118164  11.369999885559082           0.0  0.005120809640760648
11.369999885559082        11.375           0.0  0.005120809640760648
      11.375  11.380000114440918           0.0  0.005120809640760648
11.380000114440918  11.385000228881836  -0.0007036618094266211  0.00516892941709913
11.385000228881836  11.390000343322756           0.0  0.005120809640758828
11.390000343322756  11.395000457763672           0.0  0.005120809640762467
11.395000457763672  11.399999618530273           0.0  0.005121786521653582
11.399999618530273  11.404999732971191           0.0  0.005120809640760648
11.404999732971191  11.409999847412108           0.0  0.005120809640762467
11.409999847412108  11.41499996185303           0.0  0.0051208096407570096
11.41499996185303  11.420000076293945           0.0  0.005120809640762467
11.420000076293945  11.425000190734863           0.0  0.005120809640760648
11.425000190734863  11.430000305175781           0.0  0.005120809640760648
11.430000305175781  11.4350004196167           0.0  0.005120809640760648
11.4350004196167  11.4399995803833           0.0  0.005121786521653582
11.4399995803833  11.444999694824217           0.0  0.005120809640762467
11.444999694824217  11.449999809265137           0.0  0.005120809640758828
11.449999809265137  11.454999923706055           0.0  0.005120809640760648
11.454999923706055  11.460000038146973           0.0  0.005120809640760648
11.460000038146973  11.46500015258789           0.0  0.005120809640760648
11.46500015258789  11.470000267028809           0.0  0.005120809640760648
11.470000267028809  11.475000381469728           0.0  0.005120809640758828
11.475000381469728  11.479999542236328           0.0  0.005121786521655403
11.479999542236328  11.484999656677246           0.0  0.005120809640760648
11.484999656677246  11.489999771118164           0.0  0.005120809640760648
11.489999771118164  11.494999885559082           0.0  0.005120809640760648
11.494999885559082  11.499999999999998           0.0  0.005120809640762467
11.499999999999998  11.505000114440916           0.0  0.005120809640760648
11.505000114440916  11.510000228881836           0.0  0.005120809640758828
11.510000228881836  11.515000343322754           0.0  0.005120809640760648
11.515000343322754  11.520000457763672           0.0  0.005120809640760648
11.520000457763672  11.524999618530273           0.0  0.005121786521653582
11.524999618530273  11.529999732971191           0.0  0.005120809640760648
11.529999732971191  11.53499984741211           0.0  0.005120809640760648
11.53499984741211  11.539999961853027           0.0  0.005120809640760648
11.539999961853027  11.545000076293945           0.0  0.005120809640760648
11.545000076293945  11.550000190734863           0.0  0.005120809640760648
11.550000190734863  11.555000305175781           0.0  0.005120809640760648
11.555000305175781  11.5600004196167           0.0  0.005120809640760648
11.5600004196167  11.5649995803833           0.0  0.005121786521653582
11.5649995803833  11.56999969482422           0.0  0.005120809640758828
11.56999969482422  11.574999809265137           0.0  0.005120809640762467
11.574999809265137  11.579999923706055           0.0  0.005120809640760648
11.579999923706055  11.585000038146973  -0.0007036618094266211  0.00516892941709913
11.585000038146973  11.59000015258789           0.0  0.005120809640760648
11.59000015258789  11.595000267028809           0.0  0.005120809640760648
11.595000267028809  11.600000381469727           0.0  0.005120809640760648
11.600000381469727  11.604999542236328           0.0  0.005121786521653582
11.604999542236328  11.609999656677246           0.0  0.005120809640760648
11.609999656677246  11.614999771118166           0.0  0.005120809640758828
11.614999771118166  11.619999885559082           0.0  0.005120809640762467
11.619999885559082        11.625           0.0  0.005120809640760648
      11.625  11.630000114440918           0.0  0.005120809640760648
11.630000114440918  11.635000228881838           0.0  0.005120809640758828
11.635000228881838  11.640000343322754           0.0  0.005120809640762467
11.640000343322754  11.64500045776367           0.0  0.005120809640762467
11.64500045776367  11.649999618530273           0.0  0.005121786521651762
11.649999618530273  11.654999732971191           0.0  0.005120809640760648
11.654999732971191  11.65999984741211           0.0  0.005120809640760648
11.65999984741211  11.66499996185303  -0.000703661809426371  0.0051689294170972925
11.66499996185303  11.670000076293945           0.0  0.005120809640762467
11.670000076293945  11.675000190734865           0.0  0.005120809640758828
11.675000190734865  11.680000305175783           0.0  0.005120809640760648
11.680000305175783  11.685000419616701           0.0  0.005120809640760648
11.685000419616701  11.689999580383299           0.0  0.005121786521657222
11.689999580383299  11.694999694824219           0.0  0.005120809640758828
11.694999694824219  11.699999809265135           0.0  0.005120809640762467
11.699999809265135  11.704999923706055           0.0  0.005120809640758828
11.704999923706055  11.710000038146973           0.0  0.005120809640760648
11.710000038146973  11.71500015258789           0.0  0.005120809640760648
11.71500015258789  11.720000267028809           0.0  0.005120809640760648
11.720000267028809  11.725000381469727           0.0  0.005120809640760648
11.725000381469727  11.729999542236326           0.0  0.005121786521655403
11.729999542236326  11.734999656677244           0.0  0.005120809640760648
11.734999656677244  11.739999771118162           0.0  0.005120809640760648
11.739999771118162  11.744999885559082           0.0  0.005120809640758828
11.744999885559082         11.75           0.0  0.005120809640760648
       11.75  11.755000114440918           0.0  0.005120809640760648
11.755000114440918  11.760000228881836           0.0  0.005120809640760648
11.760000228881836  11.765000343322756           0.0  0.005120809640758828
11.765000343322756  11.770000457763672           0.0  0.005120809640762467
11.770000457763672  11.774999618530273           0.0  0.005121786521653582
11.774999618530273  11.779999732971191           0.0  0.005120809640760648
11.779999732971191  11.78499984741211           0.0  0.005120809640760648
11.78499984741211  11.789999961853027           0.0  0.005120809640760648
11.789999961853027  11.795000076293945           0.0  0.005120809640760648
11.795000076293945  11.800000190734863           0.0  0.005120809640760648
11.800000190734863  11.80500030517578           0.0  0.005120809640762467
11.80500030517578  11.8100004196167           0.0  0.005120809640758828
11.8100004196167  11.8149995803833           0.0  0.005121786521653582
11.8149995803833  11.819999694824219           0.0  0.005120809640760648
11.819999694824219  11.824999809265137           0.0  0.005120809640760648
11.824999809265137  11.829999923706055           0.0  0.005120809640760648
11.829999923706055  11.835000038146974           0.0  0.005120809640758828
11.835000038146974  11.84000015258789           0.0  0.005120809640762467
11.84000015258789  11.845000267028809           0.0  0.005120809640760648
11.845000267028809  11.850000381469728           0.0  0.005120809640758828
11.850000381469728  11.854999542236328           0.0  0.005121786521655403
11.854999542236328  11.859999656677248           0.0  0.005120809640758828
11.859999656677248  11.864999771118164           0.0  0.005120809640762467
11.864999771118164  11.869999885559082           0.0  0.005120809640760648
11.869999885559082  11.875000000000002           0.0  0.005120809640758828
11.875000000000002  11.88000011444092           0.0  0.005120809640760648
11.88000011444092  11.885000228881838           0.0  0.005120809640760648
11.885000228881838  11.890000343322754           0.0  0.005120809640762467
11.890000343322754  11.89500045776367           0.0  0.005120809640762467
11.89500045776367  11.899999618530273           0.0  0.005121786521651762
11.899999618530273  11.904999732971191           0.0  0.005120809640760648
11.904999732971191  11.90999984741211           0.0  0.005120809640760648
11.90999984741211  11.914999961853027           0.0  0.005120809640760648
11.914999961853027  11.920000076293944           0.0  0.005120809640762467
11.920000076293944  11.925000190734863           0.0  0.005120809640758828
11.925000190734863  11.93000030517578           0.0  0.005120809640762467
11.93000030517578  11.9350004196167           0.0  0.005120809640758828
11.9350004196167  11.939999580383303           0.0  0.005121786521651762
11.939999580383303  11.944999694824219           0.0  0.005120809640762467
11.944999694824219  11.949999809265135           0.0  0.005120809640762467
11.949999809265135  11.954999923706055           0.0  0.005120809640758828
11.954999923706055  11.960000038146973           0.0  0.005120809640760648
11.960000038146973  11.965000152587892           0.0  0.005120809640758828
11.965000152587892  11.970000267028809           0.0  0.005120809640762467
11.970000267028809  11.975000381469727           0.0  0.005120809640760648
11.975000381469727  11.979999542236326           0.0  0.005121786521655403
11.979999542236326  11.984999656677248           0.0  0.0051208096407570096
11.984999656677248  11.989999771118164           0.0  0.005120809640762467
11.989999771118164  11.994999885559082           0.0  0.005120809640760648
11.994999885559082          12.0  0.004417147831334027  0.00516892941709913
