# Plot Type : plot_data 
# 
# X-axis    : \frEnergy (keV) 
# Y-Axis    : \frCounts s\u-1\d keV\u-1\d 
# Residual  : NONE 
# 
# Index-   1,  Model Plotted-       no,  Data File: heg_m1.pha/part=1/order=-1,   Scale: 1.0000e+00 
# 
# Background included in data and model-    no 
# 
# XAXIS_COLS   :   1 set  (X 2 columns - bin_lo, bin_hi)
# DATA_COLS    :   1 set  (X 2 columns - Data, Error)
# 
#         X_LO          X_HI    DATA_VALUE    DATA_ERROR
0.5772075653076172  0.5772747397422791           0.0  0.7257493085641695
0.5772747397422791  0.5773419737815857           0.0  0.7251059137870737
0.5773419737815857  0.5774091482162476           0.0  0.7257493085641695
0.5774091482162476  0.577476441860199           0.0  0.7244636587704332
0.577476441860199  0.5775436758995056           0.0  0.7251059137870737
0.5775436758995056  0.5776109099388123           0.0  0.7251059137870737
0.5776109099388123  0.5776782035827637           0.0  0.7244636587704332
0.5776782035827637  0.5777454972267151           0.0  0.7244636587704332
0.5777454972267151  0.5778127908706665           0.0  0.7244636587704332
0.5778127908706665  0.5778801441192627           0.0  0.7238225404883354
0.5778801441192627  0.5779474973678589           0.0  0.7238225404883354
0.5779474973678589  0.5780148506164551           0.0  0.7238225404883354
0.5780148506164551  0.5780822038650513           0.0  0.7238225404883354
0.5780822038650513  0.5781496167182922           0.0  0.7231825559255693
0.5781496167182922  0.5782170295715332           0.0  0.7231825559255693
0.5782170295715332  0.5782844424247742           0.0  0.7231825559255693
0.5782844424247742  0.5783519148826599           0.0  0.7225437020775786
0.5783519148826599  0.5784193277359009           0.0  0.7231825559255693
0.5784193277359009  0.5784868001937866           0.0  0.7225437020775786
0.5784868001937866  0.5785542726516724           0.0  0.7225437020775786
0.5785542726516724  0.5786218047142029           0.0  0.7219059759504139
0.5786218047142029  0.5786893367767334           0.0  0.7219059759504139
0.5786893367767334  0.5787568688392639           0.0  0.7219059759504139
0.5787568688392639  0.5788244009017944           0.0  0.7219059759504139
0.5788244009017944  0.578891932964325           0.0  0.7219059759504139
0.578891932964325  0.5789595246315002           0.0  0.721269374560687
0.5789595246315002  0.5790271162986755           0.0  0.721269374560687
0.5790271162986755  0.5790947675704956           0.0  0.7206338949355233
0.5790947675704956  0.5791623592376709           0.0  0.721269374560687
0.5791623592376709  0.579230010509491           0.0  0.7206338949355233
0.579230010509491  0.579297661781311           0.0  0.7206338949355233
0.579297661781311  0.5793653726577759           0.0  0.7199995341125167
0.5793653726577759  0.5794330239295959           0.0  0.7206338949355233
0.5794330239295959  0.5795007348060608           0.0  0.7199995341125167
0.5795007348060608  0.5795684456825256           0.0  0.7199995341125167
0.5795684456825256  0.5796362161636353           0.0  0.7193662891396825
0.5796362161636353  0.5797039866447449           0.0  0.7193662891396825
0.5797039866447449  0.5797717571258545           0.0  0.7193662891396825
0.5797717571258545  0.5798395276069641           0.0  0.7193662891396825
0.5798395276069641  0.5799072980880737           0.0  0.7193662891396825
0.5799072980880737  0.5799751281738281           0.0  0.7187341570754122
0.5799751281738281  0.5800429582595825           0.0  0.7187341570754122
0.5800429582595825  0.5801108479499817           0.0  0.7181031349884276
0.5801108479499817  0.5801786780357361           0.0  0.7187341570754122
0.5801786780357361  0.5802465677261353           0.0  0.7181031349884276
0.5802465677261353  0.5803144574165344           0.0  0.7181031349884276
0.5803144574165344  0.5803824067115784           0.0  0.7174732199577361
0.5803824067115784  0.5804502964019775           0.0  0.7181031349884276
0.5804502964019775  0.5805182456970215           0.0  0.7174732199577361
0.5805182456970215  0.5805861949920654           0.0  0.7174732199577361
0.5805861949920654  0.5806542038917542           0.0  0.7168444090725846
0.5806542038917542  0.5807221531867981           0.0  0.7174732199577361
0.5807221531867981  0.5807901620864868           0.0  0.7168444090725846
0.5807901620864868  0.5808582305908203           0.0  0.7162166994324161
0.5808582305908203  0.580926239490509           0.0  0.7168444090725846
0.580926239490509  0.5809943079948425           0.0  0.7162166994324161
0.5809943079948425  0.581062376499176           0.0  0.7162166994324161
0.581062376499176  0.5811304450035095           0.0  0.7162166994324161
0.5811304450035095  0.5811985731124878           0.0  0.7155900881468233
0.5811985731124878  0.5812667012214661           0.0  0.7155900881468233
0.5812667012214661  0.5813348293304443           0.0  0.7155900881468233
0.5813348293304443  0.5814029574394226           0.0  0.7155900881468233
0.5814029574394226  0.5814711451530457           0.0  0.7149645723355061
0.5814711451530457  0.5815393328666687           0.0  0.7149645723355061
0.5815393328666687  0.5816075205802917           0.0  0.7149645723355061
0.5816075205802917  0.5816757678985596           0.0  0.7143401491282262
0.5816757678985596  0.5817439556121826           0.0  0.7149645723355061
0.5817439556121826  0.5818122029304504           0.0  0.7143401491282262
0.5818122029304504  0.581880509853363           0.0  0.7137168156647635
0.581880509853363  0.5819487571716309           0.0  0.7143401491282262
0.5819487571716309  0.5820170640945435           0.0  0.7137168156647635
0.5820170640945435  0.5820853710174561           0.0  0.7137168156647635
0.5820853710174561  0.5821536779403687           0.0  0.7137168156647635
0.5821536779403687  0.582222044467926           0.0  0.7130945690948727
0.582222044467926  0.5822904109954834           0.0  0.7130945690948727
0.5822904109954834  0.5823587775230408           0.0  0.7130945690948727
0.5823587775230408  0.5824272036552429           0.0  0.7124734065782395
0.5824272036552429  0.5824955701828003           0.0  0.7130945690948727
0.5824955701828003  0.5825639963150024           0.0  0.7124734065782395
0.5825639963150024  0.5826324224472046           0.0  0.7124734065782395
0.5826324224472046  0.5827009081840515           0.0  0.7118533252844378
0.5827009081840515  0.5827693939208984           0.0  0.7118533252844378
0.5827693939208984  0.5828378796577454           0.0  0.7118533252844378
0.5828378796577454  0.5829063653945923           0.0  0.7118533252844378
0.5829063653945923  0.582974910736084           0.0  0.7112343223928861
0.582974910736084  0.5830434560775757           0.0  0.7112343223928861
0.5830434560775757  0.5831120014190674           0.0  0.7112343223928861
0.5831120014190674  0.5831805467605591           0.0  0.7112343223928861
0.5831805467605591  0.5832491517066956           0.0  0.7106163950928054
0.5832491517066956  0.583317756652832           0.0  0.7106163950928054
0.583317756652832  0.5833863615989685           0.0  0.7106163950928054
0.5833863615989685  0.583454966545105           0.0  0.7106163950928054
0.583454966545105  0.5835236310958862           0.0  0.7099995405831763
0.5835236310958862  0.5835922956466675           0.0  0.7099995405831763
0.5835922956466675  0.5836609601974487           0.0  0.7099995405831763
0.5836609601974487  0.5837296843528748           0.0  0.7093837560726965
0.5837296843528748  0.5837984085083008           0.0  0.7093837560726965
0.5837984085083008  0.5838671326637268           0.0  0.7093837560726965
0.5838671326637268  0.5839358568191528           0.0  0.7093837560726965
0.5839358568191528  0.5840046405792236           0.0  0.7087690387797392
0.5840046405792236  0.5840734243392944           0.0  0.7087690387797392
0.5840734243392944  0.5841422080993652           0.0  0.7087690387797392
0.5841422080993652  0.5842110514640808           0.0  0.7081553859323109
0.5842110514640808  0.5842798352241516           0.0  0.7087690387797392
0.5842798352241516  0.5843486785888672           0.0  0.7081553859323109
0.5843486785888672  0.5844175815582275           0.0  0.7075427947680096
0.5844175815582275  0.5844864249229431           0.0  0.7081553859323109
0.5844864249229431  0.5845553278923035           0.0  0.7075427947680096
0.5845553278923035  0.5846242308616638           0.0  0.7075427947680096
0.5846242308616638  0.5846931934356689           0.0  0.7069312625339836
0.5846931934356689  0.5847620964050293           0.0  0.7075427947680096
0.5847620964050293  0.5848310589790344           0.0  0.7069312625339836
0.5848310589790344  0.5849000215530396           0.0  0.7069312625339836
0.5849000215530396  0.5849690437316895           0.0  0.7063207864868903
0.5849690437316895  0.5850380063056946           0.0  0.7069312625339836
0.5850380063056946  0.5851070880889893           0.0  0.705711363892855
0.5851070880889893  0.5851761102676392           0.0  0.7063207864868903
0.5851761102676392  0.5852451324462891           0.0  0.7063207864868903
0.5852451324462891  0.5853142142295837           0.0  0.705711363892855
0.5853142142295837  0.5853832960128784           0.0  0.705711363892855
0.5853832960128784  0.5854524374008179           0.0  0.7051029920274302
0.5854524374008179  0.5855215191841125           0.0  0.705711363892855
0.5855215191841125  0.585590660572052           0.0  0.7051029920274302
0.585590660572052  0.5856598019599915           0.0  0.7051029920274302
0.5856598019599915  0.5857290029525757           0.0  0.7044956681755546
0.5857290029525757  0.5857982039451599           0.0  0.7044956681755546
0.5857982039451599  0.5858674049377441           0.0  0.7044956681755546
0.5858674049377441  0.5859366059303284           0.0  0.7044956681755546
0.5859366059303284  0.5860058665275574           0.0  0.7038893896315138
0.5860058665275574  0.5860750675201416           0.0  0.7044956681755546
0.5860750675201416  0.5861443877220154           0.0  0.7032841536988985
0.5861443877220154  0.5862136483192444           0.0  0.7038893896315138
0.5862136483192444  0.5862829685211182           0.0  0.7032841536988985
0.5862829685211182  0.5863522887229919           0.0  0.7032841536988985
0.5863522887229919  0.5864216089248657           0.0  0.7032841536988985
0.5864216089248657  0.5864909291267395           0.0  0.7032841536988985
0.5864909291267395  0.5865603089332581           0.0  0.7026799576905661
0.5865603089332581  0.5866296887397766           0.0  0.7026799576905661
0.5866296887397766  0.5866990685462952           0.0  0.7026799576905661
0.5866990685462952  0.5867685079574585           0.0  0.7020767989286001
0.5867685079574585  0.5868379473686218           0.0  0.7020767989286001
0.5868379473686218  0.5869073867797852           0.0  0.7020767989286001
0.5869073867797852  0.5869768261909485           0.0  0.7020767989286001
0.5869768261909485  0.5870463252067566           0.0  0.7014746747442702
0.5870463252067566  0.5871158242225647           0.0  0.7014746747442702
0.5871158242225647  0.5871853232383728           0.0  0.7014746747442702
0.5871853232383728  0.5872548818588257           0.0  0.700873582477994
0.5872548818588257  0.5873244404792786           0.0  0.700873582477994
0.5873244404792786  0.5873939990997314           0.0  0.700873582477994
0.5873939990997314  0.5874635577201843           0.0  0.700873582477994
0.5874635577201843  0.587533175945282           0.0  0.7002735194792972
0.587533175945282  0.5876027941703796           0.0  0.7002735194792972
0.5876027941703796  0.5876724123954773           0.0  0.7002735194792972
0.5876724123954773  0.587742030620575           0.0  0.7002735194792972
0.587742030620575  0.5878117084503174           0.0  0.6996744831067743
0.5878117084503174  0.5878813862800598           0.0  0.6996744831067743
0.5878813862800598  0.5879510641098022           0.0  0.6996744831067743
0.5879510641098022  0.5880208015441895           0.0  0.6990764707280505
0.5880208015441895  0.5880905389785767           0.0  0.6990764707280505
0.5880905389785767  0.5881602764129639           0.0  0.6990764707280505
0.5881602764129639  0.5882300138473511           0.0  0.6990764707280505
0.5882300138473511  0.5882998108863831           0.0  0.698479479719743
0.5882998108863831  0.588369607925415           0.0  0.698479479719743
0.588369607925415  0.588439404964447           0.0  0.698479479719743
0.588439404964447  0.5885092616081238           0.0  0.6978835074674223
0.5885092616081238  0.5885791182518005           0.0  0.6978835074674223
0.5885791182518005  0.5886489748954773           0.0  0.6978835074674223
0.5886489748954773  0.5887188315391541           0.0  0.6978835074674223
0.5887188315391541  0.5887887477874756           0.0  0.6972885513655745
0.5887887477874756  0.5888586640357971           0.0  0.6972885513655745
0.5888586640357971  0.5889285802841187           0.0  0.6972885513655745
0.5889285802841187  0.5889984965324402           0.0  0.6972885513655745
0.5889984965324402  0.5890684723854065           0.0  0.6966946088175631
0.5890684723854065  0.5891384482383728           0.0  0.6966946088175631
0.5891384482383728  0.5892084240913391           0.0  0.6966946088175631
0.5892084240913391  0.5892784595489502           0.0  0.6961016772355907
0.5892784595489502  0.5893484950065613           0.0  0.6961016772355907
0.5893484950065613  0.5894185304641724           0.0  0.6961016772355907
0.5894185304641724  0.5894885659217834           0.0  0.6961016772355907
0.5894885659217834  0.5895586609840393           0.0  0.6955097540406624
0.5895586609840393  0.5896287560462952           0.0  0.6955097540406624
0.5896287560462952  0.589698851108551           0.0  0.6955097540406624
0.589698851108551  0.5897690057754517           0.0  0.6949188366625481
0.5897690057754517  0.5898391604423523           0.0  0.6949188366625481
0.5898391604423523  0.5899093151092529           0.0  0.6949188366625481
0.5899093151092529  0.5899794697761536           0.0  0.6949188366625481
0.5899794697761536  0.590049684047699           0.0  0.6943289225397445
0.590049684047699  0.5901198983192444           0.0  0.6943289225397445
0.5901198983192444  0.5901901125907898           0.0  0.6943289225397445
0.5901901125907898  0.5902603268623352           0.0  0.6943289225397445
0.5902603268623352  0.5903306007385254           0.0  0.6937400091194393
0.5903306007385254  0.5904008746147156           0.0  0.6937400091194393
0.5904008746147156  0.5904712080955505           0.0  0.6931520938574738
0.5904712080955505  0.5905414819717407           0.0  0.6937400091194393
0.5905414819717407  0.5906118154525757           0.0  0.6931520938574738
0.5906118154525757  0.5906821489334106           0.0  0.6931520938574738
0.5906821489334106  0.5907525420188904           0.0  0.6925651742183058
0.5907525420188904  0.5908228754997253           0.0  0.6931520938574738
0.5908228754997253  0.5908932685852051           0.0  0.6925651742183058
0.5908932685852051  0.5909637212753296           0.0  0.6919792476749739
0.5909637212753296  0.5910341143608093           0.0  0.6925651742183058
0.5910341143608093  0.5911045670509338           0.0  0.6919792476749739
0.5911045670509338  0.5911750197410583           0.0  0.6919792476749739
0.5911750197410583  0.5912455320358276           0.0  0.691394311709061
0.5912455320358276  0.5913160443305969           0.0  0.691394311709061
0.5913160443305969  0.5913865566253662           0.0  0.691394311709061
0.5913865566253662  0.5914570689201355           0.0  0.691394311709061
0.5914570689201355  0.5915275812149048           0.0  0.691394311709061
0.5915275812149048  0.5915981531143188           0.0  0.690810363810658
0.5915981531143188  0.5916687250137329           0.0  0.690810363810658
0.5916687250137329  0.5917393565177917           0.0  0.6902274014783284
0.5917393565177917  0.5918099284172058           0.0  0.690810363810658
0.5918099284172058  0.5918805599212646           0.0  0.6902274014783284
0.5918805599212646  0.5919512510299683           0.0  0.6896454222190717
0.5919512510299683  0.5920218825340271           0.0  0.6902274014783284
0.5920218825340271  0.5920925736427307           0.0  0.6896454222190717
0.5920925736427307  0.5921632647514343           0.0  0.6896454222190717
0.5921632647514343  0.5922340154647827           0.0  0.6890644235482889
0.5922340154647827  0.5923047065734863           0.0  0.6896454222190717
0.5923047065734863  0.5923754572868347           0.0  0.6890644235482889
0.5923754572868347  0.5924462080001831           0.0  0.6890644235482889
0.5924462080001831  0.5925170183181763           0.0  0.6884844029897467
0.5925170183181763  0.5925878286361694           0.0  0.6884844029897467
0.5925878286361694  0.5926586389541626           0.0  0.6884844029897467
0.5926586389541626  0.5927294492721558           0.0  0.6884844029897467
0.5927294492721558  0.5928003191947937           0.0  0.6879053580755417
0.5928003191947937  0.5928711891174316           0.0  0.6879053580755417
0.5928711891174316  0.5929420590400696           0.0  0.6879053580755417
0.5929420590400696  0.5930129885673523           0.0  0.6873272863460664
0.5930129885673523  0.5930838584899902           0.0  0.6879053580755417
0.5930838584899902  0.5931547880172729           0.0  0.6873272863460664
0.5931547880172729  0.5932257771492004           0.0  0.686750185349974
0.5932257771492004  0.5932967662811279           0.0  0.686750185349974
0.5932967662811279  0.5933676958084106           0.0  0.6873272863460664
0.5933676958084106  0.5934387445449829           0.0  0.6861740526441434
0.5934387445449829  0.5935097336769104           0.0  0.686750185349974
0.5935097336769104  0.5935807824134827           0.0  0.6861740526441434
0.5935807824134827  0.5936518311500549           0.0  0.6861740526441434
0.5936518311500549  0.5937228798866272           0.0  0.6861740526441434
0.5937228798866272  0.5937939882278442           0.0  0.6855988857936455
0.5937939882278442  0.5938650965690613           0.0  0.6855988857936455
0.5938650965690613  0.5939362049102783           0.0  0.6855988857936455
0.5939362049102783  0.5940073728561401           0.0  0.6850246823717078
0.5940073728561401  0.594078540802002           0.0  0.6850246823717078
0.594078540802002  0.5941497087478638           0.0  0.6850246823717078
0.5941497087478638  0.5942208766937256           0.0  0.6850246823717078
0.5942208766937256  0.5942921042442322           0.0  0.6844514399596812
0.5942921042442322  0.5943633317947388           0.0  0.6844514399596812
0.5943633317947388  0.5944345593452454           0.0  0.6844514399596812
0.5944345593452454  0.594505786895752           0.0  0.6844514399596812
0.594505786895752  0.5945770740509033           0.0  0.6838791561470059
0.5945770740509033  0.5946483612060547           0.0  0.6838791561470059
0.5946483612060547  0.5947197079658508           0.0  0.6833078285311772
0.5947197079658508  0.5947909951210022           0.0  0.6838791561470059
0.5947909951210022  0.5948623418807983           0.0  0.6833078285311772
0.5948623418807983  0.5949336886405945           0.0  0.6833078285311772
0.5949336886405945  0.5950050950050354           0.0  0.6827374547177121
0.5950050950050354  0.5950765013694763           0.0  0.6827374547177121
0.5950765013694763  0.5951479077339172           0.0  0.6827374547177121
0.5951479077339172  0.5952193140983582           0.0  0.6827374547177121
0.5952193140983582  0.5952907800674438           0.0  0.682168032320116
0.5952907800674438  0.5953622460365295           0.0  0.682168032320116
0.5953622460365295  0.5954337120056152           0.0  0.682168032320116
0.5954337120056152  0.5955052375793457           0.0  0.6815995589598491
0.5955052375793457  0.5955767035484314           0.0  0.682168032320116
0.5955767035484314  0.5956482887268066           0.0  0.6810320322662939
0.5956482887268066  0.5957198143005371           0.0  0.6815995589598491
0.5957198143005371  0.5957913994789124           0.0  0.6810320322662939
0.5957913994789124  0.5958629846572876           0.0  0.6810320322662939
0.5958629846572876  0.5959345698356628           0.0  0.6810320322662939
0.5959345698356628  0.5960061550140381           0.0  0.6810320322662939
0.5960061550140381  0.5960777997970581           0.0  0.6804654498767213
0.5960777997970581  0.5961494445800781           0.0  0.6804654498767213
0.5961494445800781  0.5962211489677429           0.0  0.6798998094362585
0.5962211489677429  0.5962928533554077           0.0  0.6798998094362585
0.5962928533554077  0.5963645577430725           0.0  0.6798998094362585
0.5963645577430725  0.5964362621307373           0.0  0.6798998094362585
0.5964362621307373  0.5965079665184021           0.0  0.6798998094362585
0.5965079665184021  0.5965797305107117           0.0  0.6793351085978563
0.5965797305107117  0.5966514945030212           0.0  0.6793351085978563
0.5966514945030212  0.5967233180999756           0.0  0.6787713450222564
0.5967233180999756  0.5967951416969299           0.0  0.6787713450222564
0.5967951416969299  0.5968669652938843           0.0  0.6787713450222564
0.5968669652938843  0.5969387888908386           0.0  0.6787713450222564
0.5969387888908386  0.5970106720924377           0.0  0.6782085163779594
0.5970106720924377  0.5970824956893921           0.0  0.6787713450222564
0.5970824956893921  0.597154438495636           0.0  0.6776466203411923
0.597154438495636  0.5972263216972351           0.0  0.6782085163779594
0.5972263216972351  0.597298264503479           0.0  0.6776466203411923
0.597298264503479  0.5973702073097229           0.0  0.6776466203411923
0.5973702073097229  0.5974421501159668           0.0  0.6776466203411923
0.5974421501159668  0.5975141525268555           0.0  0.6770856545958767
0.5975141525268555  0.5975861549377441           0.0  0.6770856545958767
0.5975861549377441  0.5976581573486328           0.0  0.6770856545958767
0.5976581573486328  0.5977302193641663           0.0  0.6765256168335972
0.5977302193641663  0.5978022217750549           0.0  0.6770856545958767
0.5978022217750549  0.5978742837905884           0.0  0.6765256168335972
0.5978742837905884  0.5979464054107666           0.0  0.6759665047535695
0.5979464054107666  0.5980185270309448           0.0  0.6759665047535695
0.5980185270309448  0.598090648651123           0.0  0.6759665047535695
0.598090648651123  0.5981627702713013           0.0  0.6759665047535695
0.5981627702713013  0.5982348918914795           0.0  0.6759665047535695
0.5982348918914795  0.5983070731163025           0.0  0.6754083160626086
0.5983070731163025  0.5983792543411255           0.0  0.6754083160626086
0.5983792543411255  0.5984514951705933           0.0  0.6748510484750982
0.5984514951705933  0.5985236763954163           0.0  0.6754083160626086
0.5985236763954163  0.5985959768295288           0.0  0.6742946997129589
0.5985959768295288  0.5986682176589966           0.0  0.6748510484750982
0.5986682176589966  0.5987404584884644           0.0  0.6748510484750982
0.5987404584884644  0.5988127589225769           0.0  0.6742946997129589
0.5988127589225769  0.5988851189613342           0.0  0.673739267505617
0.5988851189613342  0.5989574193954468           0.0  0.6742946997129589
0.5989574193954468  0.5990297794342041           0.0  0.673739267505617
0.5990297794342041  0.5991021394729614           0.0  0.673739267505617
0.5991021394729614  0.5991744995117188           0.0  0.673739267505617
0.5991744995117188  0.5992469191551208           0.0  0.6731847495899744
0.5992469191551208  0.5993193387985229           0.0  0.6731847495899744
0.5993193387985229  0.599391758441925           0.0  0.6731847495899744
0.599391758441925  0.5994642376899719           0.0  0.6726311437103775
0.5994642376899719  0.599536657333374           0.0  0.6731847495899744
0.599536657333374  0.5996091961860657           0.0  0.6720784476185858
0.5996091961860657  0.5996816754341125           0.0  0.6726311437103775
0.5996816754341125  0.5997542142868042           0.0  0.6720784476185858
0.5997542142868042  0.5998267531394958           0.0  0.6720784476185858
0.5998267531394958  0.5998992919921875           0.0  0.6720784476185858
0.5998992919921875  0.5999718904495239           0.0  0.671526659073743
0.5999718904495239  0.6000444293022156           0.0  0.6720784476185858
0.6000444293022156  0.6001170873641968           0.0  0.6709757758423454
0.6001170873641968  0.6001896858215332           0.0  0.671526659073743
0.6001896858215332  0.6002623438835144           0.0  0.6709757758423454
0.6002623438835144  0.6003350019454956           0.0  0.6709757758423454
0.6003350019454956  0.6004076600074768           0.0  0.6709757758423454
0.6004076600074768  0.6004803776741028           0.0  0.6704257956982124
0.6004803776741028  0.6005530953407288           0.0  0.6704257956982124
0.6005530953407288  0.6006258130073547           0.0  0.6704257956982124
0.6006258130073547  0.6006985902786255           0.0  0.6698767164224562
0.6006985902786255  0.6007713675498962           0.0  0.6698767164224562
0.6007713675498962  0.600844144821167           0.0  0.6698767164224562
0.600844144821167  0.6009169220924377           0.0  0.6698767164224562
0.6009169220924377  0.6009897589683533           0.0  0.6693285358034525
0.6009897589683533  0.6010625958442688           0.0  0.6693285358034525
0.6010625958442688  0.6011354327201843           0.0  0.6693285358034525
0.6011354327201843  0.6012083292007446           0.0  0.6687812516368103
0.6012083292007446  0.6012812256813049           0.0  0.6687812516368103
0.6012812256813049  0.6013541221618652           0.0  0.6687812516368103
0.6013541221618652  0.6014270186424255           0.0  0.6687812516368103
0.6014270186424255  0.6014999747276306           0.0  0.6682348617253424
0.6014999747276306  0.6015729308128357           0.0  0.6682348617253424
0.6015729308128357  0.6016459465026855           0.0  0.667689363879036
0.6016459465026855  0.6017189025878906           0.0  0.6682348617253424
0.6017189025878906  0.6017919182777405           0.0  0.667689363879036
0.6017919182777405  0.6018649935722351           0.0  0.6671447559150238
0.6018649935722351  0.601938009262085           0.0  0.667689363879036
0.601938009262085  0.6020110845565796           0.0  0.6671447559150238
0.6020110845565796  0.6020841598510742           0.0  0.6671447559150238
0.6020841598510742  0.6021572947502136           0.0  0.6666010356575542
0.6021572947502136  0.602230429649353           0.0  0.6666010356575542
0.602230429649353  0.6023035645484924           0.0  0.6666010356575542
0.6023035645484924  0.6023766994476318           0.0  0.6666010356575542
0.6023766994476318  0.602449893951416           0.0  0.6660582009379633
0.602449893951416  0.6025230884552002           0.0  0.6660582009379633
0.6025230884552002  0.6025962829589844           0.0  0.6660582009379633
0.6025962829589844  0.6026695370674133           0.0  0.6655162495946453
0.6026695370674133  0.6027427315711975           0.0  0.6660582009379633
0.6027427315711975  0.6028160452842712           0.0  0.6649751794730235
0.6028160452842712  0.6028892993927002           0.0  0.6655162495946453
0.6028892993927002  0.6029626131057739           0.0  0.6649751794730235
0.6029626131057739  0.6030359268188477           0.0  0.6649751794730235
0.6030359268188477  0.6031092405319214           0.0  0.6649751794730235
0.6031092405319214  0.6031826138496399           0.0  0.6644349884255232
0.6031826138496399  0.6032559871673584           0.0  0.6644349884255232
0.6032559871673584  0.6033293604850769           0.0  0.6644349884255232
0.6033293604850769  0.6034027934074402           0.0  0.6638956743115414
0.6034027934074402  0.6034762263298035           0.0  0.6638956743115414
0.6034762263298035  0.6035496592521667           0.0  0.6638956743115414
0.6035496592521667  0.60362309217453           0.0  0.6638956743115414
0.60362309217453  0.6036965847015381           0.0  0.6633572349974202
0.6036965847015381  0.6037700772285461           0.0  0.6633572349974202
0.6037700772285461  0.6038435697555542           0.0  0.6633572349974202
0.6038435697555542  0.603917121887207           0.0  0.6628196683564174
0.603917121887207  0.6039906740188599           0.0  0.6628196683564174
0.6039906740188599  0.6040642261505127           0.0  0.6628196683564174
0.6040642261505127  0.6041378378868103           0.0  0.6622829722686794
0.6041378378868103  0.6042114496231079           0.0  0.6622829722686794
0.6042114496231079  0.6042850613594055           0.0  0.6622829722686794
0.6042850613594055  0.6043586730957031           0.0  0.6622829722686794
0.6043586730957031  0.6044323444366455           0.0  0.6617471446212129
0.6044323444366455  0.6045060157775879           0.0  0.6617471446212129
0.6045060157775879  0.604579746723175           0.0  0.6612121833078569
0.604579746723175  0.6046534180641174           0.0  0.6617471446212129
0.6046534180641174  0.6047271490097046           0.0  0.6612121833078569
0.6047271490097046  0.6048008799552917           0.0  0.6612121833078569
0.6048008799552917  0.6048746705055237           0.0  0.6606780862292561
0.6048746705055237  0.6049484610557556           0.0  0.6606780862292561
0.6049484610557556  0.6050222516059875           0.0  0.6606780862292561
0.6050222516059875  0.6050961017608643           0.0  0.6601448512928322
0.6050961017608643  0.6051698923110962           0.0  0.6606780862292561
0.6051698923110962  0.6052437424659729           0.0  0.6601448512928322
0.6052437424659729  0.6053176522254944           0.0  0.6596124764127573
0.6053176522254944  0.6053915023803711           0.0  0.6601448512928322
0.6053915023803711  0.6054654121398926           0.0  0.6596124764127573
0.6054654121398926  0.6055393815040588           0.0  0.6590809595099267
0.6055393815040588  0.6056132912635803           0.0  0.6596124764127573
0.6056132912635803  0.6056872606277466           0.0  0.6590809595099267
0.6056872606277466  0.6057612299919128           0.0  0.6590809595099267
0.6057612299919128  0.6058352589607239           0.0  0.6585502985119316
0.6058352589607239  0.6059092879295349           0.0  0.6585502985119316
0.6059092879295349  0.6059833168983459           0.0  0.6585502985119316
0.6059833168983459  0.606057345867157           0.0  0.6585502985119316
0.606057345867157  0.6061314344406128           0.0  0.6580204913530322
0.6061314344406128  0.6062055230140686           0.0  0.6580204913530322
0.6062055230140686  0.6062796115875244           0.0  0.6580204913530322
0.6062796115875244  0.606353759765625           0.0  0.657491535974131
0.606353759765625  0.6064279079437256           0.0  0.657491535974131
0.6064279079437256  0.6065020561218262           0.0  0.657491535974131
0.6065020561218262  0.6065762639045715           0.0  0.6569634303227462
0.6065762639045715  0.6066504716873169           0.0  0.6569634303227462
0.6066504716873169  0.6067246794700623           0.0  0.6569634303227462
0.6067246794700623  0.6067988872528076           0.0  0.6569634303227462
0.6067988872528076  0.6068731546401978           0.0  0.6564361723529848
0.6068731546401978  0.6069474220275879           0.0  0.6564361723529848
0.6069474220275879  0.607021689414978           0.0  0.6564361723529848
0.607021689414978  0.6070960164070129           0.0  0.6559097600255165
0.6070960164070129  0.6071703433990479           0.0  0.6559097600255165
0.6071703433990479  0.6072446703910828           0.0  0.6559097600255165
0.6072446703910828  0.6073190569877625           0.0  0.6553841913075473
0.6073190569877625  0.6073934435844421           0.0  0.6553841913075473
0.6073934435844421  0.6074678301811218           0.0  0.6553841913075473
0.6074678301811218  0.6075422763824463           0.0  0.6548594641727935
0.6075422763824463  0.607616662979126           0.0  0.6553841913075473
0.607616662979126  0.6076911687850952           0.0  0.6543355766014552
0.6076911687850952  0.6077656149864197           0.0  0.6548594641727935
0.6077656149864197  0.6078401207923889           0.0  0.6543355766014552
0.6078401207923889  0.6079146265983582           0.0  0.6543355766014552
0.6079146265983582  0.6079891324043274           0.0  0.6543355766014552
0.6079891324043274  0.6080636978149414           0.0  0.6538125265801911
0.6080636978149414  0.6081382632255554           0.0  0.6538125265801911
0.6081382632255554  0.6082128286361694           0.0  0.6538125265801911
0.6082128286361694  0.6082874536514282           0.0  0.6532903121020919
0.6082874536514282  0.608362078666687           0.0  0.6532903121020919
0.608362078666687  0.6084367036819458           0.0  0.6532903121020919
0.6084367036819458  0.6085113286972046           0.0  0.6532903121020919
0.6085113286972046  0.6085860133171082           0.0  0.6527689311666552
0.6085860133171082  0.6086606979370117           0.0  0.6527689311666552
0.6086606979370117  0.6087354421615601           0.0  0.6522483817797601
0.6087354421615601  0.6088101267814636           0.0  0.6527689311666552
0.6088101267814636  0.608884871006012           0.0  0.6522483817797601
0.608884871006012  0.6089596748352051           0.0  0.6517286619536407
0.6089596748352051  0.6090344190597534           0.0  0.6522483817797601
0.6090344190597534  0.6091092228889465           0.0  0.6517286619536407
0.6091092228889465  0.6091840863227844           0.0  0.6512097697068623
0.6091840863227844  0.6092588901519775           0.0  0.6517286619536407
0.6092588901519775  0.6093337535858154           0.0  0.6512097697068623
0.6093337535858154  0.6094086170196533           0.0  0.6512097697068623
0.6094086170196533  0.609483540058136           0.0  0.6506917030642951
0.609483540058136  0.6095584630966187           0.0  0.6506917030642951
0.6095584630966187  0.6096333861351013           0.0  0.6506917030642951
0.6096333861351013  0.609708309173584           0.0  0.6506917030642951
0.609708309173584  0.6097832918167114           0.0  0.6501744600570898
0.6097832918167114  0.6098582744598389           0.0  0.6501744600570898
0.6098582744598389  0.6099332571029663           0.0  0.6501744600570898
0.6099332571029663  0.6100082993507385           0.0  0.6496580387226522
0.6100082993507385  0.6100833415985107           0.0  0.6496580387226522
0.6100833415985107  0.610158383846283           0.0  0.6496580387226522
0.610158383846283  0.6102334856987           0.0  0.6491424371046183
0.6102334856987  0.6103085875511169           0.0  0.6491424371046183
0.6103085875511169  0.6103836894035339           0.0  0.6491424371046183
0.6103836894035339  0.6104587912559509           0.0  0.6491424371046183
0.6104587912559509  0.6105339527130127           0.0  0.6486276532528303
0.6105339527130127  0.6106091141700745           0.0  0.6486276532528303
0.6106091141700745  0.610684335231781           0.0  0.6481136852233115
0.610684335231781  0.6107595562934875           0.0  0.6481136852233115
0.6107595562934875  0.6108347773551941           0.0  0.6481136852233115
0.6108347773551941  0.6109099984169006           0.0  0.6481136852233115
0.6109099984169006  0.610985279083252           0.0  0.6476005310782416
0.610985279083252  0.6110605597496033           0.0  0.6476005310782416
0.6110605597496033  0.6111358404159546           0.0  0.6476005310782416
0.6111358404159546  0.6112111806869507           0.0  0.6470881888859328
0.6112111806869507  0.6112865209579468           0.0  0.6470881888859328
0.6112865209579468  0.6113618612289429           0.0  0.6470881888859328
0.6113618612289429  0.6114372611045837           0.0  0.6465766567208056
0.6114372611045837  0.6115126013755798           0.0  0.6470881888859328
0.6115126013755798  0.6115880608558655           0.0  0.6460659326633642
0.6115880608558655  0.6116634607315063           0.0  0.6465766567208056
0.6116634607315063  0.611738920211792           0.0  0.6460659326633642
0.611738920211792  0.6118143796920776           0.0  0.6460659326633642
0.6118143796920776  0.6118898987770081           0.0  0.6455560148001729
0.6118898987770081  0.6119653582572937           0.0  0.6460659326633642
0.6119653582572937  0.6120408773422241           0.0  0.6455560148001729
0.6120408773422241  0.6121164560317993           0.0  0.6450469012238321
0.6121164560317993  0.6121919751167297           0.0  0.6455560148001729
0.6121919751167297  0.6122676134109497           0.0  0.6445385900329543
0.6122676134109497  0.6123431921005249           0.0  0.6450469012238321
0.6123431921005249  0.6124187707901001           0.0  0.6450469012238321
0.6124187707901001  0.6124944090843201           0.0  0.6445385900329543
0.6124944090843201  0.6125701069831848           0.0  0.6440310793321409
0.6125701069831848  0.6126457452774048           0.0  0.6445385900329543
0.6126457452774048  0.6127214431762695           0.0  0.6440310793321409
0.6127214431762695  0.6127971410751343           0.0  0.6440310793321409
0.6127971410751343  0.6128728985786438           0.0  0.6435243672319583
0.6128728985786438  0.6129486560821533           0.0  0.6435243672319583
0.6129486560821533  0.6130244135856628           0.0  0.6435243672319583
0.6130244135856628  0.6131001710891724           0.0  0.6435243672319583
0.6131001710891724  0.6131759881973267           0.0  0.6430184518489143
0.6131759881973267  0.613251805305481           0.0  0.6430184518489143
0.613251805305481  0.61332768201828           0.0  0.6425133313054352
0.61332768201828  0.6134034991264343           0.0  0.6430184518489143
0.6134034991264343  0.6134793758392334           0.0  0.6425133313054352
0.6134793758392334  0.6135553121566772           0.0  0.6420090037298423
0.6135553121566772  0.6136311888694763           0.0  0.6425133313054352
0.6136311888694763  0.6137071251869202           0.0  0.6420090037298423
0.6137071251869202  0.6137831211090088           0.0  0.6415054672563286
0.6137831211090088  0.6138590574264526           0.0  0.6420090037298423
0.6138590574264526  0.6139350533485413           0.0  0.6415054672563286
0.6139350533485413  0.6140110492706299           0.0  0.6415054672563286
0.6140110492706299  0.6140871047973633           0.0  0.6410027200249365
0.6140871047973633  0.6141631603240967           0.0  0.6410027200249365
0.6141631603240967  0.6142392158508301           0.0  0.6410027200249365
0.6142392158508301  0.6143153309822083           0.0  0.6405007601815341
0.6143153309822083  0.6143913865089417           0.0  0.6410027200249365
0.6143913865089417  0.6144675016403198           0.0  0.6405007601815341
0.6144675016403198  0.6145436763763428           0.0  0.6399995858777927
0.6145436763763428  0.6146198511123657           0.0  0.6399995858777927
0.6146198511123657  0.6146960258483887           0.0  0.6399995858777927
0.6146960258483887  0.6147722005844116           0.0  0.6399995858777927
0.6147722005844116  0.6148484349250793           0.0  0.6394991952711643
0.6148484349250793  0.6149246692657471           0.0  0.6394991952711643
0.6149246692657471  0.6150009036064148           0.0  0.6394991952711643
0.6150009036064148  0.6150771975517273           0.0  0.6389995865248587
0.6150771975517273  0.6151534914970398           0.0  0.6389995865248587
0.6151534914970398  0.6152297854423523           0.0  0.6389995865248587
0.6152297854423523  0.6153061389923096           0.0  0.6385007578078213
0.6153061389923096  0.6153824925422668           0.0  0.6385007578078213
0.6153824925422668  0.6154588460922241           0.0  0.6385007578078213
0.6154588460922241  0.6155352592468262           0.0  0.6380027072947106
0.6155352592468262  0.6156116724014282           0.0  0.6380027072947106
0.6156116724014282  0.6156880855560303           0.0  0.6380027072947106
0.6156880855560303  0.6157644987106323           0.0  0.6380027072947106
0.6157644987106323  0.6158409714698792           0.0  0.6375054331658762
0.6158409714698792  0.615917444229126           0.0  0.6375054331658762
0.615917444229126  0.6159939765930176           0.0  0.6370089336073357
0.6159939765930176  0.6160705089569092           0.0  0.6370089336073357
0.6160705089569092  0.6161470413208008           0.0  0.6370089336073357
0.6161470413208008  0.6162235736846924           0.0  0.6370089336073357
0.6162235736846924  0.6163001656532288           0.0  0.6365132068107541
0.6163001656532288  0.6163767576217651           0.0  0.6365132068107541
0.6163767576217651  0.6164533495903015           0.0  0.6365132068107541
0.6164533495903015  0.6165300011634827           0.0  0.6360182509734207
0.6165300011634827  0.6166066527366638           0.0  0.6360182509734207
0.6166066527366638  0.6166833639144897           0.0  0.6355240642982276
0.6166833639144897  0.6167600154876709           0.0  0.6360182509734207
0.6167600154876709  0.6168367266654968           0.0  0.6355240642982276
0.6168367266654968  0.6169134974479675           0.0  0.6350306449936483
0.6169134974479675  0.6169902086257935           0.0  0.6355240642982276
0.6169902086257935  0.6170669794082642           0.0  0.6350306449936483
0.6170669794082642  0.6171438097953796           0.0  0.6345379912737154
0.6171438097953796  0.6172205805778503           0.0  0.6350306449936483
0.6172205805778503  0.6172974109649658           0.0  0.6345379912737154
0.6172974109649658  0.6173742413520813           0.0  0.6345379912737154
0.6173742413520813  0.6174511313438416           0.0  0.6340461013579992
0.6174511313438416  0.6175280213356018           0.0  0.6340461013579992
0.6175280213356018  0.6176049113273621           0.0  0.6340461013579992
0.6176049113273621  0.6176818609237671           0.0  0.6335549734715872
0.6176818609237671  0.6177587509155273           0.0  0.6340461013579992
0.6177587509155273  0.6178357601165771           0.0  0.6330646058450612
0.6178357601165771  0.6179127097129822           0.0  0.6335549734715872
0.6179127097129822  0.617989718914032           0.0  0.6330646058450612
0.617989718914032  0.6180667281150818           0.0  0.6330646058450612
0.6180667281150818  0.6181437373161316           0.0  0.6330646058450612
0.6181437373161316  0.6182208061218262           0.0  0.6325749967144773
0.6182208061218262  0.6182978749275208           0.0  0.6325749967144773
0.6182978749275208  0.6183750033378601           0.0  0.6320861443213439
0.6183750033378601  0.6184521317481995           0.0  0.6320861443213439
0.6184521317481995  0.6185292601585388           0.0  0.6320861443213439
0.6185292601585388  0.6186063885688782           0.0  0.6320861443213439
0.6186063885688782  0.6186835765838623           0.0  0.6315980469126016
0.6186835765838623  0.6187607645988464           0.0  0.6315980469126016
0.6187607645988464  0.6188379526138306           0.0  0.6315980469126016
0.6188379526138306  0.6189152002334595           0.0  0.6311107027406011
0.6189152002334595  0.6189924478530884           0.0  0.6311107027406011
0.6189924478530884  0.6190696954727173           0.0  0.6311107027406011
0.6190696954727173  0.619147002696991           0.0  0.6306241100630834
0.619147002696991  0.6192243099212646           0.0  0.6306241100630834
0.6192243099212646  0.6193016171455383           0.0  0.6306241100630834
0.6193016171455383  0.6193789839744568           0.0  0.6301382671431579
0.6193789839744568  0.6194563508033752           0.0  0.6301382671431579
0.6194563508033752  0.6195337176322937           0.0  0.6301382671431579
0.6195337176322937  0.6196111440658569           0.0  0.6296531722492833
0.6196111440658569  0.6196885704994202           0.0  0.6296531722492833
0.6196885704994202  0.6197659969329834           0.0  0.6296531722492833
0.6197659969329834  0.6198434233665466           0.0  0.6296531722492833
0.6198434233665466  0.6199209094047546           0.0  0.6291688236552454
0.6199209094047546  0.6199984550476074           0.0  0.6286852196401376
0.6199984550476074  0.6200759410858154           0.0  0.6291688236552454
0.6200759410858154  0.6201534867286682           0.0  0.6286852196401376
0.6201534867286682  0.620231032371521           0.0  0.6286852196401376
0.620231032371521  0.6203086376190186           0.0  0.6282023584883403
0.6203086376190186  0.6203862428665161           0.0  0.6282023584883403
0.6203862428665161  0.6204638481140137           0.0  0.6282023584883403
0.6204638481140137  0.6205414533615112           0.0  0.6282023584883403
0.6205414533615112  0.6206191182136536           0.0  0.6277202384895004
0.6206191182136536  0.6206967830657959           0.0  0.6277202384895004
0.6206967830657959  0.620774507522583           0.0  0.6272388579385115
0.620774507522583  0.6208522319793701           0.0  0.6272388579385115
0.6208522319793701  0.6209299564361572           0.0  0.6272388579385115
0.6209299564361572  0.6210076808929443           0.0  0.6272388579385115
0.6210076808929443  0.6210854649543762           0.0  0.6267582151354936
0.6210854649543762  0.6211632490158081           0.0  0.6267582151354936
0.6211632490158081  0.6212410926818848           0.0  0.6262783083857726
0.6212410926818848  0.6213188767433167           0.0  0.6267582151354936
0.6213188767433167  0.6213967204093933           0.0  0.6262783083857726
0.6213967204093933  0.6214746236801147           0.0  0.6257991359998616
0.6214746236801147  0.6215525269508362           0.0  0.6257991359998616
0.6215525269508362  0.6216304302215576           0.0  0.6257991359998616
0.6216304302215576  0.6217083334922791           0.0  0.6257991359998616
0.6217083334922791  0.6217862963676453           0.0  0.6253206962934397
0.6217862963676453  0.6218642592430115           0.0  0.6253206962934397
0.6218642592430115  0.6219422221183777           0.0  0.6253206962934397
0.6219422221183777  0.6220202445983887           0.0  0.6248429875873331
0.6220202445983887  0.6220982670783997           0.0  0.6248429875873331
0.6220982670783997  0.6221762895584106           0.0  0.6248429875873331
0.6221762895584106  0.6222543716430664           0.0  0.6243660082074954
0.6222543716430664  0.6223324537277222           0.0  0.6243660082074954
0.6223324537277222  0.6224105954170227           0.0  0.6238897564849879
0.6224105954170227  0.6224886775016785           0.0  0.6243660082074954
0.6224886775016785  0.622566819190979           0.0  0.6238897564849879
0.622566819190979  0.6226450204849243           0.0  0.6234142307559596
0.6226450204849243  0.6227231621742249           0.0  0.6238897564849879
0.6227231621742249  0.6228013634681702           0.0  0.6234142307559596
0.6228013634681702  0.6228796243667603           0.0  0.622939429361629
0.6228796243667603  0.6229578256607056           0.0  0.6234142307559596
0.6229578256607056  0.6230360865592957           0.0  0.622939429361629
0.6230360865592957  0.6231144070625305           0.0  0.622465350648264
0.6231144070625305  0.6231926679611206           0.0  0.622939429361629
0.6231926679611206  0.6232709884643555           0.0  0.622465350648264
0.6232709884643555  0.6233493685722351           0.0  0.6219919929671628
0.6233493685722351  0.62342768907547           0.0  0.622465350648264
0.62342768907547  0.6235060691833496           0.0  0.6219919929671628
0.6235060691833496  0.623584508895874           0.0  0.6215193546746345
0.623584508895874  0.6236628890037537           0.0  0.6219919929671628
0.6236628890037537  0.6237413287162781           0.0  0.6215193546746345
0.6237413287162781  0.6238198280334473           0.0  0.621047434131981
0.6238198280334473  0.6238982677459717           0.0  0.6215193546746345
0.6238982677459717  0.6239767670631409           0.0  0.621047434131981
0.6239767670631409  0.6240552663803101           0.0  0.621047434131981
0.6240552663803101  0.624133825302124           0.0  0.6205762297054772
0.624133825302124  0.624212384223938           0.0  0.6205762297054772
0.624212384223938  0.624290943145752           0.0  0.6205762297054772
0.624290943145752  0.6243695616722107           0.0  0.6201057397663525
0.6243695616722107  0.6244481801986694           0.0  0.6201057397663525
0.6244481801986694  0.6245267987251282           0.0  0.6201057397663525
0.6245267987251282  0.6246054768562317           0.0  0.619635962690772
0.6246054768562317  0.6246841549873352           0.0  0.619635962690772
0.6246841549873352  0.6247628331184387           0.0  0.619635962690772
0.6247628331184387  0.624841570854187           0.0  0.6191668968598176
0.624841570854187  0.6249203085899353           0.0  0.6191668968598176
0.6249203085899353  0.6249990463256836           0.0  0.6191668968598176
0.6249990463256836  0.6250778436660767           0.0  0.6186985406594698
0.6250778436660767  0.6251566410064697           0.0  0.6186985406594698
0.6251566410064697  0.6252354383468628           0.0  0.6186985406594698
0.6252354383468628  0.6253142356872559           0.0  0.6186985406594698
0.6253142356872559  0.6253930926322937           0.0  0.6182308924805888
0.6253930926322937  0.6254720091819763           0.0  0.6177639507188966
0.6254720091819763  0.6255508661270142           0.0  0.6182308924805888
0.6255508661270142  0.6256297826766969           0.0  0.6177639507180275
0.6256297826766969  0.6257087588310242           0.0  0.6172977137758255
0.6257087588310242  0.6257876753807068           0.0  0.6177639507188966
0.6257876753807068  0.6258666515350342           0.0  0.6172977137749578
0.6258666515350342  0.6259456276893616           0.0  0.6172977137749578
0.6259456276893616  0.6260246634483337           0.0  0.6168321800541621
0.6260246634483337  0.6261036992073059           0.0  0.6168321800541621
0.6261036992073059  0.6261827349662781           0.0  0.6168321800541621
0.6261827349662781  0.626261830329895           0.0  0.6163673479667061
0.626261830329895  0.626340925693512           0.0  0.6163673479667061
0.626340925693512  0.6264200210571289           0.0  0.6163673479667061
0.6264200210571289  0.6264991760253906           0.0  0.6159032159275746
0.6264991760253906  0.6265783309936523           0.0  0.6159032159275746
0.6265783309936523  0.6266574859619141           0.0  0.6159032159275746
0.6266574859619141  0.6267367005348206           0.0  0.615439782356523
0.6267367005348206  0.6268159151077271           0.0  0.615439782356523
0.6268159151077271  0.6268951296806335           0.0  0.615439782356523
0.6268951296806335  0.6269744038581848           0.0  0.6149770456780594
0.6269744038581848  0.6270536780357361           0.0  0.6149770456780594
0.6270536780357361  0.6271329522132874           0.0  0.6149770456780594
0.6271329522132874  0.6272122859954834           0.0  0.6145150043214268
0.6272122859954834  0.6272916197776794           0.0  0.6145150043214268
0.6272916197776794  0.6273709535598755           0.0  0.6145150043214268
0.6273709535598755  0.6274503469467163           0.0  0.6140536567205849
0.6274503469467163  0.6275297403335571           0.0  0.6140536567205849
0.6275297403335571  0.6276091337203979           0.0  0.6140536567205849
0.6276091337203979  0.6276885867118835           0.0  0.6135930013141928
0.6276885867118835  0.6277680397033691           0.0  0.6135930013141928
0.6277680397033691  0.6278474926948547           0.0  0.6135930013141928
0.6278474926948547  0.6279270052909851           0.0  0.6131330365455915
0.6279270052909851  0.6280065178871155           0.0  0.6131330365455915
0.6280065178871155  0.6280860304832458           0.0  0.6131330365455915
0.6280860304832458  0.628165602684021           0.0  0.6126737608627858
0.628165602684021  0.6282451748847961           0.0  0.6126737608627858
0.6282451748847961  0.6283247470855713           0.0  0.6126737608627858
0.6283247470855713  0.6284043788909912           0.0  0.6122151727184274
0.6284043788909912  0.6284840106964111           0.0  0.6122151727184274
0.6284840106964111  0.6285637021064758           0.0  0.6117572705697973
0.6285637021064758  0.6286433339118958           0.0  0.6122151727184274
0.6286433339118958  0.6287230253219604           0.0  0.6117572705697973
0.6287230253219604  0.6288027763366699           0.0  0.6113000528787885
0.6288027763366699  0.6288825273513794           0.0  0.6113000528787885
0.6288825273513794  0.6289622783660889           0.0  0.6113000528787885
0.6289622783660889  0.6290420293807983           0.0  0.6113000528787885
0.6290420293807983  0.6291218400001526           0.0  0.6108435181118888
0.6291218400001526  0.6292016506195068           0.0  0.6108435181118888
0.6292016506195068  0.6292814612388611           0.0  0.6108435181118888
0.6292814612388611  0.6293613314628601           0.0  0.6103876647401634
0.6293613314628601  0.6294412016868591           0.0  0.6103876647401634
0.6294412016868591  0.6295211315155029           0.0  0.6099324912392386
0.6295211315155029  0.6296010613441467           0.0  0.6099324912392386
0.6296010613441467  0.6296809911727905           0.0  0.6099324912392386
0.6296809911727905  0.6297609210014343           0.0  0.6099324912392386
0.6297609210014343  0.6298409104347229           0.0  0.6094779960892839
0.6298409104347229  0.6299208998680115           0.0  0.6094779960892839
0.6299208998680115  0.6300009489059448           0.0  0.6090241777749955
0.6300009489059448  0.6300809979438782           0.0  0.6090241777749955
0.6300809979438782  0.6301610469818115           0.0  0.6090241777749955
0.6301610469818115  0.6302411556243896           0.0  0.6085710347855796
0.6302411556243896  0.630321204662323           0.0  0.6090241777749955
0.630321204662323  0.6304013729095459           0.0  0.6081185656147353
0.6304013729095459  0.630481481552124           0.0  0.6085710347855796
0.630481481552124  0.6305616497993469           0.0  0.6081185656147353
0.6305616497993469  0.6306418180465698           0.0  0.6081185656147353
0.6306418180465698  0.6307220458984375           0.0  0.6076667687606382
0.6307220458984375  0.6308022737503052           0.0  0.6076667687606382
0.6308022737503052  0.6308825016021729           0.0  0.6076667687606382
0.6308825016021729  0.6309627890586853           0.0  0.6072156427259235
0.6309627890586853  0.6310430765151976           0.0  0.6072156427267632
0.6310430765151976  0.6311233639717102           0.0  0.6072156427250839
0.6311233639717102  0.6312037110328674           0.0  0.6067651860176699
0.6312037110328674  0.6312840580940247           0.0  0.6067651860176699
0.6312840580940247  0.6313644051551819           0.0  0.6067651860176699
0.6313644051551819  0.6314448118209839           0.0  0.6063153971473826
0.6314448118209839  0.6315252184867859           0.0  0.6063153971473826
0.6315252184867859  0.6316056251525879           0.0  0.6063153971473826
0.6316056251525879  0.6316860914230347           0.0  0.6058662746309771
0.6316860914230347  0.6317665576934814           0.0  0.6058662746309771
0.6317665576934814  0.6318470239639282           0.0  0.6058662746309771
0.6318470239639282  0.6319275498390197           0.0  0.6054178169895978
0.6319275498390197  0.6320080757141113           0.0  0.6054178169879285
0.6320080757141113  0.6320886611938477           0.0  0.6049700227454283
0.6320886611938477  0.6321691870689392           0.0  0.6054178169887632
0.6321691870689392  0.6322497725486755           0.0  0.6049700227454283
0.6322497725486755  0.6323304176330566           0.0  0.6045228904300215
0.6323304176330566  0.6324110627174377           0.0  0.6045228904300215
0.6324110627174377  0.6324917078018188           0.0  0.6045228904300215
0.6324917078018188  0.6325723528862           0.0  0.6045228904300215
0.6325723528862  0.6326530575752258           0.0  0.6040764185759372
0.6326530575752258  0.6327337622642517           0.0  0.6040764185759372
0.6327337622642517  0.6328145265579225           0.0  0.6036306057200699
0.6328145265579225  0.632895290851593           0.0  0.6036306057217294
0.632895290851593  0.6329760551452637           0.0  0.6036306057208997
0.6329760551452637  0.6330568790435791           0.0  0.6031854504069462
0.6330568790435791  0.6331377029418945           0.0  0.6031854504069462
0.6331377029418945  0.63321852684021           0.0  0.6031854504069462
0.63321852684021  0.6332993507385254           0.0  0.6031854504069462
0.6332993507385254  0.6333802342414856           0.0  0.6027409511804119
0.6333802342414856  0.6334611773490906           0.0  0.6022971065919138
0.6334611773490906  0.6335420608520508           0.0  0.6027409511804119
0.6335420608520508  0.6336230039596558           0.0  0.6022971065919138
0.6336230039596558  0.6337040066719055           0.0  0.6018539151963348
0.6337040066719055  0.6337849497795105           0.0  0.6022971065919138
0.6337849497795105  0.6338659524917603           0.0  0.6018539151963348
0.6338659524917603  0.6339470148086548           0.0  0.6014113755528081
0.6339470148086548  0.6340280771255493           0.0  0.6014113755528081
0.6340280771255493  0.6341091394424438           0.0  0.6014113755528081
0.6341091394424438  0.6341902017593384           0.0  0.6014113755528081
0.6341902017593384  0.6342713236808777           0.0  0.6009694862247017
0.6342713236808777  0.634352445602417           0.0  0.6009694862247017
0.634352445602417  0.6344335675239563           0.0  0.6009694862247017
0.6344335675239563  0.6345147490501404           0.0  0.6005282457796028
0.6345147490501404  0.6345959305763245           0.0  0.6005282457796028
0.6345959305763245  0.6346771717071533           0.0  0.6000876527893023
0.6346771717071533  0.6347584128379822           0.0  0.6000876527893023
0.6347584128379822  0.634839653968811           0.0  0.6000876527893023
0.634839653968811  0.6349209547042847           0.0  0.5996477058297793
0.6349209547042847  0.6350022554397583           0.0  0.5996477058297793
0.6350022554397583  0.6350835561752319           0.0  0.5996477058297793
0.6350835561752319  0.6351648569107056           0.0  0.5996477058297793
0.6351648569107056  0.635246217250824           0.0  0.5992084034811861
0.635246217250824  0.635327637195587           0.0  0.5987697443286488
0.635327637195587  0.6354089975357056           0.0  0.5992084034803684
0.6354089975357056  0.6354904174804688           0.0  0.5987697443278324
0.6354904174804688  0.6355718970298767           0.0  0.5983317269581705
0.6355718970298767  0.6356533765792847           0.0  0.5983317269581705
0.6356533765792847  0.6357348561286926           0.0  0.5983317269581705
0.6357348561286926  0.6358163356781007           0.0  0.5983317269573553
0.6358163356781007  0.6358978748321533           0.0  0.5978943499655941
0.6358978748321533  0.6359794139862061           0.0  0.59789434996478
0.6359794139862061  0.6360609531402588           0.0  0.59789434996478
0.6360609531402588  0.6361425518989563           0.0  0.5974576119443528
0.6361425518989563  0.6362241506576538           0.0  0.5974576119443528
0.6362241506576538  0.6363058090209961           0.0  0.5970215114976781
0.6363058090209961  0.6363874673843384           0.0  0.5970215114976781
0.6363874673843384  0.6364691257476807           0.0  0.5970215114976781
0.6364691257476807  0.6365508437156677           0.0  0.5965860472296273
0.6365508437156677  0.6366325616836548           0.0  0.5965860472296273
0.6366325616836548  0.6367142796516418           0.0  0.5965860472296273
0.6367142796516418  0.6367959976196289           0.0  0.5965860472296273
0.6367959976196289  0.6368777751922607           0.0  0.5961512177491393
0.6368777751922607  0.6369596123695374           0.0  0.5957170216692054
0.6369596123695374  0.6370413899421692           0.0  0.5961512177491393
0.6370413899421692  0.6371232271194458           0.0  0.5957170216692054
0.6371232271194458  0.6372051239013672           0.0  0.5952834576068552
0.6372051239013672  0.6372870206832886           0.0  0.5952834576068552
0.6372870206832886  0.63736891746521           0.0  0.5952834576068552
0.63736891746521  0.6374508142471313           0.0  0.5952834576068552
0.6374508142471313  0.6375327706336975           0.0  0.5948505241831411
0.6375327706336975  0.6376147270202637           0.0  0.5948505241831411
0.6376147270202637  0.6376967430114746           0.0  0.5944182200231243
0.6376967430114746  0.6377787590026855           0.0  0.5944182200231243
0.6377787590026855  0.6378607749938965           0.0  0.5944182200231243
0.6378607749938965  0.6379427909851074           0.0  0.5944182200231243
0.6379427909851074  0.6380248665809631           0.0  0.5939865437558599
0.6380248665809631  0.6381070017814636           0.0  0.5935554940143825
0.6381070017814636  0.6381890773773193           0.0  0.5939865437558599
0.6381890773773193  0.6382712125778198           0.0  0.5935554940143825
0.6382712125778198  0.6383534073829651           0.0  0.5931250694356919
0.6383534073829651  0.6384355425834656           0.0  0.5935554940143825
0.6384355425834656  0.638517737388611           0.0  0.5931250694348907
0.638517737388611  0.6385999917984009           0.0  0.5926952686615384
0.6385999917984009  0.6386822462081909           0.0  0.5926952686607384
0.6386822462081909  0.638764500617981           0.0  0.5926952686607384
0.638764500617981  0.638846755027771           0.0  0.5926952686607384
0.638846755027771  0.6389290690422058           0.0  0.5922660903344091
0.6389290690422058  0.6390113830566406           0.0  0.5922660903344091
0.6390113830566406  0.6390937566757202           0.0  0.591837533105513
0.6390937566757202  0.6391761302947998           0.0  0.591837533105513
0.6391761302947998  0.6392585039138794           0.0  0.591837533105513
0.6392585039138794  0.6393409371376038           0.0  0.5914095956267672
0.6393409371376038  0.6394233107566833           0.0  0.591837533105513
0.6394233107566833  0.6395058035850525           0.0  0.5909822765547825
0.6395058035850525  0.6395882964134216           0.0  0.5909822765547825
0.6395882964134216  0.6396707892417908           0.0  0.5909822765547825
0.6396707892417908  0.6397532820701599           0.0  0.5909822765547825
0.6397532820701599  0.6398358345031739           0.0  0.5905555745492556
0.6398358345031739  0.6399183869361877           0.0  0.5905555745508441
0.6399183869361877  0.6400009393692017           0.0  0.5905555745500498
0.6400009393692017  0.6400835514068604           0.0  0.5901294882769257
0.6400835514068604  0.640166163444519           0.0  0.5901294882769257
0.640166163444519  0.6402488350868225           0.0  0.5897040164036186
0.6402488350868225  0.640331506729126           0.0  0.5897040164036186
0.640331506729126  0.6404141783714294           0.0  0.5897040164036186
0.6404141783714294  0.6404969096183777           0.0  0.5892791576021751
0.6404969096183777  0.6405796408653259           0.0  0.5892791576021751
0.6405796408653259  0.6406623721122742           0.0  0.5892791576021751
0.6406623721122742  0.6407451629638672           0.0  0.5888549105484658
0.6407451629638672  0.6408279538154602           0.0  0.5888549105484658
0.6408279538154602  0.6409107446670532           0.0  0.5888549105484658
0.6409107446670532  0.640993595123291           0.0  0.588431273922172
0.640993595123291  0.6410764455795288           0.0  0.588431273922172
0.6410764455795288  0.6411593556404114           0.0  0.5880082464067714
0.6411593556404114  0.6412422060966492           0.0  0.588431273922172
0.6412422060966492  0.6413251757621766           0.0  0.5875858266887389
0.6413251757621766  0.6414080858230591           0.0  0.5880082464075588
0.6414080858230591  0.6414910554885864           0.0  0.5875858266895252
0.6414910554885864  0.6415740251541138           0.0  0.5875858266895252
0.6415740251541138  0.6416570544242859           0.0  0.5871640134614637
0.6416570544242859  0.641740083694458           0.0  0.5871640134614637
0.641740083694458  0.6418231725692749           0.0  0.5867428054173738
0.6418231725692749  0.641906201839447           0.0  0.5871640134614637
0.641906201839447  0.6419892907142639           0.0  0.5867428054173738
0.6419892907142639  0.6420724391937256           0.0  0.5863222012557843
0.6420724391937256  0.6421555876731873           0.0  0.5863222012557843
0.6421555876731873  0.6422387361526489           0.0  0.5863222012557843
0.6422387361526489  0.6423218846321106           0.0  0.5863222012557843
0.6423218846321106  0.642405092716217           0.0  0.5859021996789534
0.642405092716217  0.6424883604049683           0.0  0.5854827993928554
0.6424883604049683  0.6425715684890747           0.0  0.5859021996789534
0.6425715684890747  0.6426548361778259           0.0  0.5854827993928554
0.6426548361778259  0.6427381038665771           0.0  0.5854827993928554
0.6427381038665771  0.6428214311599731           0.0  0.5850639991071667
0.6428214311599731  0.6429047584533691           0.0  0.5850639991071667
0.6429047584533691  0.6429881453514099           0.0  0.584645797535253
0.6429881453514099  0.6430715322494507           0.0  0.584645797535253
0.6430715322494507  0.6431549191474915           0.0  0.584645797535253
0.6431549191474915  0.6432383060455322           0.0  0.584645797535253
0.6432383060455322  0.6433217525482178           0.0  0.5842281933941564
0.6433217525482178  0.6434051990509033           0.0  0.5842281933941564
0.6434051990509033  0.6434887051582336           0.0  0.5838111854045818
0.6434887051582336  0.6435722112655641           0.0  0.5838111854038056
0.6435722112655641  0.6436557173728943           0.0  0.5838111854053579
0.6436557173728943  0.6437392830848694           0.0  0.5833947722908838
0.6437392830848694  0.6438228487968445           0.0  0.5833947722908838
0.6438228487968445  0.6439064145088197           0.0  0.5833947722901087
0.6439064145088197  0.6439900398254395           0.0  0.5829789527818282
0.6439900398254395  0.6440736651420593           0.0  0.5829789527810542
0.6440736651420593  0.6441573500633239           0.0  0.5825637256074816
0.6441573500633239  0.6442410349845886           0.0  0.5825637256059358
0.6442410349845886  0.6443247199058533           0.0  0.5825637256067088
0.6443247199058533  0.6444084644317627           0.0  0.5821490895030741
0.6444084644317627  0.6444922089576721           0.0  0.5821490895030741
0.6444922089576721  0.6445759534835815           0.0  0.5821490895030741
0.6445759534835815  0.6446597576141357           0.0  0.5817350432089752
0.6446597576141357  0.6447435617446899           0.0  0.5817350432089752
0.6447435617446899  0.6448273658752441           0.0  0.5817350432089752
0.6448273658752441  0.6449112296104431           0.0  0.5813215854668223
0.6449112296104431  0.6449950933456421           0.0  0.5813215854668223
0.6449950933456421  0.6450790166854858           0.0  0.5809087150225988
0.6450790166854858  0.6451629400253296           0.0  0.5809087150225988
0.6451629400253296  0.6452468633651733           0.0  0.5809087150225988
0.6452468633651733  0.6453308463096619           0.0  0.5804964306258474
0.6453308463096619  0.6454148292541504           0.0  0.5804964306258474
0.6454148292541504  0.6454988121986389           0.0  0.5804964306258474
0.6454988121986389  0.6455828547477722           0.0  0.5800847310296589
0.6455828547477722  0.6456668972969055           0.0  0.5800847310296589
0.6456668972969055  0.6457509398460388           0.0  0.5800847310296589
0.6457509398460388  0.6458350419998169           0.0  0.5796736149906584
0.6458350419998169  0.6459192037582397           0.0  0.5792630812689936
0.6459192037582397  0.6460033059120178           0.0  0.5796736149906584
0.6460033059120178  0.6460874676704407           0.0  0.5792630812689936
0.6460874676704407  0.6461716294288635           0.0  0.5792630812689936
0.6461716294288635  0.6462558507919312           0.0  0.5788531286283221
0.6462558507919312  0.6463400721549988           0.0  0.5788531286283221
0.6463400721549988  0.6464243531227112           0.0  0.5784437558357984
0.6464243531227112  0.6465085744857788           0.0  0.5788531286283221
0.6465085744857788  0.6465928554534912           0.0  0.5784437558357984
0.6465928554534912  0.6466771960258484           0.0  0.5780349616620629
0.6466771960258484  0.6467615365982056           0.0  0.5780349616620629
0.6467615365982056  0.6468458771705627           0.0  0.5780349616620629
0.6468458771705627  0.6469302773475647           0.0  0.5776267448812281
0.6469302773475647  0.6470146775245667           0.0  0.5776267448812281
0.6470146775245667  0.6470990777015686           0.0  0.5776267448812281
0.6470990777015686  0.6471835374832153           0.0  0.5772191042708673
0.6471835374832153  0.6472679972648619           0.0  0.5772191042716261
0.6472679972648619  0.6473525166511536           0.0  0.5768120386112444
0.6473525166511536  0.6474369764328003           0.0  0.5772191042708673
0.6474369764328003  0.6475215554237366           0.0  0.5764055466890903
0.6475215554237366  0.6476060748100281           0.0  0.5768120386120021
0.6476060748100281  0.6476906538009644           0.0  0.5764055466890903
0.6476906538009644  0.6477752923965453           0.0  0.5759996272907689
0.6477752923965453  0.6478598713874817           0.0  0.5764055466883337
0.6478598713874817  0.6479445099830627           0.0  0.5759996272900134
0.6479445099830627  0.6480292081832886           0.0  0.5755942792060655
0.6480292081832886  0.6481139063835144           0.0  0.5755942792060655
0.6481139063835144  0.6481986045837402           0.0  0.5755942792060655
0.6481986045837402  0.6482833027839661           0.0  0.5755942792060655
0.6482833027839661  0.6483680605888367           0.0  0.5751895012319402
0.6483680605888367  0.6484528779983521           0.0  0.5747852921657196
0.6484528779983521  0.6485376358032227           0.0  0.5751895012319402
0.6485376358032227  0.648622453212738           0.0  0.5747852921657196
0.648622453212738  0.6487073302268982           0.0  0.5743816508088616
0.6487073302268982  0.6487922072410583           0.0  0.5743816508088616
0.6487922072410583  0.6488770842552185           0.0  0.5743816508088616
0.6488770842552185  0.6489619612693787           0.0  0.5743816508088616
0.6489619612693787  0.6490468978881836           0.0  0.5739785759661887
0.6490468978881836  0.6491318345069885           0.0  0.5739785759661887
0.6491318345069885  0.6492168307304382           0.0  0.5735760664458759
0.6492168307304382  0.6493018269538879           0.0  0.5735760664458759
0.6493018269538879  0.6493868827819824           0.0  0.5731741210594387
0.6493868827819824  0.6494718790054321           0.0  0.5735760664458759
0.6494718790054321  0.6495569944381714           0.0  0.572772738621722
0.6495569944381714  0.6496420502662659           0.0  0.5731741210594387
0.6496420502662659  0.6497271656990051           0.0  0.572772738621722
0.6497271656990051  0.6498122811317444           0.0  0.572772738621722
0.6498122811317444  0.6498974561691284           0.0  0.572371917950888
0.6498974561691284  0.6499826312065125           0.0  0.572371917950888
0.6499826312065125  0.6500678062438965           0.0  0.572371917950888
0.6500678062438965  0.6501530408859253           0.0  0.5719716578684049
0.6501530408859253  0.6502382755279541           0.0  0.5719716578684049
0.6502382755279541  0.6503235697746277           0.0  0.571571957199035
0.6503235697746277  0.6504088640213013           0.0  0.571571957199035
0.6504088640213013  0.6504941582679749           0.0  0.571571957199035
0.6504941582679749  0.6505795121192933           0.0  0.5711728147700804
0.6505795121192933  0.6506648659706116           0.0  0.5711728147715663
0.6506648659706116  0.6507502198219298           0.0  0.5711728147715663
0.6507502198219298  0.6508356332778931           0.0  0.5707742294143446
0.6508356332778931  0.6509210467338562           0.0  0.5707742294150866
0.6509210467338562  0.6510064601898193           0.0  0.5707742294150866
0.6510064601898193  0.6510919332504272           0.0  0.570376199966401
0.6510919332504272  0.6511774659156799           0.0  0.5699787252625916
0.6511774659156799  0.6512629389762878           0.0  0.570376199966401
0.6512629389762878  0.6513484716415405           0.0  0.5699787252625916
0.6513484716415405  0.651434063911438           0.0  0.5695818041447208
0.651434063911438  0.6515196561813354           0.0  0.5695818041447208
0.6515196561813354  0.6516052484512329           0.0  0.5695818041447208
0.6516052484512329  0.6516908407211304           0.0  0.5695818041447208
0.6516908407211304  0.6517764925956726           0.0  0.5691854354570766
0.6517764925956726  0.6518622040748596           0.0  0.568789618047162
0.6518622040748596  0.6519478559494019           0.0  0.5691854354570766
0.6519478559494019  0.6520335674285889           0.0  0.568789618047162
0.6520335674285889  0.6521193385124207           0.0  0.5683943507656838
0.6521193385124207  0.6522051095962524           0.0  0.5683943507656838
0.6522051095962524  0.6522908806800842           0.0  0.5683943507656838
0.6522908806800842  0.6523766517639159           0.0  0.5683943507664195
0.6523766517639159  0.6524624824523926           0.0  0.5679996324658063
0.6524624824523926  0.6525483727455139           0.0  0.5676054620068141
0.6525483727455139  0.6526342034339905           0.0  0.5679996324665409
0.6526342034339905  0.6527200937271118           0.0  0.5676054620068141
0.6527200937271118  0.6528060436248779           0.0  0.5672118382467538
0.6528060436248779  0.652891993522644           0.0  0.5672118382467538
0.652891993522644  0.6529779434204102           0.0  0.5672118382467538
0.6529779434204102  0.6530638933181763           0.0  0.5672118382467538
0.6530638933181763  0.6531499028205872           0.0  0.5668187600497706
0.6531499028205872  0.6532359719276428           0.0  0.5664262262824231
0.6532359719276428  0.6533220410346985           0.0  0.5664262262824231
0.6533220410346985  0.6534081101417542           0.0  0.5664262262824231
0.6534081101417542  0.6534941792488098           0.0  0.5664262262824231
0.6534941792488098  0.6535803079605103           0.0  0.5660342358144076
0.6535803079605103  0.6536664366722107           0.0  0.5660342358144076
0.6536664366722107  0.6537526249885559           0.0  0.565642787518547
0.6537526249885559  0.6538388133049011           0.0  0.565642787518547
0.6538388133049011  0.6539250016212463           0.0  0.565642787518547
0.6539250016212463  0.6540112495422363           0.0  0.5652518802707802
0.6540112495422363  0.6540974974632263           0.0  0.5652518802707802
0.6540974974632263  0.6541838049888611           0.0  0.5648615129501513
0.6541838049888611  0.6542701125144958           0.0  0.5648615129501513
0.6542701125144958  0.6543564200401306           0.0  0.5648615129501513
0.6543564200401306  0.6544427871704102           0.0  0.5644716844387985
0.6544427871704102  0.6545291543006897           0.0  0.5644716844387985
0.6545291543006897  0.654615581035614           0.0  0.5640823936219442
0.654615581035614  0.6547019481658936           0.0  0.5644716844387985
0.6547019481658936  0.6547884345054626           0.0  0.5636936393878835
0.6547884345054626  0.654874861240387           0.0  0.5640823936219442
0.654874861240387  0.6549613475799562           0.0  0.56369363938716
0.6549613475799562  0.6550478935241699           0.0  0.5633054206286972
0.6550478935241699  0.6551343798637389           0.0  0.5636936393886072
0.6551343798637389  0.6552209854125977           0.0  0.5629177362359054
0.6552209854125977  0.6553075313568115           0.0  0.5633054206279745
0.6553075313568115  0.6553941369056702           0.0  0.562917736236627
0.6553941369056702  0.6554807424545288           0.0  0.562917736236627
0.6554807424545288  0.6555674076080322           0.0  0.5625305851112923
0.6555674076080322  0.6556540727615356           0.0  0.5625305851112923
0.6556540727615356  0.6557407975196838           0.0  0.5621439661524529
0.6557407975196838  0.6558274626731873           0.0  0.5625305851112923
0.6558274626731873  0.6559142470359802           0.0  0.561757878263612
0.6559142470359802  0.6560009717941284           0.0  0.5621439661524529
0.6560009717941284  0.6560877561569214           0.0  0.561757878263612
0.6560877561569214  0.6561746001243591           0.0  0.5613723203512828
0.6561746001243591  0.6562613844871521           0.0  0.561757878263612
0.6562613844871521  0.6563482284545898           0.0  0.5613723203512828
0.6563482284545898  0.6564351320266724           0.0  0.5609872913249787
0.6564351320266724  0.6565220355987549           0.0  0.5609872913249787
0.6565220355987549  0.6566089391708373           0.0  0.5609872913256955
0.6566089391708373  0.6566959023475646           0.0  0.5606027900972029
0.6566959023475646  0.656782865524292           0.0  0.5606027900964872
0.656782865524292  0.6568698287010193           0.0  0.5606027900972029
0.6568698287010193  0.6569568514823914           0.0  0.5602188155834377
0.6569568514823914  0.6570439338684082           0.0  0.5598353667021349
0.6570439338684082  0.6571309566497803           0.0  0.5602188155834377
0.6571309566497803  0.6572180390357971           0.0  0.5598353667021349
0.6572180390357971  0.6573051810264587           0.0  0.5594524423747053
0.6573051810264587  0.6573922634124756           0.0  0.5598353667021349
0.6573922634124756  0.657479465007782           0.0  0.5590700415255085
0.657479465007782  0.6575666069984436           0.0  0.5594524423747053
0.6575666069984436  0.65765380859375           0.0  0.5590700415255085
0.65765380859375  0.6577410101890564           0.0  0.5590700415255085
0.6577410101890564  0.6578282713890076           0.0  0.5586881630818437
0.6578282713890076  0.6579155325889587           0.0  0.5586881630818437
0.6579155325889587  0.6580028533935546           0.0  0.5583068059746478
0.6580028533935546  0.6580901741981506           0.0  0.5583068059732281
0.6580901741981506  0.6581774950027467           0.0  0.5583068059732281
0.6581774950027467  0.6582648754119873           0.0  0.5579259691356468
0.6582648754119873  0.658352255821228           0.0  0.5579259691349379
0.658352255821228  0.6584396362304688           0.0  0.5579259691349379
0.6584396362304688  0.6585270762443542           0.0  0.5575456515008991
0.6585270762443542  0.6586145162582397           0.0  0.5575456515008991
0.6586145162582397  0.65870201587677           0.0  0.5571658520107758
0.65870201587677  0.6587895154953004           0.0  0.557165852010069
0.6587895154953004  0.6588770151138306           0.0  0.5571658520114828
0.6588770151138306  0.6589645743370056           0.0  0.5567865696064118
0.6589645743370056  0.6590521335601807           0.0  0.5567865696064118
0.6590521335601807  0.6591397523880005           0.0  0.5564078032325299
0.6591397523880005  0.6592273712158203           0.0  0.5564078032325299
0.6592273712158203  0.6593149900436401           0.0  0.5564078032325299
0.6593149900436401  0.6594026684761047           0.0  0.5560295518367226
0.6594026684761047  0.6594903469085693           0.0  0.5560295518367226
0.6594903469085693  0.6595780849456787           0.0  0.5556518143694422
0.6595780849456787  0.6596657633781433           0.0  0.5560295518367226
0.6596657633781433  0.6597535610198975           0.0  0.5552745897839912
0.6597535610198975  0.6598413586616516           0.0  0.5552745897839912
0.6598413586616516  0.6599291563034057           0.0  0.5552745897846934
0.6599291563034057  0.6600169539451599           0.0  0.555274589783289
0.6600169539451599  0.6601048111915588           0.0  0.5548978770365123
0.6601048111915588  0.6601926684379577           0.0  0.5548978770372135
0.6601926684379577  0.6602805852890015           0.0  0.5545216750852787
0.6602805852890015  0.6603685021400453           0.0  0.5545216750852787
0.6603685021400453  0.6604564189910889           0.0  0.5545216750866793
0.6604564189910889  0.6605443954467773           0.0  0.5541459828941864
0.6605443954467773  0.6606323719024658           0.0  0.5541459828941864
0.6606323719024658  0.6607204079627991           0.0  0.5537707994257407
0.6607204079627991  0.6608084440231323           0.0  0.5537707994257407
0.6608084440231323  0.6608965396881104           0.0  0.5533961236480508
0.6608965396881104  0.6609845757484436           0.0  0.5537707994257407
0.6609845757484436  0.6610727310180663           0.0  0.5530219545320143
0.6610727310180663  0.6611608266830445           0.0  0.5533961236466559
0.6611608266830445  0.6612489819526672           0.0  0.5530219545320143
0.6612489819526672  0.6613371968269348           0.0  0.5526482910485263
0.6613371968269348  0.6614253520965576           0.0  0.5530219545313179
0.6614253520965576  0.6615135669708252           0.0  0.5526482910485263
0.6615135669708252  0.6616018414497375           0.0  0.5522751321754348
0.6616018414497375  0.6616901159286499           0.0  0.5522751321754348
0.6616901159286499  0.6617783904075623           0.0  0.5522751321754348
0.6617783904075623  0.6618667244911194           0.0  0.5519024768905662
0.6618667244911194  0.6619550585746765           0.0  0.5519024768905662
0.6619550585746765  0.6620434522628783           0.0  0.551530324175891
0.6620434522628783  0.6621318459510803           0.0  0.5515303241745055
0.6621318459510803  0.6622202396392822           0.0  0.5515303241751982
0.6622202396392822  0.6623086929321289           0.0  0.5511586730133551
0.6623086929321289  0.6623971462249756           0.0  0.5511586730133551
0.6623971462249756  0.662485659122467           0.0  0.5507875223917973
0.662485659122467  0.6625741124153137           0.0  0.5511586730133551
0.6625741124153137  0.66266268491745           0.0  0.5504168713000128
0.66266268491745  0.6627511978149414           0.0  0.5507875223917973
0.6627511978149414  0.6628398299217224           0.0  0.5500467187302078
0.6628398299217224  0.6629284024238588           0.0  0.5504168712993229
0.6629284024238588  0.6630170345306396           0.0  0.5500467187308968
0.6630170345306396  0.6631056666374207           0.0  0.5500467187302078
0.6631056666374207  0.6631943583488465           0.0  0.5496770636766096
0.6631943583488465  0.6632830500602722           0.0  0.5496770636779859
0.6632830500602722  0.6633718013763428           0.0  0.5493079051388979
0.6633718013763428  0.6634605526924133           0.0  0.5493079051388979
0.6634605526924133  0.6635493040084839           0.0  0.5493079051388979
0.6635493040084839  0.6636381149291992           0.0  0.5489392421153148
0.6636381149291992  0.6637269258499146           0.0  0.5489392421153148
0.6637269258499146  0.6638157367706299           0.0  0.5489392421153148
0.6638157367706299  0.66390460729599           0.0  0.5485710736095366
0.66390460729599  0.6639934778213501           0.0  0.5485710736095366
0.6639934778213501  0.664082407951355           0.0  0.5482033986272246
0.664082407951355  0.6641713380813599           0.0  0.5482033986272246
0.6641713380813599  0.6642603278160095           0.0  0.547836216176704
0.6642603278160095  0.6643492579460144           0.0  0.5482033986272246
0.6643492579460144  0.6644383072853088           0.0  0.5474695252689551
0.6644383072853088  0.6645272970199585           0.0  0.547836216176704
0.6645272970199585  0.6646164059638977           0.0  0.5471033249176047
0.6646164059638977  0.6647054553031921           0.0  0.5474695252689551
0.6647054553031921  0.6647945642471313           0.0  0.5471033249176047
0.6647945642471313  0.6648836731910706           0.0  0.5471033249176047
0.6648836731910706  0.6649728417396545           0.0  0.5467376141389164
0.6649728417396545  0.6650620102882386           0.0  0.5467376141382357
0.6650620102882386  0.6651512384414673           0.0  0.5463723919524627
0.6651512384414673  0.6652404069900513           0.0  0.5467376141389164
0.6652404069900513  0.6653296947479248           0.0  0.5460076573777163
0.6653296947479248  0.6654189229011536           0.0  0.5463723919517829
0.6654189229011536  0.6655082702636718           0.0  0.5456434094415179
0.6655082702636718  0.6655975580215454           0.0  0.5460076573770374
0.6655975580215454  0.6656869053840637           0.0  0.5456434094408399
0.6656869053840637  0.665776252746582           0.0  0.5456434094408399
0.665776252746582  0.6658656597137452           0.0  0.5452796471672022
0.6658656597137452  0.6659550666809082           0.0  0.5452796471685565
0.6659550666809082  0.666044533252716           0.0  0.5449163695888302
0.666044533252716  0.6661339998245239           0.0  0.5449163695874777
0.6661339998245239  0.6662234663963318           0.0  0.5449163695881539
0.6662234663963318  0.6663129925727843           0.0  0.5445535757342432
0.6663129925727843  0.6664025187492371           0.0  0.5445535757328926
0.6664025187492371  0.6664920449256897           0.0  0.5445535757335679
0.6664920449256897  0.6665816307067871           0.0  0.5441912646386021
0.6665816307067871  0.6666712760925293           0.0  0.5438294353403053
0.6666712760925293  0.6667608618736267           0.0  0.5441912646386021
0.6667608618736267  0.666850507259369           0.0  0.5438294353396317
0.666850507259369  0.6669402122497559           0.0  0.5434680868789578
0.6669402122497559  0.6670299172401428           0.0  0.5434680868782851
0.6670299172401428  0.6671196222305298           0.0  0.5434680868782851
0.6671196222305298  0.6672093868255615           0.0  0.5431072182947005
0.6672093868255615  0.6672991514205933           0.0  0.5431072182947005
0.6672991514205933  0.6673889756202698           0.0  0.5427468286342528
0.6673889756202698  0.6674787998199463           0.0  0.5427468286342528
0.6674787998199463  0.6675686240196229           0.0  0.542746828633582
0.6675686240196229  0.6676585078239441           0.0  0.5423869169448471
0.6676585078239441  0.6677483916282654           0.0  0.5423869169441771
0.6677483916282654  0.6678383350372314           0.0  0.5420274822742339
0.6678383350372314  0.6679282784461975           0.0  0.5420274822742339
0.6679282784461975  0.6680182218551636           0.0  0.5420274822742339
0.6680182218551636  0.6681082248687744           0.0  0.5416685236767014
0.6681082248687744  0.6681982278823853           0.0  0.5416685236767014
0.6681982278823853  0.6682882905006408           0.0  0.5413100402070332
0.6682882905006408  0.6683783531188966           0.0  0.5413100402050314
0.6683783531188966  0.6684684753417969           0.0  0.5409520309211816
0.6684684753417969  0.6685585379600525           0.0  0.541310040206366
0.6685585379600525  0.6686487197875977           0.0  0.5405944948789286
0.6686487197875977  0.668738842010498           0.0  0.5409520309205152
0.668738842010498  0.6688290238380432           0.0  0.5405944948789286
0.6688290238380432  0.6689192652702332           0.0  0.5402374311438699
0.6689192652702332  0.6690095067024232           0.0  0.5402374311432052
0.6690095067024232  0.669099748134613           0.0  0.5402374311445345
0.669099748134613  0.6691900491714478           0.0  0.5398808387800785
0.6691900491714478  0.6692803502082825           0.0  0.5398808387800785
0.6692803502082825  0.669370710849762           0.0  0.5395247168547619
0.669370710849762  0.6694610714912415           0.0  0.5395247168547619
0.6694610714912415  0.6695514321327209           0.0  0.5395247168547619
0.6695514321327209  0.6696418523788452           0.0  0.5391690644375867
0.6696418523788452  0.6697322726249695           0.0  0.5391690644375867
0.6697322726249695  0.6698226928710938           0.0  0.5391690644375867
0.6698226928710938  0.6699131727218628           0.0  0.5388138806006713
0.6699131727218628  0.6700037121772766           0.0  0.5384591644185774
0.6700037121772766  0.6700942516326904           0.0  0.5384591644185774
0.6700942516326904  0.6701847910881041           0.0  0.5384591644192377
0.6701847910881041  0.6702753901481628           0.0  0.5381049149676426
0.6702753901481628  0.6703659892082214           0.0  0.538104914968302
0.6703659892082214  0.67045658826828           0.0  0.538104914968302
0.67045658826828  0.6705472469329834           0.0  0.5377511313292697
0.6705472469329834  0.6706379055976868           0.0  0.5377511313292697
0.6706379055976868  0.6707286238670349           0.0  0.5373978125833239
0.6707286238670349  0.6708193421363831           0.0  0.5373978125833239
0.6708193421363831  0.670910120010376           0.0  0.5370449578147203
0.670910120010376  0.6710008978843689           0.0  0.5370449578147203
0.6710008978843689  0.6710916757583618           0.0  0.5370449578147203
0.6710916757583618  0.6711825132369995           0.0  0.5366925661101174
0.6711825132369995  0.6712733507156371           0.0  0.5366925661107734
0.6712733507156371  0.6713641881942749           0.0  0.5366925661094615
0.6713641881942749  0.6714550852775574           0.0  0.5363406365585698
0.6714550852775574  0.6715460419654846           0.0  0.5359891682515197
0.6715460419654846  0.6716369986534119           0.0  0.5359891682515197
0.6716369986534119  0.6717279553413391           0.0  0.5359891682515197
0.6717279553413391  0.6718189716339111           0.0  0.5356381602827891
0.6718189716339111  0.6719099879264832           0.0  0.5356381602827891
0.6719099879264832  0.6720010042190552           0.0  0.5356381602827891
0.6720010042190552  0.672092080116272           0.0  0.5352876117485726
0.672092080116272  0.6721831560134888           0.0  0.5352876117485726
0.6721831560134888  0.6722742915153505           0.0  0.5349375217467774
0.6722742915153505  0.6723654270172118           0.0  0.5349375217487324
0.6723654270172118  0.6724566221237183           0.0  0.5345878893796231
0.6724566221237183  0.6725478172302246           0.0  0.5345878893802739
0.6725478172302246  0.672639012336731           0.0  0.5345878893802739
0.672639012336731  0.6727302670478821           0.0  0.5342387137503717
0.6727302670478821  0.6728215217590332           0.0  0.5342387137503717
0.6728215217590332  0.6729128360748292           0.0  0.5338899939626792
0.6729128360748292  0.673004150390625           0.0  0.5338899939639775
0.673004150390625  0.6730954647064209           0.0  0.5338899939633284
0.6730954647064209  0.6731868386268616           0.0  0.5335417291270835
0.6731868386268616  0.6732782125473022           0.0  0.5335417291270835
0.6732782125473022  0.6733696460723877           0.0  0.5331939183519029
0.6733696460723877  0.6734610795974731           0.0  0.5331939183519029
0.6734610795974731  0.6735525727272033           0.0  0.5328465607510173
0.6735525727272033  0.6736440658569336           0.0  0.5328465607497241
0.6736440658569336  0.6737355589866638           0.0  0.5328465607503707
0.6737355589866638  0.6738271117210389           0.0  0.5324996554367364
0.6738271117210389  0.6739186644554138           0.0  0.5324996554380279
0.6739186644554138  0.6740102767944337           0.0  0.5321532015294911
0.6740102767944337  0.6741018891334534           0.0  0.5321532015307808
0.6741018891334534  0.6741935014724731           0.0  0.532153201530136
0.6741935014724731  0.6742851734161377           0.0  0.5318071981481268
0.6742851734161377  0.6743768453598022           0.0  0.5318071981481268
0.6743768453598022  0.6744685769081117           0.0  0.5314616444124945
0.6744685769081117  0.6745603084564209           0.0  0.531461644413781
0.6745603084564209  0.674652099609375           0.0  0.5311165394492331
0.674652099609375  0.674743890762329           0.0  0.5311165394498755
0.674743890762329  0.6748356819152832           0.0  0.5311165394485907
0.6748356819152832  0.6749275326728821           0.0  0.5307718823827509
0.6749275326728821  0.675019383430481           0.0  0.5307718823827509
0.675019383430481  0.6751112937927246           0.0  0.530427672342295
0.6751112937927246  0.6752032041549683           0.0  0.530427672342295
0.6752032041549683  0.6752951145172119           0.0  0.530427672342295
0.6752951145172119  0.6753870844841003           0.0  0.5300839084587291
0.6753870844841003  0.6754790544509888           0.0  0.5300839084587291
0.6754790544509888  0.6755710840225219           0.0  0.5297405898658069
0.6755710840225219  0.6756631135940551           0.0  0.5297405898651678
0.6756631135940551  0.6757552027702332           0.0  0.529397715696332
0.6757552027702332  0.6758472919464111           0.0  0.5293977156969703
0.6758472919464111  0.6759393811225891           0.0  0.5293977156969703
0.6759393811225891  0.6760315299034119           0.0  0.5290552850917329
0.6760315299034119  0.6761237382888794           0.0  0.5287132971892818
0.6761237382888794  0.676215887069702           0.0  0.5290552850923703
0.676215887069702  0.6763080954551697           0.0  0.5287132971886452
0.6763080954551697  0.676400363445282           0.0  0.528371751131666
0.676400363445282  0.6764926314353944           0.0  0.5283717511310303
0.6764926314353944  0.6765848994255066           0.0  0.5283717511323018
0.6765848994255066  0.6766772270202637           0.0  0.5280306460631499
0.6766772270202637  0.6767695546150208           0.0  0.5280306460631499
0.6767695546150208  0.6768619418144226           0.0  0.5276899811302058
0.6768619418144226  0.6769543290138246           0.0  0.5276899811295717
0.6769543290138246  0.6770467758178711           0.0  0.5273497554821414
0.6770467758178711  0.6771391630172729           0.0  0.5276899811302058
0.6771391630172729  0.6772316694259645           0.0  0.5270099682672921
0.6772316694259645  0.6773241758346558           0.0  0.5270099682685571
0.6773241758346558  0.6774166822433472           0.0  0.5270099682679246
0.6774166822433472  0.6775091886520386           0.0  0.5270099682679246
0.6775091886520386  0.6776017546653748           0.0  0.5266706186425106
0.6776017546653748  0.6776943802833557           0.0  0.5263317057605013
0.6776943802833557  0.6777870059013367           0.0  0.5263317057605013
0.6777870059013367  0.6778796315193176           0.0  0.5263317057605013
0.6778796315193176  0.6779723167419434           0.0  0.5259932287793049
0.6779723167419434  0.6780650019645691           0.0  0.5259932287793049
0.6780650019645691  0.6781577467918396           0.0  0.5256551868584955
0.6781577467918396  0.6782504916191101           0.0  0.5256551868584955
0.6782504916191101  0.6783432364463806           0.0  0.5256551868584955
0.6783432364463806  0.6784360408782959           0.0  0.5253175791598067
0.6784360408782959  0.6785288453102112           0.0  0.5253175791598067
0.6785288453102112  0.6786217093467712           0.0  0.5249804048471239
0.6786217093467712  0.6787145733833313           0.0  0.5249804048471239
0.6787145733833313  0.6788074970245361           0.0  0.5246436630864779
0.6788074970245361  0.6789004206657411           0.0  0.5246436630858511
0.6789004206657411  0.6789933443069458           0.0  0.5246436630871048
0.6789933443069458  0.6790863275527954           0.0  0.5243073530460378
0.6790863275527954  0.6791793107986449           0.0  0.5243073530466639
0.6791793107986449  0.6792723536491395           0.0  0.523971473894854
0.6792723536491395  0.6793653964996339           0.0  0.5239714738961044
0.6793653964996339  0.6794584989547729           0.0  0.5236360248097275
0.6794584989547729  0.6795516014099121           0.0  0.5236360248091031
0.6795516014099121  0.6796447038650513           0.0  0.5236360248091031
0.6796447038650513  0.6797378659248352           0.0  0.5233010049595771
0.6797378659248352  0.6798310279846191           0.0  0.5233010049595771
0.6798310279846191  0.6799242496490479           0.0  0.5229664135241811
0.6799242496490479  0.6800174713134766           0.0  0.5229664135241811
0.6800174713134766  0.68011075258255           0.0  0.5226322496816734
0.68011075258255  0.6802040338516234           0.0  0.5226322496822955
0.6802040338516234  0.680297315120697           0.0  0.5226322496810515
0.680297315120697  0.6803906559944153           0.0  0.5222985126129113
0.6803906559944153  0.6804839968681334           0.0  0.5222985126135324
0.6804839968681334  0.6805773973464966           0.0  0.5219652015002213
0.6805773973464966  0.6806707978248596           0.0  0.5219652015008417
0.6806707978248596  0.6807642579078674           0.0  0.5216323155304968
0.6807642579078674  0.6808577179908751           0.0  0.5216323155311164
0.6808577179908751  0.6809511780738831           0.0  0.5216323155298772
0.6809511780738831  0.6810446977615356           0.0  0.521299853888986
0.6810446977615356  0.6811382174491882           0.0  0.521299853888986
0.6811382174491882  0.6812317967414856           0.0  0.5209678157654898
0.6812317967414856  0.681325376033783           0.0  0.5209678157654898
0.681325376033783  0.6814190149307252           0.0  0.5206362003506361
0.6814190149307252  0.6815126538276672           0.0  0.5206362003518706
0.6815126538276672  0.6816062927246093           0.0  0.5206362003518706
0.6816062927246093  0.6816999912261963           0.0  0.5203050068389631
0.6816999912261963  0.6817936897277832           0.0  0.5203050068395796
0.6817936897277832  0.6818874478340149           0.0  0.5199742344258227
0.6818874478340149  0.6819812059402466           0.0  0.5199742344258227
0.6819812059402466  0.682075023651123           0.0  0.5196438823073819
0.682075023651123  0.6821688413619995           0.0  0.5196438823073819
0.6821688413619995  0.682262659072876           0.0  0.5196438823073819
0.682262659072876  0.6823565363883971           0.0  0.5193139496843088
0.6823565363883971  0.6824504733085632           0.0  0.518984435755617
0.6824504733085632  0.6825443506240845           0.0  0.5193139496836946
0.6825443506240845  0.6826383471488953           0.0  0.5186553397284839
0.6826383471488953  0.6827322840690613           0.0  0.5189844357562303
0.6827322840690613  0.6828262805938721           0.0  0.5186553397284839
0.6828262805938721  0.6829203367233276           0.0  0.518326660805969
0.6829203367233276  0.6830143928527832           0.0  0.518326660805969
0.6830143928527832  0.6831084489822388           0.0  0.518326660805969
0.6831084489822388  0.6832025647163391           0.0  0.5179983981962122
0.6832025647163391  0.6832966804504395           0.0  0.5179983981962122
0.6832966804504395  0.6833908557891846           0.0  0.5176705511087462
0.6833908557891846  0.6834850311279297           0.0  0.5176705511087462
0.6834850311279297  0.6835792660713196           0.0  0.5173431187551037
0.6835792660713196  0.6836735010147095           0.0  0.5173431187551037
0.6836735010147095  0.6837677359580994           0.0  0.5173431187551037
0.6837677359580994  0.683862030506134           0.0  0.517016100348811
0.683862030506134  0.6839563250541687           0.0  0.517016100348811
0.6839563250541687  0.6840506792068481           0.0  0.5166894951053815
0.6840506792068481  0.6841450333595276           0.0  0.5166894951053815
0.6841450333595276  0.6842394471168518           0.0  0.51636330224231
0.6842394471168518  0.684333860874176           0.0  0.51636330224231
0.684333860874176  0.6844282746315002           0.0  0.51636330224231
0.6844282746315002  0.6845227479934691           0.0  0.516037520979672
0.6845227479934691  0.684617280960083           0.0  0.5157121505364808
0.684617280960083  0.684711754322052           0.0  0.5160375209790656
0.684711754322052  0.6848063468933105           0.0  0.5153871901397725
0.6848063468933105  0.6849008798599243           0.0  0.5157121505370864
0.6849008798599243  0.6849954724311829           0.0  0.5153871901397725
0.6849954724311829  0.6850901246070862           0.0  0.5150626390124805
0.6850901246070862  0.6851847767829895           0.0  0.5150626390124805
0.6851847767829895  0.6852794289588928           0.0  0.5150626390124805
0.6852794289588928  0.6853741407394409           0.0  0.5147384963825167
0.6853741407394409  0.6854689121246338           0.0  0.5144147614791315
0.6854689121246338  0.6855636239051819           0.0  0.5147384963825167
0.6855636239051819  0.6856584548950195           0.0  0.5140914335335129
0.6856584548950195  0.6857532262802124           0.0  0.5144147614791315
0.6857532262802124  0.68584805727005           0.0  0.5140914335335129
0.68584805727005  0.6859429478645325           0.0  0.5137685117787808
0.6859429478645325  0.6860378384590149           0.0  0.5137685117787808
0.6860378384590149  0.6861327290534974           0.0  0.5137685117781796
0.6861327290534974  0.6862276792526245           0.0  0.5134459954505809
0.6862276792526245  0.6863226294517517           0.0  0.5134459954499805
0.6863226294517517  0.6864176392555237           0.0  0.5131238837840771
0.6864176392555237  0.6865126490592957           0.0  0.5131238837840771
0.6865126490592957  0.6866077184677124           0.0  0.5128021760199493
0.6866077184677124  0.6867027878761292           0.0  0.5128021760199493
0.6867027878761292  0.6867978572845459           0.0  0.5128021760199493
0.6867978572845459  0.6868929862976074           0.0  0.5124808713983828
0.6868929862976074  0.6869881749153137           0.0  0.5121599691620657
0.6869881749153137  0.6870833039283752           0.0  0.5124808713983828
0.6870833039283752  0.6871785521507263           0.0  0.5118394685555814
0.6871785521507263  0.6872737407684326           0.0  0.5121599691620657
0.6872737407684326  0.6873689889907837           0.0  0.5118394685555814
0.6873689889907837  0.6874642968177795           0.0  0.5115193688254027
0.6874642968177795  0.6875596046447754           0.0  0.5115193688254027
0.6875596046447754  0.6876549124717712           0.0  0.5115193688254027
0.6876549124717712  0.6877502799034119           0.0  0.5111996692198869
0.6877502799034119  0.6878457069396973           0.0  0.5108803689892686
0.6878457069396973  0.6879411339759827           0.0  0.5108803689892686
0.6879411339759827  0.6880365610122681           0.0  0.5108803689892686
0.6880365610122681  0.6881319880485535           0.0  0.5108803689892686
0.6881319880485535  0.6882275342941284           0.0  0.5102429636630188
0.6882275342941284  0.6883230209350586           0.0  0.5105614673856549
0.6883230209350586  0.6884185671806335           0.0  0.5102429636630188
0.6884185671806335  0.6885141730308533           0.0  0.5099248570771939
0.6885141730308533  0.688609778881073           0.0  0.5099248570771939
0.688609778881073  0.6887053847312927           0.0  0.5099248570771939
0.6887053847312927  0.6888010501861572           0.0  0.5096071468858686
0.6888010501861572  0.6888967156410217           0.0  0.5096071468858686
0.6888967156410217  0.688992440700531           0.0  0.5092898323485797
0.688992440700531  0.6890881657600403           0.0  0.5092898323485797
0.6890881657600403  0.6891838908195496           0.0  0.5092898323485797
0.6891838908195496  0.6892796754837036           0.0  0.5089729127267075
0.6892796754837036  0.6893755197525026           0.0  0.5086563872828803
0.6893755197525026  0.6894713640213013           0.0  0.5086563872840587
0.6894713640213013  0.6895672082901001           0.0  0.5086563872834695
0.6895672082901001  0.6896631121635437           0.0  0.5083402552839149
0.6896631121635437  0.6897590160369873           0.0  0.5083402552839149
0.6897590160369873  0.6898549795150757           0.0  0.5080245159949186
0.6898549795150757  0.6899509429931641           0.0  0.5080245159949186
0.6899509429931641  0.6900469660758972           0.0  0.5077091686851763
0.6900469660758972  0.6901429891586304           0.0  0.5077091686851763
0.6901429891586304  0.6902390122413635           0.0  0.5077091686851763
0.6902390122413635  0.6903350949287413           0.0  0.5073942126257842
0.6903350949287413  0.6904312372207642           0.0  0.507079647086717
0.6904312372207642  0.6905273795127869           0.0  0.5070796470873026
0.6905273795127869  0.6906235218048096           0.0  0.5070796470873026
0.6906235218048096  0.6907197237014771           0.0  0.5067654713456128
0.6907197237014771  0.6908159255981445           0.0  0.5067654713456128
0.6908159255981445  0.690912127494812           0.0  0.5067654713456128
0.690912127494812  0.691008448600769           0.0  0.5061382863563236
0.691008448600769  0.6911047101020814           0.0  0.5064516846754649
0.6911047101020814  0.6912010312080383           0.0  0.5061382863569071
0.6912010312080383  0.6912974119186402           0.0  0.5058252756653536
0.6912974119186402  0.6913937330245972           0.0  0.5061382863569071
0.6913937330245972  0.6914901733398438           0.0  0.5055126518861676
0.6914901733398438  0.6915866136550903           0.0  0.5055126518861676
0.6915866136550903  0.6916830539703369           0.0  0.5055126518861676
0.6916830539703369  0.6917795538902283           0.0  0.5052004143000736
0.6917795538902283  0.6918760538101196           0.0  0.5052004143000736
0.6918760538101196  0.691972553730011           0.0  0.5052004143000736
0.691972553730011  0.6920691132545472           0.0  0.5048885621919004
0.6920691132545472  0.692165732383728           0.0  0.5045770948505607
0.692165732383728  0.692262351512909           0.0  0.5045770948494011
0.692262351512909  0.6923589706420897           0.0  0.5045770948511406
0.6923589706420897  0.6924556493759155           0.0  0.5042660115603451
0.6924556493759155  0.6925523281097412           0.0  0.5042660115609242
0.6925523281097412  0.6926490664482117           0.0  0.5039553116154153
0.6926490664482117  0.6927458047866821           0.0  0.5039553116154153
0.6927458047866821  0.6928426027297974           0.0  0.5036449943053073
0.6928426027297974  0.6929394006729126           0.0  0.5036449943053073
0.6929394006729126  0.6930362582206726           0.0  0.5033350589241963
0.6930362582206726  0.6931331157684326           0.0  0.5033350589241963
0.6931331157684326  0.6932299733161927           0.0  0.5033350589236194
0.6932299733161927  0.6933268904685973           0.0  0.5030255047685689
0.6933268904685973  0.693423867225647           0.0  0.5027163311314583
0.693423867225647  0.6935208439826964           0.0  0.5027163311326094
0.6935208439826964  0.6936178207397461           0.0  0.5027163311314583
0.6936178207397461  0.6937148571014403           0.0  0.5024075373174169
0.6937148571014403  0.6938118934631348           0.0  0.5024075373162673
0.6938118934631348  0.6939089894294739           0.0  0.5020991226223567
0.6939089894294739  0.694006085395813           0.0  0.5020991226223567
0.694006085395813  0.6941031813621521           0.0  0.5020991226223567
0.6941031813621521  0.6942003965377808           0.0  0.5014834278061429
0.6942003965377808  0.6942975521087646           0.0  0.5017910863508093
0.6942975521087646  0.6943947672843933           0.0  0.5014834278061429
0.6943947672843933  0.694491982460022           0.0  0.5014834278061429
0.694491982460022  0.6945892572402954           0.0  0.5011761462940068
0.6945892572402954  0.6946865916252136           0.0  0.5008692411217508
0.6946865916252136  0.6947838664054871           0.0  0.5011761462940068
0.6947838664054871  0.69488126039505           0.0  0.5005627115984205
0.69488126039505  0.6949785947799683           0.0  0.5008692411217508
0.6949785947799683  0.6950760483741759           0.0  0.5002565570353216
0.6950760483741759  0.695173442363739           0.0  0.5005627115978498
0.695173442363739  0.6952708959579468           0.0  0.5002565570347517
0.6952708959579468  0.6953684091567992           0.0  0.4999507767437349
0.6953684091567992  0.6954659223556519           0.0  0.49995077674259647
0.6954659223556519  0.6955634355545044           0.0  0.4999507767431657
0.6955634355545044  0.6956610083580017           0.0  0.4996453700377636
0.6956610083580017  0.6957586407661438           0.0  0.4993403362343218
0.6957586407661438  0.6958562135696412           0.0  0.49964537003719506
0.6958562135696412  0.695953905582428           0.0  0.4990356746508533
0.695953905582428  0.696051597595215           0.0  0.49903567464971904
0.696051597595215  0.6961492896080017           0.0  0.4990356746508533
0.6961492896080017  0.6962469816207886           0.0  0.49903567465028614
0.6962469816207886  0.696344792842865           0.0  0.4984274654185369
0.696344792842865  0.6964425444602966           0.0  0.49873138460476774
0.6964425444602966  0.696540355682373           0.0  0.4984274654185369
0.696540355682373  0.6966382265090942           0.0  0.4981239164140188
0.6966382265090942  0.6967360973358154           0.0  0.4981239164140188
0.6967360973358154  0.6968339681625365           0.0  0.4981239164145839
0.6968339681625365  0.6969318985939026           0.0  0.49782073691472417
0.6969318985939026  0.6970298290252686           0.0  0.4978207369152885
0.6970298290252686  0.6971278190612793           0.0  0.49751792624806507
0.6971278190612793  0.6972258687019348           0.0  0.49721548373970764
0.6972258687019348  0.6973238587379456           0.0  0.49751792624806507
0.6973238587379456  0.6974219679832458           0.0  0.4969134087192096
0.6974219679832458  0.6975200176239014           0.0  0.49721548373970764
0.6975200176239014  0.6976181268692017           0.0  0.4969134087192096
0.6976181268692017  0.6977162957191467           0.0  0.49661170051719433
0.6977162957191467  0.6978144645690918           0.0  0.49661170051719433
0.6978144645690918  0.6979126930236816           0.0  0.4963103584659096
0.6979126930236816  0.6980109214782715           0.0  0.4963103584659096
0.6980109214782715  0.6981091499328613           0.0  0.4963103584659096
0.6981091499328613  0.6982074379920959           0.0  0.4960093818992232
0.6982074379920959  0.6983057260513305           0.0  0.4960093818997835
0.6983057260513305  0.69840407371521           0.0  0.495708770152058
0.69840407371521  0.6985024809837341           0.0  0.4954085225631854
0.6985024809837341  0.6986008286476136           0.0  0.495708770152058
0.6986008286476136  0.6986992955207825           0.0  0.4951086384701823
0.6986992955207825  0.6987977027893066           0.0  0.4954085225631854
0.6987977027893066  0.6988961696624755           0.0  0.4951086384701823
0.6988961696624755  0.6989946961402893           0.0  0.4948091172116742
0.6989946961402893  0.699093222618103           0.0  0.49480911721223175
0.699093222618103  0.6991918087005615           0.0  0.49450995813290144
0.6991918087005615  0.69929039478302           0.0  0.49450995813290144
0.69929039478302  0.6993889808654785           0.0  0.49450995813290144
0.6993889808654785  0.6994876265525818           0.0  0.49421116057511727
0.6994876265525818  0.6995863318443297           0.0  0.49391272388450425
0.6995863318443297  0.6996850371360778           0.0  0.4939127238839487
0.6996850371360778  0.6997837424278259           0.0  0.49391272388339313
0.6997837424278259  0.6998825073242188           0.0  0.49361464740604644
0.6998825073242188  0.6999812722206115           0.0  0.4936146474066013
0.6999812722206115  0.7000800967216491           0.0  0.49331693048963754
0.7000800967216491  0.7001789212226868           0.0  0.4933169304890833
0.7001789212226868  0.7002778053283691           0.0  0.49301957248452016
0.7002778053283691  0.7003766894340515           0.0  0.49301957248452016
0.7003766894340515  0.7004756331443787           0.0  0.49272257274205966
0.7004756331443787  0.7005745768547059           0.0  0.4927225727415068
0.7005745768547059  0.7006735801696777           0.0  0.4924259306157352
0.7006735801696777  0.7007725834846497           0.0  0.492425930615183
0.7007725834846497  0.7008715867996216           0.0  0.492425930615183
0.7008715867996216  0.7009706497192383           0.0  0.4921296454583749
0.7009706497192383  0.7010697722434998           0.0  0.4918337166276723
0.7010697722434998  0.7011688947677612           0.0  0.4918337166276723
0.7011688947677612  0.7012680172920227           0.0  0.4918337166276723
0.7012680172920227  0.701367199420929           0.0  0.4915381434806605
0.701367199420929  0.7014663815498351           0.0  0.4915381434812107
0.7014663815498351  0.7015656232833861           0.0  0.49124292537646785
0.7015656232833861  0.7016648650169373           0.0  0.4912429253759183
0.7016648650169373  0.7017641663551331           0.0  0.49094806167576177
0.7017641663551331  0.7018634676933289           0.0  0.49094806167576177
0.7018634676933289  0.7019628286361694           0.0  0.49065355174074327
0.7019628286361694  0.70206218957901           0.0  0.49065355174074327
0.70206218957901  0.7021616101264955           0.0  0.4903593949345958
0.7021616101264955  0.7022610306739806           0.0  0.49035939493623854
0.7022610306739806  0.7023605108261108           0.0  0.4900655906236706
0.7023605108261108  0.702459990978241           0.0  0.4900655906242175
0.702459990978241  0.702559471130371           0.0  0.49006559062476446
0.702559471130371  0.702659010887146           0.0  0.4897721381741956
0.702659010887146  0.7027586102485657           0.0  0.4894790369550084
0.7027586102485657  0.7028582096099855           0.0  0.48947903695446277
0.7028582096099855  0.702957808971405           0.0  0.489479036955554
0.702957808971405  0.7030574679374695           0.0  0.48918628633482
0.7030574679374695  0.7031571865081787           0.0  0.4888938856854866
0.7031571865081787  0.7032568454742432           0.0  0.48918628633482
0.7032568454742432  0.7033566236495973           0.0  0.4886018343792765
0.7033566236495973  0.7034564018249512           0.0  0.4886018343803638
0.7034564018249512  0.7035561800003052           0.0  0.4886018343798202
0.7035561800003052  0.703656017780304           0.0  0.4883101317921308
0.703656017780304  0.7037558555603026           0.0  0.4883101317926738
0.7037558555603026  0.7038557529449463           0.0  0.488018777297679
0.7038557529449463  0.7039556503295898           0.0  0.48801877729822135
0.7039556503295898  0.7040555477142334           0.0  0.48801877729822135
0.7040555477142334  0.7041555047035217           0.0  0.48772777027538405
0.7041555047035217  0.7042555212974548           0.0  0.4874371101023951
0.7042555212974548  0.7043555378913881           0.0  0.48743711010185403
0.7043555378913881  0.7044556140899658           0.0  0.4871467961600515
0.7044556140899658  0.7045556902885436           0.0  0.4871467961600515
0.7045556902885436  0.7046557664871216           0.0  0.48714679615897066
0.7046557664871216  0.7047559022903442           0.0  0.4868568278284637
0.7047559022903442  0.7048560976982117           0.0  0.48656720449245633
0.7048560976982117  0.7049562931060791           0.0  0.48656720449245633
0.7049562931060791  0.7050564885139465           0.0  0.48656720449245633
0.7050564885139465  0.7051567435264587           0.0  0.48627792553615873
0.7051567435264587  0.7052570581436157           0.0  0.4859889903457036
0.7052570581436157  0.705357313156128           0.0  0.48627792553562027
0.705357313156128  0.7054576873779298           0.0  0.4857003983086811
0.7054576873779298  0.7055580615997314           0.0  0.48570039830921835
0.7055580615997314  0.7056584358215332           0.0  0.4857003983086811
0.7056584358215332  0.7057588696479798           0.0  0.4854121488135993
0.7057588696479798  0.7058593034744263           0.0  0.4854121488146725
0.7058593034744263  0.7059597969055176           0.0  0.4851242412525617
0.7059597969055176  0.7060602903366089           0.0  0.4851242412525617
0.7060602903366089  0.706160843372345           0.0  0.48483667501589744
0.706160843372345  0.7062613964080811           0.0  0.48483667501589744
0.7062613964080811  0.7063619494438171           0.0  0.48483667501589744
0.7063619494438171  0.7064626216888428           0.0  0.48426256409225515
0.7064626216888428  0.7065632343292236           0.0  0.48454944949752315
0.7065632343292236  0.7066639065742493           0.0  0.48426256409225515
0.7066639065742493  0.7067646384239197           0.0  0.48397601819634267
0.7067646384239197  0.7068653702735901           0.0  0.48397601819634267
0.7068653702735901  0.7069661617279053           0.0  0.48368981120746246
0.7069661617279053  0.7070669531822205           0.0  0.48368981120746246
0.7070669531822205  0.7071677446365358           0.0  0.48368981120692967
0.7071677446365358  0.7072685956954956           0.0  0.48340394252524793
0.7072685956954956  0.7073695063591003           0.0  0.4831184115486232
0.7073695063591003  0.7074704170227051           0.0  0.4831184115486232
0.7074704170227051  0.7075713276863099           0.0  0.48311841154809165
0.7075713276863099  0.7076722979545593           0.0  0.482833217681652
0.7076722979545593  0.7077732682228088           0.0  0.4828332176811211
0.7077732682228088  0.7078742980957031           0.0  0.4825483603255569
0.7078742980957031  0.7079753875732422           0.0  0.4822638388866858
0.7079753875732422  0.7080764174461366           0.0  0.4825483603250267
0.7080764174461366  0.7081775665283203           0.0  0.4819796527711943
0.7081775665283203  0.7082787156105043           0.0  0.48197965277013627
0.7082787156105043  0.708379864692688           0.0  0.4819796527711943
0.708379864692688  0.7084810733795166           0.0  0.48169580138505236
0.7084810733795166  0.7085822820663452           0.0  0.48169580138505236
0.7085822820663452  0.7086835503578187           0.0  0.481412284138271
0.7086835503578187  0.708784818649292           0.0  0.4814122841393265
0.708784818649292  0.7088861465454102           0.0  0.48112910044224644
0.7088861465454102  0.7089874744415283           0.0  0.48112910044224644
0.7089874744415283  0.7090888619422913           0.0  0.48084624970712464
0.7090888619422913  0.7091902494430542           0.0  0.48084624970712464
0.7091902494430542  0.7092916965484619           0.0  0.4805637313465446
0.7092916965484619  0.7093931436538697           0.0  0.4805637313460187
0.7093931436538697  0.709494650363922           0.0  0.4802815447760471
0.709494650363922  0.7095961570739745           0.0  0.4802815447749965
0.7095961570739745  0.7096976637840271           0.0  0.4802815447744712
0.7096976637840271  0.7097992897033693           0.0  0.4797181646632994
0.7097992897033693  0.7099008560180664           0.0  0.47999968940886917
0.7099008560180664  0.7100024819374084           0.0  0.4797181646638235
0.7100024819374084  0.7101041674613953           0.0  0.4794369699600346
0.7101041674613953  0.7102058529853821           0.0  0.4794369699600346
0.7102058529853821  0.7103075385093689           0.0  0.4794369699600346
0.7103075385093689  0.7104093432426453           0.0  0.4788755683558659
0.7104093432426453  0.7105110883712769           0.0  0.4791561047169415
0.7105110883712769  0.7106128931045532           0.0  0.4788755683558659
0.7106128931045532  0.7107147574424744           0.0  0.4785953602994846
0.7107147574424744  0.7108166217803955           0.0  0.4785953602994846
0.7108166217803955  0.7109184861183167           0.0  0.4785953602994846
0.7109184861183167  0.7110204100608827           0.0  0.47831547997130297
0.7110204100608827  0.7111223936080933           0.0  0.4780359267987782
0.7111223936080933  0.711224377155304           0.0  0.4780359267982578
0.711224377155304  0.7113263607025146           0.0  0.4780359267982578
0.7113263607025146  0.7114284038543701           0.0  0.47775670020550176
0.7114284038543701  0.7115305066108704           0.0  0.4774777996216106
0.7115305066108704  0.7116325497627259           0.0  0.47775670020498195
0.7116325497627259  0.7117347121238707           0.0  0.47719922447701096
0.7117347121238707  0.7118368744850159           0.0  0.4771992244754552
0.7118368744850159  0.7119390368461609           0.0  0.4771992244759738
0.7119390368461609  0.7120412588119507           0.0  0.47692097419931134
0.7120412588119507  0.7121435403823853           0.0  0.47664304822367076
0.7121435403823853  0.712245762348175           0.0  0.47692097419931134
0.712245762348175  0.7123481035232543           0.0  0.476365445982939
0.7123481035232543  0.7124504446983337           0.0  0.47636544598190544
0.7124504446983337  0.7125527858734131           0.0  0.47636544598242225
0.7125527858734131  0.7126551866531372           0.0  0.4760881669102556
0.7126551866531372  0.7127575874328612           0.0  0.4760881669107717
0.7127575874328612  0.7128600478172301           0.0  0.4758112104431757
0.7128600478172301  0.7129625678062439           0.0  0.4755345760179845
0.7129625678062439  0.7130650281906128           0.0  0.4758112104431757
0.7130650281906128  0.7131676077842712           0.0  0.47525826307485125
0.7131676077842712  0.7132701873779297           0.0  0.47525826307485125
0.7132701873779297  0.7133727669715881           0.0  0.47525826307485125
0.7133727669715881  0.7134754061698914           0.0  0.47498227105215973
0.7134754061698914  0.7135780453681947           0.0  0.474982271051646
0.7135780453681947  0.7136807441711426           0.0  0.4747065993921667
0.7136807441711426  0.7137834429740905           0.0  0.4747065993921667
0.7137834429740905  0.7138862013816833           0.0  0.4744312475353454
0.7138862013816833  0.713988959789276           0.0  0.47443124753637056
0.713988959789276  0.7140917778015137           0.0  0.47415621492807875
0.7140917778015137  0.7141945958137512           0.0  0.4741562149285907
0.7141945958137512  0.7142974734306335           0.0  0.47388150101495885
0.7142974734306335  0.7144003510475159           0.0  0.47388150101495885
0.7144003510475159  0.714503288269043           0.0  0.4736071052413544
0.714503288269043  0.714606285095215           0.0  0.47333302705494057
0.714606285095215  0.7147092223167419           0.0  0.4736071052418652
0.7147092223167419  0.7148122787475586           0.0  0.47305926590619957
0.7148122787475586  0.7149152755737305           0.0  0.4733330270554508
0.7149152755737305  0.7150183916091919           0.0  0.472785821243826
0.7150183916091919  0.7151214480400087           0.0  0.4730592659056899
0.7151214480400087  0.7152246236801147           0.0  0.4725126925203346
0.7152246236801147  0.7153277993202209           0.0  0.47251269251982614
0.7153277993202209  0.7154309749603273           0.0  0.4725126925193177
0.7154309749603273  0.7155342102050781           0.0  0.47223987918747035
0.7155342102050781  0.7156374454498292           0.0  0.4722398791864546
0.7156374454498292  0.7157407402992247           0.0  0.4719673807002754
0.7157407402992247  0.7158440351486206           0.0  0.4719673806987536
0.7158440351486206  0.7159473896026611           0.0  0.47169519651200637
0.7159473896026611  0.7160507440567015           0.0  0.471695196512513
0.7160507440567015  0.716154158115387           0.0  0.471423326081234
0.716154158115387  0.7162575721740723           0.0  0.4714233260817401
0.7162575721740723  0.7163610458374023           0.0  0.4711517688662552
0.7163610458374023  0.7164645195007324           0.0  0.4711517688662552
0.7164645195007324  0.7165680527687073           0.0  0.4708805243245936
0.7165680527687073  0.7166715860366821           0.0  0.4708805243245936
0.7166715860366821  0.7167751789093016           0.0  0.47060959191754637
0.7167751789093016  0.7168787717819214           0.0  0.4706095919165377
0.7168787717819214  0.7169824242591858           0.0  0.4703389711051289
0.7169824242591858  0.7170860767364502           0.0  0.4703389711051289
0.7170860767364502  0.7171897888183594           0.0  0.4700686613516201
0.7171897888183594  0.7172935009002686           0.0  0.4700686613516201
0.7172935009002686  0.7173972725868225           0.0  0.46979866212051635
0.7173972725868225  0.7175011038780212           0.0  0.4695289728770488
0.7175011038780212  0.7176048755645752           0.0  0.46979866212051635
0.7176048755645752  0.7177087664604187           0.0  0.46925959308767584
0.7177087664604187  0.7178125977516174           0.0  0.4695289728770488
0.7178125977516174  0.7179165482521058           0.0  0.4689905222195788
0.7179165482521058  0.718020498752594           0.0  0.46899052222058063
0.718020498752594  0.7181244492530823           0.0  0.46899052222007975
0.7181244492530823  0.7182284593582153           0.0  0.4687217597431627
0.7182284593582153  0.7183324694633484           0.0  0.4687217597431627
0.7183324694633484  0.7184365391731263           0.0  0.4684533051265444
0.7184365391731263  0.7185406088829041           0.0  0.4684533051275439
0.7185406088829041  0.7186447381973268           0.0  0.46818515784255693
0.7186447381973268  0.7187489271163942           0.0  0.46791731736374087
0.7187489271163942  0.7188530564308167           0.0  0.46818515784355524
0.7188530564308167  0.7189573049545288           0.0  0.4676497831628468
0.7189573049545288  0.719061553478241           0.0  0.4676497831628468
0.719061553478241  0.719165802001953           0.0  0.4676497831633448
0.719165802001953  0.7192701101303101           0.0  0.46738255471482776
0.7192701101303101  0.7193744182586669           0.0  0.4673825547158227
0.7193744182586669  0.7194787859916687           0.0  0.4671156314968298
0.7194787859916687  0.7195832133293152           0.0  0.46684901298619813
0.7195832133293152  0.7196876406669617           0.0  0.46684901298619813
0.7196876406669617  0.7197920680046082           0.0  0.46684901298619813
0.7197920680046082  0.7198965549468993           0.0  0.4665826986609744
0.7198965549468993  0.7200011014938354           0.0  0.46631668799940157
0.7200011014938354  0.7201056480407715           0.0  0.4663166879998968
0.7201056480407715  0.7202101945877075           0.0  0.4663166879998968
0.7202101945877075  0.7203148007392883           0.0  0.466050980485367
0.7203148007392883  0.7204194664955139           0.0  0.46578557559898576
0.7204194664955139  0.7205241322517395           0.0  0.46578557559898576
0.7205241322517395  0.720628798007965           0.0  0.4657855755994798
0.720628798007965  0.7207335233688354           0.0  0.46552047282353554
0.7207335233688354  0.7208383083343506           0.0  0.46525567164494824
0.7208383083343506  0.7209430932998657           0.0  0.46525567164494824
0.7209430932998657  0.7210478782653809           0.0  0.46525567164494824
0.7210478782653809  0.7211527228355408           0.0  0.4649911715473673
0.7211527228355408  0.7212576270103455           0.0  0.46472697201807894
0.7212576270103455  0.72136253118515           0.0  0.46472697201857077
0.72136253118515  0.7214674949645996           0.0  0.46446307254455077
0.7214674949645996  0.7215724587440491           0.0  0.46446307254504204
0.7215724587440491  0.7216774225234985           0.0  0.46446307254504204
0.7216774225234985  0.7217825055122374           0.0  0.4639361717258555
0.7217825055122374  0.7218875288963318           0.0  0.4641994726168867
0.7218875288963318  0.7219926118850709           0.0  0.46393617172487517
0.7219926118850709  0.7220977544784546           0.0  0.4636731693609312
0.7220977544784546  0.7222028970718385           0.0  0.463673169359952
0.7222028970718385  0.7223080992698669           0.0  0.463410465015684
0.7223080992698669  0.7224133014678955           0.0  0.46341046501519495
0.7224133014678955  0.7225185632705688           0.0  0.46314805818336297
0.7225185632705688  0.7226238250732421           0.0  0.46314805818385146
0.7226238250732421  0.7227291464805602           0.0  0.4628859483598297
0.7227291464805602  0.7228344678878784           0.0  0.46288594835934177
0.7228344678878784  0.7229398488998413           0.0  0.4626241350406216
0.7229398488998413  0.7230452299118042           0.0  0.4626241350406216
0.7230452299118042  0.7231506705284119           0.0  0.462362617722905
0.7231506705284119  0.7232561707496643           0.0  0.4621013959049825
0.7232561707496643  0.7233616709709167           0.0  0.4621013959049825
0.7233616709709167  0.7234671711921692           0.0  0.4621013959049825
0.7234671711921692  0.7235727310180664           0.0  0.4618404690862897
0.7235727310180664  0.7236782908439637           0.0  0.4618404690858039
0.7236782908439637  0.7237839102745056           0.0  0.46157983676787745
0.7237839102745056  0.7238895893096924           0.0  0.4613194984499825
0.7238895893096924  0.7239952683448792           0.0  0.4613194984499825
0.7239952683448792  0.7241009473800659           0.0  0.4613194984499825
0.7241009473800659  0.7242066860198976           0.0  0.4610594536363925
0.7242066860198976  0.7243124842643738           0.0  0.46079970183249425
0.7243124842643738  0.7244182825088501           0.0  0.4607997018320107
0.7244182825088501  0.7245240807533264           0.0  0.4607997018320107
0.7245240807533264  0.7246299386024475           0.0  0.4605402425404387
0.7246299386024475  0.7247358560562134           0.0  0.46028107526832807
0.7247358560562134  0.7248417735099791           0.0  0.46028107526881057
0.7248417735099791  0.7249477505683899           0.0  0.46002219952247597
0.7249477505683899  0.7250537276268005           0.0  0.46002219952295786
0.7250537276268005  0.725159764289856           0.0  0.45976361481271444
0.725159764289856  0.7252658009529114           0.0  0.45976361481271444
0.7252658009529114  0.7253718376159668           0.0  0.45976361481271444
0.7253718376159668  0.7254779934883118           0.0  0.4592473165366755
0.7254779934883118  0.725584089756012           0.0  0.4595053206470894
0.725584089756012  0.7256903052330017           0.0  0.4589896019931644
0.7256903052330017  0.7257965207099915           0.0  0.4589896019931644
0.7257965207099915  0.7259027361869812           0.0  0.4589896019931644
0.7259027361869812  0.7260090112686156           0.0  0.4587321765298225
0.7260090112686156  0.7261152863502504           0.0  0.4587321765283848
0.7261152863502504  0.7262216210365295           0.0  0.45847503965957004
0.7262216210365295  0.7263279557228087           0.0  0.45847503965957004
0.7263279557228087  0.7264343500137329           0.0  0.45821819089689947
0.7264343500137329  0.7265408039093018           0.0  0.457961629760257
0.7265408039093018  0.7266472578048706           0.0  0.457961629760257
0.7266472578048706  0.7267537117004393           0.0  0.4579616297607346
0.7267537117004393  0.7268602252006531           0.0  0.45770535576439086
0.7268602252006531  0.7269667983055116           0.0  0.4574493684289524
0.7269667983055116  0.72707337141037           0.0  0.45744936842942896
0.72707337141037  0.727180004119873           0.0  0.45719366727371197
0.727180004119873  0.7272866368293762           0.0  0.4571936672732359
0.7272866368293762  0.7273932695388795           0.0  0.4571936672727599
0.7273932695388795  0.7274999618530273           0.0  0.45693825181713416
0.7274999618530273  0.7276067137718201           0.0  0.4566831215811385
0.7276067137718201  0.7277134656906128           0.0  0.4566831215811385
0.7277134656906128  0.7278202772140504           0.0  0.4564282760887103
0.7278202772140504  0.7279270887374878           0.0  0.45642827608965914
0.7279270887374878  0.7280339598655701           0.0  0.4561737148643721
0.7280339598655701  0.7281408905982971           0.0  0.4559194374313372
0.7281408905982971  0.7282477617263794           0.0  0.4561737148643721
0.7282477617263794  0.7283547520637512           0.0  0.4556654433157767
0.7283547520637512  0.728461742401123           0.0  0.4556654433157767
0.728461742401123  0.7285687327384949           0.0  0.4556654433157767
0.7285687327384949  0.7286757826805115           0.0  0.4554117320444427
0.7286757826805115  0.7287828922271729           0.0  0.45515830314514133
0.7287828922271729  0.7288900017738343           0.0  0.45515830314466954
0.7288900017738343  0.7289971113204955           0.0  0.4551583031460849
0.7289971113204955  0.7291042804718016           0.0  0.45490515614672916
0.7291042804718016  0.7292115092277527           0.0  0.4546522905786393
0.7292115092277527  0.7293187379837036           0.0  0.45465229057911005
0.7293187379837036  0.7294260263442993           0.0  0.4543997059732328
0.7294260263442993  0.729533314704895           0.0  0.4543997059732328
0.729533314704895  0.7296406626701355           0.0  0.4541474018610877
0.7296406626701355  0.729748010635376           0.0  0.4541474018610877
0.729748010635376  0.7298554182052612           0.0  0.45389537777570427
0.7298554182052612  0.7299628257751464           0.0  0.45389537777617345
0.7299628257751464  0.7300702929496765           0.0  0.45364363325067886
0.7300702929496765  0.7301777601242065           0.0  0.45364363325114754
0.7301777601242065  0.7302852869033813           0.0  0.4533921678225161
0.7302852869033813  0.7303928732872008           0.0  0.4531409810264061
0.7303928732872008  0.7305004596710204           0.0  0.4531409810259385
0.7305004596710204  0.7306080460548402           0.0  0.4531409810250033
0.7306080460548402  0.7307156920433043           0.0  0.45289007239950513
0.7307156920433043  0.7308233976364136           0.0  0.45263944147812724
0.7308233976364136  0.7309311032295227           0.0  0.4526394414785938
0.7309311032295227  0.7310388088226318           0.0  0.4526394414785938
0.7310388088226318  0.7311466336250305           0.0  0.4521390109186396
0.7311466336250305  0.7312543988227844           0.0  0.4523890878052097
0.7312543988227844  0.7313622236251831           0.0  0.4521390109186396
0.7313622236251831  0.7314701080322267           0.0  0.45188921035965596
0.7314701080322267  0.7315780520439148           0.0  0.451639685672369
0.7315780520439148  0.7316859364509583           0.0  0.451889210360121
0.7316859364509583  0.7317939400672913           0.0  0.45139043639725107
0.7317939400672913  0.7319019436836243           0.0  0.45139043639725107
0.7319019436836243  0.7320099472999573           0.0  0.45139043639725107
0.7320099472999573  0.7321180105209351           0.0  0.4511414620804297
0.7321180105209351  0.7322261333465576           0.0  0.4508927622667139
0.7322261333465576  0.7323342561721801           0.0  0.45089276226717684
0.7323342561721801  0.7324423789978028           0.0  0.4508927622657879
0.7324423789978028  0.7325505614280701           0.0  0.45064433650284214
0.7325505614280701  0.7326588034629822           0.0  0.4503961843347021
0.7326588034629822  0.7327670454978943           0.0  0.4503961843347021
0.7327670454978943  0.7328753471374512           0.0  0.45014830531195327
0.7328753471374512  0.7329836487770081           0.0  0.45014830531195327
0.7329836487770081  0.7330920100212097           0.0  0.4499006989833988
0.7330920100212097  0.7332003712654114           0.0  0.4499006989833988
0.7332003712654114  0.7333087921142578           0.0  0.4496533648992958
0.7333087921142578  0.733417272567749           0.0  0.44940630261088954
0.733417272567749  0.7335257530212402           0.0  0.44940630261088954
0.7335257530212402  0.7336342334747314           0.0  0.44940630261088954
0.7336342334747314  0.7337427735328674           0.0  0.44915951167041135
0.7337427735328674  0.7338513731956482           0.0  0.44891299163107523
0.7338513731956482  0.733959972858429           0.0  0.44891299163107523
0.733959972858429  0.7340685725212097           0.0  0.44891299163107523
0.7340685725212097  0.73417729139328           0.0  0.448420762473585
0.73417729139328  0.7342859506607056           0.0  0.44866674204707574
0.7342859506607056  0.7343947291374207           0.0  0.4481750524667501
0.7343947291374207  0.734503448009491           0.0  0.448420762473585
0.734503448009491  0.7346122860908508           0.0  0.4479296115836906
0.7346122860908508  0.7347211241722108           0.0  0.4479296115832337
0.7347211241722108  0.7348299622535707           0.0  0.4479296115836906
0.7348299622535707  0.7349388599395752           0.0  0.44768443938295177
0.7349388599395752  0.7350478172302246           0.0  0.4474395354222205
0.7350478172302246  0.735156774520874           0.0  0.4474395354222205
0.735156774520874  0.7352657318115234           0.0  0.4474395354222205
0.7352657318115234  0.7353747487068176           0.0  0.44719489926288625
0.7353747487068176  0.7354838252067567           0.0  0.44695053046502
0.7354838252067567  0.7355929017066956           0.0  0.4469505304659298
0.7355929017066956  0.7357020378112793           0.0  0.4467064285919274
0.7357020378112793  0.7358111739158629           0.0  0.4467064285923818
0.7358111739158629  0.7359203696250917           0.0  0.44646259320423354
0.7359203696250917  0.7360296249389648           0.0  0.4462190238694218
0.7360296249389648  0.7361388206481934           0.0  0.4464625932051414
0.7361388206481934  0.7362481355667114           0.0  0.4459757201482111
0.7362481355667114  0.7363574504852295           0.0  0.4459757201482111
0.7363574504852295  0.7364668250083923           0.0  0.44573268160862073
0.7364668250083923  0.7365761995315552           0.0  0.44573268160862073
0.7365761995315552  0.7366855740547179           0.0  0.44573268160907314
0.7366855740547179  0.7367950677871703           0.0  0.4452473983406745
0.7367950677871703  0.736904501914978           0.0  0.445489907816443
0.736904501914978  0.7370140552520751           0.0  0.4450051527489924
0.7370140552520751  0.7371235489845276           0.0  0.44524739834022303
0.7371235489845276  0.7372331619262695           0.0  0.4447631706100158
0.7372331619262695  0.7373427748680115           0.0  0.4447631706100158
0.7373427748680115  0.7374523878097534           0.0  0.4447631706100158
0.7374523878097534  0.73756206035614           0.0  0.44452145149600375
0.73756206035614  0.7376717925071717           0.0  0.44427999497564585
0.7376717925071717  0.7377815246582031           0.0  0.44427999497699433
0.7377815246582031  0.7378913164138793           0.0  0.4440388006257579
0.7378913164138793  0.7380011081695557           0.0  0.4440388006248599
0.7380011081695557  0.7381109595298767           0.0  0.44379786801509447
0.7381109595298767  0.7382208108901976           0.0  0.443797868015543
0.7382208108901976  0.7383307218551636           0.0  0.44355719671962734
0.7383307218551636  0.7384406328201294           0.0  0.4435571967200754
0.7384406328201294  0.73855060338974           0.0  0.4433167863153491
0.73855060338974  0.7386606335639954           0.0  0.44307663637693334
0.7386606335639954  0.7387706637382508           0.0  0.4430766363764863
0.7387706637382508  0.7388807535171508           0.0  0.4428367464826577
0.7388807535171508  0.738990843296051           0.0  0.44283674648131793
0.738990843296051  0.7391009330749512           0.0  0.4428367464817645
0.7391009330749512  0.7392111420631408           0.0  0.4423577451339335
0.7392111420631408  0.7393213510513306           0.0  0.44235774513304227
0.7393213510513306  0.7394315600395203           0.0  0.44235774513348786
0.7394315600395203  0.7395418286323547           0.0  0.4421186328388211
0.7395418286323547  0.7396520972251892           0.0  0.4421186328388211
0.7396520972251892  0.7397624254226685           0.0  0.44187977890427826
0.7397624254226685  0.7398728132247925           0.0  0.44164118291134935
0.7398728132247925  0.7399832010269165           0.0  0.44164118291134935
0.7399832010269165  0.7400936484336854           0.0  0.44140284444198424
0.7400936484336854  0.7402040958404542           0.0  0.44140284444242794
0.7402040958404542  0.7403146028518677           0.0  0.44116476308125174
0.7403146028518677  0.7404251098632812           0.0  0.44116476308080854
0.7404251098632812  0.7405356764793396           0.0  0.4409269384106841
0.7405356764793396  0.7406462430953979           0.0  0.4409269384106841
0.7406462430953979  0.7407568693161011           0.0  0.44068937001714387
0.7407568693161011  0.740867555141449           0.0  0.4404520574861707
0.740867555141449  0.740978240966797           0.0  0.4404520574857289
0.740978240966797  0.7410889863967896           0.0  0.4402150004050802
0.7410889863967896  0.7411997318267822           0.0  0.4402150004046389
0.7411997318267822  0.7413105368614197           0.0  0.43997819836031143
0.7413105368614197  0.7414213418960571           0.0  0.43997819836031143
0.7414213418960571  0.7415322065353394           0.0  0.4397416509418382
0.7415322065353394  0.7416431307792662           0.0  0.4395053577391927
0.7416431307792662  0.7417540550231935           0.0  0.439505357737873
0.7417540550231935  0.7418649792671204           0.0  0.4395053577391927
0.7418649792671204  0.7419759631156922           0.0  0.4392693183410316
0.7419759631156922  0.7420870065689087           0.0  0.43903353234172665
0.7420870065689087  0.7421980500221252           0.0  0.4390335323412877
0.7421980500221252  0.7423091530799866           0.0  0.43879799933037505
0.7423091530799866  0.7424202561378479           0.0  0.43879799933037505
0.7424202561378479  0.742531418800354           0.0  0.4385627189017796
0.742531418800354  0.7426426410675048           0.0  0.43832769064985827
0.7426426410675048  0.7427538633346558           0.0  0.43832769064898314
0.7427538633346558  0.7428650856018066           0.0  0.4383276906494207
0.7428650856018066  0.7429763674736023           0.0  0.4380929141680873
0.7429763674736023  0.7430877089500427           0.0  0.43785838905343627
0.7430877089500427  0.7431990504264832           0.0  0.43785838905343627
0.7431990504264832  0.7433104515075682           0.0  0.437624114902426
0.7433104515075682  0.7434219121932983           0.0  0.43739009131069745
0.7434219121932983  0.7435333728790283           0.0  0.43739009131113316
0.7435333728790283  0.7436448335647582           0.0  0.4373900913115688
0.7436448335647582  0.7437563538551331           0.0  0.4371563178786771
0.7437563538551331  0.7438679337501527           0.0  0.4369227942045968
0.7438679337501527  0.7439795136451721           0.0  0.43692279420546626
0.7439795136451721  0.7440911531448364           0.0  0.43668951988885163
0.7440911531448364  0.7442027926445007           0.0  0.43668951988885163
0.7442027926445007  0.7443144917488097           0.0  0.43645649453182067
0.7443144917488097  0.7444261908531188           0.0  0.43645649453138685
0.7444261908531188  0.7445379495620728           0.0  0.43622371773387014
0.7445379495620728  0.7446497678756714           0.0  0.43599118910011675
0.7446497678756714  0.7447615861892701           0.0  0.4359911890996839
0.7447615861892701  0.7448734641075134           0.0  0.4357589082326216
0.7448734641075134  0.7449853420257568           0.0  0.43575890823218916
0.7449853420257568  0.745097279548645           0.0  0.4355268747347279
0.745097279548645  0.7452092170715332           0.0  0.4355268747347279
0.7452092170715332  0.7453212141990663           0.0  0.4352950882123514
0.7453212141990663  0.7454332709312439           0.0  0.43506354827267524
0.7454332709312439  0.7455453276634216           0.0  0.4350635482722442
0.7455453276634216  0.7456573843955995           0.0  0.4350635482718131
0.7456573843955995  0.7457695603370668           0.0  0.43460120656313445
0.7457695603370668  0.7458816766738892           0.0  0.4348322545202705
0.7458816766738892  0.7459939122200011           0.0  0.4343704040109549
0.7459939122200011  0.7461061477661133           0.0  0.4343704040100955
0.7461061477661133  0.7462183833122253           0.0  0.43437040401052524
0.7462183833122253  0.7463306784629822           0.0  0.43413984647124154
0.7463306784629822  0.7464430332183838           0.0  0.4339095335553416
0.7464430332183838  0.7465553879737854           0.0  0.4339095335553416
0.7465553879737854  0.7466678023338318  0.43367946487371106  0.43367946487371106
0.7466678023338318  0.7467802166938783           0.0  0.43367946487328274
0.7467802166938783  0.7468926906585693           0.0  0.43344964003848774
0.7468926906585693  0.7470051646232604           0.0  0.43344964003848774
0.7470051646232604  0.7471176981925964           0.0  0.43322005866049373
0.7471176981925964  0.7472302913665771           0.0  0.43299072035564795
0.7472302913665771  0.7473428845405579           0.0  0.43299072035564795
0.7473428845405579  0.7474555373191835           0.0  0.43276162473598573
0.7474555373191835  0.7475681900978088           0.0  0.4327616247368387
0.7475681900978088  0.7476809024810791           0.0  0.4325327714182015
0.7476809024810791  0.7477936148643494           0.0  0.4325327714182015
0.7477936148643494  0.7479063868522644           0.0  0.4323041600168177
0.7479063868522644  0.7480192184448242           0.0  0.43207579014887426
0.7480192184448242  0.748132050037384           0.0  0.43207579014887426
0.748132050037384  0.7482449412345886           0.0  0.4318476614317946
0.7482449412345886  0.7483578324317931           0.0  0.43184766143221937
0.7483578324317931  0.7484707832336427           0.0  0.43161977348296104
0.7484707832336427  0.7485837340354919           0.0  0.43161977348423375
0.7485837340354919  0.7486967444419861           0.0  0.43139212592395515
0.7486967444419861  0.748809814453125           0.0  0.4311647183720712
0.748809814453125  0.748922884464264           0.0  0.4311647183716478
0.748922884464264  0.7490360140800476           0.0  0.4309375504492211
0.7490360140800476  0.7491491436958313           0.0  0.4309375504487982
0.7491491436958313  0.7492623329162598           0.0  0.4307106217755761
0.7492623329162598  0.7493755817413329           0.0  0.43048393197506357
0.7493755817413329  0.7494888305664061           0.0  0.4304839319746416
0.7494888305664061  0.7496020793914795           0.0  0.4304839319742196
0.7496020793914795  0.7497153878211974           0.0  0.4302574806694479
0.7497153878211974  0.7498287558555604           0.0  0.4300312674817124
0.7498287558555604  0.749942123889923           0.0  0.43003126748339693
0.749942123889923  0.7500555515289307           0.0  0.4298052920394212
0.7500555515289307  0.7501690387725831           0.0  0.4295795539658713
0.7501690387725831  0.7502825260162354           0.0  0.42957955396671177
0.7502825260162354  0.7503960132598877           0.0  0.4295795539662915
0.7503960132598877  0.7505096197128295           0.0  0.4291287884326434
0.7505096197128295  0.7506231665611266           0.0  0.42935405288809403
0.7506231665611266  0.7507368326187135           0.0  0.428903760225601
0.7507368326187135  0.7508504986763002           0.0  0.42890376022643895
0.7508504986763002  0.7509641647338866           0.0  0.42890376022727683
0.7509641647338866  0.7510778903961182           0.0  0.42867896789885773
0.7510778903961182  0.7511916756629944           0.0  0.42845441108005183
0.7511916756629944  0.7513054609298706           0.0  0.42845441108005183
0.7513054609298706  0.7514193058013915           0.0  0.42823008939927576
0.7514193058013915  0.7515331506729125           0.0  0.42823008939885815
0.7515331506729125  0.7516470551490784           0.0  0.4280060024861443
0.7516470551490784  0.7517610192298888           0.0  0.4277821499752175
0.7517610192298888  0.7518749833106995           0.0  0.427782149974384
0.7518749833106995  0.7519890069961549           0.0  0.42755853149556855
0.7519890069961549  0.7521030306816101           0.0  0.42755853149640116
0.7521030306816101  0.7522171139717102           0.0  0.42733514668329103
0.7522171139717102  0.7523311972618103           0.0  0.42733514668329103
0.7523311972618103  0.7524453401565553           0.0  0.4271119951702472
0.7524453401565553  0.7525595426559448           0.0  0.42688907659322245
0.7525595426559448  0.7526737451553345           0.0  0.42688907659280745
0.7526737451553345  0.7527880072593689           0.0  0.4266663905851951
0.7527880072593689  0.7529022693634033           0.0  0.4266663905851951
0.7529022693634033  0.7530165910720825           0.0  0.42644393678405584
0.7530165910720825  0.7531309723854065           0.0  0.42622171482637783
0.7531309723854065  0.7532453536987305           0.0  0.42622171482637783
0.7532453536987305  0.7533597946166992           0.0  0.4259997243499058
0.7533597946166992  0.753474235534668           0.0  0.4259997243499058
0.753474235534668  0.7535887360572815           0.0  0.42577796499313847
0.7535887360572815  0.753703236579895           0.0  0.42577796499313847
0.753703236579895  0.7538177967071534           0.0  0.4255564363949148
0.7538177967071534  0.7539324164390563           0.0  0.42533513819729774
0.7539324164390563  0.7540470361709595           0.0  0.4253351381960618
0.7540470361709595  0.7541617155075073           0.0  0.42511407003732793
0.7541617155075073  0.7542763948440552           0.0  0.42511407003732793
0.7542763948440552  0.7543911337852478           0.0  0.4248932315593865
0.7543911337852478  0.7545059323310851           0.0  0.4246726224053011
0.7545059323310851  0.7546207308769225           0.0  0.42467262240489045
0.7546207308769225  0.7547355890274047           0.0  0.4244522422168236
0.7547355890274047  0.7548504471778871           0.0  0.42445224221600303
0.7548504471778871  0.7549653649330139           0.0  0.4242320906393201
0.7549653649330139  0.7550802826881409           0.0  0.42423209063891026
0.7550802826881409  0.7551952600479125           0.0  0.42401216731602326
0.7551952600479125  0.7553102970123291           0.0  0.4237924718917252
0.7553102970123291  0.7554253339767456           0.0  0.4237924718921342
0.7554253339767456  0.7555404305458069           0.0  0.42357300401440656
0.7555404305458069  0.7556555867195129           0.0  0.42335376332909885
0.7556555867195129  0.755770742893219           0.0  0.42335376332909885
0.755770742893219  0.7558858990669249           0.0  0.423353763329507
0.7558858990669249  0.7560011148452758           0.0  0.4231347494836105
0.7560011148452758  0.7561163902282715           0.0  0.4229159621256625
0.7561163902282715  0.7562316656112672           0.0  0.4229159621256625
0.7562316656112672  0.7563470005989075           0.0  0.42269740090573976
0.7563470005989075  0.7564623951911926           0.0  0.4224790654709809
0.7564623951911926  0.7565777897834778           0.0  0.4224790654709809
0.7565777897834778  0.7566932439804077           0.0  0.42226095547331904
0.7566932439804077  0.7568086981773376           0.0  0.42226095547331904
0.7568086981773376  0.7569242119789125           0.0  0.42204307056296847
0.7569242119789125  0.7570397257804871           0.0  0.42204307056377977
0.7570397257804871  0.7571553587913513           0.0  0.42160797461433974
0.7571553587913513  0.7572709321975708           0.0  0.42182541039289273
0.7572709321975708  0.7573866248130798           0.0  0.42139076288089594
0.7573866248130798  0.7575022578239441           0.0  0.42160797461433974
0.7575022578239441  0.7576180100440978  0.42117377484686075  0.42117377484686075
0.7576180100440978  0.7577337622642517           0.0  0.42117377484605284
0.7577337622642517  0.7578495740890503           0.0  0.42095701016563
0.7578495740890503  0.7579653859138488           0.0  0.4209570101660335
0.7579653859138488  0.7580812573432922           0.0  0.42074046849333097
0.7580812573432922  0.7581971287727356           0.0  0.4207404684937341
0.7581971287727356  0.7583130598068237           0.0  0.4205241494867964
0.7583130598068237  0.7584290504455566           0.0  0.4203080528015514
0.7584290504455566  0.7585450410842897           0.0  0.42030805280114913
0.7585450410842897  0.7586610913276672           0.0  0.42009217809584054
0.7586610913276672  0.758777141571045           0.0  0.42009217809503674
0.758777141571045  0.7588932514190674           0.0  0.4198765250270027
0.7588932514190674  0.7590094208717346           0.0  0.41966109325388357
0.7590094208717346  0.7591255903244017           0.0  0.41966109325428463
0.7591255903244017  0.7592418193817139           0.0  0.4194458824364296
0.7592418193817139  0.7593580484390258           0.0  0.41944588243723097
0.7593580484390258  0.7594743371009827           0.0  0.41923089223528354
0.7594743371009827  0.7595906853675842           0.0  0.4190161223113827
0.7595906853675842  0.7597070336341858           0.0  0.4190161223113827
0.7597070336341858  0.7598234415054322           0.0  0.41880157232516074
0.7598234415054322  0.7599398493766785           0.0  0.4188015723259596
0.7599398493766785  0.7600563168525696           0.0  0.418587241940542
0.7600563168525696  0.7601727843284607           0.0  0.418587241940542
0.7601727843284607  0.7602893710136414           0.0  0.41815923862567433
0.7602893710136414  0.7604058980941771           0.0  0.4183731308197434
0.7604058980941771  0.7605225443840027           0.0  0.4179455650235261
0.7605225443840027  0.7606391906738281           0.0  0.4179455650239239
0.7606391906738281  0.7607558369636536           0.0  0.4179455650239239
0.7607558369636536  0.7608726024627686           0.0  0.41751887225718176
0.7608726024627686  0.7609893083572388           0.0  0.4177321096791721
0.7609893083572388  0.7611061334609986           0.0  0.41730585242400087
0.7611061334609986  0.7612229585647582           0.0  0.4173058524251906
0.7612229585647582  0.7613397836685181           0.0  0.41730585242400087
0.7613397836685181  0.7614566683769225           0.0  0.4170930498483406
0.7614566683769225  0.7615736126899719           0.0  0.41688046419523067
0.7615736126899719  0.7616906166076659           0.0  0.4166680951363195
0.7616906166076659  0.7618076205253601           0.0  0.41666809513552877
0.7618076205253601  0.7619246244430542           0.0  0.4166680951359241
0.7619246244430542  0.7620416879653931           0.0  0.4164559423379934
0.7620416879653931  0.7621588110923766           0.0  0.41624400547205814
0.7621588110923766  0.762275993824005           0.0  0.41603228420743593
0.762275993824005  0.7623931765556335           0.0  0.41603228420704175
0.7623931765556335  0.762510359287262           0.0  0.41603228420743593
0.762510359287262  0.7626276016235352           0.0  0.41582077821648145
0.7626276016235352  0.7627449035644532           0.0  0.4156094871702464
0.7627449035644532  0.7628622651100159           0.0  0.4153984107428099
0.7628622651100159  0.7629796266555786           0.0  0.41539841074241696
0.7629796266555786  0.7630969882011414           0.0  0.41539841074241696
0.7630969882011414  0.7632144689559937           0.0  0.41497690043217605
0.7632144689559937  0.7633318901062012           0.0  0.4151875486049843
0.7633318901062012  0.7634494304656981           0.0  0.41476646589888017
0.7634494304656981  0.7635669708251953           0.0  0.4147664658980966
0.7635669708251953  0.7636845707893372           0.0  0.41455624467907704
0.7636845707893372  0.7638021707534791           0.0  0.4145562446786857
0.7638021707534791  0.7639198303222656           0.0  0.41434623645014734
0.7639198303222656  0.7640374898910524           0.0  0.4143462364493654
0.7640374898910524  0.7641552090644836           0.0  0.41413644088738755
0.7641552090644836  0.7642729878425598           0.0  0.41392685766792464
0.7642729878425598  0.7643907666206359           0.0  0.41392685766831483
0.7643907666206359  0.7645086050033569           0.0  0.4137174864699284
0.7645086050033569  0.7646265029907228           0.0  0.4135083269722188
0.7646265029907228  0.7647444009780884           0.0  0.4135083269729976
0.7647444009780884  0.7648623585700989           0.0  0.4132993788538752
0.7648623585700989  0.7649803161621093           0.0  0.4132993788542642
0.7649803161621093  0.7650983333587646           0.0  0.41309064179345933
0.7650983333587646  0.7652164101600647           0.0  0.4128821154729021
0.7652164101600647  0.7653344869613646           0.0  0.4128821154732903
0.7653344869613646  0.7654526233673096           0.0  0.41267379957167016
0.7654526233673096  0.7655707597732544           0.0  0.412673799572058
0.7655707597732544  0.765688955783844           0.0  0.41246569377297987
0.765688955783844  0.7658072113990783           0.0  0.4122577977583603
0.7658072113990783  0.7659254670143127           0.0  0.41225779775758625
0.7659254670143127  0.7660437822341918           0.0  0.41205011121037105
0.7660437822341918  0.766162097454071           0.0  0.4120501112095978
0.766162097454071  0.7662805318832396           0.0  0.41163536525042066
0.7662805318832396  0.7663989067077637           0.0  0.4118426338122114
0.7663989067077637  0.7665174007415771           0.0  0.4114283052071524
0.7665174007415771  0.7666358947753907           0.0  0.41142830520676693
0.7666358947753907  0.7667543888092041           0.0  0.4114283052075379
0.7667543888092041  0.7668729424476622           0.0  0.4112214533698266
0.7668729424476622  0.7669915556907654           0.0  0.4110148094226399
0.7669915556907654  0.7671101689338684           0.0  0.41101480942302465
0.7671101689338684  0.767228901386261           0.0  0.4106021439517164
0.767228901386261  0.7673475742340088           0.0  0.4108083730546555
0.7673475742340088  0.7674663066864014           0.0  0.4106021439517164
0.7674663066864014  0.7675850987434387           0.0  0.41039612180221724
0.7675850987434387  0.7677039504051208           0.0  0.4101903062947939
0.7677039504051208  0.767822802066803           0.0  0.4101903062947939
0.767822802066803  0.7679417133331299           0.0  0.4099846971187063
0.7679417133331299  0.7680606245994568           0.0  0.4099846971187063
0.7680606245994568  0.7681795954704285           0.0  0.4097792939638372
0.7681795954704285  0.7682985663414001           0.0  0.4097792939638372
0.7682985663414001  0.7684176564216615           0.0  0.4093691044800083
0.7684176564216615  0.7685366868972778           0.0  0.4095740965210726
0.7685366868972778  0.7686558365821838           0.0  0.40916431753467686
0.7686558365821838  0.7687749862670898           0.0  0.40916431753467686
0.7687749862670898  0.7688941955566406           0.0  0.4089597353759095
0.7688941955566406  0.7690134048461914           0.0  0.4089597353759095
0.7690134048461914  0.7691326737403871           0.0  0.4087553576966805
0.7691326737403871  0.7692519426345825           0.0  0.4087553576974415
0.7692519426345825  0.7693713307380675           0.0  0.4083472145544581
0.7693713307380675  0.769490659236908           0.0  0.40855118419133774
0.769490659236908  0.7696101069450378           0.0  0.4081434484789516
0.7696101069450378  0.7697295546531677           0.0  0.4081434484789516
0.7697295546531677  0.7698490023612977           0.0  0.4081434484785723
0.7698490023612977  0.7699685692787169           0.0  0.4077365257992712
0.7699685692787169  0.7700881361961365           0.0  0.40773652579813535
0.7700881361961365  0.7702077031135559           0.0  0.40773652579851394
0.7702077031135559  0.7703273296356201           0.0  0.40753336858585903
0.7703273296356201  0.7704470157623291           0.0  0.4073304137210254
0.7704470157623291  0.770566701889038           0.0  0.4073304137214032
0.770566701889038  0.7706864476203918           0.0  0.40712766090147373
0.7706864476203918  0.7708062529563904           0.0  0.4069251098267756
0.7708062529563904  0.770926058292389           0.0  0.4069251098263985
0.770926058292389  0.7710459232330322           0.0  0.40672276019521464
0.7710459232330322  0.7711658477783203           0.0  0.40652061170567544
0.7711658477783203  0.7712857723236084           0.0  0.40652061170567544
0.7712857723236084  0.7714057564735414           0.0  0.4063186640591467
0.7714057564735414  0.771525740623474           0.0  0.40631866406027456
0.771525740623474  0.7716457843780518           0.0  0.40611691695683344
0.7716457843780518  0.7717658877372743           0.0  0.4059153700997831
0.7717658877372743  0.7718859910964965           0.0  0.4059153701009088
0.7718859910964965  0.7720061540603638           0.0  0.40571402319001154
0.7720061540603638  0.772126317024231           0.0  0.4057140231903864
0.772126317024231  0.7722465395927428           0.0  0.40551287593087476
0.7722465395927428  0.7723668217658998           0.0  0.405311928022948
0.7723668217658998  0.7724871635437011           0.0  0.40511117917450634
0.7724871635437011  0.7726075053215028           0.0  0.40511117917301137
0.7726075053215028  0.7727278470993042           0.0  0.4051111791741326
0.7727278470993042  0.7728483080863953           0.0  0.40471027746255267
0.7728483080863953  0.7729687094688414           0.0  0.4049106290854323
0.7729687094688414  0.7730892300605774           0.0  0.4045101240114073
0.7730892300605774  0.7732097506523132           0.0  0.40451012401177994
0.7732097506523132  0.773330330848694           0.0  0.4043101684384903
0.773330330848694  0.7734509110450745           0.0  0.40431016843923484
0.7734509110450745  0.7735716104507446           0.0  0.40391084975398467
0.7735716104507446  0.77369225025177           0.0  0.4041104104505035
0.77369225025177  0.773813009262085           0.0  0.4037114860571664
0.773813009262085  0.7739337682723999           0.0  0.4037114860571664
0.7739337682723999  0.7740545272827148           0.0  0.4037114860571664
0.7740545272827148  0.7741753458976746           0.0  0.40351231906848495
0.7741753458976746  0.7742962241172791           0.0  0.4033133484969522
0.7742962241172791  0.7744171619415283           0.0  0.4031145740521533
0.7744171619415283  0.7745380997657776           0.0  0.4031145740521533
0.7745380997657776  0.7746590971946715           0.0  0.40291599544461554
0.7746590971946715  0.7747800946235658           0.0  0.4029159954435065
0.7747800946235658  0.7749011516571045           0.0  0.4027176123843275
0.7749011516571045  0.7750222682952881           0.0  0.40251942458258816
0.7750222682952881  0.7751433849334717           0.0  0.40251942458258816
0.7751433849334717  0.7752645611763           0.0  0.40232143175200147
0.7752645611763  0.7753857970237732           0.0  0.40212363360463077
0.7753857970237732  0.7755070328712463           0.0  0.40212363360463077
0.7755070328712463  0.7756283283233643           0.0  0.40192602985347375
0.7756283283233643  0.7757496237754822           0.0  0.40192602985347375
0.7757496237754822  0.7758709788322449           0.0  0.4017286202120918
0.7758709788322449  0.7759923934936523           0.0  0.40153140439460927
0.7759923934936523  0.7761138677597046           0.0  0.401334382115711
0.7761138677597046  0.7762353420257568           0.0  0.401334382115711
0.7762353420257568  0.7763568162918091           0.0  0.401334382115711
0.7763568162918091  0.7764784097671509           0.0  0.4009409170352054
0.7764784097671509  0.7765999436378479           0.0  0.40113755309064203
0.7765999436378479  0.7767215967178345           0.0  0.40074447366576144
0.7767215967178345  0.776843249797821           0.0  0.40074447366576144
0.776843249797821  0.7769649624824524           0.0  0.40054822269922574
0.7769649624824524  0.7770867347717285           0.0  0.40035216385306854
0.7770867347717285  0.7772085070610046           0.0  0.40035216385306854
0.7772085070610046  0.7773303389549255           0.0  0.4001562968453126
0.7773303389549255  0.7774521708488464           0.0  0.4001562968453126
0.7774521708488464  0.7775740623474121           0.0  0.39996062139453253
0.7775740623474121  0.7776960134506226           0.0  0.3997651372198529
0.7776960134506226  0.777817964553833           0.0  0.3997651372198529
0.777817964553833  0.7779399752616882           0.0  0.3995698440409473
0.7779399752616882  0.7780620455741882           0.0  0.39937474157803665
0.7780620455741882  0.7781841158866882           0.0  0.39937474157803665
0.7781841158866882  0.778306245803833           0.0  0.39917982955188824
0.778306245803833  0.7784284353256226           0.0  0.3989851076838142
0.7784284353256226  0.7785506248474121           0.0  0.3989851076838142
0.7785506248474121  0.7786728739738464           0.0  0.3987905756956699
0.7786728739738464  0.7787951231002808           0.0  0.3987905756956699
0.7787951231002808  0.7789174318313599           0.0  0.39859623330985333
0.7789174318313599  0.7790398001670837           0.0  0.39840208024930296
0.7790398001670837  0.7791622281074524           0.0  0.39820811623749713
0.7791622281074524  0.779284656047821           0.0  0.39820811623749713
0.779284656047821  0.7794070839881897           0.0  0.39820811623749713
0.7794070839881897  0.7795296311378479           0.0  0.39782075425672137
0.7795296311378479  0.7796521782875061           0.0  0.39782075425672137
0.7796521782875061  0.7797747254371643           0.0  0.39782075425672137
0.7797747254371643  0.7798973917961121           0.0  0.3974341451660928
0.7798973917961121  0.7800200581550598           0.0  0.3974341451660928
0.7800200581550598  0.7801427245140076           0.0  0.3974341451660928
0.7801427245140076  0.7802655100822449           0.0  0.3970482867727277
0.7802655100822449  0.7803882360458374           0.0  0.39724112226897473
0.7803882360458374  0.7805110812187195           0.0  0.3968556384045701
0.7805110812187195  0.7806339263916016           0.0  0.3968556384045701
0.7806339263916016  0.7807568311691284           0.0  0.3966631768922498
0.7807568311691284  0.7808797955513           0.0  0.39647090196404217
0.7808797955513  0.7810027599334717           0.0  0.39647090196404217
0.7810027599334717  0.7811257839202881           0.0  0.3962788133487495
0.7811257839202881  0.7812488079071045           0.0  0.3962788133487495
0.7812488079071045  0.7813718914985657           0.0  0.3960869107756993
0.7813718914985657  0.7814950346946716           0.0  0.395895193974743
0.7814950346946716  0.7816181778907776           0.0  0.395895193974743
0.7816181778907776  0.7817413806915283           0.0  0.395703662676255
0.7817413806915283  0.7818646430969238           0.0  0.39551231661113107
0.7818646430969238  0.7819879055023193           0.0  0.39551231661113107
0.7819879055023193  0.7821112275123596           0.0  0.3953211555107874
0.7821112275123596  0.7822346091270447           0.0  0.3951301791071589
0.7822346091270447  0.7823579907417297           0.0  0.3951301791071589
0.7823579907417297  0.7824814319610596           0.0  0.3949393871326987
0.7824814319610596  0.7826049327850342           0.0  0.394748779320376
0.7826049327850342  0.7827284336090088           0.0  0.394748779320376
0.7827284336090088  0.7828519940376282           0.0  0.3945583554036754
0.7828519940376282  0.7829756140708923  0.3943681151165955  0.3943681151165955
0.7829756140708923  0.7830992341041565           0.0  0.3943681151165955
0.7830992341041565  0.7832229137420654           0.0  0.39417805819364776
0.7832229137420654  0.7833465933799744           0.0  0.39417805819364776
0.7833465933799744  0.7834703922271729           0.0  0.39379849338075057
0.7834703922271729  0.7835941314697266           0.0  0.393988184369855
0.7835941314697266  0.7837179899215698           0.0  0.39360898496237684
0.7837179899215698  0.7838418483734131           0.0  0.39360898496237684
0.7838418483734131  0.7839657664299011           0.0  0.39341965885128377
0.7839657664299011  0.7840896844863892           0.0  0.39341965885128377
0.7840896844863892  0.7842137217521667           0.0  0.39304155249967276
0.7842137217521667  0.7843376994132996           0.0  0.3932305147845284
0.7843376994132996  0.7844617962837219           0.0  0.3928527717347834
0.7844617962837219  0.7845858931541443           0.0  0.3928527717347834
0.7845858931541443  0.7847100496292114           0.0  0.39266417222842964
0.7847100496292114  0.7848342061042786           0.0  0.39266417222842964
0.7848342061042786  0.7849584221839905           0.0  0.39247575371968285
0.7849584221839905  0.7850826978683472           0.0  0.3922875159481146
0.7850826978683472  0.7852069735527039           0.0  0.3922875159481146
0.7852069735527039  0.7853313684463501           0.0  0.3919115815772971
0.7853313684463501  0.7854557037353516           0.0  0.3920994586537963
0.7854557037353516  0.7855801582336426           0.0  0.3917238844596835
0.7855801582336426  0.7857046127319336           0.0  0.3917238844596835
0.7857046127319336  0.7858290672302246           0.0  0.3917238844596835
0.7858290672302246  0.7859536409378052           0.0  0.391349029067856
0.7859536409378052  0.7860782146453857           0.0  0.391349029067856
0.7860782146453857  0.7862028479576111           0.0  0.39116187027824917
0.7862028479576111  0.7863274812698364           0.0  0.39116187027824917
0.7863274812698364  0.7864521741867065           0.0  0.3909748904167395
0.7864521741867065  0.7865769267082214           0.0  0.39078808922686054
0.7865769267082214  0.7867016792297363           0.0  0.39078808922686054
0.7867016792297363  0.786826491355896           0.0  0.3906014664526356
0.786826491355896  0.7869513630867004           0.0  0.3904150218385771
0.7869513630867004  0.7870762348175049           0.0  0.3904150218385771
0.7870762348175049  0.7872011661529541           0.0  0.39022875512968463
0.7872011661529541  0.7873261570930481           0.0  0.3900426660714445
0.7873261570930481  0.7874511480331421           0.0  0.3900426660714445
0.7874511480331421  0.7875761985778809           0.0  0.3898567544098279
0.7875761985778809  0.7877013087272644           0.0  0.38967101989129066
0.7877013087272644  0.7878264188766479           0.0  0.38967101989129066
0.7878264188766479  0.7879515886306763           0.0  0.389485462262771
0.7879515886306763  0.7880768179893494           0.0  0.38930008127168925
0.7880768179893494  0.7882020473480225           0.0  0.38930008127168925
0.7882020473480225  0.7883273363113403           0.0  0.38911487666594624
0.7883273363113403  0.788452684879303           0.0  0.3889298481939225
0.788452684879303  0.7885780334472656           0.0  0.3889298481939225
0.7885780334472656  0.7887035012245178           0.0  0.3885603186469449
0.7887035012245178  0.7888289093971252           0.0  0.38874499560447673
0.7888289093971252  0.7889544367790222           0.0  0.38837581707113916
0.7889544367790222  0.7890799641609192           0.0  0.38837581707113916
0.7890799641609192  0.7892054915428162           0.0  0.38837581707113916
0.7892054915428162  0.7893311381340027           0.0  0.38800733906632784
0.7893311381340027  0.7894567847251892           0.0  0.38800733906632784
0.7894567847251892  0.7895824313163757           0.0  0.38800733906632784
0.7895824313163757  0.7897081971168518           0.0  0.3876395595980185
0.7897081971168518  0.7898339629173279           0.0  0.3876395595980185
0.7898339629173279  0.7899597883224487           0.0  0.3874559311946087
0.7899597883224487  0.7900856137275696           0.0  0.3874559311946087
0.7900856137275696  0.7902114987373352           0.0  0.38727247668173254
0.7902114987373352  0.7903374433517456           0.0  0.38708919581250306
0.7903374433517456  0.790463387966156           0.0  0.38708919581250306
0.790463387966156  0.7905893921852112           0.0  0.386906088340501
0.7905893921852112  0.7907154560089111           0.0  0.3867231540197726
0.7907154560089111  0.7908415794372559           0.0  0.3865403926048294
0.7908415794372559  0.7909677028656006           0.0  0.3865403926048294
0.7909677028656006  0.7910938858985901           0.0  0.38635780385064666
0.7910938858985901  0.7912200689315796           0.0  0.38635780385064666
0.7912200689315796  0.7913463115692139           0.0  0.38617538751266245
0.7913463115692139  0.7914726138114929           0.0  0.3859931433467763
0.7914726138114929  0.7915989756584167           0.0  0.3858110711093486
0.7915989756584167  0.7917253375053406           0.0  0.3858110711093486
0.7917253375053406  0.7918517589569092           0.0  0.385629170557199
0.7918517589569092  0.7919781804084778           0.0  0.385629170557199
0.7919781804084778  0.7921046614646912           0.0  0.38544744144760557
0.7921046614646912  0.7922312021255493           0.0  0.3852658835383038
0.7922312021255493  0.7923578023910522           0.0  0.3850844965874854
0.7923578023910522  0.7924844026565552           0.0  0.3850844965874854
0.7924844026565552  0.7926110625267029           0.0  0.38490328035379723
0.7926110625267029  0.7927377820014954           0.0  0.3847222345963401
0.7927377820014954  0.7928645014762878           0.0  0.3847222345963401
0.7928645014762878  0.7929912805557251           0.0  0.38454135907466813
0.7929912805557251  0.7931181192398071           0.0  0.3843606535487871
0.7931181192398071  0.7932449579238892           0.0  0.3843606535487871
0.7932449579238892  0.793371856212616           0.0  0.3841801177791541
0.793371856212616  0.7934988141059875           0.0  0.3839997515266756
0.7934988141059875  0.7936257719993591           0.0  0.3839997515266756
0.7936257719993591  0.7937527894973755           0.0  0.3838195545527072
0.7937527894973755  0.7938798666000366           0.0  0.3836395266190521
0.7938798666000366  0.7940069437026978           0.0  0.3836395266190521
0.7940069437026978  0.7941340804100037           0.0  0.3834596674879601
0.7941340804100037  0.7942612767219543           0.0  0.383279976922127
0.7942612767219543  0.7943885326385498           0.0  0.3831004546846927
0.7943885326385498  0.7945157885551453           0.0  0.3831004546846927
0.7945157885551453  0.7946431040763855           0.0  0.3829211005392411
0.7946431040763855  0.7947704195976257           0.0  0.3829211005392411
0.7947704195976257  0.7948977947235107           0.0  0.3827419142497983
0.7948977947235107  0.7950252294540405           0.0  0.3825628955808321
0.7950252294540405  0.7951527237892151           0.0  0.3823840442972506
0.7951527237892151  0.7952802181243896           0.0  0.3823840442972506
0.7952802181243896  0.795407772064209           0.0  0.38220536016440143
0.795407772064209  0.7955353856086731           0.0  0.38202684294807054
0.7955353856086731  0.7956629991531372           0.0  0.38202684294807054
0.7956629991531372  0.7957906723022461           0.0  0.3818484924144814
0.7957906723022461  0.7959184050559998           0.0  0.38167030833029353
0.7959184050559998  0.7960461378097534           0.0  0.38167030833029353
0.7960461378097534  0.7961739301681519           0.0  0.3814922904626022
0.7961739301681519  0.7963017821311951           0.0  0.3813144385789366
0.7963017821311951  0.7964296340942383           0.0  0.3813144385789366
0.7964296340942383  0.7965575456619263           0.0  0.3811367524472596
0.7965575456619263  0.796685516834259           0.0  0.38095923183596603
0.796685516834259  0.7968135476112366           0.0  0.3807818765138822
0.7968135476112366  0.7969415783882141           0.0  0.3807818765138822
0.7969415783882141  0.7970696687698364           0.0  0.3806046862502648
0.7970696687698364  0.7971977591514587           0.0  0.3806046862502648
0.7971977591514587  0.7973259687423706  0.3802507999776007  0.3802507999776007
0.7973259687423706  0.7974541783332825           0.0  0.3802507999776007
0.7974541783332825  0.7975823879241943           0.0  0.3802507999776007
0.7975823879241943  0.7977107167243958           0.0  0.3798975711805941
0.7977107167243958  0.7978390455245972           0.0  0.3798975711805941
0.7978390455245972  0.7979674339294434           0.0  0.3797212027631472
0.7979674339294434  0.7980958223342896           0.0  0.3797212027631472
0.7980958223342896  0.7982242703437805           0.0  0.37954499802868635
0.7982242703437805  0.7983527779579163           0.0  0.37936895674945226
0.7983527779579163  0.798481285572052           0.0  0.37936895674945226
0.798481285572052  0.7986099123954773           0.0  0.3790173636477382
0.7986099123954773  0.7987385392189026           0.0  0.3790173636477382
0.7987385392189026  0.7988671660423279           0.0  0.3790173636477382
0.7988671660423279  0.7989958524703979           0.0  0.37884181137184764
0.7989958524703979  0.7991245985031128           0.0  0.37866642164436065
0.7991245985031128  0.7992534041404724           0.0  0.3784911942396201
0.7992534041404724  0.7993822693824768           0.0  0.37831612893238625
0.7993822693824768  0.7995111346244812           0.0  0.37831612893238625
0.7995111346244812  0.7996399998664856           0.0  0.37831612893238625
0.7996399998664856  0.7997689843177795           0.0  0.3779664837115615
0.7997689843177795  0.7998979687690735           0.0  0.3779664837115615
0.7998979687690735  0.8000270128250122           0.0  0.37779190334956997
0.8000270128250122  0.8001561164855957           0.0  0.3776174841882821
0.8001561164855957  0.8002852201461792           0.0  0.3776174841882821
0.8002852201461792  0.8004143834114075           0.0  0.3774432260045312
0.8004143834114075  0.8005435466766357           0.0  0.3774432260045312
0.8005435466766357  0.8006728291511536           0.0  0.3770951916790313
0.8006728291511536  0.8008021116256714  0.3770951916790313  0.3770951916790313
0.8008021116256714  0.800931453704834           0.0  0.3769214150930042
0.800931453704834  0.8010607957839966           0.0  0.3769214150930042
0.8010607957839966  0.801190197467804           0.0  0.3767477985959553
0.801190197467804  0.8013196587562561           0.0  0.37657434196676753
0.8013196587562561  0.801449179649353           0.0  0.3764010449847303
0.801449179649353  0.80157870054245           0.0  0.3764010449847303
0.80157870054245  0.8017082810401917           0.0  0.3762279074295396
0.8017082810401917  0.8018379211425781           0.0  0.3760549290812961
0.8018379211425781  0.8019675612449646           0.0  0.3760549290812961
0.8019675612449646  0.8020972609519958           0.0  0.37588210972050506
0.8020972609519958  0.8022270202636719           0.0  0.3757094491280749
0.8022270202636719  0.8023567795753479           0.0  0.3757094491280749
0.8023567795753479  0.8024866580963135           0.0  0.37536460337394173
0.8024866580963135  0.8026165366172791           0.0  0.37536460337394173
0.8026165366172791  0.8027464151382446           0.0  0.37536460337394173
0.8027464151382446  0.8028764128684998           0.0  0.3750203900741949
0.8028764128684998  0.8030064105987549           0.0  0.3750203900741949
0.8030064105987549  0.80313640832901           0.0  0.3750203900741949
0.80313640832901  0.8032665252685547           0.0  0.3746768074905264
0.8032665252685547  0.8033966422080994           0.0  0.3746768074905264
0.8033966422080994  0.8035268187522888           0.0  0.3745052521757413
0.8035268187522888  0.8036569952964783           0.0  0.3745052521757413
0.8036569952964783  0.8037872910499573           0.0  0.37416261242077725
0.8037872910499573  0.8039175868034363           0.0  0.37416261242077725
0.8039175868034363  0.8040478825569153           0.0  0.37416261242077725
0.8040478825569153  0.8041782975196838           0.0  0.3738205990639027
0.8041782975196838  0.8043087124824524           0.0  0.3738205990639027
0.8043087124824524  0.8044391870498657           0.0  0.3736498267482042
0.8044391870498657  0.8045696616172791           0.0  0.3736498267482042
0.8045696616172791  0.8047001957893372           0.0  0.3734792103889585
0.8047001957893372  0.80483078956604           0.0  0.3733087497726239
0.80483078956604  0.8049614429473877           0.0  0.37313844468604884
0.8049614429473877  0.8050920963287354           0.0  0.37313844468604884
0.8050920963287354  0.8052228093147278           0.0  0.3729682949164701
0.8052228093147278  0.805353581905365           0.0  0.3727983002515128
0.805353581905365  0.805484414100647           0.0  0.37262846047918863
0.805484414100647  0.805615246295929           0.0  0.37262846047918863
0.805615246295929  0.8057461380958557           0.0  0.37245877538789574
0.8057461380958557  0.8058770895004272           0.0  0.3722892447664174
0.8058770895004272  0.8060080409049988           0.0  0.3722892447664174
0.8060080409049988  0.8061390519142151           0.0  0.3721198684039213
0.8061390519142151  0.8062701225280762           0.0  0.37195064608995865
0.8062701225280762  0.8064011931419373           0.0  0.37195064608995865
0.8064011931419373  0.8065323233604431           0.0  0.37178157761446323
0.8065323233604431  0.8066635131835938           0.0  0.37161266276775057
0.8066635131835938  0.8067947626113892           0.0  0.3714439013405173
0.8067947626113892  0.8069260120391846           0.0  0.3714439013405173
0.8069260120391846  0.8070573806762695           0.0  0.37110683790917376
0.8070573806762695  0.8071886897087097           0.0  0.3712752931238398
0.8071886897087097  0.8073201179504395           0.0  0.3709385354883533
0.8073201179504395  0.8074515461921692           0.0  0.3709385354883533
0.8074515461921692  0.8075830340385437           0.0  0.3707703856535898
0.8075830340385437  0.807714581489563  0.37060238819747127  0.37060238819747127
0.807714581489563  0.8078461289405823           0.0  0.37060238819747127
0.8078461289405823  0.8079777359962463           0.0  0.3704345429129615
0.8079777359962463  0.8081094026565552           0.0  0.3702668495933993
0.8081094026565552  0.8082411289215088           0.0  0.3700993080324973
0.8082411289215088  0.8083728551864624           0.0  0.3700993080324973
0.8083728551864624  0.8085046410560608           0.0  0.3699319180243415
0.8085046410560608  0.808636486530304           0.0  0.36976467936339014
0.808636486530304  0.8087683320045471           0.0  0.36976467936339014
0.8087683320045471  0.8089002370834351           0.0  0.36959759184447316
0.8089002370834351  0.8090322017669678           0.0  0.3694306552627909
0.8090322017669678  0.8091642260551453           0.0  0.3692638694139138
0.8091642260551453  0.8092962503433228           0.0  0.3692638694139138
0.8092962503433228  0.809428334236145           0.0  0.36909723409378115
0.809428334236145  0.8095604777336121           0.0  0.3689307490987005
0.8095604777336121  0.8096926212310791           0.0  0.3689307490987005
0.8096926212310791  0.8098248839378357           0.0  0.36859822927076114
0.8098248839378357  0.8099571466445923           0.0  0.36859822927076114
0.8099571466445923  0.8100894093513489           0.0  0.36859822927076114
0.8100894093513489  0.810221791267395           0.0  0.36826630830788787
0.810221791267395  0.8103541731834412           0.0  0.36826630830788787
0.8103541731834412  0.8104866147041321           0.0  0.3681005718955081
0.8104866147041321  0.810619056224823           0.0  0.3681005718955081
0.810619056224823  0.8107515573501587           0.0  0.36793498459371077
0.8107515573501587  0.8108841180801392           0.0  0.3677695462013575
0.8108841180801392  0.8110167384147644           0.0  0.3676042565176715
0.8110167384147644  0.8111494183540344  0.32202529483120734  0.3894846820047861
0.8111494183540344  0.8112820982933044           0.0  0.3674391153422368
0.8112820982933044  0.8114148378372192           0.0  0.3672741224749973
0.8114148378372192  0.8115476369857788           0.0  0.36710927771625634
0.8115476369857788  0.8116804361343384           0.0  0.36710927771625634
0.8116804361343384  0.8118132948875427  0.3669445808666752  0.3669445808666752
0.8118132948875427  0.8119462132453918           0.0  0.36678003172727314
0.8119462132453918  0.812079131603241           0.0  0.36678003172727314
0.812079131603241  0.8122121691703796           0.0  0.36645137578486514
0.8122121691703796  0.8123452067375183           0.0  0.36645137578486514
0.8123452067375183  0.8124783039093018           0.0  0.366287268585678
0.8124783039093018  0.8126114010810852           0.0  0.366287268585678
0.8126114010810852  0.8127445578575134           0.0  0.36612330830430573
0.8127445578575134  0.8128777742385864           0.0  0.3659594947435432
0.8128777742385864  0.8130110502243042           0.0  0.365795827706538
0.8130110502243042  0.8131443858146667           0.0  0.36563230699678995
0.8131443858146667  0.8132777214050293           0.0  0.36563230699678995
0.8132777214050293  0.8134111166000366           0.0  0.3654689324181497
0.8134111166000366  0.8135445117950439           0.0  0.3654689324181497
0.8135445117950439  0.8136780261993408           0.0  0.36514262087134775
0.8136780261993408  0.8138115406036377           0.0  0.36514262087134775
0.8138115406036377  0.8139451146125793           0.0  0.3649796835126368
0.8139451146125793  0.814078688621521           0.0  0.3649796835126368
0.814078688621521  0.8142123222351074           0.0  0.36481689150393354
0.8142123222351074  0.8143460750579834           0.0  0.36449174275927765
0.8143460750579834  0.8144797682762146           0.0  0.3646542446508333
0.8144797682762146  0.8146135807037354           0.0  0.3643293856355541
0.8146135807037354  0.8147473931312561           0.0  0.3643293856355541
0.8147473931312561  0.8148812651634216           0.0  0.3641671730862952
0.8148812651634216  0.8150151968002319           0.0  0.36400510491847754
0.8150151968002319  0.8151491284370422           0.0  0.36400510491847754
0.8151491284370422  0.8152831792831421           0.0  0.36368140095678925
0.8152831792831421  0.8154172301292419           0.0  0.36368140095678925
0.8154172301292419  0.8155512809753418           0.0  0.36368140095678925
0.8155512809753418  0.8156854510307312           0.0  0.36335827221315814
0.8156854510307312  0.8158196210861206           0.0  0.36335827221315814
0.8158196210861206  0.8159538507461548  0.7263938461383829  0.5136380144166282
0.8159538507461548  0.816088080406189           0.0  0.36319692306919144
0.816088080406189  0.8162224292755127           0.0  0.36287465428208476
0.8162224292755127  0.8163567781448364           0.0  0.36287465428208476
0.8163567781448364  0.8164911866188049           0.0  0.36271373425801284
0.8164911866188049  0.8166256546974182           0.0  0.36255295689353684
0.8166256546974182  0.8167601227760315           0.0  0.36255295689353684
0.8167601227760315  0.8168946504592896           0.0  0.3623923219990337
0.8168946504592896  0.8170292377471924           0.0  0.3622318293852166
0.8170292377471924  0.8171638250350952           0.0  0.3622318293852166
0.8171638250350952  0.8172985315322876           0.0  0.3619112702441677
0.8172985315322876  0.81743323802948           0.0  0.3619112702441677
0.81743323802948  0.8175680041313171           0.0  0.36175120334003497
0.8175680041313171  0.8177027702331543           0.0  0.36175120334003497
0.8177027702331543  0.817837655544281           0.0  0.3614314939247985
0.817837655544281  0.8179725408554077           0.0  0.3614314939247985
0.8179725408554077  0.8181074857711792           0.0  0.3612718510387893
0.8181074857711792  0.8182424306869507           0.0  0.3612718510387893
0.8182424306869507  0.8183774352073669           0.0  0.36111234911780093
0.8183774352073669  0.8185125589370728           0.0  0.36079376742471064
0.8185125589370728  0.8186476230621338           0.0  0.360952987975207
0.8186476230621338  0.8187828063964844           0.0  0.3606346872803435
0.8187828063964844  0.818917989730835           0.0  0.3606346872803435
0.818917989730835  0.8190532326698303           0.0  0.360475747356465
0.8190532326698303  0.8191885352134705           0.0  0.36031694746776166
0.8191885352134705  0.8193238973617554           0.0  0.3601582874292466
0.8193238973617554  0.8194592595100403           0.0  0.3601582874292466
0.8194592595100403  0.81959468126297           0.0  0.35999976705625836
0.81959468126297  0.8197301626205444           0.0  0.3598413861644606
0.8197301626205444  0.8198656439781189           0.0  0.3598413861644606
0.8198656439781189  0.8200012445449829  0.35952504208871167  0.35952504208871167
0.8200012445449829  0.8201368451118469           0.0  0.35952504208871167
0.8201368451118469  0.8202725052833557           0.0  0.3593670785377061
0.8202725052833557  0.8204081654548645           0.0  0.3593670785377061
0.8204081654548645  0.8205439448356628           0.0  0.3590515674942138
0.8205439448356628  0.8206797242164612           0.0  0.3590515674942138
0.8206797242164612  0.8208155035972595           0.0  0.3590515674942138
0.8208155035972595  0.8209514021873474           0.0  0.358736609978868
0.8209514021873474  0.8210873007774353           0.0  0.358736609978868
0.8210873007774353  0.821223258972168           0.0  0.3585793383392455
0.821223258972168  0.8213592767715454           0.0  0.3584222045362923
0.8213592767715454  0.8214953541755676  0.3582652083888826  0.3582652083888826
0.8214953541755676  0.8216314315795898           0.0  0.3582652083888826
0.8216314315795898  0.8217675685882568           0.0  0.35810834971620803
0.8217675685882568  0.8219037652015686           0.0  0.3579516283377764
0.8219037652015686  0.8220400214195251           0.0  0.35779504407341167
0.8220400214195251  0.8221762776374817           0.0  0.35779504407341167
0.8221762776374817  0.822312593460083           0.0  0.35763859674325277
0.822312593460083  0.8224489688873291           0.0  0.35748228616775307
0.8224489688873291  0.82258540391922           0.0  0.3573261121676798
0.82258540391922  0.8227218985557556           0.0  0.3571700745641131
0.8227218985557556  0.8228583931922913           0.0  0.3571700745641131
0.8228583931922913  0.8229949474334717           0.0  0.3570141731784457
0.8229949474334717  0.8231315016746521           0.0  0.3570141731784457
0.8231315016746521  0.8232681751251221           0.0  0.3567027783479368
0.8232681751251221  0.823404848575592           0.0  0.3567027783479368
0.823404848575592  0.8235415816307068           0.0  0.35654728454743634
0.8235415816307068  0.8236783742904663           0.0  0.35639192625351596
0.8236783742904663  0.8238151669502258  0.35639192625351596  0.35639192625351596
0.8238151669502258  0.8239520788192749           0.0  0.35608161547750067
0.8239520788192749  0.824088990688324           0.0  0.35608161547750067
0.824088990688324  0.824225902557373           0.0  0.35608161547750067
0.824225902557373  0.8243629336357117           0.0  0.35577184460714184
0.8243629336357117  0.8244999647140503           0.0  0.35577184460714184
0.8244999647140503  0.8246370553970337           0.0  0.35561716119644304
0.8246370553970337  0.8247742056846619           0.0  0.3554626122346019
0.8247742056846619  0.8249114155769348           0.0  0.3553081975464027
0.8249114155769348  0.8250486254692078           0.0  0.3553081975464027
0.8250486254692078  0.8251859545707703           0.0  0.35499977029158813
0.8251859545707703  0.825323224067688  0.355153916956934  0.355153916956934
0.825323224067688  0.8254606127738953           0.0  0.3548457573760603
0.8254606127738953  0.8255980610847473           0.0  0.3546918780363483
0.8255980610847473  0.8257355093955994           0.0  0.3546918780363483
0.8257355093955994  0.8258730173110962           0.0  0.3545381320987512
0.8258730173110962  0.8260105848312378           0.0  0.3543845193898696
0.8260105848312378  0.8261481523513794           0.0  0.3543845193898696
0.8261481523513794  0.8262858390808105           0.0  0.35407769296615543
0.8262858390808105  0.8264235258102417           0.0  0.35407769296615543
0.8264235258102417  0.8265612125396729           0.0  0.35407769296615543
0.8265612125396729  0.8266990184783936           0.0  0.3537713973840048
0.8266990184783936  0.8268368244171143           0.0  0.3537713973840048
0.8268368244171143  0.8269747495651245           0.0  0.3534656312669918
0.8269747495651245  0.8271126747131348           0.0  0.3534656312669918
0.8271126747131348  0.827250599861145           0.0  0.3534656312669918
0.827250599861145  0.8273886442184448           0.0  0.35316039324344517
0.8273886442184448  0.8275266885757446           0.0  0.35316039324344517
0.8275266885757446  0.8276647925376892           0.0  0.35300797183936944
0.8276647925376892  0.8278029561042786  0.3528556819464275  0.3528556819464275
0.8278029561042786  0.8279411196708679           0.0  0.3528556819464275
0.8279411196708679  0.8280794024467468           0.0  0.3525514960137151
0.8280794024467468  0.8282176852226257           0.0  0.3525514960137151
0.8282176852226257  0.8283560276031494           0.0  0.3523995996345623
0.8283560276031494  0.8284943699836731           0.0  0.3523995996345623
0.8284943699836731  0.8286328315734863           0.0  0.3520961992043991
0.8286328315734863  0.8287712931632996           0.0  0.3520961992043991
0.8287712931632996  0.8289098143577576           0.0  0.3519446948157569
0.8289098143577576  0.8290483951568604           0.0  0.3517933207534706
0.8290483951568604  0.8291869759559631           0.0  0.3517933207534706
0.8291869759559631  0.8293256759643555           0.0  0.3514909629358913
0.8293256759643555  0.8294643759727478           0.0  0.3514909629358913
0.8294643759727478  0.8296031355857849  0.35133997884528306  0.35133997884528306
0.8296031355857849  0.829741895198822           0.0  0.35133997884528306
0.829741895198822  0.8298807740211487           0.0  0.35103839946430004
0.8298807740211487  0.8300196528434753           0.0  0.35103839946430004
0.8300196528434753  0.8301585912704468           0.0  0.3508878038403342
0.8301585912704468  0.830297589302063           0.0  0.3507373373721351
0.830297589302063  0.8304365873336792           0.0  0.3507373373721351
0.8304365873336792  0.830575704574585           0.0  0.350436791238997
0.830575704574585  0.8307148218154907           0.0  0.350436791238997
0.8307148218154907  0.8308539986610413           0.0  0.350286711242749
0.8308539986610413  0.8309931755065918           0.0  0.350286711242749
0.8309931755065918  0.8311324715614319           0.0  0.3499869365647493
0.8311324715614319  0.831271767616272           0.0  0.3499869365647493
0.831271767616272  0.8314111232757568           0.0  0.34983724155338713
0.8314111232757568  0.8315505385398865           0.0  0.34968767454117955
0.8315505385398865  0.8316900134086609           0.0  0.34953823536402523
0.8316900134086609  0.8318294882774353           0.0  0.34953823536402523
0.8318294882774353  0.8319690227508545           0.0  0.34938892385810294
0.8319690227508545  0.8321086168289185           0.0  0.3492397398598715
0.8321086168289185  0.8322482705116272           0.0  0.34909068320606873
0.8322482705116272  0.8323879241943359           0.0  0.34909068320606873
0.8323879241943359  0.8325276970863342  -0.043109238574648844  0.36971978769409547
0.8325276970863342  0.8326674699783325           0.0  0.3487929512800934
0.8326674699783325  0.8328073024749756           0.0  0.3486442756827873
0.8328073024749756  0.8329471945762634           0.0  0.3484957267796417
0.8329471945762634  0.8330870866775513           0.0  0.3484957267796417
0.8330870866775513  0.8332270383834839           0.0  0.34834730440878153
0.8332270383834839  0.8333670496940613           0.0  0.3481990084086075
0.8333670496940613  0.8335071206092834           0.0  0.34805083861779534
0.8335071206092834  0.8336472511291504           0.0  0.34790279487529524
0.8336472511291504  0.8337873816490173           0.0  0.34790279487529524
0.8337873816490173  0.8339275717735291           0.0  0.3477548770203312
0.8339275717735291  0.8340678215026855           0.0  0.3476070848924008
0.8340678215026855  0.8342081308364868           0.0  0.34745941833127403
0.8342081308364868  0.8343484997749329           0.0  0.34731187717699324
0.8343484997749329  0.8344888687133789           0.0  0.34731187717699324
0.8344888687133789  0.8346292972564697           0.0  0.34716446126987227
0.8346292972564697  0.8347697854042053           0.0  0.34701717045049596
0.8347697854042053  0.8349103331565857           0.0  0.34687000455971967
0.8349103331565857  0.8350509405136108           0.0  0.3467229634386685
0.8350509405136108  0.835191547870636           0.0  0.3467229634386685
0.835191547870636  0.8353322148323059           0.0  0.3465760469287369
0.8353322148323059  0.8354729413986206           0.0  0.3464292548715879
0.8354729413986206  0.8356137275695801           0.0  0.3462825871091529
0.8356137275695801  0.8357545137405396  0.3462825871091529  0.3462825871091529
0.8357545137405396  0.8358954191207886           0.0  0.34598962383748694
0.8358954191207886  0.8360363245010376           0.0  0.34598962383748694
0.8360363245010376  0.8361772894859314           0.0  0.34584332801345413
0.8361772894859314  0.83631831407547           0.0  0.3456971558545305
0.83631831407547  0.8364593386650085           0.0  0.3456971558545305
0.8364593386650085  0.8366004228591919           0.0  0.3455511072039793
0.8366004228591919  0.83674156665802           0.0  0.345405181905329
0.83674156665802  0.8368827700614929           0.0  0.3452593798023719
0.8368827700614929  0.8370240330696106           0.0  0.3451137007391642
0.8370240330696106  0.837165355682373           0.0  0.3449681445600249
0.837165355682373  0.8373066782951355           0.0  0.3449681445600249
0.8373066782951355  0.8374480605125427           0.0  0.34482271110953583
0.8374480605125427  0.8375895023345947           0.0  0.3446774002325407
0.8375895023345947  0.8377310037612915           0.0  0.34453221177414445
0.8377310037612915  0.8378725051879883           0.0  0.34453221177414445
0.8378725051879883  0.8380141258239746           0.0  0.34424220149487333
0.8380141258239746  0.8381557464599609           0.0  0.34424220149487333
0.8381557464599609  0.838297426700592  0.34409737936551077  0.34409737936551077
0.838297426700592  0.8384391069412231           0.0  0.34409737936551077
0.8384391069412231  0.8385809063911438           0.0  0.3438081003580576
0.8385809063911438  0.8387227058410645           0.0  0.3438081003580576
0.8387227058410645  0.8388645648956299           0.0  0.3436636431730332
0.8388645648956299  0.8390064835548401           0.0  0.34351930732961744
0.8390064835548401  0.8391484618186951  0.343375092674987  0.343375092674987
0.8391484618186951  0.8392904996871948           0.0  0.34323099905657534
0.8392904996871948  0.8394325375556946           0.0  0.34323099905657534
0.8394325375556946  0.8395746350288391           0.0  0.3430870263220717
0.8395746350288391  0.8397167921066284  0.34294317431942095  0.34294317431942095
0.8397167921066284  0.8398590087890625           0.0  0.34279944289682274
0.8398590087890625  0.8400012850761414           0.0  0.342655831902731
0.8400012850761414  0.8401435613632202           0.0  0.342655831902731
0.8401435613632202  0.8402858972549438           0.0  0.3425123411858539
0.8402858972549438  0.8404282927513123           0.0  0.34236897059515237
0.8404282927513123  0.8405707478523254           0.0  0.3422257199798406
0.8405707478523254  0.8407132625579834           0.0  0.3420825891893848
0.8407132625579834  0.8408557772636414           0.0  0.3420825891893848
0.8408557772636414  0.8409983515739441  0.34193957807350295  0.34193957807350295
0.8409983515739441  0.8411410450935364           0.0  0.3416539142655886
0.8411410450935364  0.8412836790084839  0.3417966864821642  0.3417966864821642
0.8412836790084839  0.8414264321327209           0.0  0.3415112612742459
0.8414264321327209  0.8415692448616028           0.0  0.34136872735885604
0.8415692448616028  0.8417120575904846  0.34136872735885604  0.34136872735885604
0.8417120575904846  0.8418549299240112  0.6824526247407752  0.4825668787927604
0.8418549299240112  0.8419978618621826           0.0  0.341084016160058
0.8419978618621826  0.8421408534049988           0.0  0.34094183857933263
0.8421408534049988  0.8422838449478149           0.0  0.34094183857933263
0.8422838449478149  0.8424269556999207           0.0  0.34065783871379385
0.8424269556999207  0.8425700664520264           0.0  0.34065783871379385
0.8425700664520264  0.8427132368087769           0.0  0.34051601613314697
0.8427132368087769  0.8428564667701721           0.0  0.3403743115904366
0.8428564667701721  0.8429997563362122           0.0  0.34023272493836065
0.8429997563362122  0.8431430459022522           0.0  0.34023272493836065
0.8431430459022522  0.843286395072937           0.0  0.3400912560298624
0.843286395072937  0.8434298634529114           0.0  0.3398086708565929
0.8434298634529114  0.843573272228241           0.0  0.33994990471812925
0.843573272228241  0.8437168002128601           0.0  0.33966755429892814
0.8437168002128601  0.843860387802124           0.0  0.33952655489905315
0.843860387802124  0.8440039753913879           0.0  0.33952655489905315
0.8440039753913879  0.8441476225852966           0.0  0.3393856725111282
0.8441476225852966  0.8442913293838501           0.0  0.33924490698955584
0.8442913293838501  0.8444350957870483           0.0  0.3391042581889797
0.8444350957870483  0.8445789217948914           0.0  0.3389637259642847
0.8445789217948914  0.8447228074073792           0.0  0.33882331017059614
0.8447228074073792  0.8448666930198669           0.0  0.33882331017059614
0.8448666930198669  0.8450106382369995           0.0  0.3386830106632791
0.8450106382369995  0.8451546430587769           0.0  0.33854282729793833
0.8451546430587769  0.845298707485199           0.0  0.33840275993041746
0.845298707485199  0.8454427719116211           0.0  0.33840275993041746
0.8454427719116211  0.8455869555473328           0.0  0.3381229726134018
0.8455869555473328  0.8457311391830444           0.0  0.3381229726134018
0.8457311391830444  0.8458753824234009  0.3379832523767847  0.3379832523767847
0.8458753824234009  0.8460196852684021           0.0  0.33784364756374186
0.8460196852684021  0.8461640477180481           0.0  0.3377041580313043
0.8461640477180481  0.8463084101676941           0.0  0.3377041580313043
0.8463084101676941  0.8464528918266296           0.0  0.3374255242375491
0.8464528918266296  0.8465973734855652           0.0  0.3374255242375491
0.8465973734855652  0.8467419147491455  0.33728637969147174  0.33728637969147174
0.8467419147491455  0.8468865156173706           0.0  0.33714734985647943
0.8468865156173706  0.8470311760902405           0.0  0.33700843459077834
0.8470311760902405  0.8471758365631104           0.0  0.33700843459077834
0.8471758365631104  0.8473206162452698           0.0  0.3367309472012429
0.8473206162452698  0.8474653959274292           0.0  0.3367309472012429
0.8474653959274292  0.8476102352142334           0.0  0.3365923747949872
0.8476102352142334  0.8477551341056824           0.0  0.3364539163931794
0.8477551341056824  0.8479000329971313           0.0  0.3364539163931794
0.8479000329971313  0.8480450510978699           0.0  0.33617734104061614
0.8480450510978699  0.8481900691986084           0.0  0.33617734104061614
0.8481900691986084  0.8483351469039917           0.0  0.3360392238092929
0.8483351469039917  0.8484802842140198           0.0  0.3359012200212809
0.8484802842140198  0.8486254811286926           0.0  0.3357633295368715
0.8486254811286926  0.8487707376480103           0.0  0.3356255522165856
0.8487707376480103  0.8489160537719727           0.0  0.3354878879211727
0.8489160537719727  0.8490613698959351           0.0  0.3354878879211727
0.8490613698959351  0.8492067456245422           0.0  0.33535033651161095
0.8492067456245422  0.8493521809577942           0.0  0.3352128978491062
0.8493521809577942  0.8494976758956909           0.0  0.33507557179509173
0.8494976758956909  0.8496432304382324           0.0  0.3349383582112281
0.8496432304382324  0.8497887849807739  0.6698767164224562  0.4736743687412967
0.8497887849807739  0.849934458732605           0.0  0.33466426790172626
0.849934458732605  0.850080132484436           0.0  0.33466426790172626
0.850080132484436  0.8502258658409119  0.33452739090053946  0.33452739090053946
0.8502258658409119  0.8503716588020325           0.0  0.3343906258184052
0.8503716588020325  0.8505174517631531           0.0  0.3343906258184052
0.8505174517631531  0.8506633639335632           0.0  0.3341174308626712
0.8506633639335632  0.8508092761039734           0.0  0.3341174308626712
0.8508092761039734  0.8509553074836731           0.0  0.333844681939518
0.8509553074836731  0.8511013388633728           0.0  0.333844681939518
0.8511013388633728  0.8512474298477173  0.6674169487978939  0.4719350503738256
0.8512474298477173  0.8513935208320618           0.0  0.33370847439894696
0.8513935208320618  0.8515397310256958           0.0  0.3334363924793392
0.8515397310256958  0.8516860008239746           0.0  0.3333005178287771
0.8516860008239746  0.8518322706222534           0.0  0.3333005178287771
0.8518322706222534  0.851978600025177  0.33316475387039474  0.33316475387039474
0.851978600025177  0.8521249890327454           0.0  0.33302910046898165
0.8521249890327454  0.8522714376449585           0.0  0.33289355748954785
0.8522714376449585  0.8524178862571716           0.0  0.33289355748954785
0.8524178862571716  0.8525644540786743           0.0  0.3326228022577548
0.8525644540786743  0.852711021900177           0.0  0.3326228022577548
0.852711021900177  0.8528577089309692           0.0  0.3323524870994795
0.8528577089309692  0.8530043959617615           0.0  0.3323524870994795
0.8530043959617615  0.8531511425971985           0.0  0.3322174942127616
0.8531511425971985  0.8532978892326355           0.0  0.3322174942127616
0.8532978892326355  0.8534447550773621           0.0  0.3319478371557707
0.8534447550773621  0.8535916209220886           0.0  0.3319478371557707
0.8535916209220886  0.8537386059761047           0.0  0.3316786174987101
0.8537386059761047  0.8538855910301208           0.0  0.3316786174987101
0.8538855910301208  0.8540326356887817           0.0  0.33154417136271547
0.8540326356887817  0.8541797399520874           0.0  0.3314098341782087
0.8541797399520874  0.8543268442153931           0.0  0.3314098341782087
0.8543268442153931  0.8544740676879883  0.3311414861343397  0.3311414861343397
0.8544740676879883  0.8546212911605835           0.0  0.3311414861343397
0.8546212911605835  0.8547685742378235           0.0  0.3310074750108535
0.8547685742378235  0.854915976524353           0.0  0.33073977790206993
0.854915976524353  0.8550633788108826           0.0  0.33073977790206993
0.8550633788108826  0.8552107810974121  0.33073977790206993  0.33073977790206993
0.8552107810974121  0.8553583025932312           0.0  0.3304725134350784
0.8553583025932312  0.8555058240890503           0.0  0.3304725134350784
0.8555058240890503  0.8556534647941589           0.0  0.33020568056189703
0.8556534647941589  0.8558011054992676           0.0  0.33020568056189703
0.8558011054992676  0.855948805809021           0.0  0.3300724256464161
0.855948805809021  0.8560965657234192           0.0  0.3299392782379262
0.8560965657234192  0.8562443852424622           0.0  0.32980623820637867
0.8562443852424622  0.8563922047615051           0.0  0.32980623820637867
0.8563922047615051  0.8565401434898376           0.0  0.32954047975496337
0.8565401434898376  0.8566880822181702           0.0  0.32954047975496337
0.8566880822181702  0.8568361401557922           0.0  0.3292751492559658
0.8568361401557922  0.8569841980934143           0.0  0.3292751492559658
0.8569841980934143  0.8571323156356812           0.0  0.3291426441657219
0.8571323156356812  0.857280433177948           0.0  0.3291426441657219
0.857280433177948  0.8574286699295044           0.0  0.32887795365975836
0.8574286699295044  0.8575769662857056           0.0  0.3287457679870655
0.8575769662857056  0.8577252626419067           0.0  0.3287457679870655
0.8577252626419067  0.8578736186027527           0.0  0.3286136885302608
0.8578736186027527  0.8580220341682434           0.0  0.3284817151613731
0.8580220341682434  0.8581705093383789  0.32834984775263715  0.32834984775263715
0.8581705093383789  0.8583190441131592           0.0  0.3282180861764924
0.8583190441131592  0.8584676384925842           0.0  0.32808643030558327
0.8584676384925842  0.8586162328720093           0.0  0.32808643030558327
0.8586162328720093  0.8587649464607239           0.0  0.32782343517106977
0.8587649464607239  0.8589136600494385           0.0  0.32782343517106977
0.8589136600494385  0.8590624332427979           0.0  0.32769209565377366
0.8590624332427979  0.859211266040802           0.0  0.32756086133432877
0.859211266040802  0.8593601584434509           0.0  0.32742973208639675
0.8593601584434509  0.8595091104507446           0.0  0.3272987077838411
0.8595091104507446  0.8596580624580383           0.0  0.3272987077838411
0.8596580624580383  0.8598071336746216           0.0  0.32703697351132305
0.8598071336746216  0.8599562048912048           0.0  0.32703697351132305
0.8599562048912048  0.8601053357124329  0.32690626329009553  0.32690626329009553
0.8601053357124329  0.8602545261383057  0.32677565751171356  0.32677565751171356
0.8602545261383057  0.8604037761688232           0.0  0.32664515605104594
0.8604037761688232  0.8605530858039856           0.0  0.3265147587831613
0.8605530858039856  0.8607024550437927           0.0  0.3263844655833276
0.8607024550437927  0.8608518242835999           0.0  0.3263844655833276
0.8608518242835999  0.8610013127326965           0.0  0.32612419088988004
0.8610013127326965  0.8611508011817932           0.0  0.32612419088988004
0.8611508011817932  0.8613003492355347  0.32599420914779553  0.32599420914779553
0.8613003492355347  0.8614499568939209           0.0  0.3258643309768203
0.8614499568939209  0.8615996241569519  0.32573455625321346  0.32573455625321346
0.8615996241569519  0.8617493510246277           0.0  0.32560488485343114
0.8617493510246277  0.8618990778923035           0.0  0.32560488485343114
0.8618990778923035  0.8620489239692688           0.0  0.32534585153214757
0.8620489239692688  0.8621987700462341           0.0  0.32534585153214757
0.8621987700462341  0.862348735332489  0.3250872300285449  0.3250872300285449
0.862348735332489  0.8624987006187439           0.0  0.3250872300285449
0.8624987006187439  0.8626487255096436           0.0  0.32495807340159677
0.8626487255096436  0.862798810005188           0.0  0.3248290193613261
0.862798810005188  0.8629488945007324           0.0  0.3248290193613261
0.8629488945007324  0.8630990982055664           0.0  0.32457121855230914
0.8630990982055664  0.8632493615150452           0.0  0.3244424715397934
0.8632493615150452  0.8633996248245239           0.0  0.3244424715397934
0.8633996248245239  0.8635499477386475           0.0  0.32431382662641517
0.8635499477386475  0.8637003302574158           0.0  0.32418528369077254
0.8637003302574158  0.8638507723808289           0.0  0.32405684261165574
0.8638507723808289  0.8640012741088867           0.0  0.3239285032680471
0.8640012741088867  0.8641518354415894           0.0  0.3238002655391208
0.8641518354415894  0.8643024563789368           0.0  0.3236721293042418
0.8643024563789368  0.8644530773162842           0.0  0.3236721293042418
0.8644530773162842  0.8646038174629211           0.0  0.3234161608350411
0.8646038174629211  0.8647545576095581           0.0  0.3234161608350411
0.8647545576095581  0.8649053573608398           0.0  0.3232883283604028
0.8649053573608398  0.8650562167167664           0.0  0.3231605968991778
0.8650562167167664  0.8652071356773376           0.0  0.3230329663316821
0.8652071356773376  0.8653581142425537           0.0  0.32290543653842047
0.8653581142425537  0.8655091524124146           0.0  0.32277800740008644
0.8655091524124146  0.8656602501869202           0.0  0.32265067879756176
0.8656602501869202  0.8658113479614258  0.32265067879756176  0.32265067879756176
0.8658113479614258  0.8659625053405762           0.0  0.32252345061191606
0.8659625053405762  0.8661137819290161  0.32226929501647716  0.32226929501647716
0.8661137819290161  0.8662650585174561           0.0  0.32226929501647716
0.8662650585174561  0.8664163947105408           0.0  0.3221423673697594
0.8664163947105408  0.8665677905082703  0.6440310793321409  0.4553987434906482
0.8665677905082703  0.8667192459106445           0.0  0.321888811787414
0.8667192459106445  0.8668707013130188           0.0  0.321888811787414
0.8668707013130188  0.8670222759246826           0.0  0.3216356550341404
0.8670222759246826  0.8671739101409912           0.0  0.32150922592445713
0.8671739101409912  0.8673255443572998           0.0  0.32150922592445713
0.8673255443572998  0.8674772381782532           0.0  0.3213828961696735
0.8674772381782532  0.8676289916038513           0.0  0.3212566656527176
0.8676289916038513  0.8677808046340942           0.0  0.3211305342567016
0.8677808046340942  0.8679326772689819           0.0  0.32100450186492113
0.8679326772689819  0.8680846095085144           0.0  0.3208785683608549
0.8680846095085144  0.8682366013526917  0.3207527336281643  0.3207527336281643
0.8682366013526917  0.8683886528015137  0.6412539951013869  0.4534350483991558
0.8683886528015137  0.8685407042503357           0.0  0.32062699755069346
0.8685407042503357  0.8686928153038025           0.0  0.32050136001246826
0.8686928153038025  0.8688450455665588           0.0  0.32025038009076706
0.8688450455665588  0.8689972758293152           0.0  0.32025038009076706
0.8689972758293152  0.8691495656967163           0.0  0.3201250374762501
0.8691495656967163  0.8693019151687622           0.0  0.31999979293889635
0.8693019151687622  0.8694543242454529           0.0  0.31987464636363666
0.8694543242454529  0.8696067929267883           0.0  0.31974959763558214
0.8696067929267883  0.8697592616081238           0.0  0.31974959763558214
0.8697592616081238  0.8699118494987488           0.0  0.31949979326242933
0.8699118494987488  0.8700644373893738           0.0  0.31949979326242933
0.8700644373893738  0.8702171444892883  0.31925037890391067  0.31925037890391067
0.8702171444892883  0.8703698515892029           0.0  0.31925037890391067
0.8703698515892029  0.8705226182937622           0.0  0.3191258176948182
0.8705226182937622  0.8706754446029663           0.0  0.3190013536473553
0.8706754446029663  0.8708283305168152  0.31887698664788267  0.31887698664788267
0.8708283305168152  0.8709812760353088           0.0  0.3187527165829381
0.8709812760353088  0.8711342811584473           0.0  0.31862854333923607
0.8711342811584473  0.8712873458862305           0.0  0.31850446680366784
0.8712873458862305  0.8714404106140137           0.0  0.31850446680366784
0.8714404106140137  0.8715935945510864           0.0  0.31825660340537704
0.8715935945510864  0.8717467784881592           0.0  0.31825660340537704
0.8717467784881592  0.8719000220298767  0.3181328163173158  0.3181328163173158
0.8719000220298767  0.872053325176239           0.0  0.31800912548671034
0.872053325176239  0.8722067475318909           0.0  0.3177620321491138
0.8722067475318909  0.8723601698875427           0.0  0.3177620321491138
0.8723601698875427  0.8725136518478394  0.31763862941818216  0.31763862941818216
0.8725136518478394  0.872667133808136  0.31763862941818216  0.31763862941818216
0.872667133808136  0.8728207349777222           0.0  0.3173921112735037
0.8728207349777222  0.8729743957519531           0.0  0.3172689956368577
0.8729743957519531  0.8731280565261841           0.0  0.3172689956368577
0.8731280565261841  0.8732818365097046           0.0  0.3170230506789996
0.8732818365097046  0.8734356164932251           0.0  0.3170230506789996
0.8734356164932251  0.8735894560813904           0.0  0.3169002211359237
0.8735894560813904  0.8737433552742004           0.0  0.3167774867357936
0.8737433552742004  0.8738973736763           0.0  0.3165323029225306
0.8738973736763  0.8740513324737549           0.0  0.31665484736810645
0.8740513324737549  0.8742054104804993           0.0  0.3164098532889048
0.8742054104804993  0.8743595480918884           0.0  0.31628749835723863
0.8743595480918884  0.8745137453079224           0.0  0.31616523801771124
0.8745137453079224  0.8746680021286011           0.0  0.31604307216067196
0.8746680021286011  0.8748222589492798           0.0  0.31604307216067196
0.8748222589492798  0.874976634979248           0.0  0.3157990234563008
0.874976634979248  0.8751310110092163           0.0  0.3157990234563008
0.8751310110092163  0.8752854466438293           0.0  0.3156771403905129
0.8752854466438293  0.8754399418830872           0.0  0.31555535137030055
0.8754399418830872  0.8755945563316345  -0.03897115052334292  0.3342301087674071
0.8755945563316345  0.8757491707801819           0.0  0.3153120550315417
0.8757491707801819  0.875903844833374  0.31519054749588404  0.31519054749588404
0.875903844833374  0.8760585188865662           0.0  0.31519054749588404
0.8760585188865662  0.8762133121490479           0.0  0.31494781315048864
0.8762133121490479  0.8763681650161743           0.0  0.31482658612464165
0.8763681650161743  0.8765230774879456           0.0  0.3147054523862328
0.8765230774879456  0.8766779899597168  0.3147054523862328  0.3147054523862328
0.8766779899597168  0.8768330216407776           0.0  0.3144634643413376
0.8768330216407776  0.8769880533218384           0.0  0.3144634643413376
0.8769880533218384  0.8771431446075439           0.0  0.3143426098200688
0.8771431446075439  0.8772982954978943           0.0  0.3142218481566727
0.8772982954978943  0.8774535655975342           0.0  0.31398060297574626
0.8774535655975342  0.8776088356971741           0.0  0.31398060297574626
0.8776088356971741  0.8777641654014587           0.0  0.3138601192447502
0.8777641654014587  0.8779195547103882           0.0  0.3137397279446947
0.8779195547103882  0.8780749440193176           0.0  0.3137397279446947
0.8780749440193176  0.8782304525375366           0.0  0.31349922221227255
0.8782304525375366  0.8783860206604004           0.0  0.3133791075677468
0.8783860206604004  0.8785415887832642  0.3133791075677468  0.3133791075677468
0.8785415887832642  0.8786972761154175           0.0  0.3131391541928863
0.8786972761154175  0.8788529634475708           0.0  0.3131391541928863
0.8788529634475708  0.8790087699890137  0.3128995679999308  0.3128995679999308
0.8790087699890137  0.8791645765304565  0.3128995679999308  0.3128995679999308
0.8791645765304565  0.8793204426765442           0.0  0.3127799123333916
0.8793204426765442  0.8794764280319214           0.0  0.3125408753350474
0.8794764280319214  0.8796324133872986           0.0  0.3125408753350474
0.8796324133872986  0.8797884583473206           0.0  0.31242149379366657
0.8797884583473206  0.8799445629119873           0.0  0.3123022034180294
0.8799445629119873  0.8801007270812988           0.0  0.3121830041037477
0.8801007270812988  0.8802568912506104           0.0  0.3121830041037477
0.8802568912506104  0.8804131746292114           0.0  0.31194487824249395
0.8804131746292114  0.8805695176124573  0.3118259514875406  0.3118259514875406
0.8805695176124573  0.8807258605957031           0.0  0.3118259514875406
0.8807258605957031  0.8808823227882385  0.31158836981021676  0.31158836981021676
0.8808823227882385  0.8810387849807739           0.0  0.31158836981021676
0.8810387849807739  0.8811953663825989           0.0  0.31135114988649376
0.8811953663825989  0.8813519477844238           0.0  0.31135114988649376
0.8813519477844238  0.8815085887908936           0.0  0.311232675324132
0.8815085887908936  0.8816653490066528           0.0  0.3109959964835814
0.8816653490066528  0.8818221092224121           0.0  0.3109959964835814
0.8818221092224121  0.8819789290428162           0.0  0.3108777919999312
0.8819789290428162  0.882135808467865           0.0  0.31075967733731724
0.882135808467865  0.8822927474975586           0.0  0.3106416523933988
0.8822927474975586  0.882449746131897           0.0  0.3105237170659905
0.882449746131897  0.8826067447662354           0.0  0.3105237170659905
0.8826067447662354  0.8827638626098633           0.0  0.3102881148527386
0.8827638626098633  0.882921040058136           0.0  0.3101704477632989
0.882921040058136  0.8830782175064087           0.0  0.3101704477632989
0.8830782175064087  0.8832355141639709           0.0  0.3099353811109583
0.8832355141639709  0.883392870426178           0.0  0.309817981345386
0.883392870426178  0.883550226688385           0.0  0.309817981345386
0.883550226688385  0.8837076425552368           0.0  0.30970067048535366
0.8837076425552368  0.8838651776313782           0.0  0.3094663150782516
0.8838651776313782  0.8840227127075195           0.0  0.3094663150782516
0.8840227127075195  0.8841803073883057           0.0  0.3093492703297349
0.8841803073883057  0.8843379616737366  0.30923231408386354  0.30923231408386354
0.8843379616737366  0.884495735168457           0.0  0.308998666698836
0.884495735168457  0.8846535086631775           0.0  0.308998666698836
0.8846535086631775  0.8848113417625427           0.0  0.3088819753594483
0.8848113417625427  0.8849692344665527           0.0  0.308765372122242
0.8849692344665527  0.8851271271705627           0.0  0.308765372122242
0.8851271271705627  0.8852851390838623           0.0  0.30853242955557114
0.8852851390838623  0.8854432106018066           0.0  0.30841609002708104
0.8854432106018066  0.8856013417243958           0.0  0.3082998382027211
0.8856013417243958  0.8857594728469849           0.0  0.3082998382027211
0.8857594728469849  0.8859177231788635           0.0  0.30806759726998834
0.8859177231788635  0.886076033115387           0.0  0.3079516079637873
0.886076033115387  0.8862343430519104           0.0  0.3079516079637873
0.8862343430519104  0.8863927721977234           0.0  0.3077198911782615
0.8863927721977234  0.8865512013435364           0.0  0.3077198911782615
0.8865512013435364  0.8867096900939941           0.0  0.3076041635020004
0.8867096900939941  0.8868682980537415           0.0  0.30737296909125106
0.8868682980537415  0.8870269060134888           0.0  0.30737296909125106
0.8870269060134888  0.8871855735778809           0.0  0.3072575021607134
0.8871855735778809  0.8873443007469177           0.0  0.3071421219496129
0.8873443007469177  0.8875031471252441           0.0  0.3069116212952417
0.8875031471252441  0.8876619935035706           0.0  0.3069116212952417
0.8876619935035706  0.8878208994865417           0.0  0.3067965006570964
0.8878208994865417  0.8879798650741577           0.0  0.3066814663486385
0.8879798650741577  0.8881388902664185  0.30656651827279574  0.30656651827279574
0.8881388902664185  0.888297975063324  0.30645165633264104  0.30645165633264104
0.888297975063324  0.8884570598602295           0.0  0.30645165633264104
0.8884570598602295  0.8886162638664246           0.0  0.30622219047241445
0.8886162638664246  0.8887755274772644  0.3061075863592137  0.3061075863592137
0.8887755274772644  0.888934850692749           0.0  0.30599306799544296
0.888934850692749  0.8890941739082336           0.0  0.30599306799544296
0.8890941739082336  0.8892536163330078  0.3057642881315211  0.3057642881315211
0.8892536163330078  0.8894131183624268           0.0  0.30565002643939426
0.8894131183624268  0.8895726203918457           0.0  0.30565002643939426
0.8895726203918457  0.8897322416305542           0.0  0.3054217590559444
0.8897322416305542  0.8898918628692627           0.0  0.3054217590559444
0.8898918628692627  0.8900516033172607           0.0  0.3051938323700817
0.8900516033172607  0.8902113437652588           0.0  0.3051938323700817
0.8902113437652588  0.8903711438179016           0.0  0.30507999655047335
0.8903711438179016  0.890531063079834           0.0  0.3048525794826012
0.890531063079834  0.8906909823417664           0.0  0.3048525794826012
0.8906909823417664  0.8908509612083435  0.30473899804464194  0.30473899804464194
0.8908509612083435  0.8910110592842102           0.0  0.30451208888749776
0.8910110592842102  0.8911711573600769           0.0  0.30451208888749776
0.8911711573600769  0.8913313150405884           0.0  0.3043987609794637
0.8913313150405884  0.8914915323257446  0.3042855173927898  0.3042855173927898
0.8914915323257446  0.8916518092155457           0.0  0.3041723580334024
0.8916518092155457  0.8918121457099916           0.0  0.3040592828071571
0.8918121457099916  0.891972541809082           0.0  0.3039462916211019
0.891972541809082  0.8921329975128174           0.0  0.3038333843803191
0.8921329975128174  0.8922935128211975           0.0  0.30372056099213485
0.8922935128211975  0.8924540877342224  0.30360782136296177  0.30360782136296177
0.8924540877342224  0.8926147222518921           0.0  0.3034951653995618
0.8926147222518921  0.8927754163742065           0.0  0.30338259300883497
0.8927754163742065  0.8929361701011658           0.0  0.3032701040978194
0.8929361701011658  0.8930969834327698           0.0  0.3031576985736913
0.8930969834327698  0.8932577967643738           0.0  0.3031576985736913
0.8932577967643738  0.8934187293052673           0.0  0.30293313731548854
0.8934187293052673  0.8935797214508057           0.0  0.3028209813964528
0.8935797214508057  0.8937407732009888           0.0  0.3027089084943816
0.8937407732009888  0.8939018249511719           0.0  0.3027089084943816
0.8939018249511719  0.8940629959106445           0.0  0.30248501137271416
0.8940629959106445  0.894224226474762           0.0  0.3023731869692492
0.894224226474762  0.8943854570388794           0.0  0.3023731869692492
0.8943854570388794  0.8945468068122864           0.0  0.30214978601840375
0.8945468068122864  0.8947081565856934           0.0  0.30214978601840375
0.8947081565856934  0.8948696255683899           0.0  0.3019267149323806
0.8948696255683899  0.8950310945510864           0.0  0.3019267149323806
0.8950310945510864  0.8951926827430725           0.0  0.301703972981121
0.8951926827430725  0.8953542709350586           0.0  0.301703972981121
0.8953542709350586  0.8955159783363342           0.0  0.30148155943671917
0.8955159783363342  0.8956776857376099           0.0  0.30148155943671917
0.8956776857376099  0.895839512348175           0.0  0.30125947357341404
0.895839512348175  0.8960013389587402           0.0  0.30125947357341404
0.8960013389587402  0.8961632251739502           0.0  0.3011485532959569
0.8961632251739502  0.8963252305984497           0.0  0.3009269575981674
0.8963252305984497  0.8964872360229492           0.0  0.3009269575981674
0.8964872360229492  0.8966493010520935           0.0  0.30081628199772675
0.8966493010520935  0.8968114852905273  0.30059517484447595  0.30059517484447595
0.8968114852905273  0.8969736695289612           0.0  0.30059517484447595
0.8969736695289612  0.8971359133720398           0.0  0.30048474311235085
0.8971359133720398  0.897298276424408           0.0  0.3002641228898014
0.897298276424408  0.8974606394767761           0.0  0.3002641228898014
0.8974606394767761  0.8976230621337891           0.0  0.300153934220851
0.8976230621337891  0.8977855443954468           0.0  0.30004382639465116
0.8977855443954468  0.8979480862617493           0.0  0.2999337993222659
0.8979480862617493  0.8981107473373413           0.0  0.2997139870838472
0.8981107473373413  0.8982734084129333           0.0  0.2997139870838472
0.8982734084129333  0.8984361290931702  0.29960420174059305  0.29960420174059305
0.8984361290931702  0.8985989093780518           0.0  0.2994944967967115
0.8985989093780518  0.8987617492675781           0.0  0.2993848721639162
0.8987617492675781  0.8989246487617493           0.0  0.29927532775405014
0.8989246487617493  0.89908766746521           0.0  0.2990564792511221
0.89908766746521  0.8992506861686707           0.0  0.2990564792511221
0.8992506861686707  0.8994137644767761           0.0  0.29894717498239
0.8994137644767761  0.8995769023895264           0.0  0.29883795058524626
0.8995769023895264  0.8997400999069214           0.0  0.2987288059721764
0.8997400999069214  0.8999033570289612  0.29861974105579375  0.29861974105579375
0.8999033570289612  0.9000666737556458           0.0  0.29851075574883906
0.9000666737556458  0.9002300500869751           0.0  0.2984018499641806
0.9002300500869751  0.9003934860229492           0.0  0.29829302361481363
0.9003934860229492  0.9005569815635681           0.0  0.2981842766138604
0.9005569815635681  0.9007205367088319  0.5961512177487346  0.42154256868274836
0.9007205367088319  0.900884211063385  -0.03681397103336493  0.31572938898151565
0.900884211063385  0.9010478854179382           0.0  0.2978585108346027
0.9010478854179382  0.9012116193771362           0.0  0.2977500803610554
0.9012116193771362  0.901375412940979           0.0  0.2976417288034276
0.901375412940979  0.9015392661094666           0.0  0.29753345607559806
0.9015392661094666  0.9017031788825989           0.0  0.29742526209157055
0.9017031788825989  0.9018671512603761           0.0  0.2973171467652727
0.9018671512603761  0.9020311832427979           0.0  0.2972091100117633
0.9020311832427979  0.9021952748298645           0.0  0.2971011517442132
0.9021952748298645  0.9023594260215759           0.0  0.29699327187792995
0.9023594260215759  0.9025236368179321           0.0  0.29688547032733903
0.9025236368179321  0.9026879072189331           0.0  0.29677774700719123
0.9026879072189331  0.9028522372245789           0.0  0.2966701018323609
0.9028522372245789  0.9030166268348694           0.0  0.29656253471784594
0.9030166268348694  0.9031810760498047  0.2964550455787673  0.2964550455787673
0.9031810760498047  0.9033456444740295           0.0  0.2962403008880185
0.9033456444740295  0.9035102128982544           0.0  0.2962403008880185
0.9035102128982544  0.903674840927124           0.0  0.29613304516720457
0.903674840927124  0.9038395285606384  0.2960258670835393  0.2960258670835393
0.9038395285606384  0.9040042757987976           0.0  0.2959187665527565
0.9040042757987976  0.9041690826416016           0.0  0.29581174349071215
0.9041690826416016  0.9043339490890503           0.0  0.2957047978133836
0.9043339490890503  0.9044988751411438           0.0  0.2955979294368699
0.9044988751411438  0.9046638607978821           0.0  0.29549113827739126
0.9046638607978821  0.9048289656639099           0.0  0.2952777872750249
0.9048289656639099  0.9049940705299377           0.0  0.2952777872750249
0.9049940705299377  0.9051592350006104           0.0  0.2951712272651819
0.9051592350006104  0.9053244590759277           0.0  0.29506474413846284
0.9053244590759277  0.9054897427558899           0.0  0.29495833781169095
0.9054897427558899  0.9056551456451416  0.5894915104517615  0.41683344449234117
0.9056551456451416  0.9058205485343933  0.29474575522588076  0.29474575522588076
0.9058205485343933  0.9059860110282898           0.0  0.29463957880108754
0.9059860110282898  0.9061515331268309           0.0  0.294533478844929
0.9061515331268309  0.9063171744346619           0.0  0.2943215080069344
0.9063171744346619  0.9064828157424927  0.2943215080071317  0.2943215080071317
0.9064828157424927  0.9066485166549683           0.0  0.294215636961086
0.9066485166549683  0.9068142771720886           0.0  0.29410984205387236
0.9068142771720886  0.9069801568984984           0.0  0.2938984803278356
0.9069801568984984  0.9071460366249084           0.0  0.2938984803274422
0.9071460366249084  0.9073120355606079  0.29368742217300503  0.29368742217300503
0.9073120355606079  0.9074780344963074           0.0  0.29368742217300503
0.9074780344963074  0.9076440930366516  0.29358200673073187  0.29358200673073187
0.9076440930366516  0.9078102707862853           0.0  0.2933714027088829
0.9078102707862853  0.9079764485359192           0.0  0.2933714027084909
0.9079764485359192  0.9081427454948425           0.0  0.29316110062789213
0.9081427454948425  0.9083090424537659           0.0  0.29316110062789213
0.9083090424537659  0.9084754586219788           0.0  0.2929510998394767
0.9084754586219788  0.9086418747901917           0.0  0.2929510998394767
0.9086418747901917  0.9088084101676941           0.0  0.2927413996964277
0.9088084101676941  0.9089749455451965           0.0  0.2927413996964277
0.9089749455451965  0.9091416001319885           0.0  0.29253199955358333
0.9091416001319885  0.9093083143234253  0.29242741178112946  0.29242741178112946
0.9093083143234253  0.9094750285148621           0.0  0.29242741178112946
0.9094750285148621  0.9096418619155884           0.0  0.29221846043294714
0.9096418619155884  0.9098087549209595           0.0  0.2921140966970782
0.9098087549209595  0.9099756479263306           0.0  0.2921140966970782
0.9099756479263306  0.9101426601409912  -0.036078217151160434  0.3094193084020892
0.9101426601409912  0.9103097319602966           0.0  0.2918014522839169
0.9103097319602966  0.9104768633842468           0.0  0.2916973861454419
0.9104768633842468  0.9106440544128418           0.0  0.29159339420742214
0.9106440544128418  0.9108113050460815           0.0  0.2914894763905271
0.9108113050460815  0.9109786152839661           0.0  0.29138563261553935
0.9109786152839661  0.9111459255218506           0.0  0.29138563261553935
0.9111459255218506  0.9113133549690247           0.0  0.29117816687498005
0.9113133549690247  0.9114808440208435  0.29107454475153705  0.29107454475153705
0.9114808440208435  0.9116484522819519           0.0  0.2908675216044876
0.9116484522819519  0.9118160605430603           0.0  0.2908675216044876
0.9118160605430603  0.9119837284088135           0.0  0.29076412042368255
0.9119837284088135  0.9121514558792114           0.0  0.29066079273341117
0.9121514558792114  0.9123192429542542           0.0  0.2905575384553531
0.9123192429542542  0.9124870896339417           0.0  0.2904543575112994
0.9124870896339417  0.9126550555229187           0.0  0.2902482153129237
0.9126550555229187  0.9128230214118958  0.2902482153129237  0.2902482153129237
0.9128230214118958  0.9129910469055176           0.0  0.2901452539027382
0.9129910469055176  0.913159191608429  0.28993955007154165  0.28993955007154165
0.913159191608429  0.9133273363113403           0.0  0.28993955007154165
0.9133273363113403  0.9134955406188965           0.0  0.2898368074953292
0.9134955406188965  0.9136638641357422           0.0  0.2896315406344968
0.9136638641357422  0.9138321876525878           0.0  0.2896315406346878
0.9138321876525878  0.9140006303787231           0.0  0.28942656431397024
0.9140006303787231  0.9141691327095032           0.0  0.28932418491397915
0.9141691327095032  0.9143376350402832           0.0  0.28932418491397915
0.9143376350402832  0.9145062565803528  0.2891196432491407  0.2891196432491407
0.9145062565803528  0.9146749377250671           0.0  0.28901748083103146
0.9146749377250671  0.9148436784744264           0.0  0.2889153905868177
0.9148436784744264  0.9150124192237854  0.2889153905871979  0.2889153905871979
0.9150124192237854  0.9151812791824341           0.0  0.2887114263155027
0.9151812791824341  0.9153501987457275  0.28860955213543366  0.28860955213543366
0.9153501987457275  0.9155191779136658           0.0  0.2885077498242748
0.9155191779136658  0.9156882166862488  0.28840601930600107  0.28840601930600107
0.9156882166862488  0.9158573150634767           0.0  0.2883043605045055
0.9158573150634767  0.9160264730453491           0.0  0.28820277334473426
0.9160264730453491  0.9161956906318665           0.0  0.2881012577498482
0.9161956906318665  0.9163650274276733  0.28789844095452977  0.28789844095452977
0.9163650274276733  0.9165343642234802           0.0  0.28789844095452977
0.9165343642234802  0.9167037606239319           0.0  0.28779713960303277
0.9167037606239319  0.9168732762336731  0.2875947506159701  0.2875947506159701
0.9168732762336731  0.9170427918434143  0.2875947506159701  0.2875947506159701
0.9170427918434143  0.9172123670578003           0.0  0.28749366283016486
0.9172123670578003  0.9173820614814758  0.2872917002991988  0.2872917002991988
0.9173820614814758  0.9175518155097961           0.0  0.2871908254044308
0.9175518155097961  0.9177215695381165           0.0  0.2871908254044308
0.9177215695381165  0.9178914427757263           0.0  0.28698928798309437
0.9178914427757263  0.918061375617981           0.0  0.2868886253075479
0.918061375617981  0.9182313084602356           0.0  0.2868886253075479
0.9182313084602356  0.9184013605117798           0.0  0.2866875116550365
0.9184013605117798  0.9185714721679688  0.2511661900120068  0.3037816755930812
0.9185714721679688  0.9187416434288025           0.0  0.2864866797729664
0.9187416434288025  0.918911874294281           0.0  0.286386369310861
0.918911874294281  0.9190821647644043           0.0  0.28628612906959017
0.9190821647644043  0.9192525148391724           0.0  0.286185958975444
0.9192525148391724  0.91942298412323           0.0  0.28598582893420244
0.91942298412323  0.9195934534072876           0.0  0.28598582893420244
0.9195934534072876  0.91976398229599  0.2858858688402024  0.2858858688402024
0.91976398229599  0.9199345707893372           0.0  0.2857859785995175
0.9199345707893372  0.9201052784919739           0.0  0.2855864073854117
0.9201052784919739  0.9202759861946106           0.0  0.2855864073854117
0.9202759861946106  0.920446813106537           0.0  0.2853871147073578
0.920446813106537  0.9206176996231079           0.0  0.2852875726377225
0.9206176996231079  0.920788586139679           0.0  0.2852875726375371
0.920788586139679  0.9209595918655396           0.0  0.2850886966719481
0.9209595918655396  0.9211306571960449           0.0  0.2849893626312958
0.9211306571960449  0.9213017821311951           0.0  0.2848900977888607
0.9213017821311951  0.9214729666709899           0.0  0.2847909020725451
0.9214729666709899  0.9216442108154297  0.28469177540942875  0.28469177540942875
0.9216442108154297  0.9218155145645143           0.0  0.2845927177283539
0.9218155145645143  0.9219868779182434  0.28449372895733877  0.28449372895733877
0.9219868779182434  0.9221583008766174           0.0  0.284394809023581
0.9221583008766174  0.922329843044281           0.0  0.2841971753828419
0.922329843044281  0.9225013852119446           0.0  0.2841971753828419
0.9225013852119446  0.9226729869842529  0.2840984615324137  0.2840984615324137
0.9226729869842529  0.9228447079658508  0.2839012394140295  0.2839012394140295
0.9228447079658508  0.9230164289474487           0.0  0.2839012394140295
0.9230164289474487  0.9231882691383363           0.0  0.2837042909300349
0.9231882691383363  0.9233601689338685           0.0  0.2836059191233769
0.9233601689338685  0.9235321283340454           0.0  0.2835076155120787
0.9235321283340454  0.9237041473388672           0.0  0.2834093800248853
0.9237041473388672  0.9238762259483337           0.0  0.28331121259155495
0.9238762259483337  0.9240483641624451           0.0  0.28321311314121156
0.9240483641624451  0.9242205619812012  0.2831150816032603  0.2831150816032603
0.9242205619812012  0.9243928194046021           0.0  0.2830171179072038
0.9243928194046021  0.9245651364326477           0.0  0.28291922198264235
0.9245651364326477  0.9247375130653381           0.0  0.2828213937592735
0.9247375130653381  0.9249100089073181           0.0  0.2826259401353901
0.9249100089073181  0.9250825047492981           0.0  0.2826259401353901
0.9250825047492981  0.9252551198005676           0.0  0.28243075647507565
0.9252551198005676  0.9254277944564819  0.28233326570653056  0.28233326570653056
0.9254277944564819  0.9256004691123962           0.0  0.28233326570653056
0.9256004691123962  0.9257732629776001           0.0  0.2821384859440562
0.9257732629776001  0.9259461164474487           0.0  0.2820411968109721
0.9259461164474487  0.9261190295219421           0.0  0.2819439747507132
0.9261190295219421  0.9262920022010803           0.0  0.28184681969394176
0.9262920022010803  0.9264650344848633           0.0  0.2817497315714154
0.9264650344848633  0.9266381859779358           0.0  0.2815557558526055
0.9266381859779358  0.9268113374710083           0.0  0.2815557558526055
0.9268113374710083  0.9269845485687257           0.0  0.2814588681181331
0.9269845485687257  0.9271578788757324           0.0  0.28126529255582633
0.9271578788757324  0.9273312091827393           0.0  0.28126529255564614
0.9273312091827393  0.9275046586990356           0.0  0.28107198307622644
0.9275046586990356  0.9276781678199768           0.0  0.280975427946348
0.9276781678199768  0.9278517365455627           0.0  0.280878939131806
0.9278517365455627  0.9280253648757935  0.28078251656430453  0.28078251656430453
0.9280253648757935  0.9281990528106689           0.0  0.2806861601756414
0.9281990528106689  0.9283728003501892           0.0  0.28058986989770807
0.9283728003501892  0.9285466074943542  0.28049364566248935  0.28049364566248935
0.9285466074943542  0.9287204742431641           0.0  0.28039748740206344
0.9287204742431641  0.9288944602012634           0.0  0.28020536853436756
0.9288944602012634  0.9290684461593628           0.0  0.28020536853436756
0.9290684461593628  0.9292425513267517           0.0  0.28001351275310477
0.9292425513267517  0.9294166564941406           0.0  0.28001351275310477
0.9294166564941406  0.9295908808708191           0.0  0.2798219195182412
0.9295908808708191  0.9297651648521422           0.0  0.2797262211875308
0.9297651648521422  0.9299395084381104           0.0  0.2796305882910421
0.9299395084381104  0.9301139116287231  0.27953502076275427  0.27953502076275427
0.9301139116287231  0.9302883744239807           0.0  0.27943951853495697
0.9302883744239807  0.9304629564285278  0.27924870971383375  0.27924870971383375
0.9304629564285278  0.930637538433075           0.0  0.27924870971383375
0.930637538433075  0.9308121800422668           0.0  0.27915340298696895
0.9308121800422668  0.9309869408607483           0.0  0.27896298456746893
0.9309869408607483  0.9311617612838745  0.27886787274184077  0.27886787274184077
0.9311617612838745  0.9313365817070007           0.0  0.27886787274184077
0.9313365817070007  0.9315115213394165           0.0  0.27867784352702524
0.9315115213394165  0.9316865205764771           0.0  0.2785829260053879
0.9316865205764771  0.9318615794181824           0.0  0.2784880731194481
0.9318615794181824  0.9320367574691772           0.0  0.2782985609907516
0.9320367574691772  0.9322119355201721  0.5222006726934626  0.4055522906347581
0.9322119355201721  0.9323871731758118  -0.03438474981549371  0.2948955449464809
0.9323871731758118  0.932562530040741           0.0  0.2780147759183613
0.932562530040741  0.9327378869056702           0.0  0.2780147759183613
0.9327378869056702  0.9329133629798889           0.0  0.2778259071847211
0.9329133629798889  0.9330888986587524  0.2777315690158978  0.2777315690158978
0.9330888986587524  0.9332644939422607           0.0  0.2776372948919956
0.9332644939422607  0.9334401488304138           0.0  0.2775430847478178
0.9334401488304138  0.9336158633232117           0.0  0.27744893851825614
0.9336158633232117  0.9337916374206543           0.0  0.2773548561382906
0.9337916374206543  0.9339674711227417  0.2772608375429895  0.2772608375429895
0.9339674711227417  0.9341434240341187           0.0  0.2770729914470932
0.9341434240341187  0.9343194365501404  0.2769791638170738  0.2769791638170738
0.9343194365501404  0.9344954490661621  0.2769791638170738  0.2769791638170738
0.9344954490661621  0.9346715807914734           0.0  0.2767916990699895
0.9346715807914734  0.9348477721214294           0.0  0.2766980618240254
0.9348477721214294  0.9350240230560303           0.0  0.2766044879106591
0.9350240230560303  0.9352003335952759  0.5530219545313179  0.39104557419413344
0.9352003335952759  0.9353767037391663           0.0  0.2764175298248797
0.9353767037391663  0.9355531930923462           0.0  0.2762308242998376
0.9355531930923462  0.9357296824455261           0.0  0.2762308242998376
0.9357296824455261  0.9359062910079957           0.0  0.2760443708239301
0.9359062910079957  0.9360829591751099           0.0  0.2759512384454565
0.9360829591751099  0.9362596869468689           0.0  0.2758581688876287
0.9362596869468689  0.9364364743232727  0.2757651620875991  0.2757651620875991
0.9364364743232727  0.9366133213043213           0.0  0.2756722179817388
0.9366133213043213  0.9367902278900146           0.0  0.27557933650667754
0.9367902278900146  0.9369671940803528           0.0  0.27548651759913073
0.9369671940803528  0.9371442794799805           0.0  0.27530106723386705
0.9371442794799805  0.9373213648796082           0.0  0.27530106723386705
0.9373213648796082  0.9374985694885254  0.27511586638137203  0.27511586638137203
0.9374985694885254  0.9376758337020874  0.2750233593651039  0.2750233593651039
0.9376758337020874  0.9378531575202942           0.0  0.27493091453842655
0.9378531575202942  0.9380305409431458           0.0  0.27483853183864887
0.9380305409431458  0.9382079839706421           0.0  0.27474621120316395
0.9382079839706421  0.9383854866027832           0.0  0.27465395256944897
0.9383854866027832  0.9385631084442139           0.0  0.2744696210576574
0.9385631084442139  0.9387407302856445  0.5489392421153148  0.3881586605591431
0.9387407302856445  0.9389184713363647  0.2742855368047683  0.2742855368047683
0.9389184713363647  0.9390962719917297           0.0  0.27419358724499465
0.9390962719917297  0.9392741322517395           0.0  0.2741016993136123
0.9392741322517395  0.9394520521163942           0.0  0.2740098729485121
0.9394520521163942  0.9396300315856934           0.0  0.27391810808852285
0.9396300315856934  0.9398081302642822           0.0  0.27373476263447755
0.9398081302642822  0.9399862289428711           0.0  0.27373476263447755
0.9399862289428711  0.9401644468307495  -0.03380975399918112  0.28996418131861335
0.9401644468307495  0.9403427243232726           0.0  0.2734602041966996
0.9403427243232726  0.9405210614204407  0.546737614138576  0.3866018744871412
0.9405210614204407  0.9406994581222534           0.0  0.27327747101631106
0.9406994581222534  0.9408779144287108           0.0  0.2731861959760614
0.9408779144287108  0.9410564303398132  0.273094981886915  0.273094981886915
0.9410564303398132  0.9412350654602051           0.0  0.27291273632026
0.9412350654602051  0.9414137005805968           0.0  0.27291273632042956
0.9414137005805968  0.9415924549102783           0.0  0.2727307338283798
0.9415924549102783  0.9417712688446045           0.0  0.2726398235839397
0.9417712688446045  0.9419501423835754  0.2725489739259644  0.2725489739259644
0.9419501423835754  0.9421290755271912           0.0  0.27245818479407696
0.9421290755271912  0.9423080682754517  0.2723674561278118  0.2723674561278118
0.9423080682754517  0.9424871802330017  0.2721861799506885  0.2721861799506885
0.9424871802330017  0.9426662921905518  0.8165585398520655  0.47144029279267774
0.9426662921905518  0.9428455233573912           0.0  0.2720051449126457
0.9428455233573912  0.9430248141288757  0.2719147176699842  0.2719147176699842
0.9430248141288757  0.9432041645050049           0.0  0.27182435053234266
0.9432041645050049  0.9433835744857788  0.27173404343914254  0.27173404343914254
0.9433835744857788  0.9435630440711975           0.0  0.271643796330727
0.9435630440711975  0.9437426328659059  0.271463481829178  0.271463481829178
0.9437426328659059  0.943922221660614  0.2714634818295137  0.2714634818295137
0.943922221660614  0.9441019296646118           0.0  0.27128340655118377
0.9441019296646118  0.9442816972732544           0.0  0.27119345847208853
0.9442816972732544  0.9444615244865417  0.5422071400409805  0.3833983455307413
0.9444615244865417  0.9446414113044739           0.0  0.27101374113711696
0.9446414113044739  0.9448213577270508           0.0  0.27092397176277544
0.9448213577270508  0.9450014233589172  0.27074461130480604  0.27074461130480604
0.9450014233589172  0.9451815485954285  0.541310040206366  0.3827640001542841
0.9451815485954285  0.9453616738319397           0.0  0.270655020103183
0.9453616738319397  0.9455419182777405           0.0  0.2704760154602576
0.9455419182777405  0.945722222328186  0.27038660190142777  0.27038660190142777
0.945722222328186  0.9459026455879211           0.0  0.2702079520157975
0.9459026455879211  0.9460830688476564           0.0  0.27020795201563125
0.9460830688476564  0.9462635517120361  0.5402374311442022  0.38200555101286593
0.9462635517120361  0.9464441537857056           0.0  0.26994041939003927
0.9464441537857056  0.9466248154640198  0.2698513595354071  0.2698513595354071
0.9466248154640198  0.9468055367469788           0.0  0.26976235842738094
0.9468055367469788  0.9469863176345825  0.2696734160078533  0.2696734160078533
0.9469863176345825  0.9471672177314757           0.0  0.26949570700241215
0.9471672177314757  0.9473481178283691  0.2694957070020814  0.2694957070020814
0.9473481178283691  0.947529137134552           0.0  0.2693182320552582
0.947529137134552  0.9477102160453796           0.0  0.2692295822092887
0.9477102160453796  0.9478913545608521           0.0  0.26914099070477754
0.9478913545608521  0.9480725526809692  0.269052457484151  0.269052457484151
0.9480725526809692  0.9482538104057313  0.5379279649794922  0.38037251182687865
0.9482538104057313  0.9484351277351379           0.0  0.2688755656647994
0.9484351277351379  0.9486165642738342           0.0  0.26869890629166193
0.9486165642738342  0.9487980604171753           0.0  0.2686106636294972
0.9487980604171753  0.9489796161651611           0.0  0.26852247890736014
0.9489796161651611  0.9491612315177917  0.2684343520682045  0.2684343520682045
0.9491612315177917  0.9493429064750672           0.0  0.2683462830548947
0.9493429064750672  0.9495247006416321  0.2681703182794487  0.2681703182794487
0.9495247006416321  0.9497064948081969           0.0  0.2681703182794487
0.9497064948081969  0.9498884081840515           0.0  0.2679945841255963
0.9498884081840515  0.9500703811645508  0.5358136067814079  0.3788774348071558
0.9500703811645508  0.9502524137496948  0.5356381602827891  0.37875337539824705
0.9502524137496948  0.9504345655441284  0.5352876117485726  0.37850550015256756
0.9504345655441284  0.950616717338562           0.0  0.2676438058742863
0.950616717338562  0.9507989883422853  0.2674687608735516  0.2674687608735516
0.9507989883422853  0.9509813189506531           0.0  0.2673813242080147
0.9509813189506531  0.9511637091636658           0.0  0.26729394469013695
0.9511637091636658  0.9513461589813232  0.26720662226456027  0.26720662226456027
0.9513461589813232  0.9515286684036255  0.5342387137503717  0.3777638172652667
0.9515286684036255  0.9517112970352173  0.5338899939633284  0.37751723513911445
0.9517112970352173  0.9518939256668091           0.0  0.2669449969816642
0.9518939256668091  0.9520766735076904  0.26677086456354177  0.26677086456354177
0.9520766735076904  0.9522594809532166           0.0  0.26668388351868894
0.9522594809532166  0.9524423480033875           0.0  0.26659695917595144
0.9524423480033875  0.9526253342628479  0.26642328037518537  0.26642328037518537
0.9526253342628479  0.9528083205223083           0.0  0.26642328037518537
0.9528083205223083  0.9529914259910583  0.2662498277186911  0.2662498277186911
0.9529914259910583  0.9531745910644531           0.0  0.2661631860565633
0.9531745910644531  0.9533578157424927           0.0  0.266076600765068
0.9533578157424927  0.9535411596298219           0.0  0.2659035990739024
0.9535411596298219  0.9537245035171509           0.0  0.2659035990742244
0.9537245035171509  0.9539079666137695           0.0  0.26573082220656885
0.9539079666137695  0.954091489315033  0.2656445179447285  0.2656445179447285
0.954091489315033  0.9542750716209412           0.0  0.26555826972461655
0.9542750716209412  0.9544587135314941           0.0  0.26547207749166474
0.9544587135314941  0.9546424150466919           0.0  0.26538594119137543
0.9546424150466919  0.9548262357711792           0.0  0.2652138361711475
0.9548262357711792  0.9550101161003113           0.0  0.26512786734256694
0.9550101161003113  0.9551940560340881           0.0  0.26504195422936455
0.9551940560340881  0.9553780555725098           0.0  0.2649560967773952
0.9553780555725098  0.9555621147155762           0.0  0.2648702949325839
0.9555621147155762  0.9557462930679321  0.2646988578484851  0.2646988578484851
0.9557462930679321  0.9559304714202882           0.0  0.2646988578483256
0.9559304714202882  0.9561147689819336  0.5290552850920516  0.37409857971117183
0.9561147689819336  0.9562991857528685           0.0  0.26435664859480007
0.9562991857528685  0.9564836025238036           0.0  0.2643566485946409
0.9564836025238036  0.9566680788993834  0.5285424689834048  0.37373596396324604
0.9566680788993834  0.9568526744842529           0.0  0.26410057176342494
0.9568526744842529  0.9570373296737671  0.26401532303157493  0.26401532303157493
0.9570373296737671  0.957222044467926           0.0  0.26393012931649534
0.957222044467926  0.9574068188667297  0.2638449905651029  0.2638449905651029
0.9574068188667297  0.957591712474823           0.0  0.26367487774075404
0.957591712474823  0.957776665687561           0.0  0.2635899035616561
0.957776665687561  0.9579616189002991           0.0  0.2635899035616561
0.9579616189002991  0.9581467509269714  0.2633353093212553  0.2633353093212553
0.9581467509269714  0.9583318829536437  0.26333530932141325  0.26333530932141325
0.9583318829536437  0.9585170745849609  0.2632505538304888  0.2632505538304888
0.9585170745849609  0.9587023854255676           0.0  0.2630812064174394
0.9587023854255676  0.9588877558708192  0.2629966143894949  0.2629966143894949
0.9588877558708192  0.9590731859207153           0.0  0.2629120767445544
0.9590731859207153  0.9592586755752563           0.0  0.2628275934292478
0.9592586755752563  0.9594442844390869           0.0  0.26265878957990335
0.9594442844390869  0.9596298933029175  0.7879763687397101  0.4549383686069354
0.9596298933029175  0.9598156213760376  0.26249020242356197  0.26249020242356197
0.9598156213760376  0.9600014090538025  0.2624059899749179  0.2624059899749179
0.9600014090538025  0.9601873159408569  0.5244754541531382  0.3708601501975783
0.9601873159408569  0.9603732228279114           0.0  0.2622377270765691
0.9603732228279114  0.9605592489242554           0.0  0.26206967983076546
0.9605592489242554  0.9607453346252441           0.0  0.2619857369480522
0.9607453346252441  0.9609314799308777           0.0  0.2619018478231889
0.9609314799308777  0.9611177444458008           0.0  0.2617342306405821
0.9611177444458008  0.9613040089607239           0.0  0.2617342306405821
0.9613040089607239  0.9614903926849365  0.2615668278707448  0.2615668278707448
0.9614903926849365  0.9616768360137939  0.2614832067620905  0.2614832067620905
0.9616768360137939  0.9618633389472961  0.26139963910253083  0.26139963910253083
0.9618633389472961  0.9620499610900879  0.2612326639258445  0.2612326639258445
0.9620499610900879  0.9622365832328796           0.0  0.2612326639258445
0.9622365832328796  0.9624233245849608           0.0  0.2610659019317923
0.9624233245849608  0.962610125541687           0.0  0.26098260075026575
0.962610125541687  0.9627970457077026  0.2608161577652484  0.2608161577652484
0.9627970457077026  0.9629839658737184           0.0  0.2608161577650935
0.9629839658737184  0.9631710052490234           0.0  0.2606499269446477
0.9631710052490234  0.9633581042289734           0.0  0.2605668909690408
0.9633581042289734  0.963545262813568           0.0  0.26048390788289943
0.963545262813568  0.9637324810028076           0.0  0.260400977634936
0.9637324810028076  0.9639198184013367  0.26023527545396724  0.26023527545396724
0.9639198184013367  0.9641072154045105           0.0  0.2601525034197898
0.9641072154045105  0.9642946720123292  0.2600697840226819  0.2600697840226819
0.9642946720123292  0.9644821882247925           0.0  0.2599871172130653
0.9644821882247925  0.9646698236465454           0.0  0.25982194115369095
0.9646698236465454  0.9648574590682983  0.25982194115369095  0.25982194115369095
0.9648574590682983  0.9650452136993408  1.0386278993673892  0.5193139496836946
0.9650452136993408  0.965233027935028  0.7787237106496057  0.44959634396789405
0.965233027935028  0.9654209613800049  0.2594099177771442  0.2594099177771442
0.9654209613800049  0.9656088948249817           0.0  0.2594099177772975
0.9656088948249817  0.965796947479248  0.2592454740893246  0.2592454740893246
0.965796947479248  0.9659850597381592           0.0  0.2591633304029845
0.9659850597381592  0.9661732912063599           0.0  0.2589991990981061
0.9661732912063599  0.9663615226745605  0.5179983981962122  0.36628018000831114
0.9663615226745605  0.9665498733520509           0.0  0.25883527555422053
0.9665498733520509  0.9667382836341858           0.0  0.2587533915698516
0.9667382836341858  0.9669267535209655  0.25867155937770425  0.25867155937770425
0.9669267535209655  0.967115342617035           0.0  0.2585080501741011
0.967115342617035  0.967303991317749           0.0  0.25842637306549776
0.967303991317749  0.9674926996231079           0.0  0.25834474755269077
0.9674926996231079  0.9676814675331116  0.25826317358756523  0.25826317358756523
0.9676814675331116  0.96787029504776  0.258181651121155  0.258181651121155
0.96787029504776  0.968059241771698           0.0  0.2580187604895328
0.968059241771698  0.9682482481002808  0.25793739222700063  0.25793739222700063
0.9682482481002808  0.9684373140335083           0.0  0.2578560752685432
0.9684373140335083  0.9686264395713806  0.25777480956565363  0.25777480956565363
0.9686264395713806  0.9688156843185424           0.0  0.2576124317330075
0.9688156843185424  0.9690049886703491           0.0  0.2575313195060892
0.9690049886703491  0.9691943526268005           0.0  0.25745025834177493
0.9691943526268005  0.9693837761878967  0.25736924819125834  0.25736924819125834
0.9693837761878967  0.9695733189582825           0.0  0.2572073807395657
0.9695733189582825  0.969762921333313           0.0  0.2571265233422883
0.969762921333313  0.9699525833129883           0.0  0.25704571676675647
0.9699525833129883  0.9701423048973083           0.0  0.2569649609650704
0.9701423048973083  0.9703320860862732  0.2568842558893904  0.2568842558893904
0.9703320860862732  0.9705219864845275           0.0  0.25672299772514034
0.9705219864845275  0.9707119464874269           0.0  0.2566424445405908
0.9707119464874269  0.9709020256996155           0.0  0.2564814897310432
0.9709020256996155  0.9710921049118042           0.0  0.2564814897308934
0.9710921049118042  0.9712823033332825  0.25632073668186117  0.25632073668186117
0.9712823033332825  0.9714725613594056           0.0  0.25624043569904187
0.9714725613594056  0.9716628789901733  0.25616018501481247  0.25616018501481247
0.9716628789901733  0.9718533158302307  0.25599983435111706  0.25599983435111706
0.9718533158302307  0.9720438122749329           0.0  0.2559197342777907
0.9720438122749329  0.9722343683242798  0.25583968431398785  0.25583968431398785
0.9722343683242798  0.9724249839782715           0.0  0.25575968441270136
0.9724249839782715  0.9726157188415527           0.0  0.25559983460994345
0.9726157188415527  0.972806453704834  0.25559983460994345  0.25559983460994345
0.972806453704834  0.9729973077774048  0.2554401844946343  0.2554401844946343
0.9729973077774048  0.9731882810592651  0.25528073369282744  0.25528073369282744
0.9731882810592651  0.9733792543411255  0.25528073369282744  0.25528073369282744
0.9733792543411255  0.9735703468322754  0.2551214818315094  0.2551214818315094
0.9735703468322754  0.9737614989280701  0.2550419303872214  0.2550419303872214
0.9737614989280701  0.9739527702331543           0.0  0.2548829762392705
0.9739527702331543  0.9741440415382385  0.2548829762392705  0.2548829762392705
0.9741440415382385  0.9743354320526123  0.25472422010333823  0.25472422010333823
0.9743354320526123  0.974526882171631  0.2546449161741422  0.2546449161741422
0.974526882171631  0.974718451499939  0.25448645636350126  0.25448645636350126
0.974718451499939  0.9749100804328918  0.7632219011681047  0.44064637009082325
0.9749100804328918  0.9751017093658447  0.25440730038936826  0.25440730038936826
0.9751017093658447  0.9752935171127319  0.25417012764195746  0.25417012764195746
0.9752935171127319  0.9754853248596191           0.0  0.25417012764195746
0.9754853248596191  0.9756772518157959  0.2540122579974593  0.2540122579974593
0.9756772518157959  0.9758692383766174           0.0  0.25393339669413817
0.9758692383766174  0.9760612845420837           0.0  0.2538545843425882
0.9760612845420837  0.9762534499168396  0.7610913189377968  0.4394162778666243
0.9762534499168396  0.9764456152915955           0.0  0.25369710631259895
0.9764456152915955  0.9766379594802856           0.0  0.2534612552686145
0.9766379594802856  0.9768303036689758           0.0  0.2534612552686145
0.9768303036689758  0.9770227670669556  1.013217058844  0.506608529422
0.9770227670669556  0.9772152304649353  0.506608529422  0.35822632656124076
0.9772152304649353  0.9774078726768494  0.2530691431781618  0.2530691431781618
0.9774078726768494  0.9776005148887634           0.0  0.2530691431781618
0.9776005148887634  0.977793276309967           0.0  0.2529126378329682
0.977793276309967  0.9779860973358154           0.0  0.2528344577285376
0.9779860973358154  0.9781789779663086           0.0  0.2527563259430838
0.9781789779663086  0.9783719778060913  0.5052004143000736  0.3572306388098353
0.9783719778060913  0.978564977645874  0.7578006214501103  0.4375163927862869
0.978564977645874  0.9787581562995911           0.0  0.2523663902350568
0.9787581562995911  0.9789513349533081  0.2523663902350568  0.2523663902350568
0.9789513349533081  0.9791446328163147  0.2522107526215908  0.2522107526215908
0.9791446328163147  0.9793379306793214  0.252210752621446  0.252210752621446
0.9793379306793214  0.9795314073562623           0.0  0.25197765580770765
0.9795314073562623  0.979724884033203           0.0  0.2519776558079968
0.979724884033203  0.9799184799194336           0.0  0.2518224971525092
0.9799184799194336  0.9801121354103088           0.0  0.25174498945885476
0.9801121354103088  0.980305850505829           0.0  0.2516675294619539
0.980305850505829  0.9804996848106385           0.0  0.2515127523837082
0.9804996848106385  0.9806935787200928           0.0  0.25143543521435213
0.9806935787200928  0.9808875322341919  0.5027163311320338  0.35547412675668305
0.9808875322341919  0.9810816049575806  1.0048150746336844  0.5024075373168422
0.9810816049575806  0.981275737285614  0.5022532826231618  0.3551467020160413
0.981275737285614  0.9814699292182922  0.25104956131117834  0.25104956131117834
0.9814699292182922  0.9816641807556152  0.2509725286136296  0.2509725286136296
0.9816641807556152  0.9818585515022278  0.2508186049530264  0.2508186049530264
0.9818585515022278  0.9820529818534851  0.25074171390307143  0.25074171390307143
0.9820529818534851  0.9822474718093872  0.25066486998216947  0.25066486998216947
0.9822474718093872  0.9824420213699341  0.2505880731470034  0.2505880731470034
0.9824420213699341  0.9826366901397704           0.0  0.25043462056101823
0.9826366901397704  0.9828314185142517  0.2503579647234015  0.2503579647234015
0.9828314185142517  0.9830262660980225           0.0  0.25020479374482074
0.9830262660980225  0.9832211136817932           0.0  0.25020479374482074
0.9832211136817932  0.9834160804748535           0.0  0.2500518100739282
0.9834160804748535  0.9836111664772034           0.0  0.2498990133674974
0.9836111664772034  0.9838062524795532  0.2498990133674974  0.2498990133674974
0.9838062524795532  0.9840014576911926  0.2497464032829982  0.2497464032829982
0.9840014576911926  0.9841967225074769  0.4993403362340379  0.35308693787105894
0.9841967225074769  0.9843921065330505  0.49903567465056975  0.3528715095994216
0.9843921065330505  0.984587550163269           0.0  0.2494417416138515
0.984587550163269  0.9847830533981323           0.0  0.24936569230238387
0.9847830533981323  0.9849786162376404  0.24928968934831422  0.24928968934831422
0.9849786162376404  0.985174298286438           0.0  0.24913782234292386
0.985174298286438  0.9853700399398804  0.2490619582070094  0.2490619582070094
0.9853700399398804  0.9855658411979675           0.0  0.24898614025930563
0.9855658411979675  0.9857617616653443  0.4976692855195349  0.3519053265791272
0.9857617616653443  0.9859577417373657           0.0  0.24875896312417345
0.9859577417373657  0.986153781414032           0.0  0.24868332950800212
0.986153781414032  0.9863499402999877  0.24853220016781588  0.24853220016781588
0.9863499402999877  0.9865461587905884           0.0  0.2484567043594642
0.9865461587905884  0.9867424368858337           0.0  0.24838125440383207
0.9867424368858337  0.9869387745857239           0.0  0.24830585025859717
0.9869387745857239  0.9871352314949037           0.0  0.24815517923281455
0.9871352314949037  0.987331748008728  0.24807991226942103  0.24807991226942103
0.987331748008728  0.9875283837318422           0.0  0.24792951523229984
0.9875283837318422  0.9877250194549559           0.0  0.24792951523271978
0.9877250194549559  0.9879217743873596           0.0  0.24777930043967208
0.9879217743873596  0.9881186485290527           0.0  0.24762926756034484
0.9881186485290527  0.9883155226707458           0.0  0.24762926756034484
0.9883155226707458  0.9885125160217285  0.24747941626378792  0.24747941626378792
0.9885125160217285  0.9887096285820008  0.24732974622054982  0.24732974622054982
0.9887096285820008  0.9889067411422729           0.0  0.24732974622082846
0.9889067411422729  0.9891039729118347  0.4943605142047864  0.34956567194507304
0.9891039729118347  0.989301323890686           0.0  0.24703094858103866
0.989301323890686  0.9894986748695374  0.24703094858103866  0.24703094858103866
0.9894986748695374  0.9896961450576782  0.49376364065911205  0.34914361861341586
0.9896961450576782  0.9898936748504638  0.24680732370316194  0.24680732370316194
0.9898936748504638  0.9900913238525391           0.0  0.24665846524468021
0.9900913238525391  0.990289032459259  0.4931682066637438  0.34872258319754196
0.990289032459259  0.9904868006706238           0.0  0.24650978624226008
0.9904868006706238  0.9906846880912781           0.0  0.24636128637102983
0.9906846880912781  0.9908825755119324           0.0  0.24636128637102983
0.9908825755119324  0.991080641746521  0.4922777434558044  0.3480929306248109
0.991080641746521  0.9912787079811095           0.0  0.24613887172804017
0.9912787079811095  0.9914768934249878  0.24599081827108593  0.24599081827108593
0.9914768934249878  0.9916751384735107           0.0  0.24591685831383614
0.9916751384735107  0.9918735027313232           0.0  0.24576907174033025
0.9918735027313232  0.9920719265937805  0.24569524504410303  0.24569524504410303
0.9920719265937805  0.9922704100608826  0.49124292537646785  0.34736120374361756
0.9922704100608826  0.9924689531326295  0.24554772463265137  0.24554772463265137
0.9924689531326295  0.9926676154136658           0.0  0.2454003812638092
0.9926676154136658  0.9928663372993469  0.24532677587037163  0.24532677587037163
0.9928663372993469  0.9930651783943176           0.0  0.24517969746757168
0.9930651783943176  0.9932640790939331  0.2451062243787291  0.2451062243787291
0.9932640790939331  0.9934630393981934           0.0  0.24503279531210875
0.9934630393981934  0.9936620593070984  0.24495941022815784  0.24495941022815784
0.9936620593070984  0.993861198425293           0.0  0.24481277185029002
0.993861198425293  0.9940603971481323           0.0  0.2447395184775042
0.9940603971481323  0.9942597150802612  0.24459314316741  0.24459314316741
0.9942597150802612  0.9944590926170349  0.2445200211515154  0.2445200211515154
0.9944590926170349  0.9946585297584535  0.2444469428426072  0.2444469428426072
0.9946585297584535  0.9948580861091614           0.0  0.244300917190046
0.9948580861091614  0.9950576424598695           0.0  0.24430091718977417
0.9950576424598695  0.9952573776245117  0.48816441107267905  0.34518436540342873
0.9952573776245117  0.9954571127891541  0.4881644110724077  0.3451843654032369
0.9954571127891541  0.9956569671630859           0.0  0.24393661519588997
0.9956569671630859  0.9958569407463074  0.24379119843571354  0.24379119843571354
0.9958569407463074  0.9960569143295288           0.0  0.24379119843571354
0.9960569143295288  0.9962570071220398  0.7309378648362994  0.42200717302412777
0.9962570071220398  0.9964571595191957           0.0  0.24357339807962042
0.9964571595191957  0.9966574311256409           0.0  0.2434284139143668
0.9966574311256409  0.996857762336731  0.24335598653728624  0.24335598653728624
0.996857762336731  0.9970582127571106           0.0  0.24321126100262236
0.9970582127571106  0.9972586631774902  0.24321126100262236  0.24321126100262236
0.9972586631774902  0.9974592328071594  0.4861334150085106  0.343748234313892
0.9974592328071594  0.9976599216461182  0.7287669772068479  0.4207538104668835
0.9976599216461182  0.9978606700897217  0.4857003983086811  0.34344204526907557
0.9978606700897217  0.99806147813797  0.2427781153908635  0.2427781153908635
0.99806147813797  0.998262345790863  0.48541214881413586  0.34323822209680904
0.998262345790863  0.9984633326530457           0.0  0.24256212062628085
0.9984633326530457  0.9986643791198729  0.2424902077534156  0.2424902077534156
0.9986643791198729  0.99886554479599  0.24234650985225706  0.24234650985225706
0.99886554479599  0.9990667700767518  0.4845494494972558  0.3426282015597181
0.9990667700767518  0.9992680549621582  0.24220298215939304  0.24220298215939304
0.9992680549621582  0.9994694590568542           0.0  0.24205962437165404
0.9994694590568542  0.9996709227561951  0.24198800909817134  0.24198800909817134
0.9996709227561951  0.9998724460601807           0.0  0.24191643618805647
0.9998724460601807  1.0000741481781006           0.0  0.24170197126235787
1.0000741481781006  1.0002758502960205           0.0  0.24170197126235787
1.0002758502960205  1.0004775524139404           0.0  0.24170197126235787
1.0004775524139404  1.0006794929504395           0.0  0.24141660884056054
1.0006794929504395  1.0008814334869385  0.24141660884056054  0.24141660884056054
1.0008814334869385  1.001083493232727           0.0  0.24127418016277846
1.001083493232727  1.0012855529785156  1.2063709008138923  0.5395054680595039
1.0012855529785156  1.0014877319335938  0.2411319194433429  0.2411319194433429
1.0014877319335938  1.0016900300979614           0.0  0.24098982638533264
1.0016900300979614  1.0018924474716187  0.24084790069252618  0.24084790069252618
1.0018924474716187  1.0020948648452759  0.24084790069252618  0.24084790069252618
1.0020948648452759  1.0022974014282227  0.4814122841387987  0.3404098906610496
1.0022974014282227  1.0024999380111694  0.4814122841387987  0.3404098906610496
1.0024999380111694  1.0027027130126953           0.0  0.24042312485356232
1.0027027130126953  1.0029054880142212           0.0  0.24042312485356232
1.0029054880142212  1.003108263015747  0.48084624970712464  0.3400096438760278
1.003108263015747  1.003311276435852           0.0  0.24014077238749826
1.003311276435852  1.003514289855957           0.0  0.24014077238749826
1.003514289855957  1.003717303276062  0.4802815447749965  0.3396103371891505
1.003717303276062  1.003920555114746  0.23985908233191175  0.23985908233191175
1.003920555114746  1.0041238069534302  0.23985908233191175  0.23985908233191175
1.0041238069534302  1.0043271780014038  0.2397184849800173  0.2397184849800173
1.0043271780014038  1.0045305490493774  0.2397184849800173  0.2397184849800173
1.0045305490493774  1.0047340393066406  0.4791561047169415  0.3388145308922808
1.0047340393066406  1.0049376487731934           0.0  0.23943778417793296
1.0049376487731934  1.0051413774490356  0.4785953602994846  0.3384180247121845
1.0051413774490356  1.005345106124878           0.0  0.2392976801497423
1.005345106124878  1.0055489540100098  0.239157739985912  0.239157739985912
1.0055489540100098  1.0057529211044312  0.2390179633991289  0.2390179633991289
1.0057529211044312  1.0059568881988525  0.2390179633991289  0.2390179633991289
1.0059568881988525  1.0061609745025635  0.23887835010275088  0.23887835010275088
1.0061609745025635  1.006365180015564  0.2387388998108053  0.2387388998108053
1.006365180015564  1.0065693855285645           0.0  0.2387388998108053
1.0065693855285645  1.0067737102508545  0.2385996122379869  0.2385996122379869
1.0067737102508545  1.006978154182434           0.0  0.23846048709965567
1.006978154182434  1.0071827173233032           0.0  0.23832152411183538
1.0071827173233032  1.0073872804641724  0.23832152411183538  0.23832152411183538
1.0073872804641724  1.007591962814331  0.23818272299121113  0.23818272299121113
1.007591962814331  1.0077966451644897  0.7145481689736334  0.41254457770588143
1.0077966451644897  1.0080015659332275  0.4758112104431757  0.336449333468949
1.0080015659332275  1.0082064867019653           0.0  0.23790560522158785
1.0082064867019653  1.0084114074707031  0.7137168156647635  0.4120645956492137
1.0084114074707031  1.00861656665802  0.47525826307485125  0.3360583406351675
1.00861656665802  1.008821725845337  0.47525826307485125  0.3360583406351675
1.008821725845337  1.0090268850326538           0.0  0.23762913153742563
1.0090268850326538  1.0092322826385498  0.23735329969582675  0.23735329969582675
1.0092322826385498  1.0094376802444458  0.23735329969582675  0.23735329969582675
1.0094376802444458  1.0096431970596313           0.0  0.23721562376792898
1.0096431970596313  1.0098488330841064  0.23707810746429536  0.23707810746429536
1.0098488330841064  1.0100544691085815           0.0  0.23707810746429536
1.0100544691085815  1.0102602243423462           0.0  0.23694075050747943
1.0102602243423462  1.0104660987854004           0.0  0.2368035526206772
1.0104660987854004  1.0106719732284546           0.0  0.2368035526206772
1.0106719732284546  1.0108779668807983  0.4733330270554508  0.3346969931904648
1.0108779668807983  1.0110840797424316  0.47305926590619957  0.33450341482540386
1.0110840797424316  1.0112903118133545  0.236392910621913  0.236392910621913
1.0112903118133545  1.0114965438842773           0.0  0.236392910621913
1.0114965438842773  1.0117028951644897  0.23625634625991307  0.23625634625991307
1.0117028951644897  1.0119092464447021           0.0  0.23625634625991307
1.0119092464447021  1.0121158361434937  0.23598369034963043  0.23598369034963043
1.0121158361434937  1.0123224258422852  0.23598369034963043  0.23598369034963043
1.0123224258422852  1.0125291347503662  0.47169519651200637  0.33353887210676086
1.0125291347503662  1.0127358436584473           0.0  0.23584759825600318
1.0127358436584473  1.0129426717758179  0.7071349891226102  0.408264576323342
1.0129426717758179  1.013149619102478  0.7067276532993828  0.40802940087615114
1.013149619102478  1.0133566856384277  0.2354402621622968  0.2354402621622968
1.0133566856384277  1.0135637521743774  0.2354402621622968  0.2354402621622968
1.0135637521743774  1.0137709379196167  0.235304795958521  0.235304795958521
1.0137709379196167  1.0139782428741455  0.23516948555256445  0.23516948555256445
1.0139782428741455  1.0141855478286743  0.23516948555256445  0.23516948555256445
1.0141855478286743  1.0143929719924927  0.4700686613516201  0.3323887380650134
1.0143929719924927  1.0146005153656006  0.23489933106025818  0.23489933106025818
1.0146005153656006  1.014808177947998           0.0  0.2347644864385244
1.014808177947998  1.0150158405303955           0.0  0.2347644864385244
1.0150158405303955  1.0152236223220825  0.23462979654383792  0.23462979654383792
1.0152236223220825  1.015431523323059  0.46899052222007975  0.3316263785740386
1.015431523323059  1.0156394243240356           0.0  0.23449526111003988
1.0156394243240356  1.0158474445343018  0.23436087987158136  0.23436087987158136
1.0158474445343018  1.0160555839538574           0.0  0.23422665256352207
1.0160555839538574  1.0162638425827026           0.0  0.23409257892152804
1.0162638425827026  1.0164721012115479  0.23409257892152804  0.23409257892152804
1.0164721012115479  1.0166804790496826           0.0  0.23395865868187044
1.0166804790496826  1.016888976097107  0.2338248915814234  0.2338248915814234
1.016888976097107  1.0170974731445312           0.0  0.2338248915814234
1.0170974731445312  1.0173060894012451           0.0  0.2336912773576626
1.0173060894012451  1.0175148248672485           0.0  0.23355781574866333
1.0175148248672485  1.0177236795425415           0.0  0.23342450649309907
1.0177236795425415  1.0179325342178345  0.23342450649309907  0.23342450649309907
1.0179325342178345  1.018141508102417           0.0  0.23329134933023932
1.018141508102417  1.018350601196289           0.0  0.2331583439999484
1.018350601196289  1.0185596942901611  0.2331583439999484  0.2331583439999484
1.0185596942901611  1.0187690258026123  0.23289278779949288  0.23289278779949288
1.0187690258026123  1.0189783573150635  0.46578557559898576  0.3293601390849221
1.0189783573150635  1.0191876888275146  0.23289278779949288  0.23289278779949288
1.0191876888275146  1.019397258758545  0.23262783582247412  0.23262783582247412
1.019397258758545  1.0196068286895752  0.46525567164494824  0.32898544040564465
1.0196068286895752  1.0198163986206055  0.46525567164494824  0.32898544040564465
1.0198163986206055  1.0200262069702148  0.46472697201807894  0.3286115933142746
1.0200262069702148  1.0202360153198242  0.23236348600903947  0.23236348600903947
1.0202360153198242  1.0204459428787231  0.6966946088175631  0.402236819943781
1.0204459428787231  1.0206559896469116           0.0  0.23209973630868871
1.0206559896469116  1.0208660364151           0.0  0.23209973630868871
1.0208660364151  1.0210763216018677  0.2318365846802208  0.2318365846802208
1.0210763216018677  1.0212864875793457  0.23196808586268267  0.23196808586268267
1.0212864875793457  1.0214968919754028  0.9268209300303899  0.46341046501519495
1.0214968919754028  1.02170729637146           0.0  0.23170523250759748
1.02170729637146  1.0219178199768066  0.6947220872750445  0.40109798410022557
1.0219178199768066  1.0221284627914429  0.6943289225397445  0.4008709903344643
1.0221284627914429  1.0223392248153687           0.0  0.2313120675203108
1.0223392248153687  1.0225499868392944  0.6939362025609324  0.40064425334898096
1.0225499868392944  1.0227608680725098  0.2311813088614525  0.2311813088614525
1.0227608680725098  1.0229718685150146  0.23105069795249125  0.23105069795249125
1.0229718685150146  1.0231828689575195  0.6931520938574738  0.4001915479779652
1.0231828689575195  1.023393988609314  0.23092023454314484  0.23092023454314484
1.023393988609314  1.023605227470398           0.0  0.2307899183836961
1.023605227470398  1.0238165855407715           0.0  0.23065974922499125
1.0238165855407715  1.024027943611145  0.23065974922499125  0.23065974922499125
1.024027943611145  1.024239420890808  0.2305297268184383  0.2305297268184383
1.024239420890808  1.0244510173797607  0.23039985091600534  0.23039985091600534
1.0244510173797607  1.024662733078003  0.4605402425404387  0.3256511285096415
1.024662733078003  1.0248744487762451           0.0  0.23027012127021934
1.0248744487762451  1.0250862836837769  0.23014053763416403  0.23014053763416403
1.0250862836837769  1.0252982378005981  0.23001109976147893  0.23001109976147893
1.0252982378005981  1.0255101919174194  0.23001109976147893  0.23001109976147893
1.0255101919174194  1.0257222652435303  0.45976361481271444  0.3251019697769102
1.0257222652435303  1.0259344577789307  0.2297526603235447  0.2297526603235447
1.0259344577789307  1.0261467695236206  0.22962365826833775  0.22962365826833775
1.0261467695236206  1.0263592004776  0.2294948009965822  0.2294948009965822
1.0263592004776  1.0265716314315796  0.2294948009965822  0.2294948009965822
1.0265716314315796  1.0267841815948486  0.22936608826467164  0.22936608826467164
1.0267841815948486  1.0269967317581177           0.0  0.22936608826467164
1.0269967317581177  1.0272095203399658           0.0  0.22910909544868882
1.0272095203399658  1.027422308921814  0.6873272863460664  0.39682859379327645
1.027422308921814  1.0276352167129517           0.0  0.2289808148801285
1.0276352167129517  1.0278481245040894  0.457961629760257  0.32382777392672074
1.0278481245040894  1.0280612707138062  0.22872468421471448  0.22872468421471448
1.0280612707138062  1.028274416923523           0.0  0.22872468421471448
1.028274416923523  1.0284876823425293  0.22859683363661795  0.22859683363661795
1.0284876823425293  1.0287009477615356           0.0  0.22859683363661795
1.0287009477615356  1.028914451599121           0.0  0.22834156079056925
1.028914451599121  1.0291279554367065           0.0  0.22834156079056925
1.0291279554367065  1.029341459274292  0.22834156079056925  0.22834156079056925
1.029341459274292  1.0295552015304565           0.0  0.22808685743218604
1.0295552015304565  1.029768943786621  0.22808685743218604  0.22808685743218604
1.029768943786621  1.0299828052520752  0.2279597187156686  0.2279597187156686
1.0299828052520752  1.0301967859268188  0.22783272165788834  0.22783272165788834
1.0301967859268188  1.030410885810852  0.22770586602222134  0.22770586602222134
1.030410885810852  1.0306249856948853  0.22770586602222134  0.22770586602222134
1.0306249856948853  1.030839204788208  0.45515830314514133  0.3218455226672917
1.030839204788208  1.0310535430908203  0.45490515614672916  0.3216665207080775
1.0310535430908203  1.0312678813934326  0.6823577342200937  0.3939594215355942
1.0312678813934326  1.031482458114624  0.2271998529866164  0.2271998529866164
1.031482458114624  1.0316970348358154           0.0  0.2271998529866164
1.0316970348358154  1.0319116115570068  0.2271998529866164  0.2271998529866164
1.0319116115570068  1.0321264266967773  0.22694768888785213  0.22694768888785213
1.0321264266967773  1.0323412418365479           0.0  0.22694768888785213
1.0323412418365479  1.032556176185608  0.22682181662557377  0.22682181662557377
1.032556176185608  1.0327712297439575  0.22669608391125806  0.22669608391125806
1.0327712297439575  1.0329862833023071           0.0  0.22669608391125806
1.0329862833023071  1.0332015752792358           0.0  0.22644503619928547
1.0332015752792358  1.0334168672561646           0.0  0.22644503619928547
1.0334168672561646  1.0336322784423828  0.9052788829571876  0.4526394414785938
1.0336322784423828  1.033847689628601  0.2263197207392969  0.2263197207392969
1.033847689628601  1.0340632200241089  0.22619454390260485  0.22619454390260485
1.0340632200241089  1.0342788696289062           0.0  0.2260695054593198
1.0342788696289062  1.0344946384429932  0.6778338155401815  0.3913475358679549
1.0344946384429932  1.0347105264663696           0.0  0.22581984283595224
1.0347105264663696  1.034926414489746  0.4516396856719045  0.3193574843915645
1.034926414489746  1.035142421722412           0.0  0.22569521819862554
1.035142421722412  1.0353585481643677           0.0  0.22557073104021486
1.0353585481643677  1.0355747938156128           0.0  0.22544638113335694
1.0355747938156128  1.035791039466858  0.9017855245334278  0.4508927622667139
1.035791039466858  1.0360074043273926           0.0  0.22532216825118984
1.0360074043273926  1.0362238883972168           0.0  0.22519809216735104
1.0362238883972168  1.036440372467041  0.6755942765020531  0.3900545374014308
1.036440372467041  1.0366570949554443  0.2249503494916994  0.2249503494916994
1.0366570949554443  1.0368738174438477  0.2249503494916994  0.2249503494916994
1.0368738174438477  1.0370906591415405           0.0  0.2248266824496479
1.0370906591415405  1.0373075008392334           0.0  0.2248266824496479
1.0373075008392334  1.0375245809555054           0.0  0.22457975583520567
1.0375245809555054  1.0377416610717773           0.0  0.22457975583520567
1.0377416610717773  1.0379588603973389  0.22445649581553762  0.22445649581553762
1.0379588603973389  1.03817617893219  0.6730001130706136  0.3885567964459673
1.03817617893219  1.038393497467041           0.0  0.22433337102353787
1.038393497467041  1.0386109352111816  0.2242103812367925  0.2242103812367925
1.0386109352111816  1.0388284921646118  0.4481750524667501  0.31690761875787576
1.0388284921646118  1.0390461683273315  0.2239648057918453  0.2239648057918453
1.0390461683273315  1.0392639636993408  0.44768443938249536  0.31656070291906035
1.0392639636993408  1.03948175907135  0.22384221969124768  0.22384221969124768
1.03948175907135  1.039699673652649  0.22371976771111024  0.22371976771111024
1.039699673652649  1.0399177074432373           0.0  0.22359744963144312
1.0399177074432373  1.0401357412338257  0.44719489926288625  0.31621454578082187
1.0401357412338257  1.0403540134429932           0.0  0.2233532142959637
1.0403540134429932  1.0405722856521606           0.0  0.2233532142959637
1.0405722856521606  1.0407906770706177           0.0  0.2232312966025707
1.0407906770706177  1.0410090684890747  0.4464625932051414  0.31569672720148656
1.0410090684890747  1.0412276983261108  0.22298786007410554  0.22298786007410554
1.0412276983261108  1.041446328163147           0.0  0.22298786007410554
1.041446328163147  1.0416650772094727  0.22286634080431036  0.22286634080431036
1.0416650772094727  1.041883945465088           0.0  0.22274495390844748
1.041883945465088  1.0421028137207031  0.22274495390844748  0.22274495390844748
1.0421028137207031  1.0423219203948975  0.22250257637427065  0.22250257637427065
1.0423219203948975  1.0425410270690918  0.22250257637427065  0.22250257637427065
1.0425410270690918  1.0427601337432861           0.0  0.22250257637427065
1.0427601337432861  1.0429794788360596  0.4445214514955538  0.31432413273539306
1.0429794788360596  1.043198823928833  0.2222607257477769  0.2222607257477769
1.043198823928833  1.0434184074401855           0.0  0.22201940031265444
1.0434184074401855  1.0436378717422485  -0.027455503654956963  0.23546792562266539
1.0436378717422485  1.0438575744628906  0.22189893400754723  0.22189893400754723
1.0438575744628906  1.0440773963928223  0.4435571967200754  0.3136423016448608
1.0440773963928223  1.044297218322754  0.8871143934401508  0.4435571967200754
1.044297218322754  1.044517159461975           0.0  0.22165839315767455
1.044517159461975  1.0447372198104858  0.44307663637693334  0.3133024941674557
1.0447372198104858  1.0449572801589966  0.44307663637693334  0.3133024941674557
1.0449572801589966  1.0451775789260864  0.44259711620769426  0.31296342220407103
1.0451775789260864  1.0453978776931763  0.6638956743115414  0.3833003462775965
1.0453978776931763  1.0456182956695557           0.0  0.22117887256674393
1.0456182956695557  1.045838713645935  0.22117887256674393  0.22117887256674393
1.045838713645935  1.0460593700408936  0.22093988945213913  0.22093988945213913
1.0460593700408936  1.046280026435852  0.6628196683564174  0.382679113949756
1.046280026435852  1.0465008020401  0.44164118291134935  0.31228747528786355
1.0465008020401  1.0467216968536377  0.44140284444242794  0.3121189445402716
1.0467216968536377  1.0469427108764648  0.22058238154040427  0.22058238154040427
1.0469427108764648  1.047163724899292  0.22058238154040427  0.22058238154040427
1.047163724899292  1.0473848581314087  0.22046346920534204  0.22046346920534204
1.0473848581314087  1.047606110572815  0.44068937001714387  0.31161444193595006
1.047606110572815  1.0478274822235107  0.6606780862292561  0.3814426709321478
1.0478274822235107  1.0480488538742065  0.22022602874308536  0.22022602874308536
1.0480488538742065  1.0482704639434814  0.6599672975404671  0.38103229689133855
1.0482704639434814  1.0484920740127563  0.43997819836031143  0.3111115676348162
1.0484920740127563  1.0487138032913208  0.4397416509418382  0.3109443033511416
1.0487138032913208  1.0489355325698853  0.4397416509418382  0.3109443033511416
1.0489355325698853  1.0491575002670288           0.0  0.21963465917073552
1.0491575002670288  1.0493794679641724  0.43926931834147104  0.3106103137664465
1.0493794679641724  1.0496015548706055  0.21951676617064386  0.21951676617064386
1.0496015548706055  1.0498237609863281  0.21939899966518753  0.21939899966518753
1.0498237609863281  1.0500460863113403  0.4385627189017796  0.31011067251105806
1.0500460863113403  1.0502684116363525  0.4385627189017796  0.31011067251105806
1.0502684116363525  1.0504908561706543  0.4383276906494207  0.30994448244004463
1.0504908561706543  1.0507134199142456           0.0  0.21904645708404366
1.0507134199142456  1.0509361028671265  0.43785838905343627  0.3096126360991024
1.0509361028671265  1.0511587858200073  0.21892919452671813  0.21892919452671813
1.0511587858200073  1.0513817071914673           0.0  0.21869504565556658
1.0513817071914673  1.0516046285629272  0.6560851369666998  0.37879093043903656
1.0516046285629272  1.0518276691436768  0.6557344768186685  0.37858847670817664
1.0518276691436768  1.0520508289337158  0.21846139710251575  0.21846139710251575
1.0520508289337158  1.0522739887237549  0.4369227942050315  0.30895107063735217
1.0522739887237549  1.052497386932373           0.0  0.21822824726569343
1.052497386932373  1.0527207851409912  0.21822824726569343  0.21822824726569343
1.0527207851409912  1.052944302558899  0.4362237177343035  0.30845674892433245
1.052944302558899  1.0531678199768066           0.0  0.21811185886715176
1.0531678199768066  1.0533915758132935  0.21787945411609458  0.21787945411609458
1.0533915758132935  1.0536153316497803  0.21787945411609458  0.21787945411609458
1.0536153316497803  1.0538392066955566  0.6532903121020919  0.3771773375511173
1.0538392066955566  1.0540632009506226  0.21764754410639145  0.21764754410639145
1.0540632009506226  1.054287314414978  0.2175317741361221  0.2175317741361221
1.054287314414978  1.0545114278793335           0.0  0.2175317741361221
1.0545114278793335  1.054735779762268  0.40774383024603783  0.3166626413856414
1.054735779762268  1.0549601316452026           0.0  0.21730060328156722
1.0549601316452026  1.0551846027374268  0.21718520200526262  0.21718520200526262
1.0551846027374268  1.0554090738296509           0.0  0.21718520200526262
1.0554090738296509  1.055633783340454           0.0  0.2169547667776708
1.055633783340454  1.0558584928512573           0.0  0.2169547667776708
1.0558584928512573  1.05608332157135  0.21683973243685553  0.21683973243685553
1.05608332157135  1.0563082695007324  0.21672482001902993  0.21672482001902993
1.0563082695007324  1.0565333366394043           0.0  0.21661002933046056
1.0565333366394043  1.0567584037780762           0.0  0.21661002933046056
1.0567584037780762  1.0569837093353271  0.40601793043547263  0.31532227041681327
1.0569837093353271  1.0572090148925781  0.2163808123682061  0.2163808123682061
1.0572090148925781  1.0574344396591187           0.0  0.21626638570910076
1.0574344396591187  1.0576599836349487           0.0  0.21615208000840885
1.0576599836349487  1.0578855276107788  0.21615208000840885  0.21615208000840885
1.0578855276107788  1.0581111907958984  0.21603789507443713  0.21603789507443713
1.0581111907958984  1.0583370923995972  0.43161977348380953  0.30520126872460335
1.0583370923995972  1.058562994003296  0.21580988674190477  0.21580988674190477
1.058562994003296  1.0587888956069946  0.21580988674190477  0.21580988674190477
1.0587888956069946  1.0590150356292725  0.2155823591860356  0.2155823591860356
1.0590150356292725  1.0592411756515503  0.2155823591860356  0.2155823591860356
1.0592411756515503  1.0594675540924072           0.0  0.21535531088778806
1.0594675540924072  1.0596939325332642  0.4307106217755761  0.30455840138658413
1.0596939325332642  1.0599204301834106  0.4038809939594964  0.31366267951988264
1.0599204301834106  1.0601469278335571  0.2152419659873208  0.2152419659873208
1.0601469278335571  1.0603736639022827  0.21501563374127733  0.21501563374127733
1.0603736639022827  1.0606003999710083  0.43003126748255466  0.3040780253591605
1.0606003999710083  1.0608272552490234  0.42980529203984186  0.3039182365912366
1.0608272552490234  1.0610542297363281  0.21478977698314575  0.21478977698314575
1.0610542297363281  1.0612813234329224  0.42935405288809403  0.3035991623270989
1.0612813234329224  1.0615084171295166           0.0  0.21467702644404701
1.0615084171295166  1.06173574924469  0.42890376022643895  0.303280757332524
1.06173574924469  1.0619630813598633  0.21445188011321947  0.21445188011321947
1.0619630813598633  1.0621905326843262  0.21433948394963812  0.21433948394963812
1.0621905326843262  1.0624181032180786  0.21422720554002592  0.21422720554002592
1.0624181032180786  1.062645673751831  0.42845441108005183  0.3029630195039933
1.062645673751831  1.0628734827041626  0.6155591961794624  0.3782224105225433
1.0628734827041626  1.0631012916564941  0.21400300124328073  0.21400300124328073
1.0631012916564941  1.0633292198181152  0.21389107498740037  0.21389107498740037
1.0633292198181152  1.0635572671890259  0.21377926574799241  0.21377926574799241
1.0635572671890259  1.063785433769226  0.42733514668329103  0.3021715800591031
1.063785433769226  1.0640136003494263  0.6410027200249365  0.37008309295767944
1.0640136003494263  1.064241886138916           0.0  0.21355599758533134
1.064241886138916  1.0644704103469849  0.4266663905851951  0.3016986980871796
1.0644704103469849  1.0646989345550537  0.8533327811703902  0.4266663905851951
1.0646989345550537  1.0649274587631226  0.21333319529259756  0.21333319529259756
1.0649274587631226  1.0651562213897705  0.6393325722395667  0.3691188326842097
1.0651562213897705  1.065385103225708  0.2129998621749529  0.2129998621749529
1.065385103225708  1.0656139850616455  0.4259997243499058  0.30122729387141844
1.0656139850616455  1.0658429861068726  0.42577796499313847  0.30107048632645667
1.0658429861068726  1.0660721063613892  0.42555643639532725  0.30091384195271764
1.0660721063613892  1.0663013458251953  0.2126675690982369  0.2126675690982369
1.0663013458251953  1.0665305852890015  0.6380027072947106  0.36835103480031123
1.0665305852890015  1.0667600631713867  0.849786463118773  0.4248932315593865
1.0667600631713867  1.066989541053772  0.4248932315593865  0.30044488531590824
1.066989541053772  1.0672191381454468  0.42467262240489045  0.3002888910867722
1.0672191381454468  1.0674488544464111  0.2122261211084118  0.2122261211084118
1.0674488544464111  1.067678689956665  0.42423209063891026  0.2999773880877195
1.067678689956665  1.067908525466919  0.42423209063891026  0.2999773880877195
1.067908525466919  1.068138599395752  0.2118962359460671  0.2118962359460671
1.068138599395752  1.068368673324585  1.4832736516224698  0.5606247440639589
1.068368673324585  1.0685988664627075  0.21178650200720328  0.21178650200720328
1.0685988664627075  1.0688291788101196  0.21167688166454943  0.21167688166454943
1.0688291788101196  1.0690596103668213  0.21156737474180526  0.21156737474180526
1.0690596103668213  1.069290041923523  0.4231347494836105  0.299201450715532
1.069290041923523  1.0695207118988037  0.21134870045266643  0.21134870045266643
1.0695207118988037  1.0697513818740845           0.0  0.21134870045266643
1.0697513818740845  1.0699821710586548  0.21123953273549045  0.21123953273549045
1.0699821710586548  1.0702130794525146  0.42226095547331904  0.2985835850454947
1.0702130794525146  1.070444107055664  0.42204307056337415  0.29842951714815447
1.070444107055664  1.0706751346588135           0.0  0.21102153528168707
1.0706751346588135  1.070906400680542  0.21080398730716987  0.21080398730716987
1.070906400680542  1.0711376667022705  1.475627911150189  0.557734925795588
1.0711376667022705  1.0713690519332886           0.0  0.21069538144044797
1.0713690519332886  1.0716005563735962  0.4211737748464568  0.2978148322518658
1.0716005563735962  1.0718321800231934  1.26287103049689  0.5155649392766923
1.0718321800231934  1.0720638036727905  0.631435515248445  0.3645594647045797
1.0720638036727905  1.0722956657409668  0.8410482989735928  0.4205241494867964
1.0722956657409668  1.072527527809143           0.0  0.2102620747433982
1.072527527809143  1.0727595090866089  0.8146420140158593  0.4267521753652738
1.0727595090866089  1.0729916095733643  0.21004608904771932  0.21004608904771932
1.0729916095733643  1.0732238292694092  0.41987652502660117  0.2968975381073528
1.0732238292694092  1.0734561681747437  0.41966109325388357  0.2967452048399812
1.0734561681747437  1.0736885070800781  0.20983054662694178  0.20983054662694178
1.0736885070800781  1.0739210844039917  0.20961544611784189  0.20961544611784189
1.0739210844039917  1.0741536617279053           0.0  0.20961544611784189
1.0741536617279053  1.0743863582611084  0.6285241834670741  0.3628786065169049
1.0743863582611084  1.074619174003601           0.0  0.2094007861627801
1.074619174003601  1.0748521089553833  0.209293620970271  0.209293620970271
1.0748521089553833  1.0750850439071655  0.209293620970271  0.209293620970271
1.0750850439071655  1.0753182172775269  0.20907961931283717  0.20907961931283717
1.0753182172775269  1.0755513906478882  0.41815923862567433  0.29568323324801804
1.0755513906478882  1.075784683227539           0.0  0.20897278251196194
1.075784683227539  1.0760180950164795  0.20886605483958606  0.20886605483958606
1.0760180950164795  1.0762516260147095           0.0  0.20875943612859088
1.0762516260147095  1.076485276222229  0.8346117048487949  0.41730585242439744
1.076485276222229  1.0767189264297485  0.6259587786365961  0.36139746934744815
1.0767189264297485  1.0769526958465576  0.4170930498479445  0.29492932393326027
1.0769526958465576  1.0771867036819458  0.6250021427038862  0.36084515533418154
1.0771867036819458  1.077420711517334  0.4166680951359241  0.2946288355746935
1.077420711517334  1.0776548385620117  0.4164559423379934  0.29447882089262895
1.0776548385620117  1.077889084815979  0.20812200273583178  0.20812200273583178
1.077889084815979  1.0781233310699463  0.20812200273583178  0.20812200273583178
1.0781233310699463  1.0783578157424927           0.0  0.20791038910824072
1.0783578157424927  1.078592300415039  0.20791038910824072  0.20791038910824072
1.078592300415039  1.078826904296875           0.0  0.2078047435853199
1.078826904296875  1.0790616273880005           0.0  0.20769920537120848
1.0790616273880005  1.0792964696884155  0.20759377430249215  0.20759377430249215
1.0792964696884155  1.0795314311981201  0.20748845021608803  0.20748845021608803
1.0795314311981201  1.0797665119171143  0.6221496988477325  0.359198296105983
1.0797665119171143  1.0800015926361084  0.20738323294924418  0.20738323294924418
1.0800015926361084  1.0802369117736816  0.4143462364497564  0.2929870335527474
1.0802369117736816  1.0804722309112549  0.8286924728995128  0.4143462364497564
1.0804722309112549  1.0807076692581177  0.20706822044349849  0.20706822044349849
1.0807076692581177  1.08094322681427  0.6208902865018869  0.3584711740490883
1.08094322681427  1.081178903579712           0.0  0.2068587432351591
1.081178903579712  1.0814145803451538           0.0  0.2068587432351591
1.0814145803451538  1.0816504955291748  0.8265987577077504  0.4132993788538752
1.0816504955291748  1.0818864107131958  0.4132993788538752  0.29224679344776316
1.0818864107131958  1.0821224451065063  0.41309064179384797  0.29209919405713297
1.0821224451065063  1.082358717918396  0.412673799572058  0.29180444209542045
1.082358717918396  1.0825949907302856  0.412673799572058  0.29180444209542045
1.0825949907302856  1.0828312635421753  0.412673799572058  0.29180444209542045
1.0828312635421753  1.083067774772644  0.20612889887898664  0.20612889887898664
1.083067774772644  1.0833044052124023           0.0  0.2060250556049922
1.0833044052124023  1.0835410356521606  0.2060250556049922  0.2060250556049922
1.0835410356521606  1.083777904510498           0.0  0.20581768262501737
1.083777904510498  1.0840147733688354  0.6174530478750522  0.3564866834026162
1.0840147733688354  1.0842517614364624  0.2057141526035762  0.2057141526035762
1.0842517614364624  1.084488868713379  0.20561072668472075  0.20561072668472075
1.084488868713379  1.0847259759902954  0.6168321800541623  0.35612822519909426
1.0847259759902954  1.084963321685791  0.20540418652732775  0.20540418652732775
1.084963321685791  1.0852007865905762  0.4106021439517164  0.29033956035799363
1.0852007865905762  1.0854382514953613  0.2053010719758582  0.2053010719758582
1.0854382514953613  1.085675835609436  0.20519806090110862  0.20519806090110862
1.085675835609436  1.0859136581420898  0.20499234855935314  0.20499234855935314
1.0859136581420898  1.0861514806747437           0.0  0.20499234855935314
1.0861514806747437  1.0863893032073975           0.0  0.20499234855935314
1.0863893032073975  1.0866273641586304           0.0  0.20478704826034527
1.0866273641586304  1.0868655443191528  0.40936910448038993  0.289467669786348
1.0868655443191528  1.0871037244796753  0.6140536567205849  0.3545240440045037
1.0871037244796753  1.0873421430587769  0.20447986768795476  0.20447986768795476
1.0873421430587769  1.0875805616378784  0.4089597353759095  0.28917820211656164
1.0875805616378784  1.0878190994262695           0.0  0.20437767884853048
1.0878190994262695  1.0880577564239502  0.4085511841917178  0.2888893128037579
1.0880577564239502  1.0882965326309204  0.2041736072770392  0.2041736072770392
1.0882965326309204  1.0885354280471802  0.4081434484789516  0.288601000116329
1.0885354280471802  1.0887744426727295           0.0  0.20396994283087758
1.0887744426727295  1.0890134572982788  0.40793988566175515  0.28845705946789196
1.0890134572982788  1.0892527103424072  0.40753336858585903  0.2881696084868577
1.0892527103424072  1.0894919633865356  0.40753336858585903  0.2881696084868577
1.0894919633865356  1.0897313356399536  0.3821583110174518  0.29679237603972963
1.0897313356399536  1.0899708271026611  0.2035638304509256  0.2035638304509256
1.0899708271026611  1.0902104377746582  0.4069251098267756  0.28773950459359365
1.0902104377746582  1.0904501676559448  0.6100841402922569  0.3522322426260559
1.0904501676559448  1.090690016746521  0.5846588587966962  0.35923609667424466
1.090690016746521  1.0909298658370972  0.40652061170567544  0.2874534812291865
1.0909298658370972  1.0911699533462524           0.0  0.20305845847860451
1.0911699533462524  1.0914100408554077  0.40611691695720903  0.2871680259350165
1.0914100408554077  1.091650366783142  0.2028570115951932  0.2028570115951932
1.091650366783142  1.0918906927108765  0.2028570115951932  0.2028570115951932
1.0918906927108765  1.0921311378479004  0.5832095309365161  0.35834557585948457
1.0921311378479004  1.0923717021942139  0.40531192802369626  0.2865988128013495
1.0923717021942139  1.092612385749817  0.40511117917375883  0.2864568619282434
1.092612385749817  1.09285306930542  0.40511117917375883  0.2864568619282434
1.09285306930542  1.093093991279602  0.40471027746255267  0.28617338160966016
1.093093991279602  1.0933349132537842  0.20235513873127633  0.20235513873127633
1.0933349132537842  1.0935760736465454  0.2021550842194313  0.2021550842194313
1.0935760736465454  1.0938172340393066  0.2021550842194313  0.2021550842194313
1.0938172340393066  1.0940585136413574  0.6061656156757552  0.3499698813838925
1.0940585136413574  1.0942999124526978  0.3789500684064411  0.294300785722359
1.0942999124526978  1.0945414304733276  0.6055672290857496  0.3496244027250733
1.0945414304733276  1.094783067703247  0.20175615953424247  0.20175615953424247
1.094783067703247  1.095024824142456  0.4033133484969522  0.2851856036652482
1.095024824142456  1.0952666997909546  0.20155728702607664  0.20155728702607664
1.0952666997909546  1.0955085754394531  0.6046718610782299  0.34910746176490803
1.0955085754394531  1.0957506895065308  0.20135880619197907  0.20135880619197907
1.0957506895065308  1.0959928035736084  0.40271761238395815  0.28476435461995236
1.0959928035736084  1.0962350368499756  0.8050388491651763  0.40251942458258816
1.0962350368499756  1.0964773893356323  0.6034821476280022  0.3484205803841605
1.0964773893356323  1.0967198610305786  0.7793969317968841  0.4082889544055176
1.0967198610305786  1.0969624519348145  0.20096301492673688  0.20096301492673688
1.0969624519348145  1.0972051620483398  0.4017286202120918  0.2840650315486853
1.0972051620483398  1.0974479913711548  0.6022971065919139  0.3477363966229742
1.0974479913711548  1.0976909399032593  0.802668764231422  0.401334382115711
1.0976909399032593  1.0979338884353638  0.2006671910578555  0.2006671910578555
1.0979338884353638  1.0981770753860474  0.4009409170352054  0.2835080412907467
1.0981770753860474  1.098420262336731  0.2004704585176027  0.2004704585176027
1.098420262336731  1.098663568496704           0.0  0.20037223683288072
1.098663568496704  1.0989069938659668  0.40054822269922574  0.28323036446284194
1.0989069938659668  1.099150538444519  1.0008804096326713  0.44760732665729774
1.099150538444519  1.0993942022323608  0.4001562968453126  0.28295323103381764
1.0993942022323608  1.0996379852294922  0.19998031069726627  0.19998031069726627
1.0996379852294922  1.099881887435913           0.0  0.19988256860992645
1.099881887435913  1.1001259088516235  0.5993547660614209  0.34603763552564654
1.1001259088516235  1.100369930267334  0.3995698440409473  0.28253854627900504
1.100369930267334  1.1006141901016235  0.19958991477594412  0.19958991477594412
1.1006141901016235  1.100858449935913           0.0  0.19958991477594412
1.100858449935913  1.1011029481887817           0.0  0.19939528784783495
1.1011029481887817  1.1013474464416504  0.19939528784783495  0.19939528784783495
1.1013474464416504  1.1015920639038086  0.19929811665492667  0.19929811665492667
1.1015920639038086  1.1018368005752563  0.5976031203739545  0.3450263224164629
1.1018368005752563  1.1020816564559937           0.0  0.19910405811874857
1.1020816564559937  1.1023266315460205           0.0  0.19900717049922603
1.1023266315460205  1.102571725845337  0.19891037712836068  0.19891037712836068
1.102571725845337  1.1028168201446533  0.5721467042310082  0.3515481646442512
1.1028168201446533  1.1030621528625488  0.1987170725830464  0.1987170725830464
1.1030621528625488  1.1033076047897339           0.0  0.19862056113448737
1.1033076047897339  1.103553056716919  -0.02454860720193092  0.21053737303124181
1.103553056716919  1.1037986278533936  0.5710357397567731  0.3508655468488254
1.1037986278533936  1.1040444374084473  0.3966631768922498  0.2804832222275089
1.1040444374084473  1.104290246963501           0.0  0.1983315884461249
1.104290246963501  1.1045361757278442  0.39647090196404217  0.2803472633219211
1.1045361757278442  1.104782223701477  0.19813940667437474  0.19813940667437474
1.104782223701477  1.1050283908843994  0.19804345538784965  0.19804345538784965
1.1050283908843994  1.1052746772766113  0.791790387949486  0.395895193974743
1.1052746772766113  1.1055210828781128  0.79140732535251  0.395703662676255
1.1055210828781128  1.1057674884796143  0.5935554940143826  0.34268942424818505
1.1057674884796143  1.1060141324996948  0.9883028887769685  0.4419824883329431
1.1060141324996948  1.106260895729065  0.7902603582143178  0.3951301791071589
1.106260895729065  1.106507658958435  0.19756508955357946  0.19756508955357946
1.106507658958435  1.1067546606063843  0.394748779320376  0.27912953872254986
1.1067546606063843  1.1070016622543335  0.394748779320376  0.27912953872254986
1.1070016622543335  1.1072487831115723           0.0  0.1972791777018377
1.1072487831115723  1.1074960231781006           0.0  0.19718405755829774
1.1074960231781006  1.107743501663208  0.393988184369855  0.2785917168753002
1.107743501663208  1.1079909801483154  0.1969940921849275  0.1969940921849275
1.1079909801483154  1.1082385778427124  0.39379849338075057  0.2784575850905745
1.1082385778427124  1.108486294746399  0.19680449248118842  0.19680449248118842
1.108486294746399  1.1087340116500854           0.0  0.19680449248118842
1.1087340116500854  1.108981966972351  0.3932305147845284  0.278055963573617
1.108981966972351  1.1092300415039062  0.39304155249967276  0.27792234706060703
1.1092300415039062  1.1094781160354614           0.0  0.19652077624983638
1.1094781160354614  1.1097264289855957  0.39266417222842964  0.27765549891172503
1.1097264289855957  1.1099748611450195  1.1774272611590486  0.48068266651372993
1.1099748611450195  1.1102232933044434           0.0  0.19623787685984143
1.1102232933044434  1.1104718446731567  1.176862547844344  0.48045212326839953
1.1104718446731567  1.1107206344604492  0.5878673723659457  0.33940538568327666
1.1107206344604492  1.1109694242477417  0.19595579078864855  0.19595579078864855
1.1109694242477417  1.1112183332443237  0.3917238844596835  0.2769906150541778
1.1112183332443237  1.1114673614501953           0.0  0.19576818352125874
1.1114673614501953  1.1117165088653564  0.391349029067856  0.2767255522646523
1.1117165088653564  1.1119657754898071  0.39116187027824917  0.27659321101536266
1.1119657754898071  1.1122151613235474  0.3909748904167395  0.27646099628734383
1.1122151613235474  1.1124646663665771  0.19539404461343027  0.19539404461343027
1.1124646663665771  1.1127142906188965  0.1953007332263178  0.1953007332263178
1.1127142906188965  1.1129639148712158           0.0  0.1953007332263178
1.1129639148712158  1.1132137775421143  0.19511437756484232  0.19511437756484232
1.1132137775421143  1.1134637594223022  0.3900426660714445  0.27580181413119853
1.1134637594223022  1.1137137413024902  0.3900426660714445  0.27580181413119853
1.1137137413024902  1.1139639616012573  0.19483550994564533  0.19483550994564533
1.1139639616012573  1.1142141819000244  0.38967101989129066  0.2755390205970097
1.1142141819000244  1.1144646406173706  0.9732502031792232  0.435250722684845
1.1144646406173706  1.1147150993347168  0.38930008127168925  0.2752767273836856
1.1147150993347168  1.1149656772613525  0.38911487666594624  0.2751457679510577
1.1149656772613525  1.1152163743972778  0.3889298481939225  0.2750149330637771
1.1152163743972778  1.1154673099517822  0.7771206372938898  0.3885603186469449
1.1154673099517822  1.1157182455062866  0.3885603186469449  0.27475363621526044
1.1157182455062866  1.1159693002700806  0.19418790853556958  0.19418790853556958
1.1159693002700806  1.116220474243164  0.3881914906273464  0.27449283542151076
1.116220474243164  1.116471767425537  0.19400366953316392  0.19400366953316392
1.116471767425537  1.1167231798171997  0.38782336213931673  0.27423252927127706
1.1167231798171997  1.1169745922088623  0.7516801134541784  0.39376943255610375
1.1169745922088623  1.117226243019104  0.19372796559730435  0.19372796559730435
1.117226243019104  1.1174780130386353  0.38727247668173254  0.2738429944285622
1.1174780130386353  1.117729902267456           0.0  0.19354459790625153
1.117729902267456  1.1179817914962769  0.7741783916250061  0.38708919581250306
1.1179817914962769  1.1182339191436768  0.7734463080395452  0.3867231540197726
1.1182339191436768  1.1184861660003662  0.5798105889072441  0.33475379958459284
1.1184861660003662  1.1187384128570557  0.3865403926048294  0.2733253328133853
1.1187384128570557  1.1189908981323242  0.9654384687816562  0.4317572088578184
1.1189908981323242  1.1192433834075928  0.5792630812689936  0.3344376959022655
1.1192433834075928  1.1194959878921509  0.19299657167338816  0.19299657167338816
1.1194959878921509  1.119748830795288  -0.023831014723609507  0.20438305095300657
1.119748830795288  1.1200016736984253  0.385629170557199  0.2726810015243391
1.1200016736984253  1.120254635810852           0.0  0.19272372072380278
1.120254635810852  1.120507836341858  0.1925422482937427  0.1925422482937427
1.120507836341858  1.1207610368728638  0.1925422482937427  0.1925422482937427
1.1207610368728638  1.1210143566131592  0.19245164017689861  0.19245164017689861
1.1210143566131592  1.1212677955627441  0.5770833518945101  0.33317922856114696
1.1212677955627441  1.1215213537216187  0.19227067953733407  0.19227067953733407
1.1215213537216187  1.1217750310897827  0.1684277035465854  0.20371073828539799
1.1217750310897827  1.1220288276672363           0.0  0.19209005888957706
1.1220288276672363  1.1222827434539795  0.7679995030533512  0.3839997515266756
1.1222827434539795  1.1225367784500122  0.1919097772763536  0.1919097772763536
1.1225367784500122  1.1227909326553345  0.9590988165476302  0.4289220301880203
1.1227909326553345  1.1230452060699463  0.7669193349759202  0.3834596674879601
1.1230452060699463  1.123299479484558  0.9586491687199004  0.42872094156627244
1.123299479484558  1.123553991317749  0.7425261635947832  0.38897411393949544
1.123553991317749  1.1238086223602295  0.9573027513481027  0.4281188054123873
1.1238086223602295  1.1240633726119995  0.3827419142497983  0.2706394030103525
1.1240633726119995  1.1243181228637695  0.5741128713746975  0.33146422083341054
1.1243181228637695  1.1245731115341187  0.1911920221486253  0.1911920221486253
1.1245731115341187  1.1248282194137573  0.7644107203288029  0.38220536016440143
1.1248282194137573  1.125083327293396  0.7644107203288029  0.38220536016440143
1.125083327293396  1.1253386735916138  0.5727727386217221  0.3306904948277304
1.1253386735916138  1.1255940198898315  0.3818484924144814  0.27000765837213975
1.1255940198898315  1.1258496046066284  1.1444768713878066  0.4672307262195024
1.1258496046066284  1.1261051893234253  1.3116476517735967  0.5091026943661829
1.1261051893234253  1.1263610124588013  0.1905683762236298  0.1905683762236298
1.1263610124588013  1.1266168355941772  0.3811367524472596  0.2695043822148757
1.1266168355941772  1.1268728971481323  0.5711728147708233  0.32976677836173107
1.1268728971481323  1.1271289587020874  0.3807818765138822  0.26925344703590465
1.1271289587020874  1.127385139465332  1.3321164018759268  0.5034926738219826
1.127385139465332  1.1276415586471558  0.9506269999440018  0.4251333186242954
1.1276415586471558  1.1278979778289795  0.3802507999776007  0.268877919215771
1.1278979778289795  1.1281545162200928  0.5701111552638143  0.32915382895957174
1.1281545162200928  1.1284112930297852  0.3797212027631472  0.2685034374341334
1.1284112930297852  1.1286680698394775  0.949303006907868  0.4245412109381891
1.1286680698394775  1.1289249658584595  0.7590899960573727  0.37954499802868635
1.1289249658584595  1.129181981086731  0.18968447837472613  0.18968447837472613
1.129181981086731  1.1294392347335815  0.1895086818238691  0.1895086818238691
1.1294392347335815  1.1296964883804321  0.5685260454716072  0.3282386653943459
1.1296964883804321  1.1299538612365723  0.37884181137184764  0.2678816138180284
1.1299538612365723  1.130211353302002  0.37866642164436065  0.2677575945523719
1.130211353302002  1.1304689645767212  0.18924559711981004  0.18924559711981004
1.1304689645767212  1.13072669506073  1.1349483867971588  0.4633407386746592
1.13072669506073  1.1309845447540283  0.7562824509956717  0.37814122549783585
1.1309845447540283  1.1312425136566162  0.755932967423123  0.3779664837115615
1.1312425136566162  1.1315007209777832  0.7552349683765642  0.3776174841882821
1.1315007209777832  1.1317589282989502  0.7552349683765642  0.3776174841882821
1.1317589282989502  1.1320172548294067  0.5661648390067968  0.32687542220627525
1.1320172548294067  1.1322757005691528  0.5659036928633434  0.3267246494100546
1.1322757005691528  1.1325342655181885  0.18854759583951566  0.18854759583951566
1.1325342655181885  1.1327929496765137  0.9423035377325105  0.4214109531616863
1.1327929496765137  1.1330517530441284  0.3767477985959553  0.26640092318430364
1.1330517530441284  1.1333106756210327  0.7531486839335351  0.37657434196676753
1.1333106756210327  1.1335697174072266           0.0  0.18820052249236516
1.1335697174072266  1.13382887840271  0.3762279074295396  0.26603330461505215
1.13382887840271  1.134088158607483  0.3760549290812961  0.2659109904520107
1.134088158607483  1.1343475580215454  0.18794105486025253  0.18794105486025253
1.1343475580215454  1.1346070766448975  0.9392736228201872  0.4200559340196873
1.1346070766448975  1.134866714477539  0.5633054206279745  0.32522453623553643
1.134866714477539  1.1351264715194702  1.1260938101218252  0.45972587288417305
1.1351264715194702  1.135386347770691  0.7503848355521275  0.37519241777606377
1.135386347770691  1.1356463432312012  0.18751019503709745  0.18751019503709745
1.1356463432312012  1.135906457901001  0.18742426002562304  0.18742426002562304
1.135906457901001  1.1361666917800903  0.3746768074905264  0.26493651132987783
1.1361666917800903  1.1364270448684692  0.3745052521757413  0.2648152034034447
1.1364270448684692  1.1366875171661377           0.0  0.18716692694549636
1.1366875171661377  1.1369481086730957  0.18708130621038863  0.18708130621038863
1.1369481086730957  1.1372088193893433  0.7479830550999718  0.3739915275499859
1.1372088193893433  1.1374696493148804  0.18691029953195135  0.18691029953195135
1.1374696493148804  1.137730598449707           0.0  0.1868249133741021
1.137730598449707  1.1379916667938232  0.3734792103889585  0.2640896822982298
1.1379916667938232  1.138252854347229  0.9332718744315598  0.41737187054352315
1.138252854347229  1.1385141611099243           0.0  0.18656922234302442
1.1385141611099243  1.1387755870819092  0.18648414745823505  0.18648414745823505
1.1387755870819092  1.1390371322631836  0.7455966005030256  0.3727983002515128
1.1390371322631836  1.1392987966537476           0.0  0.18631423023959431
1.1392987966537476  1.139560580253601  0.5586881630818437  0.3225587613483599
1.139560580253601  1.1398224830627441  0.9307231119160435  0.41623202929488357
1.1398224830627441  1.1400845050811768  0.558179802605882  0.3222652592907181
1.1400845050811768  1.140346646308899  0.7209155794792461  0.3776533575538076
1.140346646308899  1.1406089067459106  0.7435631552289265  0.37178157761446323
1.1406089067459106  1.140871286392212  0.5574189941516259  0.3218260063248516
1.140871286392212  1.1411337852478027  0.557165852010776  0.3216798546416887
1.1411337852478027  1.141396403312683  0.3712752931238398  0.2625312774548903
1.141396403312683  1.141659140586853  0.7422136758183475  0.37110683790917376
1.141659140586853  1.1419219970703125  0.3480153689446908  0.2702762317858399
1.1419219970703125  1.142185091972351  0.5559035822962068  0.3209510828821923
1.142185091972351  1.1424481868743896  0.5559035822962068  0.3209510828821923
1.1424481868743896  1.1427114009857178  0.9260863572824038  0.41415840958372246
1.1427114009857178  1.1429747343063354  0.3702668495933993  0.2618182001960721
1.1429747343063354  1.1432381868362427  0.18504965401624865  0.18504965401624865
1.1432381868362427  1.143501877784729  0.18488233968169507  0.18488233968169507
1.143501877784729  1.1437655687332153  0.7395293587267803  0.36976467936339014
1.1437655687332153  1.1440293788909912  0.9239939796111829  0.41322266984223194
1.1440293788909912  1.1442933082580566  0.3694306552627909  0.26122692151450916
1.1442933082580566  1.1445574760437012  0.18454861704689057  0.18454861704689057
1.1445574760437012  1.1448216438293457  0.7381944681875623  0.36909723409378115
1.1448216438293457  1.1450860500335693  0.3687644142253467  0.26075581795902764
1.1450860500335693  1.145350456237793  0.3687644142253467  0.26075581795902764
1.145350456237793  1.1456149816513062  0.34581968838352556  0.2685710189670018
1.1456149816513062  1.1458797454833984  0.36826630830788787  0.2604036038870433
1.1458797454833984  1.1461445093154907  1.1047989249236636  0.45103227240639937
1.1461445093154907  1.146409511566162  0.9198374614842769  0.41136381842593756
1.146409511566162  1.1466745138168335  1.2877724460779878  0.4867322339376701
1.1466745138168335  1.146939754486084  1.1028127695530143  0.45022142787173625
1.146939754486084  1.1472049951553345  0.18380212825883574  0.18380212825883574
1.1472049951553345  1.147470474243164  0.7345482449499946  0.3672741224749973
1.147470474243164  1.1477360725402832  1.0786413061161049  0.4542224674699094
1.1477360725402832  1.1480016708374023  -0.02268652703266417  0.19456752741082897
1.1480016708374023  1.1482675075531006  0.36678003172727314  0.2593526476381719
1.1482675075531006  1.1485334634780884  1.0998468902982774  0.44901061273626763
1.1485334634780884  1.1487995386123657  0.5496770636772977  0.3173562006814509
1.1487995386123657  1.149065613746643  1.4658055031394606  0.5182405055852359
1.149065613746643  1.1493319272994995  0.18306165415215286  0.18306165415215286
1.1493319272994995  1.1495983600616455  0.5489392421153149  0.31693021920402614
1.1495983600616455  1.149864912033081  0.9144895692663451  0.40897216831881
1.149864912033081  1.1501315832138062  0.36563230699678995  0.25854108369831175
1.1501315832138062  1.1503983736038208  0.18273446620907485  0.18273446620907485
1.1503983736038208  1.150665283203125  0.7306114075496374  0.3653057037748187
1.150665283203125  1.1509323120117188  0.16000631836925613  0.19352520137112808
1.1509323120117188  1.151199460029602  0.3649796835126368  0.2580796092071055
1.151199460029602  1.151466727256775  0.5472253372559003  0.3159406957720778
1.151466727256775  1.1517342329025269  0.5467376141389164  0.31565910869919717
1.1517342329025269  1.1520017385482788  0.9112293568981942  0.4075141570235558
1.1520017385482788  1.1522693634033203  0.9108234640888853  0.40733263624091726
1.1522693634033203  1.1525371074676514  0.7283343461725904  0.3641671730862952
1.1525371074676514  1.1528050899505615  0.9096079523485533  0.40678904286515094
1.1528050899505615  1.1530730724334717  1.0915295428182639  0.4456150698463582
1.1530730724334717  1.153341293334961  0.3635197647785863  0.25704729077027705
1.153341293334961  1.1536095142364502  0.18175988238929314  0.18175988238929314
1.1536095142364502  1.1538779735565186  0.36319692306919144  0.2568190072083141
1.1538779735565186  1.154146432876587  0.18159846153459572  0.18159846153459572
1.154146432876587  1.1544151306152344  0.31802498060970164  0.2719860516174248
1.1544151306152344  1.1546839475631714  0.36271373425801284  0.25647734112333626
1.1546839475631714  1.154952883720398  0.18127647844676842  0.18127647844676842
1.154952883720398  1.1552218198776245  0.5438294353403053  0.3139800708869674
1.1552218198776245  1.1554909944534302  0.7020785470659267  0.36778553288787547
1.1554909944534302  1.1557602882385254  0.520732015891524  0.31995707238095633
1.1557602882385254  1.1560297012329102  0.9047781756104192  0.40462910104462796
1.1560297012329102  1.1562992334365845  0.9043780083500874  0.4044501408053336
1.1562992334365845  1.1565688848495483  0.7231825559255693  0.3615912779627847
1.1565688848495483  1.1568386554718018  0.18071574696239925  0.18071574696239925
1.1568386554718018  1.1571085453033447  0.5419077765581839  0.31287060067181904
1.1571085453033447  1.1573786735534668  1.082858963925621  0.4420753208361046
1.1573786735534668  1.1576488018035889  0.9023824699380174  0.4035577088971135
1.1576488018035889  1.1579190492630005  0.541190651137066  0.3124565681168939
1.1579190492630005  1.1581895351409912  0.360475747356465  0.2548948454090451
1.1581895351409912  1.158460021018982  0.360475747356465  0.2548948454090451
1.158460021018982  1.1587307453155518  0.5402374311438699  0.3119062262972252
1.1587307453155518  1.1590014696121216  0.1800791437146233  0.1800791437146233
1.1590014696121216  1.1592724323272705  0.8996034654111515  0.4023149002907431
1.1592724323272705  1.159543514251709  0.35968314456984124  0.2543343906038361
1.159543514251709  1.1598145961761475  0.35968314456984124  0.2543343906038361
1.1598145961761475  1.160085916519165  0.3593670785377061  0.2541108981692106
1.160085916519165  1.1603573560714722  0.5388138806006713  0.3110843390079044
1.1603573560714722  1.1606289148330688           0.0  0.1795257837471069
1.1606289148330688  1.160900592803955  0.17944700981830167  0.17944700981830167
1.160900592803955  1.1611723899841309  0.358736609978868  0.2536650895759313
1.1611723899841309  1.1614443063735962  0.5378690075088682  0.31053881627400187
1.1614443063735962  1.1617164611816406  0.1791326041944413  0.1791326041944413
1.1617164611816406  1.161988615989685  0.5152578291278811  0.3165935289130882
1.161988615989685  1.162260890007019  0.8952708742905201  0.40037730663785437
1.162260890007019  1.1625334024429321  0.5366925661101175  0.3098595975157473
1.1625334024429321  1.1628059148788452  0.35779504407341167  0.2529993019392491
1.1628059148788452  1.1630786657333374  1.0724468585032592  0.43782459659729595
1.1630786657333374  1.1633515357971191  0.7146522243353596  0.3573261121676798
1.1633515357971191  1.1636244058609009  0.3573261121676798  0.2526677170087913
1.1636244058609009  1.1638975143432617  0.5355212597676685  0.3091833434836309
1.1638975143432617  1.164170742034912  0.5352876117485726  0.3090484467369103
1.164170742034912  1.164444088935852  0.1783513891739684  0.1783513891739684
1.164444088935852  1.1647175550460815           0.0  0.17827364227371817
1.1647175550460815  1.1649911403656006  0.7127838525070319  0.35639192625351596
1.1649911403656006  1.1652648448944092  0.35623670328911977  0.2518973886032767
1.1652648448944092  1.1655387878417969  0.8898166566055472  0.3979381063363182
1.1655387878417969  1.1658127307891846  1.0457845213345003  0.44038627394384594
1.1658127307891846  1.1660869121551514  0.17780858059822152  0.17780858059822152
1.1660869121551514  1.1663610935211182  0.8890429029911076  0.39759207320037354
1.1663610935211182  1.166635513305664  0.3553081975464027  0.2512408358962308
1.166635513305664  1.16690993309021  0.7106163950928054  0.3553081975464027
1.16690993309021  1.167184591293335  0.5324996554373822  0.30743881941015555
1.167184591293335  1.1674593687057495  0.7096915147521206  0.3548457573760603
1.1674593687057495  1.1677342653274536  0.8867296950908707  0.3965575751781697
1.1677342653274536  1.1680092811584473  0.5318071981481267  0.3070390290078016
1.1680092811584473  1.1682844161987305  0.7087690387797392  0.3543845193898696
1.1682844161987305  1.1685596704483032  0.5313465596049062  0.3067730792208741
1.1685596704483032  1.168835163116455  0.5308867183590344  0.30650758975378556
1.168835163116455  1.169110655784607  1.4156979156240919  0.5005247981247281
1.169110655784607  1.169386386871338  0.5085748482053406  0.31248725746155653
1.169386386871338  1.1696621179580688  0.17680922411409836  0.17680922411409836
1.1696621179580688  1.169938087463379  0.5299694194936193  0.30597798700691076
1.169938087463379  1.1702141761779785  0.7063207864868903  0.35316039324344517
1.1702141761779785  1.1704902648925781  1.0594811797303354  0.4325313804035462
1.1704902648925781  1.1707665920257568  0.5292835229196413  0.30558198443528833
1.1707665920257568  1.171043038368225  0.8817588084862215  0.39433452710688194
1.171043038368225  1.171319603919983  0.5288272440205727  0.30531855169008554
1.171319603919983  1.1715964078903198  0.33047971081957067  0.25665766196717354
1.1715964078903198  1.1718732118606567  1.3872232130829028  0.5019870121584337
1.1718732118606567  1.1721501350402832  0.8802404980109978  0.3936555180201719
1.1721501350402832  1.1724272966384888  0.8794833018836765  0.3933168896175739
1.1724272966384888  1.1727045774459839  0.7032841536988985  0.35164207684944926
1.1727045774459839  1.172981858253479  0.5274631152741739  0.3045309715911429
1.172981858253479  1.1732593774795532           0.0  0.17566998942264153
1.1732593774795532  1.173537015914917  0.7023782488207977  0.35118912441039885
1.173537015914917  1.1738147735595703  0.8775959986607501  0.39247286195745035
1.1738147735595703  1.1740926504135132  0.3508878038403342  0.2481151455311554
1.1740926504135132  1.1743706464767456  0.5261060060582026  0.3037474442199822
1.1743706464767456  1.1746488809585571           0.0  0.1752183956194985
1.1746488809585571  1.1749271154403687  0.8760919780974925  0.39180024351365006
1.1749271154403687  1.1752055883407593  0.5252051396094729  0.3032273287333041
1.1752055883407593  1.17548406124115  0.8753418993491214  0.39146479809968293
1.17548406124115  1.1757627725601196  0.5247558623300808  0.30296793837510627
1.1757627725601196  1.176041603088379  0.6993753490823591  0.34968767454117955
1.176041603088379  1.1763205528259277  0.6990764707280505  0.34953823536402523
1.1763205528259277  1.1765996217727661  0.6987778477162059  0.34938892385810294
1.1765996217727661  1.176878809928894  0.698479479719743  0.3492397398598715
1.176878809928894  1.177158236503601  0.34894175373371117  0.24673908030423347
1.177158236503601  1.177437663078308  0.6978835074674223  0.34894175373371117
1.177437663078308  1.1777173280715942  0.3486442756827873  0.24652873155717103
1.1777173280715942  1.1779969930648804  0.6757431198955082  0.3539896561214078
1.1779969930648804  1.1782768964767456  0.17417365220439077  0.17417365220439077
1.1782768964767456  1.1785569190979004  0.5222985126129113  0.30154918685440546
1.1785569190979004  1.1788370609283447  0.8701270965444884  0.38913266738759966
1.1788370609283447  1.1791173219680786  0.5003545826877723  0.3074364213137305
1.1791173219680786  1.179397702217102  0.869387192550828  0.3888017722622701
1.179397702217102  1.1796783208847046  0.6949188366625481  0.34745941833127403
1.1796783208847046  1.1799589395523071  0.8686485458281851  0.38847143940563267
1.1799589395523071  1.1802397966384888  0.5207466919048084  0.3006532427508482
1.1802397966384888  1.1805206537246704  0.8679111531746807  0.3881416673857637
1.1805206537246704  1.1808017492294312  1.040610013679159  0.42482725912409375
1.1808017492294312  1.1810829639434814  0.6720192281792549  0.35203888650310416
1.1810829639434814  1.1813642978668213  0.8664401173218422  0.38748380015290645
1.1813642978668213  1.1816457509994507  0.5196438823073818  0.30001653533290906
1.1816457509994507  1.1819274425506592  0.34613604348363053  0.24475514356035685
1.1819274425506592  1.1822091341018677  0.17306802174181526  0.17306802174181526
1.1822091341018677  1.1824910640716553  1.189079308838305  0.46152903878270446
1.1824910640716553  1.1827731132507324  0.17284857792726524  0.17284857792726524
1.1827731132507324  1.1830551624298096  1.2099400454908567  0.4573143516667121
1.1830551624298096  1.1833374500274658  0.690810363810658  0.345405181905329
1.1833374500274658  1.1836198568344116  0.6905187596047438  0.3452593798023719
1.1836198568344116  1.1839025020599365  0.5174522168400373  0.29875117668536416
1.1839025020599365  1.1841851472854614  0.6899362891200498  0.3449681445600249
1.1841851472854614  1.1844680309295654  1.3787096009301627  0.48744745405235845
1.1844680309295654  1.1847509145736694  0.6893548004650814  0.3446774002325407
1.1847509145736694  1.1850340366363525  0.8609678639492833  0.3850365340466776
1.1850340366363525  1.1853172779083252  0.51636330224231  0.29812249154924175
1.1853172779083252  1.1856006383895874  0.34409737936551077  0.24331359033787267
1.1856006383895874  1.1858841180801392  0.5159290185566563  0.2978717577464249
1.1858841180801392  1.1861677169799805  0.5157121505370864  0.29774654893694763
1.1861677169799805  1.1864515542984009  -0.02122871996168659  0.1820648681525943
1.1864515542984009  1.1867353916168213  0.34351930732961744  0.2429048316812782
1.1867353916168213  1.1870194673538208  0.8580774976414384  0.3837439229378343
1.1870194673538208  1.1873036623001099  0.8365155598367332  0.3882949280225547
1.1873036623001099  1.1875879764556885  0.8573579357985524  0.38342212509889273
1.1875879764556885  1.1878724098205566  1.0283983286904683  0.4198418596037775
1.1878724098205566  1.188157081604004  1.0275370235575616  0.4194902332557007
1.188157081604004  1.1884417533874512  0.8562808529646347  0.38294043901208513
1.1884417533874512  1.1887266635894775  0.6844514399596812  0.3422257199798406
1.1887266635894775  1.189011573791504  1.197790019929442  0.4527220736583434
1.189011573791504  1.1892967224121094  0.6838791561470059  0.34193957807350295
1.1892967224121094  1.1895819902420044  1.1962884026875749  0.4521545156888594
1.1895819902420044  1.189867377281189  0.6833078285311772  0.3416539142655886
1.189867377281189  1.1901530027389526  0.5120530910382841  0.29563398995033324
1.1901530027389526  1.1904386281967163  1.0241061820765682  0.41808959808623253
1.1904386281967163  1.190724492073059  1.364336064640232  0.482365641562238
1.190724492073059  1.1910104751586914  1.1932964350276642  0.4510236582090207
1.1910104751586914  1.1912965774536133  0.34079977947992457  0.2409818350971347
1.1912965774536133  1.1915827989578247  1.3626313548551754  0.4817629356377537
1.1915827989578247  1.1918691396713257  1.3620640645325879  0.4815623682207521
1.1918691396713257  1.1921555995941162  0.5105614673856549  0.29477280063295813
1.1921555995941162  1.1924422979354858  1.3603650241194496  0.4809616667219321
1.1924422979354858  1.192729115486145  0.33994990471812925  0.2403808828899099
1.192729115486145  1.1930159330368042  0.8498747617953231  0.38007554794715676
1.1930159330368042  1.1933029890060425  0.5095013314483923  0.29416073086420197
1.1933029890060425  1.1935902833938599  0.3393856725111282  0.23998191047017564
1.1935902833938599  1.1938775777816772  0.1696928362555641  0.1696928362555641
1.1938775777816772  1.1941649913787842  0.8481122674738896  0.3792873365246202
1.1941649913787842  1.1944526433944702  1.3558549038571388  0.47936709841120867
1.1944526433944702  1.1947404146194458  0.8470582754264904  0.37881597695147445
1.1947404146194458  1.195028305053711  1.1853905373214768  0.4480355097488367
1.195028305053711  1.1953163146972656  0.6770856545958767  0.33854282729793833
1.1953163146972656  1.1956044435501099  0.33840275993041746  0.2392868863190415
1.1956044435501099  1.1958928108215332  1.0143689178402053  0.41411437660794254
1.1958928108215332  1.196181297302246  0.8449581309419618  0.377876763785479
1.196181297302246  1.196469783782959  0.16899162618839236  0.16899162618839236
1.196469783782959  1.196758508682251  1.3508166321252173  0.4775858003576576
1.196758508682251  1.1970473527908325  1.0126943509102175  0.4134307375215077
1.1970473527908325  1.1973364353179932  0.5059295695372076  0.2920985731632983
1.1973364353179932  1.1976255178451538  1.0118591390744152  0.41308976371736617
1.1976255178451538  1.1979148387908936  1.6850421729538918  0.5328571219973675
1.1979148387908936  1.1982042789459229  0.673739267505617  0.3368696337528085
1.1982042789459229  1.1984938383102417  0.8418273680031073  0.37647664403493586
1.1984938383102417  1.19878351688385  0.3365923747949872  0.23800675071321944
1.19878351688385  1.199073314666748  0.8411347909829485  0.37616691417559
1.199073314666748  1.199363350868225  1.0085320231218484  0.41173147431755575
1.199363350868225  1.1996535062789917  0.5040588357139394  0.29101850448685224
1.1996535062789917  1.1999437808990479  0.3359012200212809  0.23751803048588227
1.1999437808990479  1.2002341747283936  0.7979094878579621  0.38456229729146585
1.2002341747283936  1.2005246877670288  0.5034383283248783  0.2906602543787437
1.2005246877670288  1.2008153200149536  0.6709757758423454  0.3354878879211727
1.2008153200149536  1.2011061906814575  0.6497103931454354  0.3403523496970586
1.2011061906814575  1.201397180557251  1.8429156448730044  0.5556599740290559
1.201397180557251  1.201688289642334  1.0048150746336844  0.4102140364515205
1.201688289642334  1.2019795179367065  0.6696025139188039  0.33480125695940194
1.2019795179367065  1.2022708654403687  0.33466426790172626  0.2366433732541421
1.2022708654403687  1.2025624513626099  0.5015859387276078  0.28959077674611544
1.2025624513626099  1.202854037284851  1.0031718774552156  0.4095432040125156
1.202854037284851  1.2031458616256714  0.6682348617253424  0.3341174308626712
1.2031458616256714  1.2034378051757812  1.3359240028612804  0.4723204607865441
1.2034378051757812  1.2037299871444702  0.8342711859973674  0.37309741671189683
1.2037299871444702  1.2040221691131592  0.33370847439894696  0.2359675251869128
1.2040221691131592  1.2043145895004272  0.8129853626786677  0.37737264916664104
1.2043145895004272  1.2046071290969849  0.6666010356575542  0.3333005178287771
1.2046071290969849  1.204899787902832  0.6663295077407895  0.33316475387039474
1.204899787902832  1.2051925659179688  1.1656018516414357  0.44055608959423476
1.2051925659179688  1.205485463142395  0.6657871149790957  0.33289355748954785
1.205485463142395  1.2057785987854004  0.6652456045155096  0.3326228022577548
1.2057785987854004  1.2060718536376953  0.8312189743412794  0.3717324261629509
1.2060718536376953  1.2063652276992798  0.47799009504224005  0.29369485026760683
1.2063652276992798  1.2066587209701538  1.1627612297446657  0.4394824354360035
1.2066587209701538  1.206952452659607  0.16597391857788535  0.16597391857788535
1.206952452659607  1.20724618434906  1.4937652672009682  0.49792175573365605
1.20724618434906  1.2075401544570923  0.4975179262480651  0.28724210864598476
1.2075401544570923  1.207834243774414  0.8288604284067886  0.3706776523554354
1.207834243774414  1.2081284523010254  0.497114751267313  0.287009335462317
1.2081284523010254  1.2084228992462158  0.9934244584030191  0.4055638368480215
1.2084228992462158  1.2087173461914062  0.49671222920150954  0.2867769392392706
1.2087173461914062  1.2090120315551758  0.31042633030867445  0.24108377471188394
1.2090120315551758  1.2093068361282349  0.8268494447551749  0.3697783131261056
1.2093068361282349  1.2096017599105835  0.16530304582696423  0.16530304582696423
1.2096017599105835  1.2098969221115112  0.9910171293438841  0.40458104887504565
1.2098969221115112  1.2101922035217285  1.1557198819666397  0.43682105613380723
1.2101922035217285  1.2104874849319458  1.3004167544523617  0.47057482528537864
1.2104874849319458  1.2107830047607422  0.49490891735688924  0.28573579666034626
1.2107830047607422  1.2110787630081177  0.49450995813290144  0.2855054574449812
1.2110787630081177  1.2113745212554932  0.9890199162658029  0.40376569005022694
1.2113745212554932  1.2116705179214478  0.49411164161406707  0.2852754892956095
1.2116705179214478  1.211966633796692  1.1524630223958803  0.43559007892248014
1.211966633796692  1.2122628688812256  0.3291426441657219  0.2327389956672528
1.2122628688812256  1.2125592231750488  0.4731832759046471  0.2907413622319309
1.2125592231750488  1.2128558158874512  0.657491535974131  0.3287457679870655
1.2128558158874512  1.213152527809143  0.1643068442651304  0.1643068442651304
1.213152527809143  1.2134493589401245  0.3284817151613731  0.23227164828639488
1.2134493589401245  1.2137463092803955  0.6566996955052743  0.32834984775263715
1.2137463092803955  1.214043378829956  0.3282180861764924  0.23208523444346843
1.214043378829956  1.2143406867980957  0.49193232001913734  0.28401725738612604
1.2143406867980957  1.214638113975525  1.6391171758553489  0.5183343627605654
1.214638113975525  1.2149356603622437  0.47128750957490095  0.28957653305632225
1.2149356603622437  1.215233325958252  0.6551217226686575  0.32756086133432877
1.215233325958252  1.2155312299728394  0.16364935389192056  0.16364935389192056
1.2155312299728394  1.2158292531967163  0.6543355766014552  0.3271677883007276
1.2158292531967163  1.2161273956298828  0.4905554602669846  0.28322232703758426
1.2161273956298828  1.2164256572723389  1.6345313164504778  0.5168841866856958
1.2164256572723389  1.216724157333374  0.16332257802552297  0.16332257802552297
1.216724157333374  1.2170226573944092  0.4899677340765689  0.28288300316333803
1.2170226573944092  1.2173213958740234  0.8159611639583191  0.3649089259221306
1.2173213958740234  1.2176202535629272  0.326254276327012  0.2306966111819399
1.2176202535629272  1.2179193496704102  1.1409797320172843  0.4312498031261222
1.2179193496704102  1.218218445777893  0.16299710457389777  0.16299710457389777
1.218218445777893  1.218517780303955  0.3056048938761622  0.2373393433244831
1.218517780303955  1.2188172340393066  0.6512097697068623  0.32560488485343114
1.2188172340393066  1.2191169261932373  0.8133646288303689  0.3637477201117181
1.2191169261932373  1.219416618347168  0.16267292576607378  0.16267292576607378
1.219416618347168  1.2197165489196777  1.462892535128452  0.48763084504281734
1.2197165489196777  1.220016598701477  0.812395183503992  0.36331417098166835
1.220016598701477  1.220316767692566  1.4617305871259674  0.4872435290419891
1.220316767692566  1.2206171751022339  0.9737136556569275  0.39751693532325916
1.2206171751022339  1.2209175825119019  1.135999264933082  0.4293673635093019
1.2209175825119019  1.221218228340149  0.32431382662641517  0.22932450604009647
1.221218228340149  1.221519112586975  0.8101421065291393  0.36230656432680636
1.221519112586975  1.2218199968338013  1.6202842130582786  0.5123788570077698
1.2218199968338013  1.2221211194992065  0.8095006638478019  0.36201970243897835
1.2221211194992065  1.2224223613739014  0.7891781142266607  0.36632176826504564
1.2224223613739014  1.2227237224578857  0.9506379865611873  0.4003194847796511
1.2227237224578857  1.2230252027511597  1.1319565629226438  0.42783936577439324
1.2230252027511597  1.2233269214630127  0.8079014922479445  0.36130453115798467
1.2233269214630127  1.2236287593841553  1.2921318653267284  0.4568376020798762
1.2236287593841553  1.2239307165145874  0.48435815480763067  0.27964431106237597
1.2239307165145874  1.2242329120635986  0.32265067879756176  0.22814848293219855
1.2242329120635986  1.2245352268218994  1.9351407036714963  0.5586270030922701
1.2245352268218994  1.2248375415802002  0.625115677947501  0.3274683490776116
1.2248375415802002  1.2251402139663696  1.1274982857941578  0.42615429540899596
1.2251402139663696  1.225442886352539  0.48321355105463903  0.2789834737774708
1.225442886352539  1.2257457971572876  0.6238856195493357  0.32682398003180746
1.2257457971572876  1.2260488271713257  0.4826432754239687  0.278654224988591
1.2260488271713257  1.2263519763946533  0.8040891375853509  0.35959959432200517
1.2263519763946533  1.22665536403656  0.6427657923393471  0.3213828961696735
1.22665536403656  1.2269587516784668  0.6427657923393471  0.3213828961696735
1.2269587516784668  1.2272623777389526  0.8028263356417541  0.3590348521244049
1.2272623777389526  1.2275662422180176  0.8021964209021372  0.3587531456888424
1.2275662422180176  1.2278701066970825  1.2835142734434195  0.4537908232507833
1.2278701066970825  1.2281742095947266  0.6412539951013869  0.32062699755069346
1.2281742095947266  1.2284784317016602  1.1217547600436388  0.42398344672548616
1.2284784317016602  1.2287827730178833  0.9611274626930894  0.392378643562324
1.2287827730178833  1.2290873527526855  1.1204376311668753  0.42348561880369495
1.2290873527526855  1.2293920516967773  0.47999968940834453  0.27712794989084444
1.2293920516967773  1.2296968698501587  0.7996866159090916  0.3576307267738988
1.2296968698501587  1.2300018072128296  0.6394991952711643  0.31974959763558214
1.2300018072128296  1.2303069829940796  0.9584993797872881  0.3913057332088333
1.2303069829940796  1.2306122779846191  0.4790625560826741  0.2765868957130021
1.2306122779846191  1.2309176921844482  1.2770015156156427  0.45148821563865993
1.2309176921844482  1.2312233448028564  0.7975033841183883  0.3566543558349685
1.2312233448028564  1.2315289974212646  1.0967911721538968  0.4257083372547177
1.2315289974212646  1.231834888458252  1.1156345080402832  0.4216702089023542
1.231834888458252  1.2321410179138184  0.9555134004110035  0.39008671223310476
1.2321410179138184  1.2324471473693848  0.31850446680366784  0.22521666831507917
1.2324471473693848  1.2327535152435303  1.1138981119188196  0.4210139128573699
1.2327535152435303  1.2330600023269653  1.2725312652692633  0.44990774347189677
1.2330600023269653  1.2333667278289795  0.3178855308013288  0.22477901447070475
1.2333667278289795  1.2336734533309937  1.2715421232053152  0.4495580289414095
1.2336734533309937  1.233980417251587  0.15881931470909108  0.15881931470909108
1.233980417251587  1.2342876195907593  1.2695684450940148  0.4488602283532195
1.2342876195907593  1.2345948219299316  0.6347842225470074  0.3173921112735037
1.2345948219299316  1.234902262687683  0.951437926427087  0.3884229069463409
1.234902262687683  1.2352098226547241  1.2680922027159984  0.4483382978551343
1.2352098226547241  1.2355175018310547  0.950700663407771  0.38812192057908296
1.2355175018310547  1.2358254194259644  1.2666193894724258  0.44781757973915853
1.2358254194259644  1.2361334562301636  0.7913307573063265  0.3538938732046669
1.2361334562301636  1.2364416122436523  0.4746147799333572  0.2740189709558988
1.2364416122436523  1.2367500066757202  1.4227435710797005  0.47424785702656685
1.2367500066757202  1.2370585203170776  1.4221938247230237  0.47406460824100793
1.2370585203170776  1.2373671531677246  0.6318420013532785  0.31592100067663925
1.2373671531677246  1.2376759052276611  0.6315980469126016  0.3157990234563008
1.2376759052276611  1.2379848957061768  0.9271654436831333  0.3904350530566968
1.2379848957061768  1.238294005393982  0.6308673125737131  0.31543365628685655
1.238294005393982  1.2386032342910767  0.7882801375788542  0.35252959458784094
1.2386032342910767  1.2389127016067505  1.4178111010721053  0.47260370035736843
1.2389127016067505  1.2392222881317139  1.2597912526019546  0.44540346879716847
1.2392222881317139  1.2395319938659668  1.5741329306232084  0.49778454006451534
1.2395319938659668  1.2398418188095093  0.7867636309655821  0.35185139221272
1.2398418188095093  1.2401518821716309  1.2578538573653504  0.4447184961423478
1.2401518821716309  1.240462064743042  0.9430278294602064  0.38498949923697656
1.240462064743042  1.2407724857330322  0.7852529481104253  0.3511757943014052
1.2407724857330322  1.2410829067230225  0.31410117924417014  0.22210307382224398
1.2410829067230225  1.2413935661315918  0.7846502981118755  0.35090628102872573
1.2413935661315918  1.2417044639587402  0.7840485724231394  0.35063718111996134
1.2417044639587402  1.2420153617858887  1.254477715877023  0.44352484987202706
1.2420153617858887  1.2423264980316162  0.6267582151354936  0.3133791075677468
1.2423264980316162  1.2426377534866333  0.46988862739476384  0.27129032551551063
1.2426377534866333  1.2429492473602295  0.7825482881284146  0.34996623358624535
1.2429492473602295  1.2432608604431152  1.0951484879997577  0.41392722113368047
1.2432608604431152  1.2435725927352905  1.407509605500262  0.46916986850008735
1.2435725927352905  1.2438844442367554  0.46899052222007975  0.2707718042511462
1.2438844442367554  1.2441965341567993  0.7810537344841664  0.34929784887733356
1.2441965341567993  1.2445087432861328  0.7807555085450735  0.34916447818284047
1.2445087432861328  1.2448211908340454  0.9361916872397776  0.3821986558621187
1.2448211908340454  1.245133638381958  0.9361916872397776  0.3821986558621187
1.245133638381958  1.2454463243484497  0.46773892723131094  0.2700491955474641
1.2454463243484497  1.2457592487335205  0.6231767396204335  0.31158836981021676
1.2457592487335205  1.2460721731185913  1.4021476641459754  0.46738255471532514
1.2460721731185913  1.2463853359222412  0.6227022997729875  0.31135114988649376
1.2463853359222412  1.2466987371444702  0.6222285817815284  0.3111142908907642
1.2466987371444702  1.2470121383666992  1.2444571635630568  0.439982049625807
1.2470121383666992  1.2473257780075073  0.3108777919999312  0.2198237948434524
1.2473257780075073  1.2476396560668945  0.776604130983497  0.34730792569725
1.2476396560668945  1.2479535341262817  0.6212833047867976  0.3106416523933988
1.2479535341262817  1.248267650604248  0.7760146781326558  0.34704431436844757
1.248267650604248  1.248581886291504  0.6205762297054772  0.3102881148527386
1.248581886291504  1.2488963603973389  0.6201057397663525  0.31005286988317626
1.2488963603973389  1.2492109537124634  0.46490307166643746  0.26841191357370153
1.2492109537124634  1.2495256662368774  0.309817981345386  0.21907439554284974
1.2495256662368774  1.2498406171798706  1.083542069504681  0.4095404072836642
1.2498406171798706  1.2501556873321533  0.3094663150782516  0.21882572994064445
1.2501556873321533  1.2504708766937256  0.15467463516486746  0.15467463516486746
1.2504708766937256  1.2507861852645874  0.5802449062556093  0.3186440186146983
1.2507861852645874  1.2511017322540283  0.9269960000965081  0.37844453230623837
1.2511017322540283  1.2514175176620483  0.771913430305605  0.3452101805816758
1.2514175176620483  1.2517333030700684  0.9262961163667259  0.3781588059700314
1.2517333030700684  1.2520493268966675  0.9255972886667134  0.3778735107561724
1.2520493268966675  1.2523654699325562  1.3688129849752675  0.4657898734858688
1.2523654699325562  1.252681851387024  0.7704591849583826  0.3445598222912054
1.252681851387024  1.2529983520507812  0.924202791809965  0.37730420979834767
1.2529983520507812  1.2533149719238281  1.69373384380083  0.5106799686012521
1.2533149719238281  1.253631830215454  0.7692997279456537  0.3440412973517153
1.253631830215454  1.2539488077163696  0.46140624525300067  0.2663930199025944
1.2539488077163696  1.2542659044265747  1.076209829936604  0.40676908121933864
1.2542659044265747  1.2545832395553589  1.536287510803567  0.4858167675009808
1.2545832395553589  1.2549006938934326  0.9024456740618406  0.38002540650505373
1.2549006938934326  1.255218267440796  0.9210804850808774  0.37602953341389384
1.255218267440796  1.2555360794067383  0.9203895019712892  0.3757474407406651
1.2555360794067383  1.2558540105819702  0.7477514415638439  0.34709227911727425
1.2558540105819702  1.2561720609664917  1.226266073091183  0.43355052791088705
1.2561720609664917  1.2564903497695923  1.072179081509875  0.40524560151439726
1.2564903497695923  1.2568087577819824  0.6124443809448289  0.30622219047241445
1.2568087577819824  1.2571274042129517  1.0709757379840503  0.4047907804128098
1.2571274042129517  1.257446050643921  0.15299653399772148  0.15299653399772148
1.257446050643921  1.2577650547027588  0.4584750396590914  0.26470068756390075
1.2577650547027588  1.2580840587615967  0.6113000528787885  0.30565002643939426
1.2580840587615967  1.2584033012390137  0.6108435181118888  0.3054217590559444
1.2584033012390137  1.2587226629257202  1.0685771361072662  0.40388419411849225
1.2587226629257202  1.2590422630310059  0.30507999655047335  0.21572413436520824
1.2590422630310059  1.259361982345581  0.9148987368588579  0.3735058452701764
1.259361982345581  1.2596818208694458  0.3048525794826012  0.21556332621435828
1.2596818208694458  1.2600018978118896  0.6092510024222116  0.3046255012111058
1.2600018978118896  1.260322093963623  2.1315846222124843  0.5696899533739345
1.260322093963623  1.260642409324646  0.7609969024486594  0.3403281609083957
1.260642409324646  1.260962963104248  0.760430895083506  0.34007503471954603
1.260962963104248  1.2612836360931396  0.6081185656147353  0.30405928280736766
1.2612836360931396  1.2616045475006104  1.0446406260782284  0.40546663325449334
1.2616045475006104  1.2619255781173706  0.9111616829764045  0.37198019941129346
1.2619255781173706  1.2622467279434204  0.7590195534074045  0.3394438635340977
1.2622467279434204  1.2625681161880493  1.0618390755309224  0.4013374466036501
1.2625681161880493  1.2628896236419678  1.3647154684401874  0.4549051561467291
1.2628896236419678  1.2632112503051758  0.7578942464342282  0.3389406109565824
1.2632112503051758  1.263533115386963  0.7573328432887214  0.3386895438373553
1.263533115386963  1.2638550996780393  0.6056419627933233  0.30282098139666164
1.2638550996780393  1.2641773223876953  1.3616861333261743  0.4538953777753914
1.2641773223876953  1.264499545097351  1.2103876740685446  0.4279366660992403
1.264499545097351  1.2648221254348755  0.8881052586942652  0.3739865696684989
1.2648221254348755  1.2651447057724  0.4533921678225161  0.26176609014079766
1.2651447057724  1.2654675245285034  0.9061146278639058  0.3699197477897389
1.2654675245285034  1.265790581703186  0.4527229542906748  0.2613797195280437
1.265790581703186  1.2661137580871582  0.603407945962242  0.301703972981121
1.2661137580871582  1.26643705368042  0.3015927252034731  0.2132582611479068
1.26643705368042  1.2667604684829712  1.2059262377468767  0.42635931016079864
1.2667604684829712  1.2670841217041016  0.6025189471468281  0.30125947357341404
1.2670841217041016  1.267408013343811  0.7525942866689539  0.33657039689394896
1.267408013343811  1.2677319049835205  1.2041508586703262  0.42573161886869587
1.2677319049835205  1.2680561542510986  0.6014113755528081  0.30070568777640405
1.2680561542510986  1.2683804035186768  1.2028227511056162  0.42526206193612004
1.2683804035186768  1.268704891204834  1.2019389724494034  0.4249495989956821
1.268704891204834  1.2690294981002808  1.6520591586981288  0.49811457826108174
1.2690294981002808  1.2693543434143066  1.3506927039938295  0.4502309013312765
1.2693543434143066  1.269679307937622  1.0501533923812791  0.39692067353024235
1.269679307937622  1.2700045108795166  1.1992954116595587  0.42401495911519305
1.2700045108795166  1.2703297138214111  0.899471558744669  0.3672077261783772
1.2703297138214111  1.270655274391174  0.7487362419922894  0.33484502686249834
1.270655274391174  1.2709808349609375  0.748736241991268  0.33484502686204154
1.2709808349609375  1.2713067531585693  0.8974975904372557  0.3664018569914459
1.2713067531585693  1.2716326713562014  1.1966634539155256  0.42308442153089193
1.2716326713562014  1.271958827972412  1.0463151124390773  0.39546994007462616
1.271958827972412  1.2722851037979126  1.0459328270483619  0.39532544977838535
1.2722851037979126  1.2726116180419922  0.7280953248086061  0.337968276161289
1.2726116180419922  1.2729382514953613  1.3432984008697757  0.44776613362325857
1.2729382514953613  1.2732651233673096  1.1931720944592545  0.4218500395573474
1.2732651233673096  1.2735919952392578  2.0880511653036953  0.5580551476157506
1.2735919952392578  1.2739192247390747  1.042884571086108  0.3941733173200148
1.2739192247390747  1.2742464542388916  0.5959340406206332  0.2979670203103166
1.2742464542388916  1.2745740413665771  0.44646259320514137  0.25776529837008677
1.2745740413665771  1.2749016284942627  0.8929251864102827  0.3645351808641241
1.2749016284942627  1.2752294540405273  1.7845515725494234  0.5151556653970897
1.2752294540405273  1.275557518005371  1.1888364400462486  0.4203171542391884
1.275557518005371  1.2758855819702148  0.8916273300346864  0.36400533321751927
1.2758855819702148  1.2762140035629272  0.8906564109820171  0.36360895717408825
1.2762140035629272  1.2765424251556396  1.3359846164730256  0.44532820549100854
1.2765424251556396  1.2768710851669312  0.2966701018323609  0.20977744078096602
1.2768710851669312  1.2771999835968018  0.4446825683681509  0.2567376005512861
1.2771999835968018  1.277529001235962  0.5926952686607384  0.2963476343303692
1.277529001235962  1.2778581380844116  0.8887209026640555  0.3628187892121018
1.2778581380844116  1.2781875133514404  1.1841034683341571  0.41864379604279645
1.2781875133514404  1.2785170078277588  1.3316344494874044  0.44387814982913476
1.2785170078277588  1.2788466215133667  0.5916234869814243  0.29581174349071215
1.2788466215133667  1.2791765928268433  0.4432367074160869  0.25590283234140115
1.2791765928268433  1.2795065641403198  0.8864734148321738  0.3619012561468978
1.2795065641403198  1.2798367738723755  0.5905555745500498  0.2952777872750249
1.2798367738723755  1.2801671028137207  0.5903424545303638  0.2951712272651819
1.2801671028137207  1.280497670173645  0.5899166756233819  0.29495833781169095
1.280497670173645  1.2808283567428589  1.1794080328072372  0.4169837088919418
1.2808283567428589  1.2811592817306519  1.4731978940054378  0.46586607892205
1.2811592817306519  1.2814903259277344  0.5890669576894628  0.2945334788447314
1.2814903259277344  1.2818214893341064  1.324923548734048  0.44164118291134935
1.2818214893341064  1.2821528911590576  1.47107818480543  0.4651957680171262
1.2821528911590576  1.2824844121932983  1.3234942892424257  0.44116476308080854
1.2824844121932983  1.2828161716461182  1.1755939213105555  0.4156352168401892
1.2828161716461182  1.2831480503082275  0.7344822833619065  0.32847046277329717
1.2831480503082275  1.283480167388916  1.6147010370190253  0.4868506807627156
1.283480167388916  1.283812403678894  1.3206450012139168  0.4402150004046389
1.283812403678894  1.2841448783874512  1.0264317488818093  0.38795473504605255
1.2841448783874512  1.2844774723052979  1.6123860534534067  0.4861526869551705
1.2844774723052979  1.284810185432434  0.8791681878378563  0.3589189097150172
1.284810185432434  1.2851431369781494  1.9035003794797076  0.5279360170060959
1.2851431369781494  1.2854762077331543  1.024594898937497  0.3872604710248535
1.2854762077331543  1.2858095169067383  0.87759599866075  0.35827706617117777
1.2858095169067383  1.2861430644989014  1.4616144938381326  0.46220308616426403
1.2861430644989014  1.2864766120910645  0.8589037991517803  0.3616896560124939
1.2864766120910645  1.2868103981018066  1.1504043931351786  0.41629065793995823
1.2868103981018066  1.2871444225311282  1.0216695744573387  0.3861548022993295
1.2871444225311282  1.2874785661697388  0.729503630710277  0.3262439416202165
1.2874785661697388  1.2878128290176394  0.7292434653631202  0.32612759213989007
1.2878128290176394  1.2881473302841187  0.7287236909768015  0.32589514196773567
1.2881473302841187  1.2884820699691772  1.0194865198117404  0.3853296852006555
1.2884820699691772  1.2888169288635254  1.0191235840624302  0.3851925083814313
1.2888169288635254  1.289151906967163  0.5821490895030741  0.29107454475153705
1.289151906967163  1.2894871234893799  0.727168804011219  0.32519977537726147
1.2894871234893799  1.2898224592208862  1.1630564816947302  0.4112025625546557
1.2898224592208862  1.2901580333709717  0.8716726153660592  0.3558588550673581
1.2901580333709717  1.2904937267303467  0.5809087150225988  0.2904543575112994
1.2904937267303467  1.2908296585083008  0.43537232296938555  0.25136232786408746
1.2908296585083008  1.2911657094955444  0.7253631347568456  0.32439225553772943
1.2911657094955444  1.2915018796920776  0.5800847310296589  0.2900423655148294
1.2915018796920776  1.2918384075164795  0.8692024131262688  0.35485039922586364
1.2918384075164795  1.2921749353408813  0.7243353442718907  0.32393261365953213
1.2921749353408813  1.2925117015838623  0.28952901619533417  0.20472793070199055
1.2925117015838623  1.2928487062454224  0.7233104622849479  0.32347427250118826
1.2928487062454224  1.2931857109069824  0.5607687864431773  0.29376007543714994
1.2931857109069824  1.2935230731964111  1.3005786637396415  0.43352622124654716
1.2935230731964111  1.2938605546951294  1.444576952935039  0.4568153426660582
1.2938605546951294  1.2941981554031372  1.2996601759827633  0.43322005866092106
1.2941981554031372  1.294535994529724  1.2987429846103051  0.432914328203435
1.294535994529724  1.2948739528656006  1.0097771243842983  0.3816598786746842
1.2948739528656006  1.2952121496200562  1.7298261630281686  0.49935780043778527
1.2952121496200562  1.2955505847930906  0.720253144375093  0.32210699836613566
1.2955505847930906  1.2958890199661255  1.7286075464979551  0.4990060161469064
1.2958890199661255  1.2962278127670288  0.41391049398274204  0.254321965696193
1.2962278127670288  1.2965666055679321  1.4389856980151638  0.4550472326135155
1.2965666055679321  1.296905755996704  0.8624809884904946  0.3521063891088271
1.296905755996704  1.297244906425476  1.4374683141508244  0.45456739370390536
1.297244906425476  1.2975844144821167  1.1487633016177232  0.4061491602760697
1.2975844144821167  1.2979239225387573  1.7231449524265847  0.4974291010681168
1.2979239225387573  1.298263669013977  0.5739785759661887  0.28698928798309437
1.298263669013977  1.2986036539077759  0.9860352613613572  0.38271955705508276
1.2986036539077759  1.2989437580108643  0.8600625349651094  0.3511190595915223
1.2989437580108643  1.2992841005325317  0.5729733595459328  0.2864866797729664
1.2992841005325317  1.2996245622634888  1.145545477243444  0.40501148755820954
1.2996245622634888  1.299965262413025  0.7154648974386101  0.31996562923752947
1.299965262413025  1.3003060817718506  1.001300506341856  0.37845601820337205
1.3003060817718506  1.3006471395492554  0.8576576065206072  0.35013725166536636
1.3006471395492554  1.3009883165359497  1.0002509250983111  0.3780593137817752
1.3009883165359497  1.3013297319412231  1.1423456295416468  0.40388017055385705
1.3013297319412231  1.3016712665557861  1.1419469050636217  0.4037392001627388
1.3016712665557861  1.3020129203796387  0.42808067206131495  0.24715249124947608
1.3020129203796387  1.3023549318313599  0.5701773933438962  0.2850886966719481
1.3023549318313599  1.302696943283081  1.5679878316957145  0.472766119416147
1.302696943283081  1.303039312362671  1.4063550736526182  0.45306812344961866
1.303039312362671  1.3033816814422607  0.4271863531085406  0.24663615596135044
1.3033816814422607  1.3037244081497192  0.8534811868714633  0.34843223548334373
1.3037244081497192  1.3040671348571777  0.8359001147918893  0.3520026634862463
1.3040671348571777  1.3044102191925049  0.8525915261485257  0.3480690330141115
1.3044102191925049  1.3047533035278318  1.2788872892236163  0.42629576307453876
1.3047533035278318  1.3050967454910278  0.283901239413846  0.20074849157679606
1.3050967454910278  1.3054401874542236  1.2775555773631329  0.4258518591210443
1.3054401874542236  1.305783987045288  0.5672118382467538  0.2836059191233769
1.305783987045288  1.3061277866363525  0.691488590378215  0.3209761124846638
1.3061277866363525  1.3064719438552856  1.5582116692535521  0.46981849553340005
1.3064719438552856  1.3068162202835083  1.1328524525648462  0.40052382564620725
1.3068162202835083  1.3071606159210205  0.42467262240489045  0.2451848528629278
1.3071606159210205  1.3075052499771118  1.556055720904533  0.469168452647847
1.3075052499771118  1.3078500032424927  1.2726962719167307  0.42423209063891026
1.3078500032424927  1.3081949949264526  1.1305037605415604  0.39969343761791515
1.3081949949264526  1.3085402250289917  0.5648615129501513  0.28243075647507565
1.3085402250289917  1.3088855743408203  0.7058331642663264  0.31565818721465627
1.3088855743408203  1.309231162071228  0.8464154578321686  0.34554766368217077
1.309231162071228  1.3095768690109253  0.9871441888384024  0.37310543311842786
1.3095768690109253  1.3099226951599123  0.40549245911692433  0.24914961272254954
1.3099226951599123  1.3102687597274778  0.7043743289294425  0.31500577621840603
1.3102687597274778  1.310615062713623  1.1262230234097  0.39817996849070736
1.310615062713623  1.3109614849090576  0.4221883021774703  0.2437505299108735
1.3109614849090576  1.3113081455230713  1.5469591090560537  0.46642572097831003
1.3113081455230713  1.3116549253463745  1.124674418359325  0.3976324539244574
1.3116549253463745  1.3120019435882568  1.545364853704914  0.4659450349037876
1.3120019435882568  1.3123492002487183  1.4039125828215226  0.4439561397485791
1.3123492002487183  1.3126964569091797  1.544303841103675  0.465625127567774
1.3126964569091797  1.3130440711975098  1.5427150511436913  0.4651460893706878
1.3130440711975098  1.3133918046951292  0.560794974804485  0.2803974874022425
1.3133918046951292  1.3137396574020386  0.9810548826694789  0.37080389172129885
1.3137396574020386  1.3140878677368164  0.9800472946358667  0.3704230592411642
1.3140878677368164  1.3144360780715942  1.2600608073889714  0.4200202691296572
1.3144360780715942  1.3147845268249512  0.5596438390364824  0.2798219195182412
1.3147845268249512  1.3151332139968872  0.26235004735830536  0.203746697807787
1.3151332139968872  1.3154820203781128  0.8386050622882628  0.34235908305352464
1.3154820203781128  1.3158310651779175  0.820769409162118  0.3456310305747808
1.3158310651779175  1.3161803483963013  1.5353437164283292  0.46292354832932614
1.3161803483963013  1.3165297508239746  0.9767035645279313  0.3691592480530333
1.3165297508239746  1.3168792724609375  1.2553334305536101  0.4184444768512034
1.3168792724609375  1.3172290325164795  0.27877282575044954  0.19712215549867868
1.3172290325164795  1.3175790309906008  1.2536231670234506  0.4178743890078168
1.3175790309906008  1.3179291486740112  1.5316844021579359  0.4618202235634273
1.3179291486740112  1.318279504776001  1.1131942439630065  0.39357359934203695
1.318279504776001  1.3186299800872803  0.9737136556569274  0.3680291687222587
1.3186299800872803  1.3189806938171387  1.1120591036734453  0.39317226664386357
1.3189806938171387  1.3193315267562866  1.3896015473187548  0.43943059296215115
1.3193315267562866  1.3196827173233032  1.527005121905976  0.46040936748300265
1.3196827173233032  1.3200339078903198  1.9434610642439694  0.5194118176382853
1.3200339078903198  1.3203853368759153  2.497040446665883  0.5885580775781771
1.3203853368759153  1.3207370042800906  1.5249346064845164  0.4597850835943094
1.3207370042800906  1.3210887908935547  1.2472509720045777  0.4157503240015259
1.3210887908935547  1.3214408159255981  0.8309374914512215  0.3392288103672919
1.3214408159255981  1.3217930793762207  1.107166796279958  0.3914425747770716
1.3217930793762207  1.3221454620361326  0.8300941854725993  0.3388845321431815
1.3221454620361326  1.3224979639053345  0.9681157076866971  0.36591334326775754
1.3224979639053345  1.3228507041931152  0.967461354387079  0.36566602096770556
1.3228507041931152  1.323203682899475  1.381154121499188  0.4367592823666366
1.323203682899475  1.3235567808151245  1.225554367371509  0.4170407645119933
1.3235567808151245  1.323910117149353  1.3797561922264154  0.4363172183156582
1.323910117149353  1.3242636919021606  1.3788258104379956  0.43602300576116343
1.3242636919021606  1.3246173858642578  1.378361089908694  0.4358760482263602
1.3246173858642578  1.324971318244934  1.3774325879956537  0.4355824301406571
1.324971318244934  1.3253253698349  0.8261812835876959  0.33728709663791684
1.3253253698349  1.3256796598434448  0.8256253069500192  0.33706012012604747
1.3256796598434448  1.3260340690612793  1.1004634655254881  0.38907258946056056
1.3260340690612793  1.326388716697693  2.3369127735751625  0.5667846001944425
1.326388716697693  1.3267436027526855  1.236357950415011  0.4121193168050037
1.3267436027526855  1.3270986080169678  1.3732697628472448  0.4342660292436571
1.3270986080169678  1.327453851699829  1.0978784842306295  0.3881586605591431
1.327453851699829  1.32780921459198  0.9603214181923404  0.36296737874654167
1.32780921459198  1.32816481590271  2.3306454915824544  0.5652645610390621
1.32816481590271  1.328520655632019  1.7641309807899657  0.49632097993259383
1.328520655632019  1.3288766145706177  1.506549594485936  0.45424179390653907
1.3288766145706177  1.3292328119277954  1.231806431855149  0.41060214395171635
1.3292328119277954  1.3295891284942627  1.351305376892044  0.43533343946045666
1.3295891284942627  1.329945683479309  0.8203806125895878  0.3349189826193959
1.329945683479309  1.3303024768829346  1.3663873550815553  0.43208962081109614
1.3303024768829346  1.3306593894958496  0.9561516859156201  0.3613913680839815
1.3306593894958496  1.3310165405273435  0.8190114860670836  0.33436003905715483
1.3310165405273435  1.3313738107681274  1.347698288798068  0.43417138823706913
1.3313738107681274  1.3317313194274905  1.0909229353135192  0.3856995026560614
1.3317313194274905  1.332089066505432  1.635293843557816  0.4720686703911214
1.332089066505432  1.3324469327926636  1.2260618315725857  0.4086872771908619
1.3324469327926636  1.3328050374984741  2.0420759090008795  0.527261732483452
1.3328050374984741  1.3331632614135742  2.177489439605508  0.544372359901377
1.3331632614135742  1.3335217237472534  2.040038586843579  0.5267356981643797
1.3335217237472534  1.3338804244995117  2.3105069795249125  0.5603802544298845
1.3338804244995117  1.3342392444610596  1.2060106432406679  0.4103902805596426
1.3342392444610596  1.3345983028411865  1.7650984594577768  0.48955023090903915
1.3345983028411865  1.3349575996398926  0.8141202429513792  0.3323631974169254
1.3349575996398926  1.3353170156478882  2.153502548519329  0.5446583696874852
1.3353170156478882  1.335676670074463  1.2199660650922062  0.40665535503073535
1.335676670074463  1.3360364437103271  1.2195618351170263  0.40652061170567544
1.3360364437103271  1.3363964557647705  1.2187541782725781  0.40625139275752603
1.3363964557647705  1.3367567062377932  0.6766375502575405  0.30260151170095817
1.3367567062377932  1.337117075920105  0.9469792086116873  0.35792449753361144
1.337117075920105  1.337477684020996  1.081546407605711  0.3823843994929741
1.337477684020996  1.3378385305404663  1.08083180806319  0.38213175040179936
1.3378385305404663  1.338199496269226  1.7557716512175772  0.4869634397285423
1.338199496269226  1.338560700416565  1.4846723066452159  0.44764554343396884
1.338560700416565  1.338922142982483  0.5061833037750945  0.2779727668983763
1.338922142982483  1.3392837047576904  1.0620284539329048  0.3843105315634299
1.3392837047576904  1.3396453857421875  1.2131303949845702  0.40437679832819007
1.3396453857421875  1.3400074243545532  1.0273431466318568  0.3895999492902827
1.3400074243545532  1.3403695821762083  1.4641249199831983  0.4489679870513714
1.3403695821762083  1.3407319784164429  0.9416836011939516  0.3559229460667032
1.3407319784164429  1.3410944938659668  1.0592345612556726  0.3832995206287021
1.3410944938659668  1.3414572477340698  2.0159040521323175  0.5205041880973676
1.3414572477340698  1.341820240020752  1.0744426545179888  0.3798728435028724
1.341820240020752  1.3421833515167236  1.7453961128978408  0.4840857831575922
1.3421833515167236  1.3425467014312742  1.073385132220891  0.37949895290910546
1.3425467014312742  1.3429101705551147  1.7436787667706053  0.48360947704071017
1.3429101705551147  1.3432739973068237  1.8759620888803188  0.5013719576547798
1.3432739973068237  1.3436379432678223  2.1266983897103757  0.5378791302351025
1.3436379432678223  1.3440020084381104  1.7408240209190646  0.48281771299869874
1.3440020084381104  1.3443663120269775  1.4720409323085748  0.4438370407738631
1.3443663120269775  1.3447308540344236  2.2734844674279584  0.5514009763180344
1.3447308540344236  1.3450956344604492  0.9355288064149099  0.3535966523015628
1.3450956344604492  1.3454605340957642  1.4696364224550815  0.44311205377488583
1.3454605340957642  1.3458256721496584  1.4521748308532563  0.4453035405355536
1.3458256721496584  1.3461909294128418  1.451700883455918  0.44515820648239535
1.3461909294128418  1.3465564250946045  0.4001562968453126  0.23103034570156503
1.3465564250946045  1.3469221591949463  1.8661787142316602  0.4987572407960848
1.3469221591949463  1.3472881317138672  1.3156520428437524  0.4238474431750179
1.3472881317138672  1.3476542234420779  1.598019154838143  0.46130839460799006
1.3476542234420779  1.3480205535888674  1.3143676444940837  0.4234336643499202
1.3480205535888674  1.3483870029449463  1.1973447034435314  0.3991149011478438
1.3483870029449463  1.3487536907196045  0.38242315471357374  0.23497497610812104
1.3487536907196045  1.3491206169128418  1.04650172215026  0.37869195654057275
1.3491206169128418  1.349487781524658  1.85890788807344  0.49681403076730957
1.349487781524658  1.3498550653457642  0.5309441549830085  0.26547207749150425
1.3498550653457642  1.3502225875854492  0.6632496519233044  0.2966142615507166
1.3502225875854492  1.3505902290344238  1.591283017026885  0.45936383911867595
1.3505902290344238  1.3509581089019775  1.176309797846536  0.4002834557629696
1.3509581089019775  1.3513262271881101  1.3243514746637184  0.4187967082540126
1.3513262271881101  1.3516945838928223  1.7205425760141164  0.47719265226444574
1.3516945838928223  1.3520630598068237  2.1169057800111784  0.5292264450027946
1.3520630598068237  1.352431774139404  1.8510948254982804  0.49472590196033295
1.352431774139404  1.352800726890564  1.5856274069492602  0.45773120511830184
1.352800726890564  1.3531697988510132  1.585115253394998  0.45758335912209197
1.3531697988510132  1.3535391092300415  1.6997840470168009  0.47821760009644704
1.3535391092300415  1.3539086580276491  1.5667649168642646  0.45934032799605634
1.3539086580276491  1.354278326034546  0.3956398600865738  0.22842277972312924
1.354278326034546  1.3546483516693115  0.2472209692406711  0.1919971298607529
1.3546483516693115  1.3550183773040771  0.6587624603349057  0.29460752846677163
1.3550183773040771  1.3553887605667114  1.0530022153225864  0.372292503529529
1.3553887605667114  1.3557592630386353  1.7105780437216291  0.4744289882554781
1.3557592630386353  1.3561300039291382  1.6932253947453533  0.47637238749157323
1.3561300039291382  1.3565009832382202  1.4455517638608628  0.43585025597844657
1.3565009832382202  1.3568720817565918  1.970573732938851  0.5087999500097301
1.3568720817565918  1.3572434186935425  1.8380212825883573  0.49123185064603153
1.3572434186935425  1.3576149940490723  1.7056389348369663  0.47305912592172794
1.3576149940490723  1.3579866886138916  1.0492873261729558  0.37097909187499895
1.3579866886138916  1.3583586215972898  1.966152573923816  0.5076584116606524
1.3583586215972898  1.3587307929992678  1.9648930271080474  0.5073331980712363
1.3587307929992678  1.3591032028198242  1.5547283105906  0.45581146504144665
1.3591032028198242  1.3594757318496704  1.8321396144840747  0.48965990872396425
1.3594757318496704  1.3598484992980957  1.307834139353724  0.4135734682083821
1.3598484992980957  1.3602215051651  0.8987448275495656  0.3488386630620313
1.3602215051651  1.360594630241394  2.2211870611471123  0.5387169921979303
1.360594630241394  1.3609679937362669  1.8280447941462763  0.48856552195507597
1.3609679937362669  1.3613415956497192  2.087860806002126  0.5219652015005315
1.3613415956497192  1.3617154359817503  2.2169373410059285  0.5376862836672589
1.3617154359817503  1.3620893955230713  1.3036650792976308  0.41225509566045365
1.3620893955230713  1.3624635934829712  1.531196451116076  0.45593977524510787
1.3624635934829712  1.3628380298614504  1.562405865809616  0.4510277236043161
1.3628380298614504  1.3632125854492185  1.5619086010556118  0.45088417563452465
1.3632125854492185  1.3635873794555664  1.4147619296767155  0.43383102565535053
1.3635873794555664  1.3639624118804932  1.8199098204903794  0.48639135879287615
1.3639624118804932  1.364337682723999  1.5589316469221457  0.4500248029993637
1.364337682723999  1.3647130727767942  2.077915454435828  0.519478863608957
1.3647130727767942  1.365088701248169  2.336171131946055  0.5506408164704361
1.365088701248169  1.3654645681381226  1.7998384754310046  0.4874490359274321
1.3654645681381226  1.3658406734466553  2.0739637927145966  0.5184909481786492
1.3658406734466553  1.3662168979644775  1.8141433128208915  0.4848501947916313
1.3662168979644775  1.366593360900879  1.2949959954905306  0.4095136906547216
1.366593360900879  1.3669700622558594  1.9412645666577981  0.5012323558165473
1.3669700622558594  1.367347002029419  1.5520293562653111  0.4480322833149895
1.367347002029419  1.367724061012268  1.422243784108443  0.42882263566390316
1.367724061012268  1.3681013584136963  0.8885221375679592  0.3448708299276765
1.3681013584136963  1.3684788942337036  1.4044873719312376  0.4306803740641712
1.3684788942337036  1.3688565492630005  0.9036357789240425  0.3415422209733083
1.3688565492630005  1.369234561920166  1.6765930494755041  0.4650032467669587
1.369234561920166  1.369612693786621  1.933920564514074  0.49933614261673703
1.369612693786621  1.3699909448623657  1.7884937639564946  0.4843765553984221
1.3699909448623657  1.370369553565979  1.030125278024961  0.3642042847815638
1.370369553565979  1.3707482814788818  1.8021518083924244  0.48164533042568086
1.3707482814788818  1.3711272478103638  1.0132533188985533  0.36666053546142907
1.3711272478103638  1.3715064525604248  0.5142530466845766  0.2571265233422883
1.3715064525604248  1.371885895729065  1.7987547267554926  0.48073742216851656
1.371885895729065  1.3722654581069949  1.4128634073908208  0.42599434566712696
1.3722654581069949  1.3726452589035034  1.1552534897631315  0.3850844965877105
1.3726452589035034  1.3730252981185913  0.7538308751652074  0.3174428034890081
1.3730252981185913  1.3734055757522583  1.4102059840548604  0.4251931023839893
1.3734055757522583  1.3737859725952148  1.537924420091167  0.44396053896646714
1.3737859725952148  1.3741666078567505  1.0246407400586521  0.36226520778773774
1.3741666078567505  1.3745474815368652  1.5359990061067024  0.44340471982535107
1.3745474815368652  1.374928593635559  1.2791984215699392  0.4045180591453272
1.374928593635559  1.3753098249435425  1.3908728914653623  0.426505548674556
1.3753098249435425  1.3756914138793945  1.533119907688508  0.44257359570196714
1.3756914138793945  1.3760731220245361  1.1494808302258543  0.3831602767419514
1.3760731220245361  1.3764550685882568  1.7869651358497922  0.4775865214614196
1.3764550685882568  1.376837134361267  1.4036059560483634  0.4232031190654994
1.376837134361267  1.377219557762146  1.4022933569622833  0.42280735555016385
1.377219557762146  1.3776021003723145  1.5292978574356229  0.4414702648307874
1.3776021003723145  1.377984881401062  0.8915347703616838  0.3369684696491562
1.377984881401062  1.3783677816390991  2.291804245568609  0.540183441064561
1.3783677816390991  1.378751039505005  1.0176292015568835  0.3597862545771622
1.378751039505005  1.3791344165802002  1.6531332586722336  0.4584966714859702
1.3791344165802002  1.3795180320739746  1.5250207658517447  0.440235574842137
1.3795180320739746  1.3799018859863281  1.2700612899872965  0.4016286444371462
1.3799018859863281  1.3802859783172607  1.3962002138842349  0.4209702037879968
1.3802859783172607  1.3806701898574827  1.6495428358330428  0.4575008673592549
1.3806701898574827  1.3810547590255737  1.7747787648045343  0.4743295768014584
1.3810547590255737  1.381439447402954  1.124912313651816  0.3827935371814454
1.381439447402954  1.381824254989624  1.266913678364032  0.4006332822452326
1.381824254989624  1.3822094202041628  0.8703721960386784  0.33782611473861557
1.3822094202041628  1.3825948238372805  1.3758154985790996  0.42188826002512536
1.3825948238372805  1.3829803466796875  1.517475826998683  0.43805753860321983
1.3829803466796875  1.3833661079406738  0.8534075967780641  0.3402176901898141
1.3833661079406738  1.3837521076202393  1.5156012429002206  0.4375163927862869
1.3837521076202393  1.3841382265090945  0.6313055501322542  0.2823284249337244
1.3841382265090945  1.384524703025818  2.270596926824914  0.5351848280997439
1.384524703025818  1.384911298751831  1.8915806446630177  0.4884040223192105
1.384911298751831  1.3852981328964233  1.1342488808576843  0.3780829602858948
1.3852981328964233  1.3856852054595947  1.5114003155253815  0.4363036895109322
1.3856852054595947  1.3860725164413452  1.4949126630600613  0.438274858968492
1.3860725164413452  1.3864599466323855  1.0066701178478157  0.3559116333740257
1.3864599466323855  1.386847734451294  1.885765764107641  0.48690262661579986
1.386847734451294  1.3872356414794922  1.382469910613093  0.4168303615872544
1.3872356414794922  1.3876237869262695  2.119708206130739  0.5197489671769764
1.3876237869262695  1.388012170791626  1.6318221485226592  0.452586032995097
1.388012170791626  1.3884007930755615  1.3799254874647255  0.41606318914261525
1.3884007930755615  1.3887895345687866  2.131958142100724  0.5170758005456983
1.3887895345687866  1.3891785144805908  2.099670345367119  0.520502312966599
1.3891785144805908  1.3895677328109741  1.6283236018030087  0.45161571071915035
1.3895677328109741  1.3899571895599365  2.1280427001501256  0.5161261663849165
1.3899571895599365  1.390346884727478  1.7514335562137453  0.4680903073607795
1.390346884727478  1.3907368183135984  1.5003108604444235  0.43310243957285344
1.3907368183135984  1.3911268711090088  0.9999015534857622  0.3535185844943729
1.3911268711090088  1.3915172815322876  1.1238588147734918  0.3746196049244973
1.3915172815322876  1.391907811164856  1.6074270383571576  0.45223385992026643
1.391907811164856  1.3922985792160034  1.481687383246534  0.4343975035962874
1.3922985792160034  1.39268958568573  1.496194153814303  0.43191404873231615
1.39268958568573  1.393080711364746  1.6049774390911453  0.4515446891492815
1.393080711364746  1.3934721946716309  1.4943717492420565  0.43138796584713657
1.3934721946716309  1.3938637971878052  1.1204376311668753  0.3734792103889584
1.3938637971878052  1.3942556381225586  0.8709212496596797  0.3291772911601584
1.3942556381225586  1.3946477174758911  1.4920999770480128  0.43073216170325224
1.3946477174758911  1.3950400352478027  1.4911932010060513  0.4304703980072917
1.3950400352478027  1.3954325914382935  2.111240662432573  0.5120510736652056
1.3954325914382935  1.3958253860473633  1.4893829512931456  0.4299478239277684
1.3958253860473633  1.3962182998657227  1.6130086650142061  0.4473681114981875
1.3962182998657227  1.396611452102661  1.364025800223634  0.41126925306418793
1.396611452102661  1.3970049619674683  1.3627861524181966  0.4108954851875675
1.3970049619674683  1.397398591041565  1.0993616099801364  0.37409895350833566
1.397398591041565  1.397792339324951  1.3619609715826646  0.4106466838043265
1.397792339324951  1.398186445236206  0.989618234423906  0.3498828821735012
1.398186445236206  1.39858078956604  1.359902384865479  0.4100259965552979
1.39858078956604  1.3989752531051636  1.483081542614359  0.42812876392928284
1.3989752531051636  1.3993700742721555  1.234781809710566  0.39047229320300064
1.3993700742721555  1.3997650146484375  1.3578500118117947  0.40940718279630645
1.3997650146484375  1.4001601934432981  1.480397232130821  0.42735387023915317
1.4001601934432981  1.4005556106567383  2.0807265357726292  0.5101907256940865
1.4005556106567383  1.4009512662887573  0.9400545755712411  0.3564974528456127
1.4009512662887573  1.4013471603393555  1.5856461841788765  0.44610602984004605
1.4013471603393555  1.4017431735992432  1.477277791845549  0.42645336539494183
1.4017431735992432  1.4021395444869995  1.844931137034178  0.47635917124219235
1.4021395444869995  1.4025360345840454  1.3525427207260987  0.4078069743249927
1.4025360345840454  1.4029327630996702  1.1059608228321052  0.3686536076107017
1.4029327630996702  1.4033297300338745  1.7041713852945295  0.4615395826661663
1.4033297300338745  1.4037269353866577  2.0713595195563284  0.5078939487179578
1.4037269353866577  1.40412437915802  0.9813071034814865  0.34694445364914417
1.40412437915802  1.4045220613479612  1.4710781848062515  0.42466369299843765
1.4045220613479612  1.404919981956482  1.22516397655986  0.3874308673118302
1.404919981956482  1.405318021774292  1.9445373416549196  0.4918074227636321
1.405318021774292  1.405716419219971  1.5908068701028908  0.441210441501258
1.405716419219971  1.406114935874939  1.7126641625085024  0.45772875105092453
1.406114935874939  1.4065136909484863  1.8339001586363655  0.47351098486705223
1.4065136909484863  1.4069128036499023  2.198708254709191  0.5182405055852358
1.4069128036499023  1.407312035560608  1.4653678186058268  0.42301525226694436
1.407312035560608  1.4077115058898926  1.586534335985325  0.4400254537445617
1.4077115058898926  1.4081110954284668  1.4489771009194923  0.4248075825741737
1.4081110954284668  1.4085110425949097  1.9503295874857083  0.48758239687142707
1.4085110425949097  1.4089112281799316  1.6904649130276908  0.4578274680605283
1.4089112281799316  1.4093115329742432  2.1921605827177997  0.5166972044965366
1.4093115329742432  1.4097121953964233  2.5552378586415054  0.5575986145638843
1.4097121953964233  1.410112977027893  1.581343414600483  0.43858575118918086
1.410112977027893  1.4105141162872314  1.4584002450255318  0.42100388702585345
1.4105141162872314  1.4109153747558596  1.0784587154344627  0.3669859609280573
1.4109153747558596  1.4113168716430664  1.3356760953496118  0.40272149542923863
1.4113168716430664  1.4117186069488525  1.2135303720353396  0.3837519985423177
1.4117186069488525  1.4121205806732178  0.4851242412525617  0.24256212062628085
1.4121205806732178  1.412522792816162  1.5757191938016666  0.4370258729988222
1.412522792816162  1.4129252433776855  1.8170604356157118  0.46916298707946974
1.4129252433776855  1.4133278131484985  1.5593517849150276  0.43870835803932273
1.4133278131484985  1.4137307405471802  2.283931772163759  0.5291132354877689
1.4137307405471802  1.414133906364441  1.571991886424253  0.4359921039320006
1.414133906364441  1.4145371913909912  1.5715272124998  0.4358632265734632
1.4145371913909912  1.4149408340454102  1.3136478165700618  0.4028247916896722
1.4149408340454102  1.4153445959091187  1.4489273175408663  0.41826928840921074
1.4153445959091187  1.4157485961914062  2.051435674650475  0.49754623357318445
1.4157485961914062  1.4161528348922732  0.9648121153068355  0.34111259465220034
1.4161528348922732  1.4165574312210085  2.168908437467994  0.5112166213021124
1.4165574312210085  1.4169621467590332  1.8068913197767331  0.4665373326601352
1.4169621467590332  1.4173671007156374  1.4446620030933834  0.4170379981869944
1.4173671007156374  1.4177722930908203  1.9250826025354923  0.4812706506338731
1.4177722930908203  1.4181777238845825  1.5632098088464639  0.43355639385416817
1.4181777238845825  1.4185833930969238  1.186909130628951  0.3823719219945063
1.4185833930969238  1.418989300727844  2.1619016848077526  0.5095651138620613
1.418989300727844  1.4193953275680542  2.5214781100673527  0.550231633455135
1.4193953275680542  1.4198017120361328  1.7994708215425765  0.4646213682547052
1.4198017120361328  1.4202083349227905  2.2631748431291423  0.5243045253440805
1.4202083349227905  1.4206150770187378  1.9177478798401384  0.4794369699600346
1.4206150770187378  1.4210221767425537  1.9160631818490634  0.47901579546226586
1.4210221767425537  1.4214295148849487  1.5558901258082598  0.43152627904536905
1.4214295148849487  1.4218369722366333  2.392976801497423  0.5350858796728258
1.4218369722366333  1.4222447872161865  1.793158734474903  0.46299159438184445
1.4222447872161865  1.4226527214050293  1.5536167620943377  0.4308957613962671
1.4226527214050293  1.4230610132217407  2.268681743691177  0.5204712871476571
1.4230610132217407  1.4234694242477415  2.029280648392948  0.4921728504321188
1.4234694242477415  1.4238780736923218  2.3859961223785726  0.5335249523689396
1.4238780736923218  1.4242870807647705  1.9071278828372347  0.47678197070930867
1.4242870807647705  1.4246962070465086  1.7874114308397355  0.4615076469642044
1.4246962070465086  1.4251055717468262  1.5481876994420325  0.4293900103369907
1.4251055717468262  1.4255151748657224  1.9043526676420546  0.47608816691051364
1.4255151748657224  1.4259251356124878  1.2934025899691248  0.39661667480677276
1.4259251356124878  1.4263352155685425  2.377672880092497  0.5316638188144531
1.4263352155685425  1.4267455339431763  2.3616063699271974  0.5329941896426126
1.4267455339431763  1.4271560907363894  1.5436923809186844  0.42814323330349263
1.4271560907363894  1.427566885948181  2.7295629465049585  0.5691532184223839
1.427566885948181  1.427977919578552  2.0163328020273963  0.4890325364209752
1.427977919578552  1.4283891916275024  2.0151639134454227  0.4887490392981484
1.4283891916275024  1.4288007020950317  1.5401148782986163  0.4271510126008186
1.4288007020950317  1.42921257019043  1.8938801059366208  0.4734700264841552
1.42921257019043  1.4296245574951172  1.8787066504019894  0.47515769230574434
1.4296245574951172  1.4300367832183838  1.5228256152857282  0.4284320778191998
1.4300367832183838  1.4304492473602295  2.0093397402862605  0.4873364698206712
1.4304492473602295  1.4308619499206545  2.097106895524239  0.5046049384477279
1.4308619499206545  1.4312748908996584  2.479259365731553  0.5410187481377641
1.4312748908996584  1.4316880702972412  1.4159021420985436  0.4087357414433809
1.4316880702972412  1.432101488113403  1.8722059353486917  0.47351354804170975
1.432101488113403  1.4325151443481445  2.7994070560688944  0.5803390481125673
1.4325151443481445  1.4329290390014648  1.4134553065987656  0.40802940087615114
1.4329290390014648  1.4333431720733643  2.2221328122951944  0.5147964121901724
1.4333431720733643  1.4337575435638428  2.4707003575644704  0.5391510194330307
1.4337575435638428  1.4341721534729004  1.6461863988679513  0.4399618213807902
1.4341721534729004  1.434587001800537  2.702894802771816  0.5635925260578778
1.434587001800537  1.4350022077560425  2.23090294922259  0.5118042372899011
1.4350022077560425  1.4354175329208374  1.5259691618504085  0.423227696756035
1.4354175329208374  1.4358330965042116  1.9943532706215568  0.48370171703345416
1.4358330965042116  1.4362488985061646  2.5794478722118157  0.5499401341575143
1.4362488985061646  1.4366649389266968  1.5088627443146267  0.424503760773293
1.4366649389266968  1.437081217765808  2.444905172011834  0.5382576826752203
1.437081217765808  1.4374978542327883  1.9892175969633066  0.48245613321276787
1.4374978542327883  1.4379146099090576  2.325128468333451  0.5247614418623713
1.4379146099090576  1.438331604003906  1.8705991326523832  0.4676497831630958
1.438331604003906  1.4387488365173338  1.6358389415036383  0.4371963470749681
1.4387488365173338  1.4391664266586304  1.5176924236037674  0.42093214259127665
1.4391664266586304  1.4395841360092163  1.8673960519447925  0.46684901298619813
1.4395841360092163  1.440002202987671  2.7842851630433567  0.572750931355511
1.440002202987671  1.440420389175415  2.7979001279993807  0.5711189720721853
1.440420389175415  1.4408389329910278  1.6307138408609323  0.4358266063122723
1.4408389329910278  1.44125759601593  1.5138031206975064  0.4198534440486355
1.44125759601593  1.4416766166687012  1.5125111123425339  0.41949510540462154
1.4416766166687012  1.4420957565307617  1.2794530970236078  0.3857696236077718
1.4420957565307617  1.442515254020691  1.263998723190176  0.3876000979429469
1.442515254020691  1.4429349899291992  1.7422311930243235  0.4498421597217523
1.4429349899291992  1.443354845046997  2.4384311308614706  0.5321092968623552
1.443354845046997  1.4437750577926636  1.624237246883045  0.4340956637623796
1.4437750577926636  1.4441955089569092  1.5073650580909619  0.41806784675305525
1.4441955089569092  1.4446161985397339  2.549479789818648  0.5435509175234869
1.4446161985397339  1.4450371265411377  1.73729709165637  0.4485681802266468
1.4450371265411377  1.4454582929611204  2.315084830886641  0.5176687055541135
1.4454582929611204  1.4458796977996826  2.198086272174876  0.5042755752418066
1.4458796977996826  1.4463013410568237  2.0812200273583183  0.4905482648287729
1.4463013410568237  1.4467233419418335  1.3863041877149476  0.4001915479779652
1.4467233419418335  1.4471454620361328  1.7181164779468703  0.4491404304528874
1.4471454620361328  1.4475678205490112  1.154275290363843  0.365013896440195
1.4475678205490112  1.4479905366897583  1.7299481191874344  0.4466706836943851
1.4479905366897583  1.4484133720397951  2.075352477237808  0.48916527000238463
1.4484133720397951  1.4488365650177002  1.6127989564128837  0.4310386520459693
1.4488365650177002  1.449259877204895  2.3033496782647678  0.5150446456552291
1.449259877204895  1.4496835470199583  2.5315459139771312  0.539727402347043
1.4496835470199583  1.450107455253601  1.7250832482101883  0.445414579409297
1.450107455253601  1.4505316019058228  1.1352028587774927  0.36571434810210923
1.4505316019058228  1.4509559869766235  1.5798722277542647  0.43360589344623657
1.4509559869766235  1.4513806104660034  1.7221774370125331  0.4446643021842476
1.4513806104660034  1.4518054723739624  1.5922813448467894  0.43123647875398247
1.4518054723739624  1.4522305727005007  2.408343926777794  0.5255437306641155
1.4522305727005007  1.4526559114456175  1.9485189185531726  0.4725852538064133
1.4526559114456175  1.4530816078186035  1.3742696232171254  0.3967174684517664
1.4530816078186035  1.4535074234008787  1.946336926482107  0.47205604299563314
1.4535074234008787  1.4539335966110232  2.8598582893390447  0.571971657867809
1.4539335966110232  1.454360008239746  1.600625187382084  0.42778507541604277
1.454360008239746  1.454786539077759  1.9430730859102412  0.47126444538251666
1.454786539077759  1.4552134275436401  1.5988372787673029  0.42730723673923043
1.4552134275436401  1.4556405544281008  2.8534728954486246  0.5706945790897249
1.4556405544281008  1.4560679197311401  2.3814808537433083  0.5242945126646711
1.4560679197311401  1.4564955234527588  1.140116351758878  0.36053644691597736
1.4564955234527588  1.456923484802246  1.5948290516052184  0.4262359929700246
1.456923484802246  1.457351565361023  2.8330403236337958  0.5708290179033666
1.457351565361023  1.4577800035476687  2.7309498188694326  0.557452797448021
1.4577800035476687  1.4582085609436033  1.4788530069241537  0.4101600265645491
1.4582085609436033  1.4586374759674072  1.4776199443813427  0.40981803654732146
1.4586374759674072  1.45906662940979  1.6899584578916298  0.44177951784268726
1.45906662940979  1.459496021270752  2.2707370093054386  0.5077522311831534
1.459496021270752  1.4599256515502927  1.7021076666597708  0.43948230976168384
1.4599256515502927  1.460355520248413  1.814574533003653  0.4536436332509132
1.460355520248413  1.4607857465744016  1.4731162537793203  0.4085689375169817
1.4607857465744016  1.4612160921096804  2.8321311314091933  0.5664262262818386
1.4612160921096804  1.4616467952728271  2.009461409441617  0.48351572015163974
1.4616467952728271  1.4620776176452637  1.0044526940106282  0.3418026409752419
1.4620776176452637  1.4625087976455688  2.9397160961497506  0.5765257591803992
1.4625087976455688  1.4629402160644533  2.034063342570484  0.4794333276315216
1.4629402160644533  1.4633718729019165  1.4682343440733383  0.4072149393810507
1.4633718729019165  1.4638038873672485  2.144104572886943  0.49189132408408537
1.4638038873672485  1.4642360210418701  2.143513095763388  0.49175562992571736
1.4642360210418701  1.4646685123443601  2.578701304140558  0.5420520042299735
1.4646685123443601  1.4651011228561401  2.5779907223511547  0.5419026374605469
1.4651011228561401  1.4655340909957886  2.364579967757186  0.515993651858264
1.4655340909957886  1.4659672975540161  2.250741526559766  0.5032811053169286
1.4659672975540161  1.4664007425308228  2.3619786696628435  0.5154260020762417
1.4664007425308228  1.466834545135498  1.7981191992345567  0.44952979980863916
1.466834545135498  1.467268466949463  2.4717346643598925  0.5269756010825234
1.467268466949463  1.4677027463912964  1.9084039257179415  0.4628559389457925
1.4677027463912964  1.4681371450424194  1.3328680686833532  0.3907670188772312
1.4681371450424194  1.4685719013214111  1.345631155610341  0.3884502549607888
1.4685719013214111  1.469006896018982  2.1294149005596825  0.4885212821268089
1.469006896018982  1.4694422483444216  2.0156832521255796  0.4751010987673836
1.4694422483444216  1.4698777198791504  1.903179715684097  0.461588881899913
1.4698777198791504  1.470313549041748  1.6778982578333268  0.4332314672812609
1.470313549041748  1.4707494974136353  2.3345936179013735  0.5139720612255591
1.4707494974136353  1.4711858034133911  2.2347526523273746  0.4997058843501963
1.4711858034133911  1.4716223478317259  2.443082631361492  0.525279032941093
1.4716223478317259  1.4720592498779297  2.6780446518463408  0.5466535754510798
1.4720592498779297  1.4724962711334229  2.565759387246568  0.5349978152431573
1.4724962711334229  1.4729336500167847  2.006343754910431  0.4728997581628153
1.4729336500167847  1.4733711481094358  1.7829307264353877  0.44573268160884694
1.4733711481094358  1.473809003829956  2.3244238662295107  0.5117331412744122
1.473809003829956  1.4742470979690552  2.1143496522836136  0.4850650771376124
1.4742470979690552  1.474685549736023  1.8765007936818068  0.4601149094965294
1.474685549736023  1.47512412071228  1.778569112807248  0.444642278201812
1.47512412071228  1.4755630493164062  1.5275244787621773  0.41923872370120074
1.4755630493164062  1.4760022163391113  1.99817460281389  0.4709742705481459
1.4760022163391113  1.4764416217803953  1.3176807493989673  0.3863144375445876
1.4764416217803953  1.4768812656402588  2.106896684419294  0.4833552490455057
1.4768812656402588  1.4773212671279907  2.5483809031823133  0.531374150821299
1.4773212671279907  1.4777615070343015  1.6610874710646457  0.42889094080181117
1.4777615070343015  1.4782018661499023  2.2005005753344116  0.4966340012855841
1.4782018661499023  1.4786427021026611  1.6588415442505795  0.4283110449919659
1.4786427021026611  1.4790836572647095  1.8795121658260237  0.45584865790200657
1.4790836572647095  1.479524850845337  1.4364973142088149  0.3984126710343221
1.479524850845337  1.479966402053833  1.8769750273732346  0.4552333114415557
1.479966402053833  1.4804081916809084  2.979469199984891  0.5733991148844919
1.4804081916809084  1.4808502197265625  1.433785480013348  0.3976605435541442
1.4808502197265625  1.481292486190796  2.5353298958614334  0.5286528276769311
1.481292486190796  1.481735110282898  1.4318547158327024  0.39712504591920983
1.481735110282898  1.482177972793579  1.8714173624200434  0.45388537969839093
1.482177972793579  1.4826210737228394  1.4167153558402068  0.39857899518396367
1.4826210737228394  1.4830644130706787  1.9793695178183306  0.4665418695077627
1.4830644130706787  1.483508110046387  1.8678977703887647  0.45303175324521183
1.483508110046387  1.4839519262313845  2.4166301848697316  0.5152272865808181
1.4839519262313845  1.4843961000442505  1.4268589801098985  0.39573947812634547
1.4843961000442505  1.4848405122756958  2.5230884961496565  0.5261003193887915
1.4848405122756958  1.4852852821350095  2.192225866395678  0.4901966059294108
1.4852852821350095  1.4857301712036133  3.0682938345444133  0.5798530311055201
1.4857301712036133  1.4861754179000854  1.6424085758068656  0.42406807078454883
1.4861754179000854  1.4866209030151365  2.0657450869460403  0.4785664265318571
1.4866209030151365  1.4870667457580566  2.4056455022100343  0.5128853443688316
1.4870667457580566  1.4875127077102661  2.719446084514558  0.5479409257661025
1.4875127077102661  1.4879590272903442  2.1846139710251573  0.4884945343808008
1.4879590272903442  1.4884055852890015  2.292619979416471  0.5002906950211465
1.4884055852890015  1.4888523817062376  3.0551954617212265  0.5773776713148231
1.4888523817062376  1.4892995357513428  1.9355329438297026  0.4657270852855522
1.4892995357513428  1.4897469282150269  1.9614375797405732  0.4623152711695629
1.4897469282150269  1.49019455909729  2.1782143029342715  0.4870635250923351
1.49019455909729  1.4906424283981325  1.959349277818132  0.46182305368605525
1.4906424283981325  1.4910906553268433  2.2840836284304133  0.49842791051865515
1.4910906553268433  1.4915391206741335  2.2828693362280292  0.4981629302361209
1.4915391206741335  1.4919878244400022  2.4989569377404965  0.5210685416268215
1.4919878244400022  1.4924367666244507  1.9546668180463966  0.4607193873336461
1.4924367666244507  1.4928860664367676  3.0381726162179534  0.574160655899942
1.4928860664367676  1.4933356046676636  2.4809144342129783  0.5214968632578452
1.4933356046676636  1.4937853813171387  1.3956880407256953  0.3926631659419011
1.4937853813171387  1.4942353963851929  2.058340389971465  0.472215671120722
1.4942353963851929  1.4946857690811157  2.801060756364444  0.5532673892940828
1.4946857690811157  1.4951363801956177  1.839236905129752  0.44608047237553505
1.4951363801956177  1.4955872297286987  1.6086331169777544  0.42051990064348865
1.4955872297286987  1.4960384368896484  2.160949724575479  0.483203048011022
1.4960384368896484  1.4964898824691772  1.7011525221961978  0.43528568898181724
1.4964898824691772  1.4969415664672854  2.15866843692641  0.48269293658506707
1.4969415664672854  1.4973934888839722  2.0496531184769453  0.4702226743554739
1.4973934888839722  1.497845768928528  1.8191275485393508  0.44604708411370697
1.497845768928528  1.4982982873916626  1.9392189770205435  0.45707829628562197
1.4982982873916626  1.4987511634826658  3.1218300410390083  0.5797092852020183
1.4987511634826658  1.499204158782959  1.506693761910507  0.4026808459899048
1.499204158782959  1.4996575117111208  2.688402152088543  0.5376804304177086
1.4996575117111208  1.5001111030578613  2.149591250334348  0.48066321595863704
1.5001111030578613  1.5005650520324707  1.8124395796117871  0.44440720512821297
1.5005650520324707  1.501019239425659  1.7041496545377826  0.4310091823119608
1.501019239425659  1.501473665237427  2.0383617450510725  0.4676322556345707
1.501473665237427  1.5019283294677732  1.7156150409074316  0.4289037602268579
1.5019283294677732  1.5023833513259888  2.249974965389025  0.49098479003099305
1.5023833513259888  1.502838611602783  2.770989143113389  0.5473276241827872
1.502838611602783  1.5032941102981567  2.033560578942291  0.46653079258829017
1.5032941102981567  1.503749966621399  1.3902919874181023  0.3855976191155926
1.503749966621399  1.5042060613632202  1.9240133917319318  0.45349430546245934
1.5042060613632202  1.5046623945236206  2.4571770934289234  0.512356841870798
1.5046623945236206  1.5051190853118896  1.6012519004538353  0.41344146290271205
1.5051190853118896  1.5055760145187378  1.6004163920267784  0.41322573555447156
1.5055760145187378  1.506033182144165  2.559330808089134  0.5224212135669429
1.506033182144165  1.506490707397461  2.557330288958267  0.5220128593093346
1.506490707397461  1.506948471069336  1.5974989663121468  0.4124724594740339
1.506948471069336  1.50740647315979  2.7675567724554  0.5427625379894596
1.50740647315979  1.5078648328781126  2.0208673529638608  0.46361876683526376
1.5078648328781126  1.5083234310150146  2.644514635342874  0.5328429953964121
1.5083234310150146  1.5087822675704956  3.0812762603017343  0.5721786371736522
1.5087822675704956  1.509241461753845  2.6542038900318485  0.5308407780063698
1.509241461753845  1.5097008943557741  1.4855828477574466  0.3970387168554513
1.5097008943557741  1.5101605653762817  2.519175955541745  0.5222449421557733
1.5101605653762817  1.5106205940246582  2.941119830543642  0.5632398910266019
1.5106205940246582  1.5110808610916138  2.224334225043797  0.48538952176876843
1.5110808610916138  1.511541485786438  2.7387183068180305  0.5409534670685935
1.511541485786438  1.5120022296905515  2.4336543114231444  0.5074520027638706
1.5120022296905515  1.5124633312225344  2.101512183371661  0.47429317496073053
1.5124633312225344  1.5129247903823853  2.205530576251468  0.4855582092231397
1.5129247903823853  1.5133864879608154  3.4845523540937298  0.6065827058555453
1.5133864879608154  1.513848423957825  1.662519897175201  0.42540049139957403
1.513848423957825  1.5143107175827026  1.8721464858979646  0.4504750636688532
1.5143107175827026  1.5147732496261597  2.318843860378869  0.4943791721495839
1.5147732496261597  1.5152360200881956  1.9755651230521403  0.4621773925048016
1.5152360200881956  1.5156991481781006  2.000060481888946  0.45884534323806203
1.5156991481781006  1.5161625146865845  2.6965053699735835  0.5402907742396783
1.5161625146865845  1.5166261196136475  2.3134775464823885  0.49323507018266527
1.5166261196136475  1.5170900821685793  2.0755661724195207  0.4728137625182421
1.5170900821685793  1.51755428314209  2.6255761130964914  0.5251152226192983
1.51755428314209  1.5180188417434692  2.203786102873545  0.4809055539004646
1.5180188417434692  1.5184836387634277  2.819022126935312  0.5462619433942217
1.5184836387634277  1.5189486742019653  2.3063609787926196  0.49171781285321337
1.5189486742019653  1.5194140672683716  2.1868875155392735  0.48145384936011
1.5194140672683716  1.519879698753357  2.1857677574668006  0.48120732921194814
1.519879698753357  1.5203455686569214  2.7078831979388105  0.534862895791465
1.5203455686569214  1.5208117961883543  2.0913307868887974  0.4676357802921477
1.5208117961883543  1.5212783813476562  2.50767339014235  0.511876687283667
1.5212783813476562  1.521745204925537  3.132990822593791  0.5720032486637617
1.521745204925537  1.5222122669219973  2.283452934159515  0.49095758515272836
1.5222122669219973  1.5226795673370361  2.0865292621229785  0.46656212671494574
1.5226795673370361  1.5231472253799438  2.0849336496350217  0.4662053369160638
1.5231472253799438  1.5236152410507202  2.591301019401162  0.5221209891214951
1.5236152410507202  1.5240833759307861  1.4579669710371106  0.38965806334667386
1.5240833759307861  1.52455198764801  3.1081776848268374  0.570993166721796
1.52455198764801  1.525020718574524  1.7681372078807651  0.428836262863358
1.525020718574524  1.5254898071289065  2.7021481879971065  0.5299348592006397
1.5254898071289065  1.5259592533111572  2.700089669826987  0.529531150573004
1.5259592533111572  1.5264289379119873  3.217703501688628  0.5779166092533973
1.5264289379119873  1.5268988609313963  2.6845275336250305  0.5302496693947317
1.5268988609313963  1.5273691415786743  1.3476493180948828  0.37377067059501384
1.5273691415786743  1.5278396606445312  3.315609711687131  0.586122527725486
1.5278396606445312  1.5283104181289673  2.17476688855257  0.4745730421750354
1.5283104181289673  1.5287815332412718  2.2765977171746585  0.4853722641551846
1.5287815332412718  1.5292530059814455  2.3782740616022906  0.4959044224221409
1.5292530059814455  1.5297247171401978  2.7904758289499  0.5370273236704564
1.5297247171401978  1.5301966667175293  2.065974919807575  0.4619660360499415
1.5301966667175293  1.5306689739227293  1.9484324558094737  0.45138887833152436
1.5306689739227293  1.5311415195465088  2.0633689978593206  0.4613833341879059
1.5311415195465088  1.5316144227981565  2.886532036937445  0.5455032800826564
1.5316144227981565  1.5320875644683836  2.5632269594781962  0.5164643495316175
1.5320875644683836  1.5325610637664793  1.1071162952360154  0.34529743036782423
1.5325610637664793  1.5330348014831543  2.7785387154364325  0.5347300251036737
1.5330348014831543  1.5335087776184082  1.9415717781472595  0.449799480872399
1.5335087776184082  1.5339831113815308  2.2484464930990784  0.48343096723531137
1.5339831113815308  1.534457802772522  2.464850238327933  0.5031354480234119
1.534457802772522  1.5349326133728027  2.772260320148018  0.5335217473670588
1.5349326133728027  1.5354079008102417  1.6284951552008469  0.41187483937992664
1.5354079008102417  1.5358834266662598  2.255481117641015  0.4808701900076173
1.5358834266662598  1.536359190940857  2.9716442811078365  0.5518204897222219
1.536359190940857  1.536835312843323  2.1502640067326224  0.4692260749995846
1.536835312843323  1.5373116731643677  2.3538723507633392  0.49081631398456677
1.5373116731643677  1.5377883911132812  2.5566375054758033  0.5113275010951607
1.5377883911132812  1.5382653474807741  4.088575209954702  0.6464605024178999
1.5382653474807741  1.538742661476135  2.451307105152588  0.5003709675402324
1.538742661476135  1.5392202138900757  2.8584305018772196  0.5401925891377621
1.5392202138900757  1.5396980047225954  2.3468248287528817  0.48934680406200187
1.5396980047225954  1.540176272392273  2.650287417691571  0.519764125363029
1.540176272392273  1.5406546592712402  3.5668055664482514  0.6029001800546193
1.5406546592712402  1.541133403778076  2.3295638275451895  0.4896824380842246
1.541133403778076  1.5416125059127808  2.7348512746742193  0.5299515594160447
1.5416125059127808  1.5420918464660645  2.644355414019808  0.5186007637292972
1.5420918464660645  1.5425715446472168  2.337493517307634  0.48740109112361196
1.5425715446472168  1.543051481246948  2.641071316388119  0.5179566991943539
1.543051481246948  1.5435317754745486  3.1466249185012343  0.5651505188523901
1.5435317754745486  1.5440123081207275  2.1305270262709173  0.4649191127636023
1.5440123081207275  1.5444930791854856  2.7378906162049734  0.5269072947592306
1.5444930791854856  1.5449743270874021  2.0260576436755486  0.4530402617591574
1.5449743270874021  1.5454556941986084  2.1143162111593328  0.46547692617657316
1.5454556941986084  1.5459374189376829  2.530065178025848  0.5060130356051696
1.5459374189376829  1.5464195013046265  2.1236781510608664  0.4634245656647754
1.5464195013046265  1.546901822090149  3.2344813475109007  0.5717809236115899
1.546901822090149  1.54738450050354  2.2220583300246997  0.47374442774521747
1.54738450050354  1.5478675365447998  3.1287640169430397  0.5619426062335601
1.5478675365447998  1.5483506917953491  2.018059389962544  0.45125179785880054
1.5483506917953491  1.5488343238830566  3.8305323993799756  0.6213944095148493
1.5488343238830566  1.549318194389343  2.5188453767929118  0.5037690753585824
1.549318194389343  1.549802303314209  2.215492287186871  0.4723445427085707
1.549802303314209  1.5502867698669434  1.7107075544759998  0.4149075259792132
1.5502867698669434  1.5507715940475464  2.715001931435839  0.5225023653216119
1.5507715940475464  1.5512566566467285  1.6961833175624685  0.4159013608081187
1.5512566566467285  1.5517419576644897  2.599461443759487  0.5134473585735803
1.5517419576644897  1.5522277355194092  2.8979844769748713  0.5415959814156769
1.5522277355194092  1.5527136325836182  1.605337528462844  0.401334382115711
1.5527136325836182  1.5531998872756958  1.8046764493175709  0.425366318386705
1.5531998872756958  1.553686499595642  3.306141907742532  0.5755254335567189
1.553686499595642  1.554173469543457  2.3025884733527344  0.48012288633571965
1.554173469543457  1.554660677909851  2.001271031934962  0.44749780688077273
1.554660677909851  1.5551481246948242  2.4003506111572093  0.4899695167594097
1.5551481246948242  1.555635929107666  3.4855926578514316  0.5923036508474027
1.555635929107666  1.5561240911483765  1.997361344937287  0.4466235742910179
1.5561240911483765  1.556612491607666  2.096205624333439  0.4574295688428643
1.556612491607666  1.5571012496948242  2.593403199944792  0.5086082124281718
1.5571012496948242  1.5575902462005615  2.6918363859457717  0.5180441540134069
1.5575902462005615  1.5580796003341675  2.291370015504487  0.4777836761708684
1.5580796003341675  1.558569312095642  2.6879047846031057  0.5172875169822287
1.558569312095642  1.5590592622756958  1.3930501934945823  0.37230832475970516
1.5590592622756958  1.5595494508743286  1.9891037712836068  0.44477712468913394
1.5595494508743286  1.5600401163101196  1.490378044372848  0.3848139563606146
1.5600401163101196  1.5605310201644897  1.973931307743908  0.4454992716731113
1.5605310201644897  1.561022162437439  2.779338007409094  0.5252455126424469
1.561022162437439  1.5615136623382568  2.864246117795925  0.5352907165338062
1.5615136623382568  1.5620055198669434  2.06922173065083  0.45554915848324506
1.5620055198669434  1.562497615814209  2.377672880092497  0.48534044429002565
1.562497615814209  1.5629900693893433  2.276948417730796  0.47477656516132044
1.5629900693893433  1.5634827613830566  1.9545375134431742  0.44524344633967544
1.5634827613830566  1.5639758110046387  1.9775615830556554  0.4421962129404542
1.5639758110046387  1.5644692182540894  2.173741043312396  0.4634431476057949
1.5644692182540894  1.5649628639221191  2.1726911804564137  0.4632193160928243
1.5649628639221191  1.5654568672180176  1.776369506941692  0.41869430808382474
1.5654568672180176  1.5659512281417847  2.4653950770189863  0.4930790154037973
1.5659512281417847  1.5664458274841309  2.759911446258247  0.5215742376685663
1.5664458274841309  1.5669407844543457  1.2804615992020287  0.355136150168118
1.5669407844543457  1.5674359798431396  1.67364359686819  0.4059181958544829
1.5674359798431396  1.5679315328598022  2.065950070458047  0.45082726570825477
1.5679315328598022  1.5684274435043335  1.4746144304419815  0.38074380874526204
1.5684274435043335  1.5689235925674438  2.1617285387482004  0.46088207302748324
1.5689235925674438  1.5694200992584229  2.2583610837085044  0.4709008380987791
1.5694200992584229  1.569916844367981  1.7665647316453976  0.41638330038381804
1.569916844367981  1.5704139471054077  2.537747610922031  0.501257601139819
1.5704139471054077  1.5709114074707031  2.1560302368248285  0.45966719097540987
1.5709114074707031  1.5714092254638672  1.8606884511834965  0.42687120653274085
1.5714092254638672  1.5719072818756104  1.9576818352125875  0.4377509661851887
1.5719072818756104  1.5724056959152222  2.4453464205687006  0.4890692841137401
1.5724056959152222  1.572904348373413  1.759807610988853  0.4147906317713052
1.572904348373413  1.5734033584594727  1.5510774447648774  0.39229454959574
1.5734033584594727  1.5739027261734009  2.831184608713625  0.5257377833567408
1.5739027261734009  1.5744023323059082  2.0491897978749942  0.44716987438540085
1.5744023323059082  1.5749022960662842  1.9502133303572224  0.4360809577305004
1.5749022960662842  1.5754026174545288  1.6564964263498836  0.40175939613522094
1.5754026174545288  1.5759031772613525  1.2661292116901222  0.3511610610855027
1.5759031772613525  1.576404094696045  2.0438254266763685  0.44599927261999406
1.576404094696045  1.576905369758606  2.9056472007249727  0.5337869532419303
1.576905369758606  1.5774070024490356  3.012773715934695  0.5411101331887798
1.5774070024490356  1.5779088735580444  2.2222157556810314  0.46711749913190836
1.5779088735580444  1.5784109830856323  1.9418790853556958  0.43421736389404525
1.5784109830856323  1.5789135694503784  2.716051373464295  0.51328546301871
1.5789135694503784  1.5794163942337036  2.314956867423673  0.47620614420668017
1.5794163942337036  1.5799195766448975  3.003494858245249  0.5394436011510034
1.5799195766448975  1.5804229974746704  2.9052313666297147  0.5304202514248855
1.5804229974746704  1.580926775932312  2.8063966696406473  0.5211347786278721
1.580926775932312  1.5814309120178223  2.70770219686107  0.5117076169512607
1.5814309120178223  1.5819354057312012  2.6091476500825985  0.5021306993768893
1.5819354057312012  1.5824401378631592  1.6420206663652483  0.3982485086394715
1.5824401378631592  1.5829452276229858  2.6060686464832563  0.5015381448579173
1.5829452276229858  1.5834506750106812  1.7242286921079233  0.4106169519075097
1.5834506750106812  1.5839563608169556  2.0245531454252945  0.44179371606535006
1.5839563608169556  1.5844624042510986  1.914876119031664  0.4321710249116308
1.5844624042510986  1.5849688053131104  2.0216936070842983  0.4411697136415289
1.5849688053131104  1.5854755640029907  2.2126732330383247  0.46137426268675946
1.5854755640029907  1.5859825611114502  2.00743213276871  0.44194588006157287
1.5859825611114502  1.5864899158477783  2.4983442480671165  0.48996561817563533
1.5864899158477783  1.586997628211975  1.6205141862319052  0.39734741421184194
1.586997628211975  1.587505578994751  2.015525567447571  0.4398237370451103
1.587505578994751  1.5880138874053955  2.1100173964047864  0.44985722043630055
1.5880138874053955  1.5885225534439087  3.929540461779304  0.6136911164095641
1.5885225534439087  1.5890315771102905  2.490152955450503  0.4883591735258791
1.5890315771102905  1.5895408391952515  2.5728855975938156  0.49856631959130865
1.5895408391952515  1.590050458908081  2.58290359184785  0.4970800280147358
1.590050458908081  1.5905604362487793  2.2943042657835035  0.46832289715503184
1.5905604362487793  1.5910707712173462  2.280889527398517  0.4691982051538839
1.5910707712173462  1.5915813446044922  2.2798244377289407  0.46897910722946
1.5915813446044922  1.5920922756195068  2.0756003298675822  0.4500553990897497
1.5920922756195068  1.5926035642623901  2.3837708986704915  0.4767541797340983
1.5926035642623901  1.5931150913238525  2.0967406614472175  0.4470266110324832
1.5931150913238525  1.5936270952224731  2.7377744264129977  0.5149433613340559
1.5936270952224731  1.5941393375396729  2.653089832044843  0.5047201214079375
1.5941393375396729  1.5946519374847412  2.461025008731365  0.48610330157047554
1.5946519374847412  1.5951647758483887  3.030257078056794  0.5387933407320478
1.5951647758483887  1.5956780910491943  2.2793854270835645  0.4652776019575537
1.5956780910491943  1.596191644668579  2.3615245594635472  0.47582335266736064
1.596191644668579  1.5967055559158325  2.087013263342614  0.44495272278830555
1.5967055559158325  1.5972198247909546  2.6309182721529707  0.5038346637625537
1.5972198247909546  1.5977343320846558  2.4636128637102983  0.4831542333075774
1.5977343320846558  1.5982491970062256  1.5150163848146683  0.37875409620366707
1.5982491970062256  1.5987645387649536  1.4902300720696278  0.3813154994619805
1.5987645387649536  1.5992799997329712  1.6078435479626416  0.3899593398657545
1.5992799997329712  1.599795937538147  3.1182234906203825  0.5428130359931901
1.599795937538147  1.6003122329711914  1.8885233681639786  0.42228666283115185
1.6003122329711914  1.600828766822815  2.1707994261818415  0.4526429703857408
1.600828766822815  1.6013456583023071  1.8746884514043851  0.42310101493308866
1.6013456583023071  1.601862907409668  1.873392285155431  0.4228084813896918
1.601862907409668  1.602380394935608  2.531989696595434  0.4906416303372657
1.602380394935608  1.602898359298706  3.011901388269069  0.5324339739775589
1.602898359298706  1.6034165620803833  2.916437036267126  0.5238075547408293
1.6034165620803833  1.6039351224899292  2.538370771298749  0.48850968270413686
1.6039351224899292  1.6044540405273438  1.9729277378575922  0.4305281285433528
1.6044540405273438  1.604973316192627  2.1593374457405687  0.45025298225009514
1.604973316192627  1.6054928302764893  2.2521876202436504  0.45972587288417305
1.6054928302764893  1.6060128211975098  2.7073101200533243  0.5059613994197348
1.6060128211975098  1.6065330505371094  2.9987881604099687  0.5301158608919553
1.6065330505371094  1.6070536375045776  2.5169148781590978  0.4877204756798879
1.6070536375045776  1.6075745820999146  2.1408531650840144  0.45001479893485913
1.6075745820999146  1.6080957651138306  2.432056980735052  0.4769656154975993
1.6080957651138306  1.6086174249649048  2.0560132948514647  0.4383435072989912
1.6086174249649048  1.609139323234558  1.9501162313077485  0.42932750751527393
1.609139323234558  1.60966157913208  1.9603182932878567  0.4277765221522974
1.60966157913208  1.6101841926574707  2.3321152792878053  0.46642305585756105
1.6101841926574707  1.61070716381073  3.07628704522567  0.5355128378797644
1.61070716381073  1.611230492591858  2.887870568713712  0.5186768657080604
1.611230492591858  1.6117541790008545  2.0480569492988865  0.43664720872760876
1.6117541790008545  1.6122781038284302  2.5123806268827207  0.4835078770791798
1.6122781038284302  1.6128023862838745  2.5106668611072207  0.48317806270190894
1.6128023862838745  1.6133270263671875  2.39306111231904  0.47606976264855083
1.6133270263671875  1.6138520240783691  2.6929682847187504  0.5000716563309237
1.6138520240783691  1.6143773794174194  2.958058985659253  0.5259561951053482
1.6143773794174194  1.6149030923843384  2.1214349957862  0.4459330320510962
1.6149030923843384  1.615429162979126  2.0387750234013167  0.43466829547708713
1.615429162979126  1.6159554719924927  2.026402853010472  0.4356901061448028
1.6159554719924927  1.6164822578430176  2.579843179066913  0.4907857799705606
1.6164822578430176  1.6170092821121216  3.4922820130800747  0.572084009084764
1.6170092821121216  1.6175366640090942  1.9412645666577981  0.42361865812595273
1.6175366640090942  1.6180644035339355  1.5704349449718684  0.3808864209576513
1.6180644035339355  1.6185925006866455  1.9386353144230475  0.42304490825038715
1.6185925006866455  1.6191209554672241  3.0443652757511876  0.5299559710756884
1.6191209554672241  1.6196497678756714  2.109000976424063  0.4433193578325821
1.6196497678756714  1.6201788187026978  2.488038047577638  0.47882314550766003
1.6201788187026978  1.6207083463668823  2.474418566618816  0.47948566350609423
1.6207083463668823  1.621238112449646  2.1052043950083577  0.44252130318301847
1.621238112449646  1.6217682361602783  2.483002665875772  0.47785408584731176
1.6217682361602783  1.6222988367080688  2.8482929221867437  0.5115685105500754
1.6222988367080688  1.6228296756744385  2.2959787523911377  0.4591957504782276
1.6228296756744385  1.6233608722686768  2.294432985726602  0.45888659714532043
1.6233608722686768  1.6238924264907837  2.384604870996557  0.4676594911315326
1.6238924264907837  1.6244243383407593  2.199693780596555  0.44901061273626763
1.6244243383407593  1.6249566078186035  3.3889160602259016  0.5571343683639994
1.6249566078186035  1.6254891157150269  2.27746760738056  0.458886725608012
1.6254891157150269  1.6260221004486084  1.7379188038788373  0.3987059177993124
1.6260221004486084  1.6265554428100586  2.5594261489775296  0.48368607780216394
1.6265554428100586  1.627089023590088  1.918711895195286  0.4186972617402178
1.627089023590088  1.6276230812072754  1.9057162635413667  0.4195526401566672
1.6276230812072754  1.628157377243042  2.0073882593195025  0.42797661489075983
1.628157377243042  1.6286921501159668  1.7321076620914582  0.3973727504415349
1.6286921501159668  1.6292271614074707  2.004704585176027  0.42740445364090585
1.6292271614074707  1.6297625303268433  1.7301792411806458  0.39693034034306957
1.6297625303268433  1.6302982568740845  2.2637845576699958  0.45612972925923223
1.6302982568740845  1.6308344602584839  1.727486654544749  0.3963126186039852
1.6308344602584839  1.6313709020614624  1.4428467075079505  0.36492110769061503
1.6313709020614624  1.6319077014923096  1.7255685036958208  0.3958725646193039
1.6319077014923096  1.6324448585510254  2.1782143029342715  0.44462613271842566
1.6324448585510254  1.6329823732376099  2.2674636026608423  0.45349272053216844
1.6329823732376099  1.633520245552063  1.9828387845836069  0.42632354136287776
1.633520245552063  1.6340584754943848  1.9021383040739979  0.41508060765209637
1.6340584754943848  1.6345970630645752  1.900875264031452  0.41480498971872837
1.6345970630645752  1.6351360082626343  1.8996139002198849  0.41452973756894823
1.6351360082626343  1.635675311088562  1.2655694728697464  0.3382376690456207
1.635675311088562  1.6362149715423584  1.626082446822702  0.38327130830558204
1.6362149715423584  1.6367548704147339  1.3544703092600225  0.34972273004643184
1.6367548704147339  1.6372952461242676  1.8043668006878866  0.4034686822681929
1.6372952461242676  1.63783597946167  1.7130147645816316  0.39299253934760264
1.63783597946167  1.638377070426941  1.3514862371973215  0.34895224595291685
1.638377070426941  1.6389185190200806  1.6207122934316098  0.3820055510126309
1.6389185190200806  1.6394603252410889  1.428561096542525  0.3613080274164505
1.6394603252410889  1.6400024890899658  1.168970219851984  0.32421400516667237
1.6400024890899658  1.6405450105667114  1.61750719331276  0.3812501016698241
1.6405450105667114  1.6410878896713257  1.706243955235459  0.39143920915255276
1.6410878896713257  1.641631007194519  1.8850207293446224  0.4113452466086951
1.641631007194519  1.6421746015548706  1.076209829936604  0.31067501750920984
1.6421746015548706  1.6427185535430908  0.9747998042748693  0.298918418729176
1.6427185535430908  1.6432628631591797  1.522627135652751  0.36929132404282133
1.6432628631591797  1.6438075304031372  1.5216273804750406  0.36904884779591207
1.6438075304031372  1.6443525552749634  0.8050388491651763  0.26834628305505875
1.6443525552749634  1.6448979377746582  0.8045109548378548  0.26817031827928495
1.6448979377746582  1.6454437971115112  1.0717442289825103  0.3093859095527401
1.6454437971115112  1.6459898948669434  0.9820032938517801  0.2960851335090429
1.6459898948669434  1.6465363502502441  1.6840509140299966  0.39014021290328504
1.6465363502502441  1.6470831632614136  1.1590312971194294  0.32145744397166465
1.6470831632614136  1.6476303339004517  1.236359632469272  0.33484244232662175
1.6476303339004517  1.648177981376648  0.9572194002345349  0.29854623278646014
1.648177981376648  1.6487258672714233  0.978798322266102  0.2951187982169116
1.6487258672714233  1.6492741107940674  1.056092898952411  0.3096227477252947
1.6492741107940674  1.6498228311538696  0.9663288087999627  0.29632082221621336
1.6498228311538696  1.6503719091415405  0.4329685398720738  0.20097592453447036
1.6503719091415405  1.6509212255477905  1.7749988514579407  0.3969018091844007
1.6509212255477905  1.6514710187911987  1.5961134511635673  0.37620754828694053
1.6514710187911987  1.6520211696624756  1.1410467990591653  0.3210223456335412
1.6520211696624756  1.652571678161621  1.1403055386873209  0.3208137992851435
1.652571678161621  1.6531224250793457  1.6818690415892383  0.3858472204503735
1.6531224250793457  1.6536736488342285  2.0341855349580276  0.4241570049051503
1.6536736488342285  1.6542253494262695  1.6789617485182111  0.385180241676907
1.6542253494262695  1.6547772884368896  1.314006576330425  0.34350027305262937
1.6547772884368896  1.6553295850753784  1.6662398855846112  0.38601397279271715
1.6553295850753784  1.6558822393417358  1.41142272778571  0.3528556819464275
1.6558822393417358  1.6564353704452515  1.145792362044574  0.31778562402974697
1.6564353704452515  1.6569887399673462  2.026297697898733  0.4225122771825538
1.6569887399673462  1.6575425863265991  1.2214573209285318  0.3308064593799384
1.6575425863265991  1.6580967903137207  0.868800122936184  0.2798906540217907
1.6580967903137207  1.658651351928711  0.7911946729112609  0.26373155763708694
1.658651351928711  1.6592062711715698  1.0542463640195305  0.30433471102943005
1.6592062711715698  1.6597615480422974  0.26339184330779913  0.15206935163610955
1.6597615480422974  1.6603171825408936  1.1297856635181396  0.31785413539986973
1.6603171825408936  1.6608731746673584  0.789159009087304  0.2630530030291013
1.6608731746673584  1.6614296436309814  1.0404822712686672  0.305046061865602
1.6614296436309814  1.6619863510131836  0.9632884559175598  0.2904423975599412
1.6619863510131836  1.662543535232544  1.2141400755314415  0.32882473476234353
1.662543535232544  1.663101077079773  1.5739309892594335  0.37097909187499883
1.663101077079773  1.6636589765548706  0.9504298091679977  0.29144545826094664
1.6636589765548706  1.664217233657837  1.0479429477922089  0.30251507150160084
1.664217233657837  1.6647758483886719  0.959999378816689  0.28945070350083774
1.6647758483886719  1.665334939956665  1.3951718051203736  0.3487929512800934
1.665334939956665  1.6658943891525269  1.3071374452671303  0.33750143711491365
1.6658943891525269  1.6664540767669678  0.7839483745225103  0.26131612484083677
1.6664540767669678  1.667014241218567  0.8703122693677581  0.27521690467921067
1.667014241218567  1.6675747632980347  1.391611179501181  0.34790279487529524
1.6675747632980347  1.668135643005371  1.0322999452246842  0.3026471874152243
1.668135643005371  1.6686969995498657  1.3895425283530585  0.3473856320882646
1.6686969995498657  1.6692585945129395  1.2153335375212764  0.32481155057575634
1.6692585945129395  1.6698206663131714  1.0408307156969065  0.3004619469442199
1.6698206663131714  1.670383095741272  1.2028170226862986  0.32575812002526355
1.670383095741272  1.6709458827972412  2.079015812120701  0.42437732557280794
1.6709458827972412  1.671509027481079  1.558271641991188  0.367288148327555
1.671509027481079  1.6720726490020752  1.2109636834312043  0.3236436579446676
1.6720726490020752  1.67263662815094  1.0373106794569678  0.29944580000887694
1.67263662815094  1.6732008457183838  1.1232783773266055  0.3115413681593125
1.6732008457183838  1.6737655401229858  1.3706586835097692  0.346663496856189
1.6737655401229858  1.674330711364746  1.20764317554582  0.32275621488343975
1.674330711364746  1.6748961210250854  1.4658055031394606  0.3555100538856256
1.6748961210250854  1.675462007522583  1.7230239535534422  0.3852798687005937
1.675462007522583  1.6760282516479492  1.7006533774864503  0.3874086660467113
1.6760282516479492  1.676594853401184  1.3766791007815173  0.34416977519537933
1.676594853401184  1.6771618127822876  1.9777279044671823  0.4123847751643008
1.6771618127822876  1.6777291297912598  1.0312075697648484  0.2976839839970575
1.6777291297912598  1.6782969236373901  1.202065147021359  0.3212654240525694
1.6782969236373901  1.6788650751113892  1.7055495437031922  0.38492782223035515
1.6788650751113892  1.6794335842132568  1.4578141122647226  0.3535718569049114
1.6794335842132568  1.6800025701522827  1.9600939307389782  0.41201857769648736
1.6800025701522827  1.6805717945098877  1.370336286076346  0.3425840715190865
1.6805717945098877  1.6811414957046509  1.9682096492249255  0.41040008174961595
1.6811414957046509  1.6817115545272827  1.4538510040548853  0.3526106619781519
1.6817115545272827  1.6822820901870728  2.3071276337546083  0.44400692013434917
1.6822820901870728  1.682852864265442  1.110375221363163  0.30796267658688936
1.682852864265442  1.6834241151809692  2.474923273351706  0.45958171420730126
1.6834241151809692  1.6839957237243652  1.961642109206657  0.4090306549909103
1.6839957237243652  1.6845676898956299  2.3013574104104952  0.4428964401340132
1.6845676898956299  1.6851401329040527  1.8736181129258662  0.3994567238526417
1.6851401329040527  1.6857129335403442  1.6917063736294307  0.3818035381373304
1.6857129335403442  1.6862860918045044  2.1264545308647542  0.42529090617295084
1.6862860918045044  1.6868597269058228  2.114182835030956  0.4259864927869887
1.6868597269058228  1.6874336004257202  2.973325869995188  0.5025838019441602
1.6874336004257202  1.6880079507827759  2.281313257144205  0.4420662759016336
1.6880079507827759  1.6885826587677002  3.1386662951480298  0.5159935604117937
1.6885826587677002  1.6891578435897827  2.2675278115423847  0.44242952509359085
1.6891578435897827  1.6897333860397339  2.2765880846977593  0.44115064566985723
1.6897333860397339  1.6903092861175537  2.4549435574211085  0.45587157410088747
1.6903092861175537  1.6908855438232422  2.6226213894607353  0.47103670675597537
1.6908855438232422  1.6914622783660889  2.0287378356804107  0.41411437660794254
1.6914622783660889  1.6920393705368042  2.0274806133075454  0.41385774716571494
1.6920393705368042  1.6926168203353882  2.9549113827739126  0.4994711854994193
1.6926168203353882  1.6931947469711304  2.6150478128410057  0.4696764522397659
1.6931947469711304  1.6937730312347412  2.5291263783296816  0.46175318939750387
1.6937730312347412  1.6943516731262207  2.095889534851455  0.42230057752183553
1.6943516731262207  1.6949307918548584  3.788223156013983  0.5647149660524038
1.6949307918548584  1.6955102682113647  2.2611329506111457  0.43815579454722703
1.6955102682113647  1.6960901021957397  3.0164483740345327  0.5053385968378056
1.6960901021957397  1.6966702938079834  2.8569202800042994  0.48995778588567757
1.6966702938079834  1.6972509622573853  2.6866580849987893  0.474938537658077
1.6972509622573853  1.6978321075439453  1.929451059209419  0.40231835706285424
1.6978321075439453  1.6984134912490845  2.2640789122717977  0.4357221898222258
1.6984134912490845  1.6989953517913818  2.429795600471497  0.4512017157306674
1.6989953517913818  1.6995775699615479  3.0144452239010526  0.5024075373168422
1.6995775699615479  1.700160264968872  2.4056344438305697  0.4524717137745029
1.700160264968872  1.700743317604065  2.8955129812861387  0.4972848708683257
1.700743317604065  1.7013267278671265  2.256214314497253  0.43420864727482533
1.7013267278671265  1.7019106149673462  2.828518869038821  0.48774088608500976
1.7019106149673462  1.7024948596954346  2.983362438089204  0.5023807925464805
1.7024948596954346  1.7030794620513916  2.647965001543955  0.47356111513361804
1.7030794620513916  1.7036645412445068  3.0624325681440707  0.5085372381013735
1.7036645412445068  1.7042499780654907  2.4982268501888183  0.4561117332044983
1.7042499780654907  1.7048357725143433  2.5696390342744038  0.46429101595769506
1.7048357725143433  1.705422043800354  2.2975266050913254  0.44292247134741247
1.705422043800354  1.706008791923523  3.147079309641566  0.5130218568161342
1.706008791923523  1.706595778465271  3.2288554218992074  0.5194956159706688
1.706595778465271  1.7071832418441772  2.821556615824051  0.4838929675133101
1.7071832418441772  1.7077711820602417  2.6431804439984448  0.4699693738502168
1.7077711820602417  1.7083594799041748  2.5484621341835143  0.4632323545158102
1.7083594799041748  1.7089481353759766  2.7330237479556527  0.475758367715376
1.7089481353759766  1.709537148475647  2.400289885833106  0.44572264207273576
1.709537148475647  1.7101267576217651  3.059342945594147  0.5029528820754665
1.7101267576217651  1.7107166051864624  3.28563020423986  0.5243468309072432
1.7107166051864624  1.7113069295883179  2.0646190194664253  0.41292380389328504
1.7113069295883179  1.711897611618042  2.6411123172611717  0.46688710735267275
1.711897611618042  1.7124887704849243  2.5361283791481437  0.4609904556433804
1.7124887704849243  1.7130802869796753  2.956873214692456  0.4953581086294007
1.7130802869796753  1.7136722803115845  1.956089908289222  0.4055127863374324
1.7136722803115845  1.7142646312713623  3.436348907492583  0.5349466515594102
1.7142646312713623  1.7148573398590088  3.1154312876218397  0.5078627472343147
1.7148573398590088  1.7154505252838135  3.040898353880356  0.4999206098764585
1.7154505252838135  1.7160440683364868  2.710518430890744  0.4718406948741769
1.7160440683364868  1.7166380882263184  3.4165507002010576  0.5342234242260356
1.7166380882263184  1.7172324657440186  3.52692912578502  0.5378516493466388
1.7172324657440186  1.717827320098877  3.5139725528928527  0.5381923091544657
1.717827320098877  1.718422532081604  3.1842347481337265  0.5123165257439563
1.718422532081604  1.7190182209014893  3.1099599648358143  0.504502125155442
1.7190182209014893  1.7196142673492432  3.0161929253359756  0.49835126241661537
1.7196142673492432  1.7202106714248657  2.687412689421595  0.47045575382703547
1.7202106714248657  1.7208075523376465  2.777038346870566  0.47625814737479377
1.7208075523376465  1.7214049100875854  1.9586975950951566  0.39981747236663867
1.7214049100875854  1.722002625465393  2.202216365207331  0.42381673708875056
1.722002625465393  1.7226006984710693  2.36392910621913  0.4389706148059373
1.7226006984710693  1.7231992483139038  2.5761949383275793  0.46341165834697284
1.7231992483139038  1.723798155784607  1.6280244242671558  0.36403732816913187
1.723798155784607  1.7243975400924683  3.009449126672365  0.4947503887719287
1.7243975400924683  1.7249974012374878  2.34683758817023  0.438593725013689
1.7249974012374878  1.725597620010376  2.1118079681774873  0.4141596168729899
1.725597620010376  1.7261981964111328  2.51642552533807  0.45196336650622965
1.7261981964111328  1.7267992496490479  2.261072393553489  0.43014326887939464
1.7267992496490479  1.7274006605148315  3.050313815183  0.502134118192502
1.7274006605148315  1.7280025482177734  2.5009321082242857  0.45187681767005616
1.7280025482177734  1.7286049127578735  2.660820440367354  0.4658005415390181
1.7286049127578735  1.7292076349258423  1.5368344486040904  0.35257400286406754
1.7292076349258423  1.7298107147216797  2.4959885776683963  0.45098360395653553
1.7298107147216797  1.7304142713546753  2.8270967288478834  0.477866565782972
1.7304142713546753  1.731018304824829  3.4705483759944955  0.5292536656093034
1.731018304824829  1.7316226959228516  2.581205430380494  0.4562969658643971
1.7316226959228516  1.7322275638580322  2.579170581795251  0.4559372520560688
1.7322275638580322  1.7328327894210815  2.3359921855232173  0.4337828588696843
1.7328327894210815  1.733438491821289  3.219521632559807  0.5090510667536354
1.733438491821289  1.7340445518493652  2.483714833679075  0.4487659426467571
1.7340445518493652  1.7346510887145996  3.456224178687914  0.5270692459988876
1.7346510887145996  1.7352579832077026  2.6508880902386593  0.46146038494962227
1.7352579832077026  1.7358653545379639  3.361288185193214  0.5209536433097276
1.7358653545379639  1.7364732027053833  2.3962044477443634  0.4401988896611721
1.7364732027053833  1.7370814085006714  2.5551089670326004  0.4543098690374891
1.7370814085006714  1.7376900911331177  2.6332012701089385  0.4609655574611552
1.7376900911331177  1.7382991313934326  2.7117019809262377  0.4675973497835933
1.7382991313934326  1.7389086484909058  2.3896433559648953  0.4389935729282841
1.7389086484909058  1.7395185232162476  2.378362176860777  0.43963528314354766
1.7395185232162476  1.7401288747787476  3.105250800279628  0.49960867442179174
1.7401288747787476  1.7407397031784058  2.0751274628754195  0.4069659779382327
1.7407397031784058  1.7413508892059326  3.589465202246134  0.5350858796728258
1.7413508892059326  1.7419625520706177  2.6302224259218505  0.4578629545465848
1.7419625520706177  1.742574691772461  2.5288452517179265  0.45225778161933056
1.742574691772461  1.7431871891021729  2.7759916613328257  0.47172178654487573
1.7431871891021729  1.7438000440597534  3.341044327132503  0.5155343320483885
1.7438000440597534  1.7444134950637817  2.771676089375837  0.4709884452521515
1.7444134950637817  1.7450273036956787  2.4621774707036694  0.4422201282692533
1.7450273036956787  1.7456414699554443  2.937016733095623  0.4828425766198093
1.7456414699554443  1.7462561130523682  2.8358144509455374  0.4775345741408652
1.7462561130523682  1.7468712329864502  3.011718981450496  0.48856533321739215
1.7468712329864502  1.7474867105484009  2.9111793616988373  0.4834206400545305
1.7474867105484009  1.7481026649475098  2.295303333830342  0.4262271287945399
1.7481026649475098  1.7487190961837769  2.214440647945362  0.4184899462554402
1.7487190961837769  1.7493360042572021  2.0546769313572266  0.4029552987353631
1.7493360042572021  1.749953269958496  2.3694075050747943  0.4325926461505004
1.749953269958496  1.7505708932876587  2.831886680429254  0.47441940455878906
1.7505708932876587  1.751189112663269  3.075478148796851  0.49247063803472685
1.751189112663269  1.751807689666748  2.127946204499818  0.4095234379963375
1.751807689666748  1.7524266242980957  2.047949368215263  0.4016359150530631
1.7524266242980957  1.7530461549758911  2.656059233850947  0.46051132212170565
1.7530461549758911  1.7536660432815552  2.2807369857502646  0.42352222586180527
1.7536660432815552  1.754286289215088  2.8296272292009887  0.4716045382001648
1.754286289215088  1.7549071311950684  2.9742558298878237  0.4848489975516537
1.7549071311950684  1.7555283308029175  2.197442446848103  0.41527758819552507
1.7555283308029175  1.7561498880386353  3.049268142967337  0.4906015368315254
1.7561498880386353  1.7567720413208008  2.507513227060568  0.44326990169237274
1.7567720413208008  1.757394552230835  2.5650287443407622  0.45156592501315024
1.757394552230835  1.7580175399780273  2.4258996931980854  0.43570444708350264
1.7580175399780273  1.7586408853530884  2.3462979654383798  0.428373440766359
1.7586408853530884  1.7592648267745972  1.8655880907132312  0.38376719836908235
1.7592648267745972  1.7598891258239746  1.9522614826041125  0.3904522965208225
1.7598891258239746  1.7605137825012207  3.277921543089351  0.5057942750115965
1.7605137825012207  1.7611390352249146  2.4171118773409335  0.4341261087623232
1.7611390352249146  1.761764645576477  2.0847602306958852  0.406768761161695
1.761764645576477  1.7623907327651978  2.803227432127331  0.4672045720212218
1.7623907327651978  1.763017177581787  2.179043309329299  0.41180047803746556
1.763017177581787  1.7636442184448242  2.0992229762641745  0.4039956501450562
1.7636442184448242  1.76427161693573  2.8750731918884003  0.4726591211752342
1.76427161693573  1.764899492263794  2.3293700515050855  0.4252828406621019
1.764899492263794  1.7655277252197266  3.4824748595231796  0.5212808666043689
1.7655277252197266  1.7661564350128174  3.247205783761742  0.503272433193603
1.7661564350128174  1.766785740852356  3.0796170203786377  0.4914696191189694
1.766785740852356  1.7674152851104736  2.855702447771232  0.47183418142076816
1.7674152851104736  1.768045425415039  2.8530012536284293  0.47138787591431647
1.768045425415039  1.7686759233474731  3.5568439832278003  0.524428034624883
1.7686759233474731  1.769307017326355  2.549239000265397  0.4437655496370469
1.769307017326355  1.7699384689331055  2.1617656391401674  0.4085353052835343
1.7699384689331055  1.7705702781677246  3.076951666567473  0.48877006930019634
1.7705702781677246  1.7712026834487915  2.688604176423762  0.45687210919275617
1.7712026834487915  1.771835446357727  2.9857457639794496  0.48267402318210423
1.771835446357727  1.7724686861038208  2.3866249617193516  0.4286504970742442
1.7724686861038208  1.7731024026870728  2.606110876702812  0.4493895523033066
1.7731024026870728  1.773736596107483  2.152419659873208  0.40676908121933864
1.773736596107483  1.7743711471557617  3.1499810539944186  0.4919443910801447
1.7743711471557617  1.7750062942504883  2.9840247930615047  0.48010443187679686
1.7750062942504883  1.7756417989730835  2.9151134766994113  0.4728938509476165
1.7756417989730835  1.776277780532837  2.213549530210422  0.41368390333062477
1.776277780532837  1.776914119720459  3.830645704158013  0.5417351107466497
1.776914119720459  1.7775510549545288  3.128729846188193  0.49084109498680567
1.7775510549545288  1.7781883478164673  2.811526196118799  0.4668725710066482
1.7781883478164673  1.7788262367248535  2.90421789278351  0.4711263538407295
1.7788262367248535  1.7794644832611084  2.969533824697739  0.47777295723563196
1.7794644832611084  1.7801032066345215  2.967316927478853  0.47741627716304097
1.7801032066345215  1.7807422876358032  3.4327901682365094  0.5117301445779849
1.7807422876358032  1.7813819646835327  2.59124692560211  0.4443951814956378
1.7813819646835327  1.7820221185684204  3.883975140441599  0.5438653036020265
1.7820221185684204  1.7826626300811768  3.6534649726491084  0.5273322463584578
1.7826626300811768  1.7833036184310913  3.6413467948325984  0.5276179333636569
1.7833036184310913  1.783945083618164  3.0400277671504146  0.4806705947175658
1.783945083618164  1.784587025642395  2.430215697684142  0.42960549989461344
1.784587025642395  1.7852294445037842  3.02613543009976  0.4806979712917129
1.7852294445037842  1.7858723402023315  2.862855327244022  0.4689752279183649
1.7858723402023315  1.7865155935287476  2.6151609357379044  0.4515318809067015
1.7865155935287476  1.7871594429016113  3.170850454278731  0.49143840264081873
1.7871594429016113  1.7878036499023438  3.0270890849438157  0.47862480943286856
1.7878036499023438  1.788448452949524  3.014946169866446  0.4789205707692809
1.788448452949524  1.7890936136245728  2.493656923023839  0.4340899519176879
1.7890936136245728  1.7897392511367798  3.6906354230411353  0.5292330636170698
1.7897392511367798  1.790385365486145  2.48065049541997  0.43426017276691115
1.790385365486145  1.7910319566726685  3.157404738856826  0.48935450085970905
1.7910319566726685  1.79167902469635  3.145765976663715  0.4897107427411035
1.79167902469635  1.7923264503479004  3.755743175578475  0.5331161715274488
1.7923264503479004  1.7929744720458984  3.526593447468538  0.5164405236050802
1.7929744720458984  1.7936229705810547  2.0297633924907275  0.3906281470152565
1.7936229705810547  1.7942718267440796  3.4376367192420143  0.5109576390777806
1.7942718267440796  1.7949212789535522  3.2278393210653653  0.49224088172583347
1.7949212789535522  1.7955710887908936  3.5076162902605383  0.5156943411125624
1.7955710887908936  1.7962214946746826  2.6798862370005847  0.4512771745363454
1.7962214946746826  1.7968722581863403  3.5959090122813073  0.5190247590555035
1.7968722581863403  1.7975234985351562  4.7161748725393196  0.5941821834395611
1.7975234985351562  1.79817533493042  2.916867168921081  0.467072554654004
1.79817533493042  1.7988275289535522  2.840517262709662  0.46079274710322493
1.7988275289535522  1.7994801998138428  3.501472507842735  0.5127617691903591
1.7994801998138428  1.8001333475112915  1.8660327403536663  0.3732065480707333
1.8001333475112915  1.8007869720458984  2.8250819555089888  0.460531384141713
1.8007869720458984  1.8014410734176638  3.726624160522787  0.5270242429678577
1.8014410734176638  1.8020957708358765  2.6715231047539953  0.44755406682809906
1.8020957708358765  1.802750825881958  3.9352721369780577  0.5424460922942081
1.802750825881958  1.8034063577651978  2.751683980525305  0.4523740597827346
1.8034063577651978  1.8040623664855957  3.269894304295842  0.49295511415770515
1.8040623664855957  1.8047188520431519  2.970472020162771  0.46967286547579834
1.8047188520431519  1.8053758144378662  4.8143417196888665  0.5988517529475674
1.8053758144378662  1.8060332536697388  3.3369334708823075  0.4974406718191437
1.8060332536697388  1.806691288948059  2.5747281836411737  0.43984912193424874
1.806691288948059  1.807349681854248  3.332099962324086  0.49672013490540967
1.807349681854248  1.8080085515975952  3.847639992680893  0.5335716647360326
1.8080085515975952  1.8086678981781006  3.5490991318104603  0.512268334782859
1.8086678981781006  1.8093277215957642  3.3987620284176767  0.5011201219748883
1.8093277215957642  1.8099881410598755  3.617152894119055  0.5167361277312936
1.8099881410598755  1.8106489181518555  3.0158404416712092  0.47313079027864013
1.8106489181518555  1.8113102912902832  3.243372090219902  0.48895673994409716
1.8113102912902832  1.8119720220565796  2.9378209030458664  0.46666931495064684
1.8119720220565796  1.8126343488693237  2.50263336983098  0.4291980820564421
1.8126343488693237  1.8132970333099365  3.227861625168419  0.48867410289671803
1.8132970333099365  1.8139603137969968  2.783954773914625  0.45382702718365525
1.8139603137969968  1.8146240711212158  3.5717295773575044  0.5160791901713572
1.8146240711212158  1.8152881860733032  2.6979750573417878  0.448016651337559
1.8152881860733032  1.8159528970718384  3.795698542878361  0.5301383952151745
1.8159528970718384  1.8166180849075317  2.565159630494056  0.4335911151539762
1.8166180849075317  1.8172837495803833  3.3598857888723246  0.4973896212853367
1.8172837495803833  1.817949891090393  3.3665260965089185  0.496367193115785
1.817949891090393  1.8186166286468506  3.135119441969486  0.48016799976413077
1.8186166286468506  1.8192837238311768  3.069390437060078  0.4736172267799795
1.8192837238311768  1.8199512958526611  3.71542873606118  0.5221595424045331
1.8199512958526611  1.8206194639205933  3.1374252669338287  0.4784528677327994
1.8206194639205933  1.8212881088256836  2.989365154289943  0.4668604018041737
1.8212881088256836  1.8219572305679321  2.9143754525274153  0.4608032193435278
1.8219572305679321  1.8226267099380493  3.204100490836898  0.4830363235772528
1.8226267099380493  1.8232969045639038  3.127938210808273  0.477006105236987
1.8232969045639038  1.823967456817627  3.5355360509747977  0.510849587711125
1.823967456817627  1.8246384859085083  3.8505713226013865  0.5289166483971758
1.8246384859085083  1.8253101110458374  3.5568028103336116  0.508114687190516
1.8253101110458374  1.8259820938110352  4.271434948545306  0.5578442164729481
1.8259820938110352  1.8266546726226807  4.131638588519468  0.5472488998192583
1.8266546726226807  1.8273277282714844  3.187075514796319  0.48046971186855314
1.8273277282714844  1.8280012607574463  2.8773979204564295  0.45919789722637866
1.8280012607574463  1.8286752700805664  3.092355404440495  0.47566774082149266
1.8286752700805664  1.8293498754501343  3.3965554979091266  0.4954385388246417
1.8293498754501343  1.8300248384475708  2.1579382689947915  0.3964277884815112
1.8300248384475708  1.830700397491455  3.752586243082282  0.5203900813474592
1.830700397491455  1.8313764333724976  2.9477699820461143  0.4624517669748726
1.8313764333724976  1.8320529460906982  2.6663454112614366  0.4383444854176666
1.8320529460906982  1.8327300548553467  3.0959979966838223  0.47213526824689095
1.8327300548553467  1.8334075212478638  3.813983103101039  0.5238908699327297
1.8334075212478638  1.8340855836868286  4.0263265086235815  0.538040511519827
1.8340855836868286  1.8347641229629517  3.5924080760357477  0.5080432222708391
1.8347641229629517  1.835443139076233  3.2849467455818613  0.4882623647296979
1.835443139076233  1.836122751235962  3.156328425984918  0.47583441382386443
1.836122751235962  1.8368027210235596  3.217503946298589  0.48161819197142774
1.8368027210235596  1.837483286857605  3.438442336318735  0.4962964021166568
1.837483286857605  1.8381643295288086  3.7939551855283047  0.5211398238802211
1.8381643295288086  1.83884596824646  3.8621590958900165  0.5255732827988527
1.83884596824646  1.83952796459198  3.288262161736032  0.4848278054764913
1.83952796459198  1.8402105569839478  4.20504345179006  0.5491735676315069
1.8402105569839478  1.840893626213074  3.1227115518458377  0.474754163019783
1.840893626213074  1.841577172279358  3.2094851921733354  0.47844180416523696
1.841577172279358  1.8422613143920898  2.057725517280467  0.38456240185901436
1.8422613143920898  1.8429459333419798  2.1987125569264343  0.39727077353593127
1.8429459333419798  1.8436310291290285  1.992495665654784  0.37654628712119
1.8436310291290285  1.8443166017532349  2.204443018024222  0.3959296540530555
1.8443166017532349  1.8450027704238892  2.531430459841281  0.42848548241322126
1.8450027704238892  1.8456894159317017  1.703998897399623  0.34782731840785175
1.8456894159317017  1.8463765382766726  1.5609150205182343  0.3327882005447199
1.8463765382766726  1.8470642566680908  2.1888032959661112  0.39548033496565266
1.8470642566680908  1.8477524518966675  1.84184187073855  0.3612149092249271
1.8477524518966675  1.8484411239624023  1.9821486222131672  0.3745908797103828
1.8484411239624023  1.8491302728652954  1.5563248881283531  0.3318095810310302
1.8491302728652954  1.8498200178146362  1.908384523876522  0.36726877285914195
1.8498200178146362  1.8505102396011353  2.260226516758049  0.3995553742543166
1.8505102396011353  1.8512009382247925  1.8970257633622334  0.3676001583179273
1.8512009382247925  1.8518922328948975  1.9746288309235154  0.3731697727344165
1.8518922328948975  1.8525840044021606  2.6692959438317745  0.43513589165070005
1.8525840044021606  1.8532763719558716  2.1036925755937514  0.3864624893908947
1.8532763719558716  1.8539690971374514  1.8297974737171296  0.3588528086310163
1.8539690971374514  1.8546624183654785  2.039173371029088  0.3786649887348853
1.8546624183654785  1.8553563356399536  1.6072029430367878  0.3378396618012943
1.8553563356399536  1.856050729751587  2.1062303967858003  0.3845432998742131
1.856050729751587  1.8567456007003784  1.7453161437929254  0.35166357922302105
1.8567456007003784  1.8574409484863281  2.524010024607019  0.42066833743450316
1.8574409484863281  1.8581368923187256  2.9334983390817784  0.4546520747966875
1.8581368923187256  1.8588333129882812  2.021445865058644  0.37778220203164725
1.8588333129882812  1.8595303297042844  2.5879100750664397  0.4254497955782538
1.8595303297042844  1.8602278232574463  2.7871891698517204  0.44274164540936867
1.8602278232574463  1.8609259128570557  2.007981755711036  0.37767789223527504
1.8609259128570557  1.8616243600845337  1.6054060272479806  0.33475029709530885
1.8616243600845337  1.862323522567749  1.73460320582591  0.34950503039914577
1.862323522567749  1.863023042678833  2.5700348716223376  0.4246346816774159
1.863023042678833  1.8637231588363647  1.601579076050727  0.3339523226087885
1.8637231588363647  1.8644238710403442  1.8785152866875734  0.36152043548196583
1.8644238710403442  1.865125060081482  2.502983759526138  0.417163959921023
1.865125060081482  1.8658267259597778  1.4504941999091614  0.31933330409477906
1.8658267259597778  1.8665289878845215  2.9071063153215797  0.45056167249415413
1.8665289878845215  1.8672317266464233  1.994697398039665  0.3751792598693419
1.8672317266464233  1.8679349422454834  2.3571166304087003  0.40424216713097005
1.8679349422454834  1.8686388731002808  1.7314129355457644  0.3462825871091529
1.8686388731002808  1.8693431615829468  2.076640497846528  0.37914094816643384
1.8693431615829468  1.8700480461120605  2.697349852809144  0.4319216520967518
1.8700480461120605  1.8707534074783325  2.83375851789966  0.44255872802427076
1.8707534074783325  1.8714593648910522  2.6847153153380106  0.4319480602903704
1.8714593648910522  1.8721659183502197  1.5179878822794008  0.3236361039211043
1.8721659183502197  1.8728729486465454  2.4133520044101897  0.40793094293697313
1.8728729486465454  1.8735804557800293  2.067193270644867  0.37741612835169186
1.8735804557800293  1.874288558959961  2.06545320896924  0.37709843800796145
1.874288558959961  1.8749971389770508  2.53717439883578  0.4192053014944611
1.8749971389770508  1.8757063150405884  1.9163434204566634  0.36456250826860104
1.8757063150405884  1.8764159679412842  2.335735092017625  0.40057526354873046
1.8764159679412842  1.8771262168884277  1.8879976941272851  0.36640355042668554
1.8771262168884277  1.8778369426727295  2.3923255880456322  0.40652575298013616
1.8778369426727295  1.878548264503479  2.8100132646911833  0.4388503425037054
1.878548264503479  1.8792600631713867  2.739639828343055  0.43317509130383886
1.8792600631713867  1.8799724578857422  2.121444410417201  0.3810226640659948
1.8799724578857422  1.8806854486465452  1.76088646636338  0.3503064747394959
1.8806854486465452  1.8813989162445068  2.0499234855928936  0.3742631114062814
1.8813989162445068  1.8821128606796265  1.7754137785562945  0.3481872885215402
1.8821128606796265  1.8828274011611936  3.1982919553628513  0.46836347786421223
1.8828274011611936  1.883542537689209  2.104885183267294  0.38031772835729366
1.883542537689209  1.8842581510543823  2.512237985453919  0.41508517609246653
1.8842581510543823  1.8849743604660034  2.5445642531858654  0.42300489170691924
1.8849743604660034  1.8856910467147825  2.925028047433393  0.44606259541636256
1.8856910467147825  1.8864083290100098  2.0306209870441627  0.3730387466148615
1.8864083290100098  1.887126088142395  2.2414335272222243  0.3901834943993566
1.887126088142395  1.887844443321228  2.375305466006776  0.4014999041751057
1.887844443321228  1.8885633945465088  2.093716832104861  0.3782997931381385
1.8885633945465088  1.8892828226089478  2.0839537087316726  0.3787989510415118
1.8892828226089478  1.8900028467178345  2.9373345108271756  0.45227080341023107
1.8900028467178345  1.8907233476638794  2.3005676708770553  0.39454410058001194
1.8907233476638794  1.891444444656372  2.0958425849980484  0.3764244404791511
1.891444444656372  1.8921661376953127  2.9722874721728583  0.4480891961032404
1.8921661376953127  1.8928883075714111  1.8226993818344261  0.35077865958462345
1.8928883075714111  1.8936110734939575  1.6862928227606364  0.33725856455212727
1.8936110734939575  1.8943344354629514  2.8306375882981993  0.4367768624030289
1.8943344354629514  1.895058274269104  2.273310250052559  0.3941497597275643
1.895058274269104  1.895782709121704  1.9432757517973671  0.36317321445925344
1.895782709121704  1.8965076208114626  2.2110057038599114  0.38705642762636694
1.8965076208114626  1.8972331285476685  3.6203220716524944  0.4943584056259515
1.8972331285476685  1.8979592323303223  2.215674153243312  0.3856993629582214
1.8979592323303223  1.8986858129501345  2.080024905110635  0.37358350130560947
1.8986858129501345  1.8994129896163938  1.868906066935025  0.35553809208052983
1.8994129896163938  1.9001407623291016  2.210593164193431  0.3848148762944816
1.9001407623291016  1.9008691310882568  2.54344843605312  0.41260181986935246
1.9008691310882568  1.9015979766845705  1.8563594089081548  0.3555025743328418
1.9015979766845705  1.9023274183273315  3.0075483072269207  0.44833883070492114
1.9023274183273315  1.903057336807251  1.461141367963618  0.314155123081709
1.903057336807251  1.9037878513336182  2.1355599758533135  0.37751723513911445
1.9037878513336182  1.904518961906433  1.7337278851742455  0.3400120122216703
1.904518961906433  1.9052506685256958  2.198708254709191  0.3827459791102194
1.9052506685256958  1.9059828519821167  1.4566213930382992  0.31318329837663694
1.9059828519821167  1.9067156314849854  1.4636593750235902  0.3120532272556345
1.9067156314849854  1.9074490070343018  1.8613251935184438  0.3517573979334983
1.9074490070343018  1.908182978630066  1.386650781332682  0.3052778671271511
1.908182978630066  1.9089174270629883  1.725848582985497  0.33846675392882714
1.9089174270629883  1.9096524715423584  1.3846268019243144  0.304832278284442
1.9096524715423584  1.9103881120681763  2.054408004643201  0.36898257016016606
1.9103881120681763  1.9111242294311523  1.9786633974167624  0.36349378759227796
1.9111242294311523  1.9118609428405764  2.183765577249344  0.38014479284430724
1.9118609428405764  1.912598371505737  2.1155369434266063  0.37397762963690373
1.912598371505737  1.9133361577987669  2.577060862766274  0.41265999819810845
1.9133361577987669  1.9140746593475342  2.3105069795242175  0.3905469608649652
1.9140746593475342  1.9148136377334595  2.2267365443335008  0.38607474448564355
1.9148136377334595  1.915553331375122  1.8372807426747286  0.3495217343577611
1.915553331375122  1.9162935018539429  3.013537874510273  0.4479211514737252
1.9162935018539429  1.9170341491699219  1.9088737044747106  0.35446894808971313
1.9170341491699219  1.9177755117416384  2.030423896835606  0.36686381289844505
1.9177755117416384  1.9185173511505127  1.9715237122418379  0.3599493366170595
1.9185173511505127  1.919259786605835  1.830495666072044  0.34823095081726196
1.919259786605835  1.920002818107605  2.4276448273557922  0.39910235115438114
1.920002818107605  1.9207464456558228  1.7045452259976992  0.3342888218909112
1.9207464456558228  1.9214906692504883  2.030714687914976  0.36472712485317715
1.9214906692504883  1.9222354888916016  2.7490891302477913  0.4241936621416078
1.9222354888916016  1.922980785369873  2.281357190647482  0.38766899220530576
1.922980785369873  1.9237266778945923  2.875855578798149  0.43355154118744627
1.9237266778945923  1.9244731664657593  1.8124850568616921  0.34710040553683436
1.9244731664657593  1.925220251083374  2.283962141081352  0.3860600642347515
1.925220251083374  1.9259679317474367  1.760509064914904  0.33881012751313205
1.9259679317474367  1.9267162084579468  2.4677273159248663  0.4022771354547972
1.9267162084579468  1.9274649620056152  2.278871316375869  0.3851995578027682
1.9274649620056152  1.928214430809021  2.138559835402615  0.3743741269916746
1.928214430809021  1.928964376449585  1.6821503000389242  0.3322594494918209
1.928964376449585  1.9297149181365967  2.26541377953114  0.38495974257744153
1.9297149181365967  1.930466055870056  2.3285200589284725  0.39009156245354915
1.930466055870056  1.9312177896499634  1.9455743833291566  0.3552116590178607
1.9312177896499634  1.9319701194763184  1.9440329680363313  0.3549302363757394
1.9319701194763184  1.932723045349121  1.6834947941376897  0.3301604925515364
1.932723045349121  1.9334765672683716  1.8682624179200442  0.3491541883038891
1.9334765672683716  1.93423068523407  2.262660565626402  0.3824594408091171
1.93423068523407  1.9349853992462158  2.051116785274897  0.3668209933053145
1.9349853992462158  1.93574059009552  2.4531128562406566  0.39794745373350326
1.93574059009552  1.9364964962005615  1.483373902167784  0.309304840038072
1.9364964962005615  1.9372528791427612  1.5468926160790906  0.3157581330227307
1.9372528791427612  1.9380099773406982  2.4469327577207625  0.3969449093688779
1.9380099773406982  1.9387675523757935  2.3007803790834287  0.3874379644799844
1.9387675523757935  1.939525842666626  1.5271093357277592  0.3165817476735873
1.939525842666626  1.9402846097946167  2.6985559914828277  0.4163962295460747
1.9402846097946167  1.941043972969055  1.4766207085790688  0.30789670183390705
1.941043972969055  1.941804051399231  1.988355049662718  0.3571191092311355
1.941804051399231  1.942564606666565  2.051208704079797  0.3626058960709237
1.942564606666565  1.9433257579803467  2.241752660635369  0.37892535983699094
1.9433257579803467  1.9440876245498657  2.3676279469423642  0.38923563679318685
1.9440876245498657  1.944849967956543  2.102443422232406  0.3680516241433398
1.944849967956543  1.945612907409668  1.9808987182270619  0.35577991257162267
1.945612907409668  1.9463765621185303  1.9711530150522039  0.356154550798644
1.9463765621185303  1.9471406936645508  2.041608663343074  0.3609088325947727
1.9471406936645508  1.9479055404663086  1.4660339640969324  0.3056892130114424
1.9479055404663086  1.9486708641052246  1.8394527638119316  0.34377003493284786
1.9486708641052246  1.949436902999878  2.72871506986233  0.4179239997947064
1.949436902999878  1.9502034187316895  1.7808511027255778  0.3365492242747871
1.9502034187316895  1.9509706497192383  2.9707918580189863  0.43676970997585113
1.9509706497192383  1.9517384767532349  1.9682893644858246  0.3535152057845653
1.9517384767532349  1.9525068998336792  2.5933607769443863  0.40685137612697836
1.9525068998336792  1.9532759189605713  2.0920277890877403  0.3641752937185749
1.9532759189605713  1.9540455341339111  2.6605187245644673  0.4105269518371694
1.9540455341339111  1.9548157453536987  2.3185069590190874  0.38694294174897986
1.9548157453536987  1.955586552619934  2.9015778294251566  0.42954278460521506
1.955586552619934  1.9563579559326172  1.7617566076799087  0.3351541279075734
1.9563579559326172  1.957129955291748  1.7050513982627482  0.3281372945897152
1.957129955291748  1.9579026699066162  2.1848124022632684  0.3752268286666124
1.9579026699066162  1.9586758613586428  1.946840304412703  0.3517616485376901
1.9586758613586428  1.959449768066406  2.3937877301745965  0.3883236474743053
1.959449768066406  1.9602242708206177  1.88837803005599  0.3447690813862781
1.9602242708206177  1.960999369621277  2.012720936946379  0.35580215578773156
1.960999369621277  1.9617750644683838  2.191954073448923  0.3724768002563801
1.9617750644683838  1.962551474571228  3.1240435443479075  0.44509771731060405
1.962551474571228  1.9633283615112305  2.0630851135762223  0.36116159834228306
1.9633283615112305  1.9641059637069702  2.758581688876287  0.41587183707034364
1.9641059637069702  1.9648840427398682  2.318294807554566  0.3811253186372388
1.9648840427398682  1.9656628370285034  2.5510880125447324  0.40203612812007516
1.9656628370285034  1.9664422273635864  2.7522527311930283  0.4149177107999161
1.9664422273635864  1.9672223329544067  3.3746677430163685  0.4592341123233251
1.9672223329544067  1.9680029153823853  2.373315507679377  0.3850026144474257
1.9680029153823853  1.968784213066101  1.9967518358298906  0.3529791908655009
1.968784213066101  1.9695661067962646  2.6033263792240655  0.40526755779824813
1.9695661067962646  1.970348596572876  2.172919737344311  0.369242312502677
1.970348596572876  1.971131682395935  2.8015204889505143  0.4176260169101199
1.971131682395935  1.9719154834747314  2.666878028735412  0.4084531745522104
1.9719154834747314  1.9726998805999754  3.4728266867520707  0.46561546913615237
1.9726998805999754  1.9734848737716675  1.669152205454468  0.32344348022679853
1.9734848737716675  1.9742704629898074  2.296132049909617  0.37748178372451513
1.9742704629898074  1.9750567674636843  2.658387361876188  0.4071527626865955
1.9750567674636843  1.9758435487747192  1.9208714843419352  0.3449987030998527
1.9758435487747192  1.9766310453414917  2.723921943163793  0.41064668380409497
1.9766310453414917  1.9774192571640017  2.3503433067574386  0.38127603136736743
1.9774192571640017  1.9782079458236694  2.3412824005532267  0.38166468852021207
1.9782079458236694  1.9789973497390747  2.0997630629388286  0.36010639442850984
1.9789973497390747  1.9797873497009275  3.0779298606567727  0.43690265996173056
1.9797873497009275  1.980578064918518  2.2195915081454256  0.3699319180242376
1.980578064918518  1.9813693761825562  2.0330929899676127  0.35391606203352316
1.9813693761825562  1.982161283493042  3.06290766285382  0.43638739016166855
1.982161283493042  1.9829537868499756  2.5145613068868107  0.394489165239847
1.9829537868499756  1.9837470054626465  2.881058307850762  0.4219072266782711
1.9837470054626465  1.9845408201217651  2.6332366780200234  0.4033007392522577
1.9845408201217651  1.9853352308273315  2.9994720064812115  0.43012098927821885
1.9853352308273315  1.9861303567886353  2.000604875669968  0.3541913399529177
1.9861303567886353  1.9869260787963867  3.1170638085307285  0.43806643257908395
1.9869260787963867  1.987722396850586  2.74740157330646  0.41125002500075203
1.987722396850586  1.9885194301605225  2.6837694846412274  0.4063026230934574
1.9885194301605225  1.989317059516907  2.3150387628234155  0.3773865758852652
1.989317059516907  1.990115284919739  2.1300844020203193  0.3619633421845238
1.990115284919739  1.990914225578308  2.257760401210513  0.3711735235371455
1.990914225578308  1.9917138814926147  2.172169607460706  0.3676747818679937
1.9917138814926147  1.9925140142440796  2.1859363664040474  0.3662048472912822
1.9925140142440796  1.9933148622512817  2.731861046395825  0.40892381170065845
1.9933148622512817  1.9941164255142212  3.033527838573275  0.4305999297390801
1.9941164255142212  1.9949184656143188  2.4163641870658186  0.38562249098231854
1.9949184656143188  1.9957213401794434  3.2182429064473954  0.4420596605534823
1.9957213401794434  1.996524691581726  2.1239932835965027  0.35902039212927545
1.996524691581726  1.9973287582397459  3.1453462798108784  0.43773954284472477
1.9973287582397459  1.9981335401535036  2.9077273438057802  0.41969429116907564
1.9981335401535036  1.9989389181137085  2.7090137548051243  0.4071802658953001
1.9989389181137085  1.9997448921203613  2.593510285303259  0.39721633230007153
1.9997448921203613  2.000551700592041  2.4170197126235786  0.382164372070807
2.000551700592041  2.001358985900879  2.1136430505252264  0.3572708834257512
2.001358985900879  2.002166986465454  1.810090301162184  0.33047576302261594
2.002166986465454  2.0029754638671875  1.9675662814389099  0.3483421169988147
2.0029754638671875  2.0037848949432373  2.4091884263676553  0.3809261369919325
2.0037848949432373  2.0045948028564453  3.122661268371875  0.43458245753412617
2.0045948028564453  2.0054054260253906  2.9394825663515864  0.42151856949265437
2.0054054260253906  2.006216526031494  2.9377544754836555  0.421270763161383
2.006216526031494  2.007028579711914  3.174445154535295  0.43757211937120877
2.007028579711914  2.007841110229492  2.5725826054776015  0.3940110948768755
2.007841110229492  2.0086543560028076  2.3978876304656085  0.3791393242707742
2.0086543560028076  2.0094680786132812  1.07101225527946  0.25505653033809567
2.0094680786132812  2.0102827548980713  2.034625549133878  0.34893540297126024
2.0102827548980713  2.0110979080200195  1.9138215168220392  0.33831904313139705
2.0110979080200195  2.011913776397705  2.210916161441942  0.3634723779581031
2.011913776397705  2.012730360031128  1.970170987942338  0.34296274741292365
2.012730360031128  2.013547420501709  2.864030828427729  0.41338724244003405
2.013547420501709  2.0143654346466064  2.6149348257521488  0.39588157067951846
2.0143654346466064  2.015183925628662  2.7773770486427938  0.4099510939998637
2.015183925628662  2.016003131866455  2.01601941509781  0.3476360390052937
2.016003131866455  2.0168228149414062  2.357003005868245  0.37790121503403956
2.0168228149414062  2.017643451690674  2.732735012680395  0.40291979592257504
2.017643451690674  2.0184645652770996  1.9593018680901588  0.34107067650675477
2.0184645652770996  2.0192863941192627  2.6621181476192564  0.3984842133746771
2.0192863941192627  2.020108938217163  1.9558943865804368  0.34047751011282995
2.020108938217163  2.020932197570801  3.0201196791444227  0.42290134380869987
2.020932197570801  2.0217559337615967  3.314290185390873  0.442890655502862
2.0217559337615967  2.022580623626709  2.1872665812241476  0.35958441092010085
2.022580623626709  2.0234057903289795  1.6987490842883306  0.3195148420875138
2.0234057903289795  2.0242316722869873  2.7598176094414253  0.40575199962537206
2.0242316722869873  2.0250582695007324  2.359156246760366  0.37301535479884934
2.0250582695007324  2.0258853435516357  2.2915658831697456  0.36869363116742193
2.0258853435516357  2.0267133712768555  2.7010656845757364  0.39985943640329985
2.0267133712768555  2.0275418758392334  2.8833132422186423  0.41190189174552033
2.0275418758392334  2.0283710956573486  2.8220338266307734  0.4073254973668767
2.0283710956573486  2.029201030731201  2.1589225861032895  0.35850341347336134
2.029201030731201  2.030031681060791  1.9368070131178263  0.33715482488210774
2.030031681060791  2.030863046646118  2.22109612303639  0.36207249487367543
2.030863046646118  2.0316948890686035  2.21257936082359  0.3624510467417228
2.0316948890686035  2.0325276851654053  2.2758207983727017  0.3661603797651837
2.0325276851654053  2.0333609580993652  1.8649736694993317  0.3316007084162045
2.0333609580993652  2.0341949462890625  2.0242930233662815  0.3476587054626903
2.0341949462890625  2.035029649734497  2.270620408087931  0.36532368081113586
2.035029649734497  2.035865068435669  1.6339715454516934  0.308791597044361
2.035865068435669  2.036701202392578  1.8585922369261947  0.33046606099647413
2.036701202392578  2.0375380516052246  2.0389730396234804  0.34464934794290414
2.0375380516052246  2.0383753776550293  2.147062162112739  0.35474890547879795
2.0383753776550293  2.0392136573791504  2.0354935634466487  0.34406120912388893
2.0392136573791504  2.0400524139404297  2.3830797541802573  0.3721745300909054
2.0400524139404297  2.0408918857574463  2.2068261778308096  0.3579944787562828
2.0408918857574463  2.0417320728302  2.495072165318404  0.38049493808773277
2.0417320728302  2.0425729751586914  2.5437599623350216  0.38510622880675577
2.0425729751586914  2.04341459274292  1.6798629356800816  0.31194271593220785
2.04341459274292  2.0442569255828857  3.0531806977732314  0.4223332446733218
2.0442569255828857  2.045099973678589  2.25529265832303  0.36113584966743406
2.045099973678589  2.0459437370300293  1.4444749059618167  0.28889498119236334
2.0459437370300293  2.046787977218628  2.2449709259293558  0.3611968953741279
2.046787977218628  2.047633171081543  2.1847566095988418  0.35614860074034027
2.047633171081543  2.048478841781616  2.075352477238898  0.3458920795398163
2.048478841781616  2.049325466156006  2.3033496782647678  0.36419156155663496
2.049325466156006  2.0501725673675537  2.474707095576148  0.377389294067315
2.0501725673675537  2.051020383834839  2.18510544773405  0.3544709110519887
2.051020383834839  2.0518689155578613  2.291071063895421  0.36393388132776633
2.0518689155578613  2.0527184009552  2.123422706835343  0.34908854262493094
2.0527184009552  2.0535683631896973  1.6060129860484524  0.30350792595888937
2.0535683631896973  2.0544190406799316  1.5331868961171533  0.29914832659425106
2.0544190406799316  2.0552704334259033  1.646421333162115  0.3096726038826338
2.0552704334259033  2.0561225414276123  2.5173794567067738  0.37950923240204976
2.0561225414276123  2.0569753646850586  2.000781484226563  0.33819379683522327
2.0569753646850586  2.057828903198242  2.106279975793279  0.34801065811216153
2.057828903198242  2.058682918548584  2.269304613425297  0.3621535621620658
2.058682918548584  2.059537887573242  1.9957600025316278  0.33734501151132007
2.059537887573242  2.0603935718536377  2.100998136901627  0.3471379649043016
2.0603935718536377  2.0612499713897705  1.7576846066849137  0.3175843614164969
2.0612499713897705  2.0621070861816406  2.3320374339933645  0.36420305893179555
2.0621070861816406  2.062964916229248  2.2094057945291405  0.3554747655697017
2.062964916229248  2.0638232231140137  2.151378383618859  0.35070744156236283
2.0638232231140137  2.0646824836730957  1.702107666658891  0.31076092144385287
2.0646824836730957  2.065542459487915  2.147203266156888  0.3500268338299158
2.065542459487915  2.0664031505584717  1.8622057735701163  0.3259958637668502
2.0664031505584717  2.0672645568847656  2.1506324307064157  0.34887864923910095
2.0672645568847656  2.0681264400482178  1.8666211988112054  0.32493704284626923
2.0681264400482178  2.0689892768859863  1.6880694223609436  0.3101097179306876
2.0689892768859863  2.069852828979492  2.03237858552357  0.33872976425392837
2.069852828979492  2.0707170963287354  1.353797744692666  0.27634280745230705
2.0707170963287354  2.071582078933716  1.733277374889146  0.3150567350517535
2.071582078933716  2.0724477767944336  1.8583959332697626  0.32350520790120174
2.0724477767944336  2.0733141899108887  2.1312499122256177  0.3474261941729517
2.0733141899108887  2.074181318283081  1.574219492786014  0.2974995204958594
2.074181318283081  2.0750491619110107  1.9099767860962806  0.3275583164705484
2.0750491619110107  2.0759177207946777  2.687279950015767  0.38937711058144153
2.0759177207946777  2.076786994934082  1.6194852912332145  0.3026609468278776
2.076786994934082  2.0776569843292236  2.171600235023694  0.35105970335031644
2.0776569843292236  2.0785279273986816  1.4975118656846436  0.2921875798763449
2.0785279273986816  2.079399347305298  1.056045060179686  0.24465153706547996
2.079399347305298  2.0802714824676514  1.7328802346436842  0.31123447791940745
2.0802714824676514  2.0811445713043213  2.0591158692899887  0.34021795631937146
2.0811445713043213  2.0820181369781494  1.7231449528417604  0.31134362068997185
2.0820181369781494  2.082892656326294  1.8885067367164872  0.3256481543135739
2.082892656326294  2.083767890930176  1.768676160115984  0.3163094127778892
2.083767890930176  2.084643840789795  1.3357421950220236  0.27265723380909446
2.084643840789795  2.0855202674865723  1.8287711758944827  0.3201428368330601
2.0855202674865723  2.086397647857666  1.8336509874191593  0.319197665730778
2.086397647857666  2.087275743484497  1.8252953686093185  0.31953436551678777
2.087275743484497  2.0881547927856445  2.0520084362501563  0.3373481088615755
2.0881547927856445  2.08903431892395  1.0531627774657468  0.24161211147746348
2.08903431892395  2.089914560317993  1.2116154653360283  0.2605053925554312
2.089914560317993  2.0907957553863525  1.3762781117652816  0.2773061422201014
2.0907957553863525  2.09167742729187  1.6588415442505795  0.3028616443709155
2.09167742729187  2.092560052871704  1.864335472491001  0.32324113196468185
2.092560052871704  2.0934433937072754  1.158995201470189  0.25291348765846355
2.0934433937072754  2.094327449798584  1.54407667078283  0.2918030625791372
2.094327449798584  2.09521222114563  1.4326263971670234  0.28096115210933764
2.09521222114563  2.096097707748413  1.5415822012015976  0.29133165213878315
2.096097707748413  2.0969841480255127  1.7531153778644872  0.3117118009453025
2.0969841480255127  2.0978710651397705  1.7589666037673528  0.3109443033511416
2.0978710651397705  2.0987589359283447  1.5374426141951487  0.29054934372809904
2.0987589359283447  2.0996475219726562  1.6872364679629253  0.30668790844318805
2.0996475219726562  2.100536823272705  1.2540922696269627  0.26361456720446835
2.100536823272705  2.101426839828491  1.4721895624056764  0.2852766296938214
2.101426839828491  2.1023175716400146  1.6967012575820655  0.30473654181723564
2.1023175716400146  2.1032092571258545  1.7495603652445326  0.3092814995899055
2.1032092571258545  2.1041016578674316  1.8027880399953267  0.3138251161873533
2.1041016578674316  2.104994773864746  1.344414927617647  0.2749474826232657
2.104994773864746  2.105888605117798  1.363562734648938  0.27271254692978764
2.105888605117798  2.106783151626587  1.7984636550379816  0.3130723373905286
2.106783151626587  2.1076784133911133  1.4635642174328602  0.28360523532544213
2.1076784133911133  2.108574628829956  1.4687300951249742  0.2826572385957695
2.108574628829956  2.109471559524536  1.25014273174454  0.26067277919742354
2.109471559524536  2.1103692054748535  1.615896533442196  0.2986951007386972
2.1103692054748535  2.111267566680908  1.8450943475027766  0.3164310700511667
2.111267566680908  2.1121666431427  1.6267292576607377  0.2969987697914732
2.1121666431427  2.1130666732788086  1.1916707520887428  0.25406505800534906
2.1130666732788086  2.1139674186706543  1.7319628814225918  0.3061706745543268
2.1139674186706543  2.1148688793182373  1.6157427240212257  0.296822816501232
2.1148688793182373  2.1157710552215576  1.999406740077782  0.328700443280293
2.1157710552215576  2.1166741847991943  1.4508140539758156  0.28113454557735884
2.1166741847991943  2.1175777912139893  1.6185741505642857  0.2955098577529408
2.1175777912139893  2.1184823513031006  1.448519672235211  0.28068994692858074
2.1184823513031006  2.1193878650665283  1.7700270780906056  0.3098591543439519
2.1193878650665283  2.1202938556671143  1.7757462193953966  0.30911773944454296
2.1202938556671143  2.1212007999420166  1.1692985033928045  0.25354067304136
2.1212007999420166  2.1221084594726562  1.1816540817270829  0.2519294967087451
2.1221084594726562  2.123016834259033  1.3954006718863057  0.2736605867395675
2.123016834259033  2.1239261627197266  1.8228409809623656  0.31261464917482856
2.1239261627197266  2.1248362064361572  1.4999833102600821  0.2834702006925441
2.1248362064361572  2.125746965408325  1.2846902681965744  0.2622363028834066
2.125746965408325  2.1266584396362305  2.132859512530422  0.33880216679192265
2.1266584396362305  2.127570867538452  1.228909578474774  0.25624536068479414
2.127570867538452  2.128483772277832  1.4286787269119883  0.27875717662269206
2.128483772277832  2.1293978691101074  1.4399990682250334  0.2771279498908445
2.1293978691101074  2.130312442779541  1.5925764440887005  0.2925670149090611
2.130312442779541  2.131227970123291  1.4909990352246703  0.2817723323029794
2.131227970123291  2.1321442127227783  1.2106404825902117  0.2565460976063308
2.1321442127227783  2.133061170578003  1.169671630040303  0.24937482942542713
2.133061170578003  2.133979082107544  1.9651311959621627  0.32306557853834517
2.133979082107544  2.1348977088928223  1.69169036462501  0.300790157257886
2.1348977088928223  2.135817050933838  1.3722001475032248  0.27103788858312305
2.135817050933838  2.13673734664917  1.7945706503305892  0.3094501114047122
2.13673734664917  2.1376583576202393  1.157981956515821  0.24897383104184623
2.1376583576202393  2.138580083847046  1.4280797795071856  0.27483408170757834
2.138580083847046  2.139502763748169  1.6777287296604075  0.30004440679783756
2.139502763748169  2.1404261589050293  1.5838874336789681  0.2891769586583129
2.1404261589050293  2.141350269317627  1.6354168984330748  0.29372954598276385
2.141350269317627  2.142275333404541  1.5810299048037741  0.28865524765042416
2.142275333404541  2.1432011127471924  1.5732998299058085  0.28902577110253885
2.1432011127471924  2.144127607345581  1.841686919474631  0.3113019071743679
2.144127607345581  2.145055055618286  1.15644141108869  0.24655413726740172
2.145055055618286  2.1459832191467285  1.5232253179940118  0.2828558405447454
2.1459832191467285  2.1469123363494873  1.46270554378967  0.27826306924427857
2.1469123363494873  2.1478421688079834  1.5729220591381134  0.28717496432913986
2.1478421688079834  2.148772716522217  1.4669321791603211  0.2772241240183041
2.148772716522217  2.1497042179107666  1.1449409516305649  0.24616992815834454
2.1497042179107666  2.1506364345550537  1.510138969779105  0.282225527400113
2.1506364345550537  2.151569366455078  1.2999549964437722  0.2619278051739062
2.151569366455078  2.152503252029419  1.6118465936206814  0.2912338591289397
2.152503252029419  2.153437852859497  1.6692234096975898  0.2950797980781241
2.153437852859497  2.1543734073638916  1.5568611721519507  0.28600587899876617
2.1543734073638916  2.1553096771240234  1.770388464830777  0.30361911687109655
2.1553096771240234  2.1562466621398926  1.3527930177829066  0.2653045382895043
2.1562466621398926  2.157184600830078  1.1954847373723843  0.24927579952737858
2.157184600830078  2.158123254776001  1.4542637275241894  0.27483001169505733
2.158123254776001  2.1590628623962402  1.446374905899098  0.27515635139430444
2.1590628623962402  2.160003185272217  1.4452747221471465  0.27494705396677327
2.160003185272217  2.1609444618225098  1.288430572716434  0.25960575016349924
2.1609444618225098  2.16188645362854  1.6043725381742844  0.2881538142822558
2.16188645362854  2.1628291606903076  1.3962965168373238  0.2687173899548553
2.1628291606903076  2.1637728214263916  1.4465478259885631  0.2733718433662053
2.1637728214263916  2.164717435836792  1.225888753730979  0.25413635751535707
2.164717435836792  2.1656625270843506  1.7990722951473332  0.3057147501598854
2.1656625270843506  2.1666088104248047  1.4876904438992944  0.2780301869827265
2.1666088104248047  2.167555809020996  1.2355279014377931  0.2522010767911916
2.167555809020996  2.168503522872925  1.491802808289481  0.2770208269787908
2.168503522872925  2.169451951980591  2.0497541267983417  0.3256009762809252
2.169451951980591  2.1704015731811523  1.379784995345315  0.2673707403080681
2.1704015731811523  2.171351671218872  1.1801849327033775  0.24608556972163298
2.171351671218872  2.1723029613494873  1.3324502656357955  0.26131499636033884
2.1723029613494873  2.1732547283172607  1.2805602936369913  0.2561120587273983
2.1732547283172607  2.1742074489593506  1.7398186940416571  0.29837644443263167
2.1742074489593506  2.175161123275757  1.0223993384397738  0.2286154420902148
2.175161123275757  2.1761155128479004  1.685694637447541  0.29344177114395786
2.1761155128479004  2.1770708560943604  1.6840118876222878  0.2931488419988179
2.1770708560943604  2.1780269145965576  1.5807670569393013  0.28391414469555926
2.1780269145965576  2.1789839267730713  1.4263667900505066  0.2695579860596514
2.1789839267730713  2.1799416542053223  1.4253015422610738  0.2693566731499728
2.1799416542053223  2.1809003353118896  1.0616275628780556  0.23372243570030704
2.1809003353118896  2.1818597316741943  1.2195618351170263  0.24894201715074876
2.1818597316741943  2.1828200817108154  1.1613118584182152  0.24411180130900373
2.1828200817108154  2.183781385421753  1.4707133340651508  0.2731046099307276
2.183781385421753  2.1847434043884277  1.3682667726331543  0.2633230631676574
2.1847434043884277  2.18570613861084  1.5698058192983155  0.28194544829846274
2.18570613861084  2.1866698265075684  1.6188411098502107  0.28617338160966016
2.1866698265075684  2.1876344680786133  1.3077616828404437  0.2583099600535152
2.1876344680786133  2.1885998249053955  1.3635357934242476  0.26241258579439314
2.1885998249053955  2.189566135406494  1.3117386034756535  0.25725310522520406
2.189566135406494  2.190533399581909  1.1088383261363086  0.236405125454817
2.190533399581909  2.1915013790130615  1.2087479863327375  0.24673464951098845
2.1915013790130615  2.192470073699951  1.4091647293287555  0.26630710215196673
2.192470073699951  2.1934397220611572  1.2569453386277032  0.25138906772554065
2.1934397220611572  2.1944103240966797  1.205481902360824  0.2460679629119659
2.1944103240966797  2.1953818798065186  1.9068061281330753  0.30932479992659434
2.1953818798065186  2.1963541507720947  1.6546924064988984  0.2880449754510209
2.1963541507720947  2.197327136993408  0.9018960103854903  0.21257892828955766
2.197327136993408  2.198301076889038  1.4516318636354195  0.26956126982636325
2.198301076889038  2.1992759704589844  1.0939800190806106  0.23521298833813942
2.1992759704589844  2.200251817703247  0.992994029475863  0.22411018821767317
2.200251817703247  2.201228380203247  1.5290667785604086  0.27961039369282065
2.201228380203247  2.2022058963775635  0.9974627692095355  0.22303945569777056
2.2022058963775635  2.203184127807617  1.146243469856924  0.23900828548396472
2.203184127807617  2.2041633129119873  1.089185365965575  0.23418210599334113
2.2041633129119873  2.205143451690674  1.1440128817375235  0.23854317570924527
2.205143451690674  2.2061243057250977  1.2922889061465297  0.25343870575540883
2.2061243057250977  2.207106113433838  1.0924130862396806  0.23290325254254313
2.207106113433838  2.2080888748168945  1.3767323418325952  0.263651472522035
2.2080888748168945  2.2090723514556885  1.084432557095907  0.23316022043991563
2.2090723514556885  2.210056781768799  1.3371170810304622  0.2573283022236613
2.210056781768799  2.2110421657562256  1.1256935336545326  0.23854504067290813
2.2110421657562256  2.2120282649993896  1.3287436258366514  0.2574800915490898
2.2120282649993896  2.21301531791687  1.086607992544687  0.2316656024082591
2.21301531791687  2.214003324508667  1.2274912888717378  0.2473270998179283
2.214003324508667  2.214992046356201  1.627160750832531  0.2832523293680403
2.214992046356201  2.215981960296631  0.9357219378784056  0.21466933507715866
2.215981960296631  2.216972589492798  1.230324113645937  0.24606482272918742
2.216972589492798  2.217963933944702  1.1741808642127287  0.24153890286962204
2.217963933944702  2.218956232070923  1.074791998563339  0.2310874361640202
2.218956232070923  2.219949722290039  0.9323536083684043  0.21389658729070382
2.219949722290039  2.2209436893463135  1.2752402398385279  0.25009518720982293
2.2209436893463135  2.2219388484954834  1.1696799313360149  0.2406130230311185
2.2219388484954834  2.2229347229003906  1.1748903099140326  0.23982348025248099
2.2229347229003906  2.2239315509796143  1.4122562477484573  0.2639325070878836
2.2239315509796143  2.2249293327331543  1.068885136922489  0.229817421580562
2.2249293327331543  2.2259278297424316  0.9276784828250095  0.21282403993322893
2.2259278297424316  2.2269275188446045  1.0668457662820454  0.22937894331377345
2.2269275188446045  2.2279279232025146  1.2489652494145995  0.25025145846873564
2.2279279232025146  2.228929281234741  0.9250279728740811  0.21221597124770544
2.228929281234741  2.229931354522705  0.6324621175216302  0.17541343034713608
2.229931354522705  2.2309346199035645  0.9172634731361103  0.21250032508895658
2.2309346199035645  2.231938600540161  1.0622855136596097  0.22839845863563335
2.231938600540161  2.232943534851074  1.194822851448566  0.24435427518546934
2.232943534851074  2.2339491844177246  0.5272654702354468  0.16168382463978545
2.2339491844177246  2.2349560260772705  1.0592669424628502  0.22774944572925693
2.2349560260772705  2.2359635829925537  1.0161091390078205  0.2217331925637973
2.2359635829925537  2.2369723320007324  1.2989089190405083  0.2516988084724735
2.2369723320007324  2.2379817962646484  0.9175997841452859  0.21051182787915984
2.2379817962646484  2.2389919757843018  0.7662037035385623  0.19378628565114084
2.2389919757843018  2.2400033473968506  0.5123668484734414  0.16254557224818605
2.2400033473968506  2.241015672683716  0.7705317670766076  0.1926329417691519
2.241015672683716  2.2420287132263184  1.058733134651684  0.22572266273715996
2.2420287132263184  2.2430427074432373  1.1841472651906195  0.2421710016239721
2.2430427074432373  2.2440576553344727  0.7205069333613628  0.1860340902490357
2.2440576553344727  2.2450735569000244  0.8158079677763979  0.19786249537426923
2.2450735569000244  2.2460904121398926  0.9109302429240658  0.20898173018531366
2.2460904121398926  2.247107982635498  0.9581999423053176  0.21426002070310665
2.247107982635498  2.248126745223999  0.9033102492292892  0.20926781370801062
2.248126745223999  2.2491462230682373  0.9026764955464809  0.2091209934458207
2.2491462230682373  2.250166654586792  0.7166350503082527  0.18503437434349182
2.250166654586792  2.251188039779663  0.996452948256924  0.21937392949368226
2.251188039779663  2.2522103786468506  0.8583576535408549  0.20231683916737053
2.2522103786468506  2.2532336711883545  0.5717051286708894  0.1650370549676138
2.2532336711883545  2.254257917404175  0.6663682838992938  0.17809441512597626
2.254257917404175  2.2552831172943115  0.7074244707453333  0.18493096095740394
2.2552831172943115  2.2563090324401855  1.2355279014377931  0.24230695688537116
2.2563090324401855  2.257336139678955  0.5637153252416596  0.16526868811381504
2.257336139678955  2.258363962173462  1.09093875129273  0.22747645449796042
2.258363962173462  2.2593929767608643  0.6632803863835418  0.17726913980101808
2.2593929767608643  2.260422706604004  0.5207868822800422  0.15702315311471704
2.260422706604004  2.26145339012146  0.8514081930102211  0.20067883561177072
2.26145339012146  2.2624850273132324  1.0869047739364361  0.22663531207319326
2.2624850273132324  2.2635178565979004  1.038448081517776  0.22139787487769916
2.2635178565979004  2.2645514011383057  0.7017128544878739  0.18343786208000853
2.2645514011383057  2.2655858993530273  0.795318036317318  0.195010674939875
2.2655858993530273  2.2666213512420654  1.2712310448019293  0.24464852863953435
2.2666213512420654  2.26765775680542  0.7526289125850647  0.18815722814626618
2.26765775680542  2.268695116043091  0.41715606023378654  0.14195296994765852
2.268695116043091  2.269733428955078  0.6926871258531678  0.18334003774024277
2.269733428955078  2.270772695541382  0.7036471702957838  0.181680918144103
2.270772695541382  2.271812915802002  0.9784103667963927  0.21540176803826144
2.271812915802002  2.2728540897369385  0.8370425526147921  0.19933774628896733
2.2728540897369385  2.2738962173461914  1.0759636140066253  0.22435392252132402
2.2738962173461914  2.2749392986297607  0.9815033649021828  0.21418159354848168
2.2749392986297607  2.2759833335876465  1.0215310111944773  0.21963596924289838
2.2759833335876465  2.2770283222198486  0.5598353667021349  0.1616105498336752
2.2770283222198486  2.278074264526367  0.8389873759706372  0.19775122095958167
2.278074264526367  2.279121160507202  0.9256034075711016  0.20890070607491149
2.279121160507202  2.2801690101623535  1.023562477618886  0.21822425346307
2.2801690101623535  2.2812178134918213  0.8309535865580354  0.1978876876662697
2.2812178134918213  2.2822675704956055  1.2074668543917384  0.23680373279076813
2.2822675704956055  2.283318281173706  0.5103876888058776  0.15388767830779734
2.283318281173706  2.284370183944702  0.9097413826872012  0.20917941793009742
2.284370183944702  2.2854228019714355  0.8799813105483898  0.20188155815183756
2.2854228019714355  2.2864763736724854  0.9254576496399852  0.20693862148921907
2.2864763736724854  2.2875311374664307  0.8781911134880516  0.20147085877946716
2.2875311374664307  2.2885866165161133  0.5947516351545118  0.16732754970621105
2.2885866165161133  2.2896432876586914  0.5997830054023944  0.1663498753946329
2.2896432876586914  2.290700912475586  1.0027077337480228  0.21741855731499857
2.290700912475586  2.291759490966797  0.7715342721771297  0.19126115396509155
2.291759490966797  2.292819023132324  0.5521508578432621  0.15939222320454507
2.292819023132324  2.293879508972168  0.5516543193020362  0.15924888487432518
2.293879508972168  2.294940948486328  0.7348782306844736  0.1837195576711184
2.294940948486328  2.2960033416748047  0.6367696042452826  0.1724558808661573
2.2960033416748047  2.2970669269561768  0.916744531217013  0.20499030898024193
2.2970669269561768  2.298131227493286  0.7787091735428384  0.1888647161267386
2.298131227493286  2.299196720123291  0.9608586308899194  0.20967654324784232
2.299196720123291  2.3002631664276123  0.8228566104143049  0.193949163056044
2.3002631664276123  2.30133056640625  0.5937543622835407  0.1646778306341329
2.30133056640625  2.302398920059204  0.9126528350276937  0.20407537789798244
2.302398920059204  2.3034684658050537  1.139544514533854  0.2279089029067708
2.3034684658050537  2.3045387268066406  1.2242556552596102  0.23723271522544784
2.3045387268066406  2.305610179901123  0.8190114860665745  0.1930428585557821
2.305610179901123  2.306682586669922  0.5455221014351839  0.15747866605624686
2.306682586669922  2.307755947113037  0.9083956805328953  0.20312344921387365
2.307755947113037  2.3088302612304688  1.123269221031978  0.22801630351549998
2.3088302612304688  2.309905767440796  1.042570817296156  0.2173910430815135
2.309905767440796  2.3109819889068604  0.8550830073010085  0.19809511917907163
2.3109819889068604  2.3120594024658203  1.0407251508791677  0.21700619503003038
2.3120594024658203  2.3131377696990967  0.6329246402014961  0.16915622537722622
2.3131377696990967  2.3142170906066895  0.7622895868303166  0.18691215342701958
2.3142170906066895  2.3152976036071777  0.8572633464411166  0.1966696997441224
2.3152976036071777  2.3163790702819824  0.8960151152214962  0.2022228836805415
2.3163790702819824  2.3174614906311035  0.8501860561578749  0.19696065373883903
2.3174614906311035  2.318544864654541  0.7649995049945491  0.18553963309633828
2.318544864654541  2.319629192352295  0.8992078614246031  0.20106899040476234
2.319629192352295  2.3207147121429443  1.3473305580141979  0.24598777968013302
2.3207147121429443  2.32180118560791  0.6730739555232218  0.17378694803382597
2.32180118560791  2.3228886127471924  0.8966448922953507  0.20049589308503818
2.3228886127471924  2.32397723197937  0.49261466153471356  0.14852890895805143
2.32397723197937  2.3250668048858643  0.6264153495911087  0.1674165442847252
2.3250668048858643  2.326157331466675  0.8493916672652253  0.1948638126891917
2.326157331466675  2.3272488117218018  0.9379810444401594  0.2046842445990842
2.3272488117218018  2.328341484069824  0.7975921508332529  0.1899428186873054
2.328341484069824  2.329435110092163  0.713250028996572  0.178312507249143
2.329435110092163  2.3305296897888184  0.7962023148047914  0.18961183577519505
2.3305296897888184  2.331625461578369  0.5783808267936057  0.16041397905766167
2.331625461578369  2.3327221870422363  0.9779471932902184  0.20849904216743317
2.3327221870422363  2.33381986618042  1.1048488056221721  0.22261587785523346
2.33381986618042  2.334918737411499  0.8429415244242007  0.19338404843574808
2.334918737411499  2.3360185623168945  0.7978837239070422  0.18806299725768152
2.3360185623168945  2.3371193408966064  0.9743463480907525  0.2077313393914214
2.3371193408966064  2.338221311569214  0.5751272782222874  0.15951160704219236
2.338221311569214  2.3393242359161377  0.7072368964563934  0.17680922411409836
2.3393242359161377  2.340428352355957  0.6955586915954439  0.1779774243332047
2.340428352355957  2.3415331840515137  0.6177639507188966  0.16510436067785803
2.3415331840515137  2.342639207839966  0.7879639636276778  0.18764991119722366
2.342639207839966  2.3437464237213135  0.30821685482680516  0.11649502110717491
2.3437464237213135  2.3448545932769775  0.48392395537166577  0.1459085624575006
2.3448545932769775  2.345963716506958  1.1374040775521141  0.22466081220475548
2.345963716506958  2.347074031829834  1.0922748338167234  0.22008234950515243
2.347074031829834  2.3481853008270264  0.5648928317590698  0.15892706769993487
2.3481853008270264  2.3492977619171143  1.0517609996808646  0.21468981504813825
2.3492977619171143  2.3504111766815186  0.8319309392015289  0.19085804694654449
2.3504111766815186  2.3515255451202393  0.6070700377657208  0.16441236738117176
2.3515255451202393  2.3526411056518555  0.6064213200506473  0.1642366756015381
2.3526411056518555  2.353757619857788  0.6986286318614726  0.17465715796536815
2.353757619857788  2.354875326156616  0.6978835074674223  0.17447087686685558
2.354875326156616  2.3559939861297607  1.0023522925880135  0.20900490096775518
2.3559939861297607  2.357113838195801  0.7400804238227019  0.1794958681689932
2.357113838195801  2.3582346439361572  1.0439304030016836  0.21309140119434442
2.3582346439361572  2.359356641769409  0.9559194834541022  0.20380271865069968
2.359356641769409  2.3604795932769775  0.732671965940731  0.17964996147858123
2.3604795932769775  2.3616034984588623  0.5205257556757439  0.15026284257976205
2.3616034984588623  2.3627285957336426  0.8232925378408859  0.18887626175892408
2.3627285957336426  2.3638548851013184  0.6925651742183058  0.17314129355457644
2.3638548851013184  2.3649821281433105  0.9893748235424221  0.20797003715580947
2.3649821281433105  2.366110324859619  1.118174930002628  0.220862658152266
2.366110324859619  2.3672397136688232  0.7231606857645039  0.17926947933396797
2.3672397136688232  2.368370294570923  0.388089162630028  0.12936305421000932
2.368370294570923  2.369501829147339  0.7701990786491356  0.18341928740916993
2.369501829147339  2.3706345558166504  0.602550651995657  0.16103843556750033
2.3706345558166504  2.3717682361602783  1.1180812954546424  0.21927378243485848
2.3717682361602783  2.3729031085968018  0.42957955396629155  0.13584498267727005
2.3729031085968018  2.3740389347076416  0.8584377316874675  0.19195251225039026
2.3740389347076416  2.375175952911377  0.9861683700614299  0.2056303198449795
2.375175952911377  2.376314163208008  1.1511695928907393  0.22307030972916533
2.376314163208008  2.377453327178955  1.4122720037050036  0.24584499997682363
2.377453327178955  2.3785934448242188  0.9407271202708082  0.2005636959368868
2.3785934448242188  2.379734754562378  0.9824601957014748  0.204857112041092
2.379734754562378  2.3808772563934326  1.0241061820765682  0.20904479904311626
2.3808772563934326  2.382020950317383  0.9377855095132384  0.19993654241613354
2.382020950317383  2.3831655979156494  1.0221863829433273  0.20865292168602648
2.3831655979156494  2.3843111991882324  0.8032975431751826  0.18609809947436615
2.3843111991882324  2.38545823097229  1.3175796920238199  0.2366442985302832
2.38545823097229  2.386605978012085  1.1416044113960098  0.22121679656149468
2.386605978012085  2.3877551555633545  0.6787713450222564  0.1696928362555641
2.3877551555633545  2.3889052867889404  1.186864903661429  0.22429638392276963
2.3889052867889404  2.390056610107422  1.0533700354285527  0.2122434254805332
2.390056610107422  2.3912088871002197  0.8884910451990586  0.19388464137691033
2.3912088871002197  2.392362594604492  0.7976533777550635  0.18479052861631107
2.392362594604492  2.393517017364502  1.0557613986366934  0.21115227972733866
2.393517017364502  2.3946728706359863  1.1283850753601492  0.22016527006771613
2.3946728706359863  2.395829677581787  0.7585815371770788  0.17879938300694248
2.395829677581787  2.3969876766204834  1.3051010702751897  0.23440307190224263
2.3969876766204834  2.398146629333496  1.4302233082473692  0.2452812738022621
2.398146629333496  2.3993070125579834  1.0923518717663498  0.2142278273017777
2.3993070125579834  2.400468349456787  0.9183502972737869  0.19745142872400984
2.400468349456787  2.4016306400299072  0.9595413673248351  0.2016989406508035
2.4016306400299072  2.402794361114502  1.0473256898584038  0.2094651379716808
2.402794361114502  2.403959035873413  0.9575771065933617  0.20128604619706594
2.403959035873413  2.4051249027252197  1.0872140204267533  0.2132202117541415
2.4051249027252197  2.4062917232513428  1.0445436641190986  0.20890873282381972
2.4062917232513428  2.4074599742889404  0.9598034605761142  0.2001328561919811
2.4074599742889404  2.4086291790008545  1.0007171338725356  0.2042705295706797
2.4086291790008545  2.409799575805664  0.9477472753298398  0.20083655593830296
2.409799575805664  2.41097092628479  0.8324032879623642  0.18613103365781786
2.41097092628479  2.4121437072753906  1.0392349445413436  0.20784698890826872
2.4121437072753906  2.4133174419403076  0.7891768202460168  0.18104957937037636
2.4133174419403076  2.41449236869812  1.0737020634684324  0.21207834788484628
2.41449236869812  2.415668487548828  1.1191884102117937  0.21538790996989615
2.415668487548828  2.4168457984924316  0.7402520913869578  0.17628755326932372
2.4168457984924316  2.4180240631103516  1.1120363489397793  0.21548718305281975
2.4180240631103516  2.419203519821167  1.0282441684019568  0.2071808169891843
2.419203519821167  2.420384407043457  0.9031464361034961  0.1941824973379067
2.420384407043457  2.4215660095214844  1.4440668622030703  0.2440918505406767
2.4215660095214844  2.4227490425109863  0.9066015899103192  0.19328810841801544
2.4227490425109863  2.423933267593384  0.9468566452230642  0.19743325857473473
2.423933267593384  2.4251184463500977  0.8226910790100774  0.18395931771491839
2.4251184463500977  2.426305055618286  1.3558038243324306  0.23601515167556023
2.426305055618286  2.427492618560791  1.1494551887698723  0.21722661233556328
2.427492618560791  2.4286813735961914  1.5584105439515206  0.2528075731449803
2.4286813735961914  2.4298713207244873  1.1471521328917518  0.216791375684921
2.4298713207244873  2.4310624599456787  0.8135157251090287  0.18360348286127628
2.4310624599456787  2.4322547912597656  1.226633879351858  0.22395168184036104
2.4322547912597656  2.433448314666748  1.470490458802711  0.24508174313378517
2.433448314666748  2.434642791748047  1.2959700965640273  0.23177082920312
2.434642791748047  2.4358386993408203  1.0191380965308752  0.20382761930617502
2.4358386993408203  2.43703556060791  0.8553938688141534  0.18666224537342777
2.43703556060791  2.4382338523864746  1.0527663686375717  0.20794311547483538
2.4382338523864746  2.4394330978393555  1.2195618351170265  0.22266050912199714
2.4394330978393555  2.440633535385132  0.9340689090015809  0.19476683124939573
2.440633535385132  2.4418351650238037  1.2932704315278103  0.22994930077671322
2.4418351650238037  2.44303822517395  0.6078474069201986  0.15694552560248612
2.44303822517395  2.444242238998413  0.9717855098041414  0.19836488653754714
2.444242238998413  2.4454474449157715  0.6472161984188479  0.16180404960471198
2.4454474449157715  2.4466538429260254  1.0861034854664804  0.21046198787490816
2.4466538429260254  2.447861433029175  0.8881652693257659  0.18935747166242697
2.447861433029175  2.449070453643799  1.1190871057057696  0.21431105693863703
2.449070453643799  2.4502804279327393  0.679977331937112  0.16672932385499853
2.4502804279327393  2.451491594314575  0.9610716601174263  0.1977005429393481
2.451491594314575  2.4527039527893066  1.0053090840115768  0.20106181680231539
2.4527039527893066  2.4539175033569336  1.0797020896778764  0.20922154393851383
2.4539175033569336  2.455132484436035  1.0784308548784125  0.208975207740784
2.455132484436035  2.456348419189453  1.0825404759950545  0.20833501174147012
2.456348419189453  2.4575655460357666  0.5207126895089935  0.14441971552380276
2.4575655460357666  2.4587841033935547  1.3503756445239063  0.23413004706187673
2.4587841033935547  2.460003614425659  0.8794833018836764  0.1875064699843974
2.460003614425659  2.4612245559692383  0.9183825340408044  0.19149599596576983
2.4612245559692383  2.462446689605713  1.5557383612622386  0.24911751159267395
2.462446689605713  2.463669776916504  0.9964905832746334  0.19929811665492667
2.463669776916504  2.4648942947387695  1.074952575462379  0.20687471960309534
2.4648942947387695  2.4661200046539307  0.9545840934664295  0.1948536621308331
2.4661200046539307  2.4673469066619873  1.0728636664544848  0.20647270887708855
2.4673469066619873  2.4685752391815186  0.9128565521783694  0.19034374909563417
2.4685752391815186  2.469804525375366  0.9914656113651802  0.19829312227303605
2.469804525375366  2.4710350036621094  0.8320242630201607  0.1815625793014159
2.4710350036621094  2.472266912460327  1.068503276093435  0.20563355136084724
2.472266912460327  2.4735000133514404  1.1021197803844442  0.2096657348888155
2.4735000133514404  2.474734306335449  1.259046354046777  0.22386410583632116
2.474734306335449  2.4759697914123535  0.6659368891510695  0.16328663036744837
2.4759697914123535  2.4772064685821533  1.3354622537644254  0.2302829053445516
2.4772064685821533  2.4784445762634277  1.1419056735895796  0.2120465602235112
2.4784445762634277  2.4796836376190186  1.1016810266043358  0.20819814432238612
2.4796836376190186  2.480924129486084  0.7860075636669412  0.17575663431882746
2.480924129486084  2.482165813446045  0.9423035377325104  0.19234690418867378
2.482165813446045  2.4834089279174805  0.8235667858548236  0.1797170064776769
2.4834089279174805  2.4846529960632324  1.136434680519488  0.2110306223151962
2.4846529960632324  2.485898494720459  1.095987039675102  0.2071220819378715
2.485898494720459  2.487145185470581  1.12921081886332  0.2110349612037563
2.487145185470581  2.4883930683135986  1.1720282825064277  0.2139821094542693
2.4883930683135986  2.489642381668091  0.7804575102593693  0.17451560464901894
2.489642381668091  2.4908926486968994  0.6628828662652997  0.16077271029553036
2.4908926486968994  2.4921443462371826  1.20740493301459  0.21685632766270332
2.4921443462371826  2.4933974742889404  1.0456019095244273  0.20261370978824872
2.4933974742889404  2.4946515560150146  1.0107369885716395  0.19822183183987682
2.4946515560150146  2.4959070682525635  0.7377739244343222  0.16925694630466442
2.4959070682525635  2.497163772583008  1.4741481639427585  0.23913841011209858
2.497163772583008  2.4984219074249268  0.7266575523673233  0.16999930241640887
2.4984219074249268  2.499681234359741  0.9630298941848695  0.19404079925132428
2.499681234359741  2.500941753387451  1.1989551538351801  0.21533870252112589
2.500941753387451  2.5022034645080566  1.077128402144434  0.20491140983464734
2.5022034645080566  2.5034666061401367  0.6947220872750445  0.1637475663174188
2.5034666061401367  2.5047309398651123  0.8097449031580332  0.17670082439649396
2.5047309398651123  2.5059967041015625  0.6932826555628528  0.16340828900917023
2.5059967041015625  2.507263660430908  0.6156714119321183  0.15391785298302957
2.507263660430908  2.5085318088531494  0.9947741622057596  0.19648845617155905
2.5085318088531494  2.5098013877868652  1.497599030954035  0.23980776796695716
2.5098013877868652  2.5110721588134766  1.0694490626919972  0.20345050297278683
2.5110721588134766  2.5123441219329834  1.2264959261508064  0.21681589661972756
2.5123441219329834  2.513617515563965  0.9141067278405779  0.18803946042536765
2.513617515563965  2.514892101287842  1.0279991837748579  0.19920270457295836
2.514892101287842  2.5161681175231934  1.06977509253788  0.20216848954473854
2.5161681175231934  2.5174453258514404  0.8015824568689659  0.1749196325881291
2.5174453258514404  2.518723964691162  0.9913251090596353  0.19441484905421444
2.518723964691162  2.5200037956237793  0.9904017436450863  0.19423376219779284
2.5200037956237793  2.521284818649292  1.2131179927229043  0.2156978365744714
2.521284818649292  2.5225672721862793  1.0644053346835345  0.20115370069593616
2.5225672721862793  2.523851156234741  1.058526184614363  0.201372549831932
2.523851156234741  2.5251362323760986  0.7208010178239592  0.1653630944787315
2.5251362323760986  2.5264225006103516  0.9854451454841193  0.19326169332303095
2.5264225006103516  2.5277101993560787  0.9086311469195717  0.18547355619606712
2.5277101993560787  2.528999090194702  0.8699661407364667  0.181400480085159
2.528999090194702  2.5302894115448  0.7178709323856505  0.16469088677759847
2.5302894115448  2.531581163406372  0.9435209841636893  0.18870419683273787
2.531581163406372  2.53287410736084  0.9002847194166561  0.18519615676413215
2.53287410736084  2.534168243408203  1.238497207551238  0.2168100715177467
2.534168243408203  2.535463809967041  1.1195897034247089  0.2069538193377245
2.535463809967041  2.5367608070373535  0.6389995865248586  0.15498016411576493
2.5367608070373535  2.5380589962005615  0.8215398159817477  0.17663653063629972
2.5380589962005615  2.539358615875244  0.9378089693999025  0.1875617938799805
2.539358615875244  2.5406594276428223  0.7495596322872242  0.16760662909839794
2.5406594276428223  2.541961669921875  1.2728516113860238  0.21829225044906558
2.541961669921875  2.543265342712403  1.346246385655425  0.2243743976092375
2.543265342712403  2.544570207595825  1.0788677821740014  0.20162649591354231
2.544570207595825  2.5458765029907227  0.9657243600606745  0.19075051987160477
2.5458765029907227  2.5471839904785156  0.7457325590370341  0.16675086950416834
2.5471839904785156  2.548492908477783  1.0755270258353915  0.20100215157275803
2.548492908477783  2.5498032569885254  0.8185147542094259  0.17450793194508601
2.5498032569885254  2.551115036010742  0.6317989368766322  0.15323375005266468
2.551115036010742  2.5524280071258545  1.1139270075610392  0.2033743164851363
2.5524280071258545  2.5537421703338623  0.9645276777733715  0.18915944039872135
2.5537421703338623  2.555058002471924  1.0236669545061732  0.19734487353565633
2.555058002471924  2.556375026702881  1.0318905691796425  0.19630542737960785
2.556375026702881  2.5576932430267334  1.3683767597132077  0.22495975354903755
2.5576932430267334  2.5590131282806396  1.0711553762555432  0.19890855983394035
2.5590131282806396  2.5603342056274414  1.365413301652107  0.22447256404487073
2.5603342056274414  2.5616567134857178  1.2902100899726727  0.2180853094068133
2.5616567134857178  2.5629806518554688  0.952854991675209  0.1882085536424496
2.5629806518554688  2.5643057823181152  1.287656597531201  0.21765369040654794
2.5643057823181152  2.5656323432922363  1.1025154620126965  0.20129086284752795
2.5656323432922363  2.566960334777832  1.3950152553217738  0.2263013572173917
2.566960334777832  2.5682897567749023  1.1734856108347476  0.20744490826152198
2.5682897567749023  2.569620370864868  1.2000161353652985  0.2112593854523088
2.569620370864868  2.5709524154663086  1.7431922813099452  0.25454434819537003
2.5709524154663086  2.5722861289978027  0.9093178228610085  0.18321835925017785
2.5722861289978027  2.5736207962036133  1.1323465341776702  0.20337544126995222
2.5736207962036133  2.5749571323394775  1.1674140528125874  0.20637159829906274
2.5749571323394775  2.5762946605682373  1.2028227511056164  0.20938456504264946
2.5762946605682373  2.577633857727051  0.8736900168258706  0.17834122788225265
2.577633857727051  2.5789742469787598  1.1638839854170318  0.205747564650702
2.5789742469787598  2.5803160667419434  1.3308345293374488  0.22210717365317686
2.5803160667419434  2.5816593170166016  0.9073476556973499  0.18146953113946998
2.5816593170166016  2.5830037593841553  0.7614962265378702  0.16617209997776333
2.5830037593841553  2.5843498706817627  1.1544603214488423  0.20526823873797992
2.5843498706817627  2.5856974124908447  1.0808781386277875  0.19856459115200964
2.5856974124908447  2.5870461463928223  1.2200406433024016  0.2115323794472781
2.5870461463928223  2.5883963108062744  1.0609274368826953  0.19979850926820245
2.5883963108062744  2.589747905731201  1.0415670086146234  0.1946554616571603
2.589747905731201  2.591101169586181  1.5851152533955182  0.2389651156810026
2.591101169586181  2.5924556255340576  1.259777392901966  0.21294124472437895
2.5924556255340576  2.593811511993408  1.1146256195404602  0.20019267104434546
2.593811511993408  2.5951688289642334  1.2482434194360863  0.21324145029659697
2.5951688289642334  2.596527338027954  0.8971563166372182  0.17943126332744364
2.596527338027954  2.5978875160217285  0.8602132908871016  0.17559030271947645
2.5978875160217285  2.5992491245269775  1.0697116511161362  0.19651323221697747
2.5992491245269775  2.600612163543701  1.2430032861377716  0.21234626142006763
2.600612163543701  2.6019766330718994  1.2103866346804253  0.20871525948317124
2.6019766330718994  2.6033425331115723  1.3875793417203437  0.22324981785997328
2.6033425331115723  2.6047098636627197  1.0339871251875654  0.1920065888824226
2.6047098636627197  2.606078624725342  1.3846789842737934  0.22278317479877838
2.606078624725342  2.6074488162994385  0.9606675530841794  0.18488055679163
2.6074488162994385  2.6088204383850098  0.8885792964016808  0.17771585928033615
2.6088204383850098  2.6101934909820557  1.3847395103021767  0.221735781285648
2.6101934909820557  2.611567974090576  1.0286064463054099  0.1910074218977786
2.611567974090576  2.6129438877105713  1.20031930519426  0.2069792808910395
2.6129438877105713  2.614321231842041  1.0972608444394318  0.19707386536769822
2.614321231842041  2.6157000064849854  1.480698884969689  0.22948805227935862
2.6157000064849854  2.6170804500579834  1.1301132583790245  0.1997776871271583
2.6170804500579834  2.618462324142456  0.9834650628275267  0.18709302637076497
2.618462324142456  2.6198453903198247  0.6697323713273389  0.15364714346493302
2.6198453903198247  2.621230125427246  0.9857844860992715  0.18629575689459152
2.621230125427246  2.6226162910461426  1.3364697234506848  0.21680401783640726
2.6226162910461426  2.6240038871765137  0.9837519407667925  0.18591164193186263
2.6240038871765137  2.6253929138183594  1.1846498316446423  0.2053962702597412
2.6253929138183594  2.6267836093902583  1.4636737288990314  0.2278544412480335
2.6267836093902583  2.628175735473633  1.1556491922761352  0.20117270249852517
2.628175735473633  2.6295690536499023  1.0846810229853863  0.19481446273600145
2.6295690536499023  2.6309640407562256  1.039796692601242  0.1922042478689446
2.6309640407562256  2.6323606967926025  1.2523049582881502  0.20979574385618696
2.6323606967926025  2.633758544921875  1.7089397094848684  0.24413424421212404
2.633758544921875  2.6351580619812016  1.5327281393981524  0.23106746109105541
2.6351580619812016  2.636559009552002  1.587858328847126  0.2369687072698134
2.636559009552002  2.6379613876342773  1.1081405941686782  0.1970323828484588
2.6379613876342773  2.6393654346466064  0.6554329588990919  0.15184265036072836
2.6393654346466064  2.6407706737518306  1.283636766959063  0.21102858455599285
2.6407706737518306  2.6421775817871094  1.1435071400949632  0.19905904251633497
2.6421775817871094  2.6435861587524414  0.860989150488233  0.1734806197775042
2.6435861587524414  2.644995927810669  1.1066050678191361  0.19562198688757765
2.644995927810669  2.64640736579895  1.1743776184781185  0.20140409999202635
2.64640736579895  2.647820234298706  1.2076941223554534  0.2041375651838666
2.647820234298706  2.6492347717285156  0.8960857171560466  0.17573686760117177
2.6492347717285156  2.6506507396698  1.2696552135611952  0.20977911366249172
2.6506507396698  2.6520681381225586  1.199583276360644  0.2038441160023189
2.6520681381225586  2.653487205505371  1.4429022921529067  0.22264465734717453
2.653487205505371  2.654907703399658  1.1283254183598725  0.19752350926457357
2.654907703399658  2.65632963180542  1.0628564551184772  0.1908946546326614
2.65632963180542  2.6577532291412354  1.095855931337222  0.19372179006301235
2.6577532291412354  2.6591782569885254  0.9237002555755024  0.17776619706901414
2.6591782569885254  2.660604953765869  1.0892518340408028  0.19367387632263278
2.660604953765869  2.662033081054687  0.9174764000771451  0.1777859196406288
2.662033081054687  2.663462638854981  0.9889786796109079  0.18364873036024176
2.663462638854981  2.664893865585327  0.9878254477682038  0.18343458058321427
2.664893865585327  2.6663265228271484  0.9868391018390228  0.18325142074233547
2.6663265228271484  2.6677608489990234  0.9517015118455342  0.1798546801933911
2.6677608489990234  2.669196605682373  1.2182003396964436  0.20408227623871525
2.669196605682373  2.6706340312957764  0.8437093881380794  0.16999892215052162
2.6706340312957764  2.6720728874206543  1.2536462476312056  0.20609817354973137
2.6720728874206543  2.6735134124755864  1.2183507508712514  0.20305845847854193
2.6735134124755864  2.674955368041992  1.1157135637739062  0.1942208018997396
2.674955368041992  2.676398992538452  1.0468828898970433  0.18802571762662137
2.676398992538452  2.677844285964966  1.1426992263734863  0.19704345595879066
2.677844285964966  2.679290771484375  1.0111086254555206  0.1846023340833436
2.679290771484375  2.6807391643524165  1.375868606435279  0.21584888646216516
2.6807391643524165  2.6821889877319336  0.970998745573835  0.1814671620019904
2.6821889877319336  2.683640480041504  1.2049938314145832  0.20186982055018776
2.683640480041504  2.6850934028625484  1.0695902485891298  0.19017795797751705
2.6850934028625484  2.6865479946136475  1.2065686341196726  0.20109477235327877
2.6865479946136475  2.6880040168762207  1.2347277408449218  0.20400821287727824
2.6880040168762207  2.689461708068847  1.4715594010913888  0.22184592682455662
2.689461708068847  2.6909210681915283  0.8351571135757743  0.16703142271515484
2.6909210681915283  2.6923818588256836  1.067954262447291  0.18878942524338937
2.6923818588256836  2.6938443183898926  1.6918695255717175  0.23863921763652596
2.6938443183898926  2.6953084468841557  1.2611890866350013  0.20559302876145955
2.6953084468841557  2.6967740058898926  1.193428086164667  0.1999322380852311
2.6967740058898926  2.6982412338256836  1.262631617182691  0.20482589530400905
2.6982412338256836  2.6997101306915283  1.0579586065411726  0.18810979969398386
2.6997101306915283  2.7011804580688477  1.1191454384890036  0.19403902554455196
2.7011804580688477  2.7026524543762203  0.9894919403184478  0.18177633125874584
2.7026524543762203  2.7041261196136475  0.8891253254261017  0.17229213050424114
2.7041261196136475  2.705601453781128  0.9252482700812432  0.17485548740197812
2.705601453781128  2.707078218460083  0.9903771441134392  0.18081730075615848
2.707078218460083  2.708556652069092  0.9851835574140064  0.18098485231271702
2.708556652069092  2.7100367546081543  0.8482491909887319  0.1687486328460271
2.7100367546081543  2.7115185260772705  1.1803704659134324  0.1977447252629997
2.7115185260772705  2.7130019664764404  1.117376326163687  0.19162845900880685
2.7130019664764404  2.714486837387085  1.0834675070171014  0.1886074839257006
2.714486837387085  2.715973377227783  1.0494556160408264  0.18551929566419353
2.715973377227783  2.7174615859985356  1.1384571911002113  0.19448631472895936
2.7174615859985356  2.718951463699341  1.2066702373727294  0.19937240455143376
2.718951463699341  2.7204430103302  1.3360616662550766  0.20960389789917702
2.7204430103302  2.7219359874725337  1.1428929046759093  0.19318416021717555
2.7219359874725337  2.7234308719635005  0.945760153580652  0.17562325155353967
2.7234308719635005  2.7249271869659424  0.9774372260415586  0.17845480574941255
2.7249271869659424  2.726425170898437  1.0414381292402501  0.18410199084300324
2.726425170898437  2.7279248237609863  1.3573305024901106  0.21129967500778402
2.7279248237609863  2.7294261455535884  1.2014856446651683  0.197523023244878
2.7294261455535884  2.730929136276245  1.1028419259816635  0.18913582994169478
2.730929136276245  2.732433795928955  1.2596168671709473  0.20266173451430627
2.732433795928955  2.7339401245117188  0.9062102398326579  0.171257637866958
2.7339401245117188  2.735448122024536  0.9335404540452649  0.17446668966552437
2.735448122024536  2.7369577884674072  1.0616808026828994  0.1858567700881758
2.7369577884674072  2.738469123840332  1.016290361501341  0.18387976687677599
2.738469123840332  2.7399818897247314  0.9345809555477839  0.173547326594278
2.7399818897247314  2.7414965629577637  1.3196402605392958  0.20609318382808206
2.7414965629577637  2.7430129051208496  1.1534595040333309  0.1932363942625068
2.7430129051208496  2.7445309162139897  1.0558446430950452  0.1848350978793757
2.7445309162139897  2.7460505962371826  1.0265697781638632  0.18147361287520938
2.7460505962371826  2.7475719451904297  0.9894378792058  0.17877496101050883
2.7475719451904297  2.7490949630737305  0.8923236543751323  0.1697544115286402
2.7490949630737305  2.750619649887085  1.374923269833003  0.20967383296656297
2.750619649887085  2.7521462440490723  1.337323387752571  0.20726681342051087
2.7521462440490723  2.753674268722534  1.1166789466497764  0.18875319258536333
2.753674268722534  2.755204200744629  1.4339401661146896  0.21375917913998577
2.755204200744629  2.7567355632781982  1.0427043517785661  0.18356509889605097
2.7567355632781982  2.7582688331604004  1.1128588662849348  0.1881074811506132
2.7582688331604004  2.7598037719726562  1.1077232957384326  0.1882344314435828
2.7598037719726562  2.7613403797149654  0.8566262882197632  0.16485780603286343
2.7613403797149654  2.762878894805908  1.037856818762095  0.18271170466589107
2.762878894805908  2.7644188404083256  0.8508567326921823  0.16487655343655802
2.7644188404083256  2.765960693359375  1.1066638888326081  0.187060338840257
2.765960693359375  2.7675042152404785  1.2594874755025953  0.2000680697629781
2.7675042152404785  2.769049406051636  1.3882293131102337  0.20928344338906588
2.769049406051636  2.7705962657928467  1.1937364644004496  0.1945972240482227
2.7705962657928467  2.7721450328826904  1.0309867690076555  0.18150225218739768
2.7721450328826904  2.773695468902588  0.8765436727892273  0.16675244976856127
2.773695468902588  2.775247573852539  0.9345392393870763  0.1727476273857442
2.775247573852539  2.776801586151123  1.0352616805312223  0.18021592664763167
2.776801586151123  2.7783570289611816  0.9716241413744018  0.17450884736805525
2.7783570289611816  2.779914379119873  1.0956514649538298  0.1851988994610523
2.779914379119873  2.781473636627197  1.1842449818088836  0.19304996783254827
2.781473636627197  2.783034563064575  1.5265374561772647  0.21890379353514852
2.783034563064575  2.784597158432007  1.1543721550891555  0.18977761327016
2.784597158432007  2.786161422729492  1.2739524133656086  0.19986008005749906
2.786161422729492  2.7877275943756104  1.0545049033758676  0.1818355046463981
2.7877275943756104  2.7892954349517822  1.0572255932771382  0.18131269342347872
2.7892954349517822  2.790865182876587  1.3043976978879253  0.20127293446694755
2.790865182876587  2.7924365997314453  1.078174751456477  0.18418807108762353
2.7924365997314453  2.7940099239349365  1.4835218757247222  0.21495693496714527
2.7940099239349365  2.795584678649902  1.3931255179349824  0.20767489061948155
2.795584678649902  2.79716157913208  1.2984811676582524  0.20035999403235705
2.79716157913208  2.798740148544311  1.3279918910413122  0.20251686479709222
2.798740148544311  2.8003203868865962  1.3574402803666277  0.20464182205867917
2.8003203868865962  2.8019025325775146  1.2633626544912282  0.19730409838147037
2.8019025325775146  2.8034863471984863  1.2620313977429092  0.19709619100704578
2.8034863471984863  2.805072069168091  1.4335792223711787  0.21160157956721276
2.805072069168091  2.806659460067749  1.5625113338797394  0.21959247803134463
2.806659460067749  2.80824875831604  1.1311854655475455  0.1869004134475755
2.80824875831604  2.809839963912964  1.1911060906077087  0.1916389281569953
2.809839963912964  2.811432838439942  1.377277959280856  0.2053124760576121
2.811432838439942  2.8130273818969727  1.4026317467903922  0.2076423179768312
2.8130273818969727  2.814624071121216  1.4045205186868628  0.2070852527348818
2.814624071121216  2.8162221908569336  0.9761831666439732  0.17256643420352777
2.8162221908569336  2.8178224563598633  0.9673435911480597  0.17299938234619058
2.8178224563598633  2.8194243907928467  1.095590896973712  0.18259848282895202
2.8194243907928467  2.821028232574463  1.0942879793022702  0.1823813298837117
2.821028232574463  2.822633743286133  0.9983015804259161  0.17476166738911927
2.822633743286133  2.8242411613464355  1.243499640345023  0.19420201673981088
2.8242411613464355  2.825850486755371  0.9316044912737513  0.16933716070633506
2.825850486755371  2.8274614810943604  1.2635206246359811  0.19669601240185808
2.8274614810943604  2.8290743827819824  1.356440688077395  0.20304140184811706
2.8290743827819824  2.8306891918182373  1.385028956523185  0.20503644214213207
2.8306891918182373  2.8323056697845463  0.9349374481305097  0.16791972274762237
2.8323056697845463  2.8339242935180664  1.1973264288248113  0.19107881273602526
2.8339242935180664  2.8355445861816406  1.0493705971106575  0.17831860942227573
2.8355445861816406  2.8371667861938477  0.8715338275941634  0.16183976884783857
2.8371667861938477  2.8387906551361084  1.4862578505271158  0.2133345547533906
2.8387906551361084  2.840416669845581  1.2255721091043634  0.19227008581484625
2.840416669845581  2.8420443534851074  1.1980657254311102  0.1894308239472112
2.8420443534851074  2.8436739444732666  0.8974975904372557  0.16385989186300595
2.8436739444732666  2.8453054428100586  1.2214528399958726  0.1916238470345245
2.8453054428100586  2.846938848495483  1.428953562678456  0.20705018447651105
2.846938848495483  2.848574161529541  1.0732286392716681  0.17887143987861137
2.848574161529541  2.8502111434936523  1.0386720911686615  0.17650062185170198
2.8502111434936523  2.8518502712249756  1.542935320532256  0.21473114301722573
2.8518502712249756  2.8534910678863525  0.7985590869602427  0.154742467109421
2.8534910678863525  2.855133771896362  1.5395762450888428  0.21426365867109226
2.855133771896362  2.856778383255005  1.0968041612717139  0.18031349338537153
2.856778383255005  2.85842514038086  1.328553822910251  0.1988671034460897
2.85842514038086  2.8600735664367676  1.031461177027184  0.17527527764450568
2.8600735664367676  2.861723899841309  0.8789151182329139  0.16246562471552908
2.861723899841309  2.8633761405944824  1.4163107718650023  0.20442685134810643
2.8633761405944824  2.865030288696289  1.2931451984946125  0.1957725092247662
2.865030288696289  2.8666863441467285  1.1150247885153892  0.1817660221169747
2.8666863441467285  2.868344306945801  1.2571309646754787  0.19337254864859935
2.868344306945801  2.870004415512085  1.2040319654180878  0.1880382014734748
2.870004415512085  2.8716661930084233  1.0525111112840781  0.17632474426244119
2.8716661930084233  2.8733298778533936  0.9377122049321152  0.16576566472722204
2.8733298778533936  2.8749957084655766  1.9022744238891536  0.23594810328293056
2.8749957084655766  2.876663208007812  1.1986952495296839  0.1872047464770521
2.876663208007812  2.8783328533172607  1.2811425656366182  0.19395540039998097
2.8783328533172607  2.880004405975342  0.9332984975059981  0.16498542411442685
2.880004405975342  2.8816778659820557  1.1361611112452252  0.18193138116883414
2.8816778659820557  2.8833532333374023  1.0184709504878922  0.17215301142444767
2.8833532333374023  2.885030508041382  1.249841408753668  0.19059902797742292
2.885030508041382  2.886709690093994  0.8709919112080992  0.15902063905773756
2.886709690093994  2.8883910179138184  1.1598404293134132  0.18338687394889547
2.8883910179138184  2.8900742530822754  1.0355141153735972  0.17437452296531877
2.8900742530822754  2.8917593955993652  1.3272214378227973  0.19647875249415117
2.8917593955993652  2.893446683883667  1.0365977738663252  0.1736588197696119
2.893446683883667  2.8951356410980225  1.0320058800871816  0.17378375665374793
2.8951356410980225  2.8968267440795903  1.2396213605779989  0.18904048524190306
2.8968267440795903  2.89851975440979  1.0042983492417827  0.17065952255092293
2.89851975440979  2.900214910507202  1.2078979525870746  0.18638270049653766
2.900214910507202  2.901911973953247  0.8905417109197243  0.15994601295717795
2.901911973953247  2.903610944747925  0.8573004826725028  0.15749187050114488
2.903610944747925  2.905311822891235  0.8312189743414966  0.15435348853952638
2.905311822891235  2.9070148468017574  1.030557921988852  0.1717596536648087
2.9070148468017574  2.908720016479492  0.829126980278124  0.15396501499446405
2.908720016479492  2.9104268550872803  0.7926932131630057  0.15180491266040347
2.9104268550872803  2.9121358394622803  0.9128565521783695  0.16137176457397415
2.9121358394622803  2.913846969604492  0.9971848082873647  0.16855499669494126
2.913846969604492  2.9155600070953374  0.8253188814125469  0.15325786878780906
2.9155600070953374  2.9172749519348145  0.7106904896705397  0.14213809793410795
2.9172749519348145  2.918992042541504  0.8198616178611914  0.15322157902449898
2.918992042541504  2.920711040496826  0.9607548835334363  0.16566954646632306
2.920711040496826  2.922432184219361  1.2109833395693341  0.18627409659260463
2.922432184219361  2.9241552352905273  0.7321438728066694  0.14461354619853217
2.9241552352905273  2.9258804321289067  1.1868649036611234  0.18313723058734682
2.9258804321289067  2.927607774734497  1.10071978465594  0.17625622697368876
2.927607774734497  2.9293370246887203  0.8140967009289695  0.15214419028467185
2.9293370246887203  2.931068181991577  1.0138101138637217  0.16896835231062027
2.931068181991577  2.9328014850616455  0.7278134482493033  0.14375819785096594
2.9328014850616455  2.934536933898926  1.2290930891662637  0.1868622993614673
2.934536933898926  2.936274290084839  1.143560998075665  0.1802183357354502
2.936274290084839  2.938013792037964  1.341798363200033  0.19442171242436837
2.938013792037964  2.939755439758301  0.8642851618360313  0.15616194746174628
2.939755439758301  2.9414989948272705  0.9786401434539063  0.16542037621763894
2.9414989948272705  2.9432446956634517  0.7505713789213041  0.1454435480261276
2.9432446956634517  2.9449925422668457  0.972789875591627  0.16530531573229817
2.9449925422668457  2.9467422962188716  1.1980698065927629  0.1827039326640565
2.9467422962188716  2.9484941959381104  0.9358324888467003  0.16314589203509858
2.9484941959381104  2.95024824142456  1.1326803035176674  0.1785036037113712
2.95024824142456  2.9520044326782227  0.9301146262464266  0.16303957146927336
2.9520044326782227  2.9537625312805176  1.24784296798996  0.186017446778043
2.9537625312805176  2.955523014068603  1.1907684602633088  0.18159048778731154
2.955523014068603  2.9572854042053223  0.9681811917040872  0.163652490703367
2.9572854042053223  2.959049701690674  1.2574301012416713  0.18841656216884914
2.959049701690674  2.960816383361817  1.2141854491589403  0.183045343671334
2.960816383361817  2.962584972381592  1.2404413650526118  0.18491408095735148
2.962584972381592  2.964355945587158  1.039268900096056  0.1702465942490402
2.964355945587158  2.9661288261413574  1.2099400454908564  0.1824053249872143
2.9661288261413574  2.967903852462769  1.0128250252972535  0.16734427885039982
2.967903852462769  2.9696810245513916  0.9293054347032205  0.16024650255198383
2.9696810245513916  2.9714603424072266  0.8733864364062929  0.15529203750698575
2.9714603424072266  2.973241806030273  1.0946459726338635  0.1730787252526677
2.973241806030273  2.9750254154205322  1.168572213387395  0.1797503947736967
2.9750254154205322  2.976811170578003  0.7849626943553956  0.14764230553603275
2.976811170578003  2.9785990715026855  0.5180847427751887  0.11885679147091115
2.9785990715026855  2.98038911819458  1.0349274070514491  0.16788739473906125
2.98038911819458  2.9821813106536865  0.707260417704779  0.1387051796564789
2.9821813106536865  2.9839756488800044  0.7845659542702313  0.1466252740014237
2.9839756488800044  2.985772132873535  0.946452896876213  0.16082989643443743
2.985772132873535  2.9875707626342773  0.7522389598401322  0.14405771072850324
2.9875707626342773  2.9893715381622314  0.8392527337914203  0.15073424072940456
2.9893715381622314  2.9911744594573975  0.9701140499407541  0.16252095576693243
2.9911744594573975  2.9929797649383545  0.8878186532736555  0.15542063763844813
2.9929797649383545  2.9947869777679443  0.8835475001944236  0.15554599343131076
2.9947869777679443  2.996596574783325  1.1045684552313761  0.1725046109169704
2.996596574783325  2.998408317565918  0.8879899504806563  0.15457920909188885
2.998408317565918  3.0002222061157227  0.5879711222424574  0.12641770627164195
3.0002222061157227  3.002038478851318  1.0435077512100017  0.16789159970072193
3.002038478851318  3.0038566589355464  0.9116595202452743  0.15634831785376294
3.0038566589355464  3.005677223205566  1.1481615400036231  0.17584989671822834
3.005677223205566  3.007499933242798  0.7756594065335832  0.14403633580646508
3.007499933242798  3.009324789047241  0.8515917134701024  0.15141683772075185
3.009324789047241  3.0111520290374756  1.007266360896856  0.16500413649293721
3.0111520290374756  3.012981414794922  0.9294308064595372  0.1579373477953585
3.012981414794922  3.01481294631958  0.7121076341247075  0.13894314361992813
3.01481294631958  3.0166468620300293  0.824086830255668  0.1480103640443568
3.0166468620300293  3.01848292350769  1.0089903872411583  0.1636798545255391
3.01848292350769  3.0203211307525635  0.712799434041383  0.13812420994121635
3.0203211307525635  3.0221617221832275  0.82109791429101  0.14747353888979178
3.0221617221832275  3.024004459381103  1.058247471538383  0.1673236169087751
3.024004459381103  3.0258495807647705  1.258459138865011  0.18376266615417886
3.0258495807647705  3.02769684791565  1.2403915567025765  0.1809297038724815
3.02769684791565  3.0295464992523193  1.0279343696612722  0.16460123284665548
3.0295464992523193  3.031398296356201  1.2110305025937838  0.1785567062656757
3.031398296356201  3.033252239227295  1.0518511712343352  0.16631227303081417
3.033252239227295  3.03510856628418  0.7813833095823801  0.14443707350127483
3.03510856628418  3.0369672775268555  0.9934533326102801  0.16194802329717906
3.0369672775268555  3.038828134536743  0.9693472267077932  0.15935970241801778
3.038828134536743  3.0406911373138428  1.0990727467230739  0.1695906066714081
3.0406911373138428  3.0425567626953125  0.8036204876802329  0.1460735891077012
3.0425567626953125  3.0444245338439946  1.1713455775901704  0.17533508852465987
3.0444245338439946  3.0462944507598877  1.3264312713214046  0.1864142188872931
3.0462944507598877  3.0481667518615723  1.2987037556708712  0.18434699653416367
3.0481667518615723  3.050041437149048  0.884181037948679  0.15163579701803337
3.050041437149048  3.0519185066223145  0.8051411022896733  0.14460761085090723
3.0519185066223145  3.0537977218627925  1.1091206201922539  0.1706055193228467
3.0537977218627925  3.0556793212890625  1.133625012169174  0.17234803307802832
3.0556793212890625  3.0575630664825435  0.8994114399254923  0.15364935787100528
3.0575630664825435  3.0594494342803955  1.1856422045663957  0.1755196944676862
3.0594494342803955  3.0613379478454585  1.0810354313573698  0.16754568947504647
3.0613379478454585  3.063228845596313  0.9765429556207152  0.15919137430645647
3.063228845596313  3.0651221275329585  1.2779467335416916  0.18275308860529654
3.0651221275329585  3.0670175552368164  1.0031087848840712  0.16062595778915062
3.0670175552368164  3.068915605545044  1.2008551939586858  0.17655130344206618
3.068915605545044  3.0708158016204834  1.3341220978386008  0.18500944736487154
3.0708158016204834  3.072718381881714  1.1274579170764423  0.1699706762662814
3.072718381881714  3.0746233463287354  1.1772307776778372  0.17357320870657114
3.0746233463287354  3.0765306949615483  0.9681202726282613  0.15781834870302655
3.0765306949615483  3.0784404277801514  1.40088888036526  0.18953386023101887
3.0784404277801514  3.080352544784546  1.1920209724569948  0.17525248462622056
3.080352544784546  3.082266807556152  1.088814139787683  0.16748196578685662
3.082266807556152  3.084183692932129  1.0681784132950385  0.16482350752861638
3.084183692932129  3.086102962493896  1.0922527093893277  0.16656697662378642
3.086102962493896  3.088024616241455  1.44607350598148  0.19153711493669615
3.088024616241455  3.0899486541748042  1.0263424300806079  0.16321936017916863
3.0899486541748042  3.0918748378753658  1.0092736621368739  0.1603219066277411
3.0918748378753658  3.093803644180298  1.08685220155501  0.1657434068999829
3.093803644180298  3.0957350730895996  1.0570153872089512  0.16382291153333306
3.0957350730895996  3.0976686477661133  1.2606650289023105  0.17828495814831175
3.0976686477661133  3.099604606628418  1.3032521597961664  0.18202288742117073
3.099604606628418  3.1015431880950928  1.0751554210248775  0.16538097445607672
3.1015431880950928  3.1034839153289795  1.4821022350846844  0.19295327594792006
3.1034839153289795  3.1054272651672363  1.3515691404778762  0.1845580454323776
3.1054272651672363  3.107372999191284  1.0523409438664502  0.162379732940863
3.107372999191284  3.109321355819702  1.2198932861577345  0.17559531701394673
3.109321355819702  3.111271858215332  1.1997351972890633  0.17316685977777738
3.111271858215332  3.113224983215332  1.170078245876402  0.17134830849104102
3.113224983215332  3.115180492401123  1.3400837933334284  0.18361976102663824
3.115180492401123  3.117138624191284  1.2076491357910912  0.17515667224563083
3.117138624191284  3.1190989017486572  1.616539941585631  0.20050710260742827
3.1190989017486572  3.1210620403289795  1.185874188340181  0.17249468164875162
3.1210620403289795  3.1230273246765137  1.3860972703398131  0.18583948725676425
3.1230273246765137  3.124995231628418  1.3564147250555774  0.18413705445349088
3.124995231628418  3.1269655227661133  1.0856536044476792  0.16435983409988236
3.1269655227661133  3.1289384365081787  1.4579229236965956  0.18980539773003854
3.1289384365081787  3.130913734436035  1.203255031319373  0.17320035372818016
3.130913734436035  3.1328916549682617  1.355640395713297  0.18279451366790397
3.1328916549682617  3.1348719596862793  1.452481602888193  0.18909699809969532
3.1348719596862793  3.136854887008667  1.2047028395707327  0.1721004056529618
3.136854887008667  3.1388401985168457  1.4488185653403782  0.18862011123046346
3.1388401985168457  3.1408278942108154  1.2723618002470025  0.17707527986607013
3.1408278942108154  3.1428184509277344  1.3440076574108424  0.18183809084322772
3.1428184509277344  3.1448113918304443  1.1741875402586228  0.1694793731118551
3.1448113918304443  3.1468067169189453  1.3438155959896658  0.18120005799843847
3.1468067169189453  3.1488046646118164  1.36645257643502  0.18259990629622772
3.1488046646118164  3.1508052349090576  1.3860183133236843  0.1841809047248352
3.1508052349090576  3.15280818939209  1.265677076511564  0.1755178306746847
3.15280818939209  3.1548140048980713  1.3853978911462523  0.18350043342328867
3.1548140048980713  3.1568219661712646  1.5781514366797744  0.1957455945901538
3.1568219661712646  3.1588327884674072  1.2092388656963897  0.17164773106269712
3.1588327884674072  3.160845994949341  1.7405587023233484  0.20565582515962186
3.160845994949341  3.1628618240356445  1.4752539241827605  0.18888690956112172
3.1628618240356445  3.1648802757263184  1.3677692044495933  0.18294379890492932
3.1648802757263184  3.1669013500213623  1.0583745885520375  0.16022999516355171
3.1669013500213623  3.1689248085021973  1.2257806599471315  0.1722689665055606
3.1689248085021973  3.1709511280059814  1.1278128003552754  0.16515888259308248
3.1709511280059814  3.1729798316955566  1.6551695944710882  0.19979526513856072
3.1729798316955566  3.175011157989502  1.0290330421910407  0.15760443795075021
3.175011157989502  3.1770451068878174  1.1265448108467793  0.16432344925616268
3.1770451068878174  3.179081678390503  1.433331686977628  0.18561516703121064
3.179081678390503  3.1811208724975586  1.4314882813238512  0.18537644765352523
3.1811208724975586  3.1831626892089844  1.1460805288442115  0.16542247546029856
3.1831626892089844  3.1852071285247803  1.1864079069584794  0.16903331969935648
3.1852071285247803  3.1872541904449463  1.5421204073478085  0.19237143337508023
3.1872541904449463  3.1893038749694824  0.9989710879253343  0.15414458538215456
3.1893038749694824  3.1913561820983887  1.1610409764864538  0.16649200003194994
3.1913561820983887  3.193411111831665  1.257388674725792  0.1727156174630295
3.193411111831665  3.1954686641693115  0.9714570770806656  0.1517161062409971
3.1954686641693115  3.1975290775299072  1.1772098822227448  0.1677228322635943
3.1975290775299072  3.199591875076294  1.2467507403181721  0.1724576229115633
3.199591875076294  3.20165753364563  1.5104699367531285  0.18880874209414106
3.20165753364563  3.203725814819336  1.4614123108533943  0.18559954907802295
3.203725814819336  3.205796718597412  1.7185160420470524  0.20113708903614075
3.205796718597412  3.2078702449798584  1.2696231867482533  0.1727738318410854
3.2078702449798584  3.209946632385254  1.4087486578570771  0.18186866969575033
3.209946632385254  3.2120256423950195  1.1403320118539702  0.16476656713733245
3.2120256423950195  3.2141072750091553  1.0715299887088698  0.15926826420228837
3.2141072750091553  3.216191530227661  1.1461351540505358  0.1637335934357908
3.216191530227661  3.218278646469116  1.4658083255782925  0.18576531748453642
3.218278646469116  3.2203683853149414  1.376418961048412  0.1791944855922498
3.2203683853149414  3.222460985183716  1.5318589136579968  0.18962176783160162
3.222460985183716  3.2245562076568604  1.303012356682461  0.1741223503370947
3.2245562076568604  3.226654052734375  1.086488032629287  0.15973689359044083
3.226654052734375  3.228754758834839  1.5259477568012985  0.18889005291771283
3.228754758834839  3.230858325958252  1.248627458238147  0.1705012612851989
3.230858325958252  3.232964515686035  1.2007788463503803  0.16711304145839107
3.232964515686035  3.2350733280181885  1.5026785075994413  0.18638432986300457
3.2350733280181885  3.237185001373291  1.4516155440021181  0.18342552672446413
3.237185001373291  3.2392995357513428  0.9222228782859612  0.14581624028499388
3.2392995357513428  3.2414166927337646  1.1428125012448846  0.16342818430345268
3.2414166927337646  3.2435364723205566  1.3253867903001026  0.1757105012879257
3.2435364723205566  3.245659351348877  1.0563874566089306  0.15575583305991728
3.245659351348877  3.2477848529815674  1.3532599207615625  0.17617943535794384
3.2477848529815674  3.249913215637207  1.1424577790168422  0.16216836157530945
3.249913215637207  3.252044200897217  1.4556828327014926  0.1835500946813132
3.252044200897217  3.254178047180176  1.4593786302698006  0.1829517015737785
3.254178047180176  3.256314754486084  1.1608123701150754  0.16313844217057494
3.256314754486084  3.2584543228149414  1.3643324348298302  0.17667982580572777
3.2584543228149414  3.260596513748169  1.2716304729450283  0.17049247562131417
3.260596513748169  3.262741804122925  1.8606441830737832  0.20593897376322598
3.262741804122925  3.264889717102051  1.1093618299029189  0.159081267207795
3.264889717102051  3.267040491104126  1.0116146405736393  0.15268065925776167
3.267040491104126  3.2691941261291504  1.2875102033764014  0.17109066440231288
3.2691941261291504  3.271350622177124  1.438462482994576  0.1813787447497598
3.271350622177124  3.2735097408294678  1.2644514786357626  0.1689694362590976
3.2735097408294678  3.27567195892334  1.2147579737606318  0.16587635112132648
3.27567195892334  3.277837038040161  1.5256123136826503  0.18601984159078727
3.277837038040161  3.2800049781799316  1.121601296962867  0.15920784821101808
3.2800049781799316  3.2821757793426514  1.3616093965537701  0.17593467773501614
3.2821757793426514  3.284349203109741  1.2505843580843232  0.1682273710913459
3.284349203109741  3.2865257263183594  1.2264045504007817  0.16648781328284737
3.2865257263183594  3.2887051105499268  1.2275593405232605  0.1660831660048253
3.2887051105499268  3.2908875942230225  1.2230551825004081  0.16603312731692305
3.2908875942230225  3.2930727005004883  1.4196282769979205  0.17900390030131777
3.2930727005004883  3.2952606678009033  1.1113349235352894  0.15775056813586003
3.2952606678009033  3.2974517345428467  1.5297677136278676  0.18515528997833644
3.2974517345428467  3.2996456623077393  1.177725819111237  0.16177308269005122
3.2996456623077393  3.301842451095581  1.2594754586482142  0.16791111221774557
3.301842451095581  3.304042339324951  1.1274737683939855  0.15845309621032758
3.304042339324951  3.3062448501586914  1.7680360060534739  0.1981311737870347
3.3062448501586914  3.308450698852539  1.4311117398928106  0.17852368427998688
3.308450698852539  3.310659170150757  1.2748879135995466  0.16847535666887775
3.310659170150757  3.312870740890503  1.2208396544796816  0.1658696740421362
3.312870740890503  3.3150851726531982  1.3622393416816114  0.1735228373271175
3.3150851726531982  3.317302703857422  1.5362130896723412  0.18409966533808772
3.317302703857422  3.3195230960845947  1.0731494390202292  0.1538884501530146
3.3195230960845947  3.321746349334717  1.463764670548439  0.17982032944058385
3.321746349334717  3.323972702026367  1.4863309286428077  0.1807363330423158
3.323972702026367  3.326202154159546  1.1781242716324638  0.16087398442084375
3.326202154159546  3.328434467315674  1.2394325404234376  0.1652390246688356
3.328434467315674  3.33066987991333  1.4339937804155545  0.17750749320157502
3.33066987991333  3.3329081535339355  1.1952620293697405  0.16171348747870776
3.3329081535339355  3.3351495265960693  0.908159649044285  0.14137591275389375
3.3351495265960693  3.3373939990997314  1.2354025565220983  0.16416634496984195
3.3373939990997314  3.3396413326263428  1.1497382757756847  0.15792869795394138
3.3396413326263428  3.3418917655944824  1.316106192047512  0.16953823478321672
3.3418917655944824  3.3441452980041504  1.1844950423834886  0.16079848153397308
3.3441452980041504  3.3464016914367676  0.9263906930967527  0.141883961468765
3.3464016914367676  3.348661422729492  1.2081528371518746  0.1614462138386145
3.348661422729492  3.350924015045166  0.8134551517295578  0.13325518462401165
3.350924015045166  3.353189706802368  1.0113178766004287  0.1475158734719903
3.353189706802368  3.3554582595825195  1.152505988629153  0.15846179475397693
3.3554582595825195  3.3577301502227783  1.158769320511025  0.15768853138019936
3.3577301502227783  3.3600051403045654  1.2161818147122874  0.16213927771686312
3.3600051403045654  3.3622829914093018  1.0220314074516488  0.14866246689301035
3.3622829914093018  3.3645641803741455  1.322374478003638  0.16844482787356477
3.3645641803741455  3.3668482303619385  1.2806672297784223  0.16533342843218055
3.3668482303619385  3.3691353797912598  1.3510213255975363  0.1713455347919111
3.3691353797912598  3.3714258670806885  1.3595751786108792  0.17044006756378866
3.3714258670806885  3.3737194538116455  1.2275765845813513  0.1622232046594402
3.3737194538116455  3.3760159015655518  1.2499002701905049  0.1632354572393069
3.3760159015655518  3.3783156871795654  1.078498907419791  0.15157025904340582
3.3783156871795654  3.3806185722351074  1.5030614562423426  0.17838057674065555
3.3806185722351074  3.3829245567321777  1.0147884252503958  0.14647209262220812
3.3829245567321777  3.3852336406707764  1.2141188602420057  0.16147600970670964
3.3852336406707764  3.3875460624694824  1.4099266258355068  0.1727273865238352
3.3875460624694824  3.389861583709717  1.29756316137871  0.16627711934392844
3.389861583709717  3.3921802043914795  1.5060907043896739  0.1788720941983454
3.3921802043914795  3.3945019245147705  1.5276735221803166  0.17971166687426665
3.3945019245147705  3.396826982498169  1.4625764105750674  0.1757402921987571
3.396826982498169  3.3991551399230957  1.0182995538521884  0.14713409784306594
3.3991551399230957  3.40148663520813  1.0847408046486615  0.15096396443843202
3.40148663520813  3.4038212299346924  1.3521901365898985  0.16867862816160528
3.4038212299346924  3.406158924102783  1.165282998410105  0.15623405338679325
3.406158924102783  3.4084999561309814  1.3484719235653615  0.16821480058645877
3.4084999561309814  3.410844087600708  1.0398691399916333  0.14705970408694144
3.410844087600708  3.413191556930542  1.4719477772425758  0.17514493224717878
3.413191556930542  3.4155423641204834  0.89174790168175  0.13599028010356698
3.4155423641204834  3.417896270751953  1.4265003625397032  0.17219263760397177
3.417896270751953  3.4202535152435303  1.0833487439961225  0.15144022120901066
3.4202535152435303  3.4226138591766357  1.1747555219291952  0.1561072698531406
3.4226138591766357  3.4249775409698486  1.2711250174813427  0.16288918530040683
3.4249775409698486  3.427344560623169  1.2436450416391318  0.16167486484965862
3.427344560623169  3.4297146797180176  1.0670637087475363  0.1485038334416484
3.4297146797180176  3.4320881366729736  1.373669346456914  0.16828557728726043
3.4320881366729736  3.434464931488037  1.1615542265894532  0.1553618418626875
3.434464931488037  3.436845064163208  1.1470372223305085  0.15327929627991466
3.436845064163208  3.4392285346984863  1.2042652198134385  0.15727557508542608
3.4392285346984863  3.441615104675293  1.1388938070226464  0.15320286861825266
3.441615104675293  3.444005250930786  1.1933387560231201  0.15732732298669067
3.444005250930786  3.4463984966278076  1.1586052666964568  0.1539611448043527
3.4463984966278076  3.4487950801849365  1.3375572707099324  0.16557006130700036
3.4487950801849365  3.451195240020752  1.6224413056443818  0.18181541506353693
3.451195240020752  3.4535984992980957  1.3972061586661202  0.16865653879603304
3.4535984992980957  3.456005096435547  1.2129501951815829  0.15707596163865675
3.456005096435547  3.4584152698516846  1.150467866960039  0.15287980725552403
3.4584152698516846  3.4608285427093506  1.550524029810684  0.17755200068853383
3.4608285427093506  3.463245391845703  1.2279766339006464  0.15770503366749664
3.463245391845703  3.465665578842163  1.483173267221504  0.17371723764768213
3.465665578842163  3.4680891036987305  1.3428042845906731  0.1649606071847953
3.4680891036987305  3.4705159664154053  0.9240665992382276  0.13624618700908767
3.4705159664154053  3.4729464054107666  1.138395808905694  0.15176898057428956
3.4729464054107666  3.4753801822662354  1.1568658643879897  0.1528788429490414
3.4753801822662354  3.4778172969818115  1.3728519367174443  0.16661073797398301
3.4778172969818115  3.480257749557495  1.1985924249000863  0.15473761668427996
3.480257749557495  3.4827017784118652  1.5135301095668887  0.1740379537242484
3.4827017784118652  3.485149383544922  1.095498998912674  0.14771705487910886
3.485149383544922  3.487600088119507  1.0295172232264687  0.14379082068877383
3.487600088119507  3.4900546073913574  1.05023411329259  0.14476645348016873
3.4900546073913574  3.4925122261047363  1.4035239642623218  0.1674403097767907
3.4925122261047363  3.4949734210968018  1.1488745835417393  0.1508546233680651
3.4949734210968018  3.4974381923675537  1.105204081970505  0.1481790378658839
3.4974381923675537  3.499906539916992  1.1777237214270375  0.15346090616909214
3.499906539916992  3.502378225326538  1.1021124529189814  0.14776453105599574
3.502378225326538  3.5048532485961914  1.1991136824825017  0.1539982589622785
3.5048532485961914  3.5073320865631104  0.8456895556970332  0.1289664481890132
3.5073320865631104  3.5098142623901367  1.1760176035119487  0.1522932241648834
3.5098142623901367  3.5122997760772705  1.1376337962495324  0.14937863568619053
3.5122997760772705  3.51478910446167  1.1750590998254271  0.15169947748111193
3.51478910446167  3.5172817707061768  1.2273253067539331  0.15554180672019433
3.5172817707061768  3.519778251647949  1.105867069512965  0.14791349455917596
3.519778251647949  3.522278070449829  1.1482154890295606  0.14995554831940908
3.522278070449829  3.5247814655303955  1.5531279840769148  0.17445208965227563
3.5247814655303955  3.5272884368896484  1.3953404556637152  0.1652919722001246
3.5272884368896484  3.529798984527588  1.6846346540003123  0.1813835555903077
3.529798984527588  3.5323128700256348  1.4326856428105332  0.16696421383792265
3.5323128700256348  3.5348305702209473  1.3313035310833432  0.16113419648682878
3.5348305702209473  3.5373518466949463  1.426095945785331  0.16661350215965268
3.5373518466949463  3.539876937866211  1.3104860930664277  0.15935377943056792
3.539876937866211  3.542405366897583  1.3882650140059163  0.16360860091460344
3.542405366897583  3.5449373722076416  1.193761939421205  0.15160791791448672
3.5449373722076416  3.547473192214966  1.403443995977877  0.16426069531477236
3.547473192214966  3.5500125885009766  1.2191925985890109  0.15417754056968994
3.5500125885009766  3.552555561065674  1.471442361686081  0.1684962826710425
3.552555561065674  3.5551021099090576  1.4478655154893174  0.16730243886427743
3.5551021099090576  3.557652473449707  1.5268875968890336  0.17110739304895078
3.557652473449707  3.560206413269043  1.4125756356337427  0.1642085821894722
3.560206413269043  3.5627639293670654  1.3701200412434376  0.1618866213897499
3.5627639293670654  3.5653252601623535  0.9018588563203843  0.13271604280253058
3.5653252601623535  3.567890167236328  1.1143794218485001  0.1464554091962714
3.567890167236328  3.5704588890075684  1.0201751691962855  0.1397855281177359
3.5704588890075684  3.573031187057495  1.0945673133443878  0.1446461422582088
3.573031187057495  3.5756072998046875  1.0976244632948984  0.14412515289482059
3.5756072998046875  3.5781872272491455  1.0558728213114388  0.14156500262984084
3.5781872272491455  3.58077073097229  1.181839543281468  0.1502194292921985
3.58077073097229  3.5833580493927  1.2436114326764667  0.15307798544709036
3.5833580493927  3.585948944091797  1.1243440212614806  0.14605259907298135
3.585948944091797  3.588543653488159  1.3270469753286434  0.15873115179128094
3.588543653488159  3.591142177581787  1.2359297620231788  0.152560510443507
3.591142177581787  3.5937445163726807  1.290319567508428  0.15575427494860405
3.5937445163726807  3.59635066986084  1.2907429210931185  0.15538718767021276
3.59635066986084  3.5989603996276855  1.0696323386821713  0.1431752326949875
3.5989603996276855  3.601573944091797  1.2824817814486502  0.15522506065507316
3.601573944091797  3.604191541671753  1.1524254490881507  0.14679662201423332
3.604191541671753  3.6068127155303955  1.2810476695792696  0.15463506558704868
3.6068127155303955  3.6094377040863037  1.2048972396551019  0.14987611310145524
3.6094377040863037  3.6120665073394775  1.61343628594704  0.17297852663259583
3.6120665073394775  3.614699363708496  1.1272298413339539  0.14476645171487942
3.614699363708496  3.617335796356201  0.9962597272594654  0.13604020874654638
3.617335796356201  3.619976282119751  1.103227673051784  0.14330957960506438
3.619976282119751  3.6226205825805664  1.3827418696778113  0.15966527813565018
3.6226205825805664  3.6252686977386475  1.3255199850124013  0.15621402833342662
3.6252686977386475  3.6279206275939937  1.066244028221106  0.1400046999036948
3.6279206275939937  3.6305763721466064  1.2827289655301246  0.15372214627069467
3.6305763721466064  3.6332361698150635  1.0608246266392065  0.1397392106536119
3.6332361698150635  3.635899782180786  1.301972872872541  0.15623546170381153
3.635899782180786  3.6385674476623535  0.9503041486972604  0.1317834744390049
3.6385674476623535  3.6412389278411865  1.3254093679498022  0.15631486570588607
3.6412389278411865  3.6439144611358643  1.3598442080960118  0.1581910157477634
3.6439144611358643  3.6465938091278076  1.3100685596665547  0.15439306039325232
3.6465938091278076  3.6492769718170166  1.3604689253138635  0.1574823284552066
3.6492769718170166  3.6519641876220703  1.267706321270734  0.15192183367132941
3.6519641876220703  3.6546554565429688  1.26579712500376  0.15169303572905332
3.6546554565429688  3.657350540161133  1.365833225391632  0.15820972540239372
3.657350540161133  3.6600496768951416  1.280169403297447  0.15232550153747212
3.6600496768951416  3.662752866744995  1.185846329615121  0.1467904618325955
3.662752866744995  3.6654601097106934  1.2178610858157428  0.1489013738406836
3.6654601097106934  3.6681711673736572  1.2565577299307402  0.15058578729307484
3.6681711673736572  3.670886278152466  0.9673902409584799  0.13209805306632508
3.670886278152466  3.673605442047119  1.138590124293867  0.14398465450309228
3.673605442047119  3.676328659057617  1.2173551919787184  0.1476260011888918
3.676328659057617  3.67905592918396  1.1374152599603062  0.14341907039615157
3.67905592918396  3.681787252426148  1.3386862846188996  0.15457817735703633
3.681787252426148  3.6845226287841797  1.1028047594823378  0.14047590979643765
3.6845226287841797  3.687262058258057  1.227946986115456  0.14782744546760837
3.687262058258057  3.6900055408477783  1.457143404051013  0.1609145698192501
3.6900055408477783  3.692753076553345  1.148962670729447  0.14332706759442657
3.692753076553345  3.695504903793335  1.2889000830873611  0.15162296066729258
3.695504903793335  3.698260545730591  1.110199522591484  0.1406981821473985
3.698260545730591  3.7010204792022705  1.1967938338417543  0.14592658789615923
3.7010204792022705  3.703784465789795  1.117945965363337  0.14178536317250093
3.703784465789795  3.706552743911743  1.3736482369873801  0.15553503517340236
3.706552743911743  3.709324836730957  1.40475760075015  0.15742115622642358
3.709324836730957  3.712101459503174  1.121538617629634  0.1405991524201715
3.712101459503174  3.7148818969726562  1.490378044372848  0.16165419574433768
3.7148818969726562  3.7176666259765625  0.8928487373361038  0.12502383049413018
3.7176666259765625  3.7204556465148926  1.2345915739871451  0.14767234783249364
3.7204556465148926  3.7232487201690674  1.3396845266533284  0.1534085660238446
3.7232487201690674  3.726046085357666  1.0805209065586971  0.13722629235931552
3.726046085357666  3.7288477420806885  1.039762273768063  0.13506540669952244
3.7288477420806885  3.7316534519195557  1.1251398553270127  0.1403552963085009
3.7316534519195557  3.7344634532928467  1.5051080015801197  0.1620540336302342
3.7344634532928467  3.7372777462005615  1.238686827268315  0.1474937204411929
3.7372777462005615  3.740096092224121  1.2930754161549642  0.15005189491216056
3.740096092224121  3.7429187297821045  1.2587006968583758  0.14769449346391522
3.7429187297821045  3.745745897293091  1.429124323409163  0.15721763884966103
3.745745897293091  3.748577117919922  1.1687880599298135  0.14212344235361216
3.748577117919922  3.7514126300811768  1.1863374144848968  0.14281824169033008
3.7514126300811768  3.7542524337768555  1.4850690390726649  0.16058035539927362
3.7542524337768555  3.757096529006958  1.112072982530193  0.13832978499849294
3.757096529006958  3.7599449157714844  1.110397472888815  0.1381213698206263
3.7599449157714844  3.7627978324890137  1.2774063592150955  0.1482336160585534
3.7627978324890137  3.7656548023223873  1.0666060669186002  0.1359729896011379
3.7656548023223873  3.7685163021087646  1.1564204475641047  0.14061955323686742
3.7685163021087646  3.771382093429565  1.1887119756276754  0.14245515701412806
3.771382093429565  3.77425217628479  1.2718655329356912  0.14722596149149533
3.77425217628479  3.7771267890930176  1.5370199540732123  0.16211192996674717
3.7771267890930176  3.780005693435669  1.2299140346068353  0.14505242817676633
3.780005693435669  3.782888889312744  1.280900054747026  0.14764829182316944
3.782888889312744  3.7857766151428223  1.158627187675505  0.14061219976635195
3.7857766151428223  3.788668870925903  1.5634392970698152  0.16276905109994938
3.788668870925903  3.791565418243408  1.258164827917153  0.14600077782174486
3.791565418243408  3.794466257095337  1.628114931751231  0.16562634694850933
3.794466257095337  3.797371625900269  1.369730081820661  0.15229161352767762
3.797371625900269  3.800281524658203  1.311124358923764  0.1496081218330795
3.800281524658203  3.803195953369141  1.4177227725167487  0.15444620907896625
3.803195953369141  3.806114673614502  1.2966517976082115  0.14786836909830187
3.806114673614502  3.809037923812866  1.3467354783863927  0.15032417893866293
3.809037923812866  3.8119657039642334  1.0469836215982706  0.13229640799662698
3.8119657039642334  3.8148980140686035  1.4755803432798764  0.15706449846435194
3.8148980140686035  3.8178348541259766  1.3259552381816848  0.1485903379968036
3.8178348541259766  3.8207762241363525  1.28666704274275  0.14672972152882677
3.8207762241363525  3.823721885681153  1.487488085859876  0.15711840458840567
3.823721885681153  3.8266723155975337  1.3343291879192347  0.14893937438121216
3.8266723155975337  3.829627275466919  1.3033653015447795  0.146640053125483
3.829627275466919  3.8325870037078857  1.066589803245391  0.13305148436913475
3.8325870037078857  3.835551023483277  1.165765589987792  0.13871275763396587
3.835551023483277  3.83851957321167  1.2809757995070965  0.14504194790768976
3.83851957321167  3.8414928913116455  1.110904131228622  0.1354539476774869
3.8414928913116455  3.844470977783203  1.027274524226433  0.13018890315103931
3.844470977783203  3.8474533557891846  1.385421949895865  0.1509273690767904
3.8474533557891846  3.850440502166748  1.185346952500402  0.13979631816062363
3.850440502166748  3.8534324169158936  1.3361502231582032  0.14755310820860715
3.8534324169158936  3.856428861618042  1.2019603292325163  0.14007564216319673
3.856428861618042  3.8594298362731934  1.149402162835943  0.13712359682046227
3.8594298362731934  3.8624355792999268  1.1515880547191866  0.13666835811358702
3.8624355792999268  3.865446090698242  1.2085350204524785  0.1405891802266097
3.865446090698242  3.86846137046814  1.4369759969250342  0.1526368470148018
3.86846137046814  3.87148118019104  1.0938011543150312  0.13336856004154332
3.87148118019104  3.8745057582855225  1.106203097676629  0.13424995771480802
3.8745057582855225  3.877535104751587  1.2653936072725693  0.1433745429161201
3.877535104751587  3.8805692195892334  1.2693626864174468  0.14281446003752238
3.8805692195892334  3.883608102798462  1.2634053008880943  0.142813275443494
3.883608102798462  3.8866515159606934  1.4737287761294038  0.15364684611683624
3.8866515159606934  3.889699935913086  1.3433684409344753  0.14657351349516776
3.889699935913086  3.8927531242370605  1.2395448466591683  0.14135597177113352
3.8927531242370605  3.895811080932617  1.2376119839636135  0.14113555079534817
3.895811080932617  3.898873805999756  1.1262280105570617  0.13435892209085773
3.898873805999756  3.9019412994384766  1.3509084994152147  0.14652659962462816
3.9019412994384766  3.9050137996673584  1.4082534835104523  0.14989805746978074
3.9050137996673584  3.9080910682678223  1.283247019657886  0.14258300218420955
3.9080910682678223  3.911173105239868  1.1843983356913605  0.13710111583777324
3.911173105239868  3.914259910583496  1.1628710771271715  0.13620172081266868
3.914259910583496  3.9173517227172856  1.397508470919356  0.14906488300666215
3.9173517227172856  3.9204485416412354  1.257457589031052  0.14091429543805442
3.9204485416412354  3.9235501289367676  1.1592716293858003  0.13543990970392242
3.9235501289367676  3.926656723022461  1.2378078861269408  0.13959155551671165
3.926656723022461  3.9297680854797363  1.3730582362602954  0.14729717034108789
3.9297680854797363  3.932884454727173  1.4079403329443752  0.14840994205733427
3.932884454727173  3.9360058307647705  1.3081090210479243  0.14335811224092612
3.9360058307647705  3.9391322135925293  1.1052236570373217  0.13150896079506766
3.9391322135925293  3.94226336479187  1.0704763030716593  0.1295649977081331
3.94226336479187  3.9453997611999507  1.4087304892636523  0.14858103683841486
3.9453997611999507  3.9485409259796147  1.0961861277037983  0.1311173529369277
3.9485409259796147  3.9516870975494385  1.282303988774921  0.1413816489622909
3.9516870975494385  3.9548385143280034  1.514128782138172  0.1532397852411939
3.9548385143280034  3.9579946994781494  1.1893752690719694  0.13554189129027863
3.9579946994781494  3.961156129837036  1.1411395331001999  0.13265477620012264
3.961156129837036  3.964322566986084  1.1509257205306702  0.13355646786813116
3.964322566986084  3.967494010925293  1.4411789189925555  0.14923401365202493
3.967494010925293  3.970670461654663  1.4561521158328692  0.14968995447225047
3.970670461654663  3.9738521575927734  1.1894800529274867  0.1356466522668517
3.9738521575927734  3.977038860321045  1.497363028752445  0.15154298079592898
3.977038860321045  3.980230569839478  1.1895239328112248  0.1350076579594217
3.980230569839478  3.9834277629852295  1.263725296568845  0.13902212986424609
3.9834277629852295  3.9866297245025635  1.2238648791625015  0.13755217348102192
3.9866297245025635  3.9898369312286377  1.288302346955648  0.14034719445298627
3.9898369312286377  3.993049383163452  1.1666674351238036  0.1332746794134128
3.993049383163452  3.9962670803070073  1.5416716747139698  0.15320437896077133
3.9962670803070073  3.9994897842407227  1.3426176401569652  0.14291161253335286
3.9994897842407227  4.002717971801758  1.268560479009468  0.138411295683103
4.002717971801758  4.005950927734375  1.1574044417215148  0.1325354978590958
4.005950927734375  4.009189605712891  1.125253569962296  0.13057740354510083
4.009189605712891  4.012433052062988  1.3941548156976638  0.14514491023913428
4.012433052062988  4.015682220458984  1.3298275499621963  0.14184571491272913
4.015682220458984  4.0189361572265625  1.2960622306854126  0.1401430695457758
4.0189361572265625  4.022195816040039  1.1497715784711915  0.1313445750743362
4.022195816040039  4.025460720062256  1.207652730510439  0.13449118723188047
4.025460720062256  4.028730869293213  1.0864506816933734  0.12748287460770574
4.028730869293213  4.03200626373291  1.334063889836422  0.14149499377759894
4.03200626373291  4.035286903381348  1.1387450173422495  0.13071355532888862
4.035286903381348  4.038572788238525  1.1814374576761877  0.1330109572593984
4.038572788238525  4.041864395141602  1.136781416032431  0.13017393531575686
4.041864395141602  4.045161247253418  1.0351164838123252  0.12372008354461128
4.045161247253418  4.048463344573975  0.9430641690191131  0.11822510679316371
4.048463344573975  4.0517706871032715  1.1626756600514734  0.1311186540068305
4.0517706871032715  4.055083751678467  0.9859060978046178  0.12044760015628328
4.055083751678467  4.058402061462402  1.067050723370997  0.12584481033441972
4.058402061462402  4.061726093292236  1.0945468156113503  0.12732890393927707
4.061726093292236  4.0650553703308105  1.138562310042373  0.12953141004806268
4.0650553703308105  4.068389892578125  1.264740263434471  0.1367562285972221
4.068389892578125  4.071730136871338  1.6018729381474837  0.15324848386133083
4.071730136871338  4.075076103210449  1.118312970624465  0.12805909583649275
4.075076103210449  4.078427314758301  1.2492882633786084  0.13500500934130685
4.078427314758301  4.081783771514893  1.2001712348882712  0.13262229647803386
4.081783771514893  4.085145950317383  1.1020046762363183  0.1264086057637729
4.085145950317383  4.0885138511657715  1.2123575890952445  0.1328645338707493
4.0885138511657715  4.091887474060059  1.4126135301194904  0.1432366603825654
4.091887474060059  4.095266342163086  1.224634205642236  0.13312033181134222
4.095266342163086  4.098650932312012  1.1613870744844443  0.12993280724641496
4.098650932312012  4.102040767669678  1.3501079456712168  0.13952797779002804
4.102040767669678  4.1054368019104  1.1287623682957921  0.1278936353757527
4.1054368019104  4.108838081359863  1.2793741304661153  0.13653735563922953
4.108838081359863  4.112245082855225  1.291534724486883  0.13705706196076797
4.112245082855225  4.115657806396484  1.3803778672899574  0.1409625935170138
4.115657806396484  4.119075775146484  1.137544910212584  0.12777252660078783
4.119075775146484  4.122499942779541  1.3240932805305523  0.13730207712273246
4.122499942779541  4.125929832458496  1.007423732429473  0.1198718895388379
4.125929832458496  4.129364967346191  1.2329591683604717  0.13246915030833364
4.129364967346191  4.132806301116943  1.0430713478983988  0.12217013158941535
4.132806301116943  4.1362528800964355  1.1298503475319586  0.1266142628282116
4.1362528800964355  4.139705657958984  1.2249138866609093  0.1318857091814625
4.139705657958984  4.143164157867432  1.295110646365466  0.13529704838106799
4.143164157867432  4.146628379821777  1.4408164085538473  0.1432525946081423
4.146628379821777  4.1500983238220215  1.4998488566979788  0.14549938173268243
4.1500983238220215  4.153573989868164  1.3430869608872877  0.13760893738382396
4.153573989868164  4.157055854797363  1.2286827426945524  0.13153131931401219
4.157055854797363  4.160542964935303  1.2006013831566882  0.12974363539596673
4.160542964935303  4.164036273956299  1.208976939360422  0.13044780267957817
4.164036273956299  4.167535781860352  1.346145850414801  0.13746685949056653
4.167535781860352  4.1710405349731445  1.3631991179196983  0.13770390576979125
4.1710405349731445  4.174551486968994  1.300101126532975  0.13489148835390433
4.174551486968994  4.1780686378479  1.256226246357153  0.13249617269584263
4.1780686378479  4.181591510772705  1.3233790555428055  0.13585210580911153
4.181591510772705  4.185120105743408  1.1433299618832073  0.1260589351152789
4.185120105743408  4.188654899597168  1.3102379219179618  0.1344275743968867
4.188654899597168  4.192195415496826  1.1945591182911306  0.12861743032767273
4.192195415496826  4.195742130279541  1.1391877001200497  0.12532177745894602
4.195742130279541  4.1992950439453125  1.2539111442571398  0.13205463310016868
4.1992950439453125  4.202853679656982  1.1747771029703427  0.12722709115730882
4.202853679656982  4.206418514251709  1.398461050372727  0.1392924834339845
4.206418514251709  4.209989547729492  1.1673239055085163  0.12696694769031816
4.209989547729492  4.213566303253174  1.1960860401487297  0.1280418202414234
4.213566303253174  4.217149257659912  1.3692206722877476  0.13699533448843554
4.217149257659912  4.220738410949707  1.125717830941003  0.12383996024174843
4.220738410949707  4.2243332862854  0.9730736763034864  0.11527026712324646
4.2243332862854  4.227934837341309  1.2301334018594927  0.12921606127284907
4.227934837341309  4.231542110443115  1.2857341546756735  0.13301341586404516
4.231542110443115  4.2351555824279785  1.254726028964093  0.13010902821566928
4.2351555824279785  4.238775730133057  1.0352790451039338  0.11826547882088542
4.238775730133057  4.242401599884033  1.2067755464023642  0.12773070173770443
4.242401599884033  4.246033668518066  0.9882953810926538  0.11575447547338986
4.246033668518066  4.2496724128723145  1.3482275103617003  0.13489489494772697
4.2496724128723145  4.253316879272461  1.091948892913066  0.12140688227453639
4.253316879272461  4.256967544555664  1.223636981057254  0.12834706912071348
4.256967544555664  4.260624885559082  1.0897525142231759  0.12088870714773937
4.260624885559082  4.264288425445557  1.2492408415692673  0.1291037868162579
4.264288425445557  4.267958164215088  1.17742267742235  0.12558948822964347
4.267958164215088  4.271634101867676  1.4141605570935267  0.13742494799729968
4.271634101867676  4.2753167152404785  1.3486775678529714  0.13378196583697036
4.2753167152404785  4.279005527496338  1.5794010443444297  0.14507330263587878
4.279005527496338  4.282700538635254  1.0555161578936882  0.11801029401998443
4.282700538635254  4.286402225494385  1.1705162587346118  0.12433326060778582
4.286402225494385  4.290110111236572  1.3641564208666745  0.13424449596142018
4.290110111236572  4.293824672698975  1.099214589445406  0.12046498109487837
4.293824672698975  4.297545433044434  1.2955423625524243  0.13045101911519608
4.297545433044434  4.301272869110107  1.095417890722747  0.12004889378650409
4.301272869110107  4.305006504058838  1.4347070660638974  0.1370247407301615
4.305006504058838  4.308746814727783  1.2432243334058974  0.1281185296565396
4.308746814727783  4.312493324279785  1.350092952610317  0.13286053208552923
4.312493324279785  4.316246509552002  1.2843497719472197  0.12932401247057232
4.316246509552002  4.320006370544434  1.1103012205339853  0.12050423202186017
4.320006370544434  4.32377290725708  1.480492519846997  0.13917496794776868
4.32377290725708  4.327545642852783  1.2373307454382507  0.12677345103522406
4.327545642852783  4.331325054168701  1.3141353591380898  0.13035555414571312
4.331325054168701  4.335111618041992  1.363152826080394  0.13263292322532155
4.335111618041992  4.338903903961182  1.500917825805478  0.13920050174923626
4.338903903961182  4.342703342437744  1.1484749577973379  0.12206243900771357
4.342703342437744  4.3465094566345215  1.0343475131856403  0.1154550712833216
4.3465094566345215  4.350322246551514  1.2243322733751176  0.1254416639057895
4.350322246551514  4.354141712188721  1.3211495053114695  0.1304771658397656
4.354141712188721  4.357967853546143  1.2104678109643383  0.12419137699453155
4.357967853546143  4.361800670623779  1.2306544901407588  0.12543279239915564
4.361800670623779  4.365640163421631  1.2554790182559077  0.12641695257772914
4.365640163421631  4.3694868087768555  1.0883845190312211  0.11761685950795892
4.3694868087768555  4.373339653015137  1.2890887198673884  0.12787105472263885
4.373339653015137  4.377199649810791  0.9662667478390959  0.11118310958862221
4.377199649810791  4.381066799163818  1.3079753796127325  0.1287158077183728
4.381066799163818  4.384940147399902  1.0667390847745526  0.11621017233667189
4.384940147399902  4.388820648193359  1.1683845966441258  0.12115583875870506
4.388820648193359  4.3927083015441895  1.0126532381022666  0.11303353109082215
4.3927083015441895  4.396602153778076  1.1612834994336894  0.12090076897460095
4.396602153778076  4.400503635406494  1.1215254528041525  0.1187074377919218
4.400503635406494  4.404411792755127  1.167965421505892  0.12118179950583179
4.404411792755127  4.408326625823975  1.217325301534153  0.12343475909947021
4.408326625823975  4.412248611450195  0.9944309674794152  0.11118076211074276
4.412248611450195  4.416177749633789  1.3757277015927543  0.1307966107578981
4.416177749633789  4.420113563537598  1.3114606968626616  0.12760334908314494
4.420113563537598  4.424056529998779  1.1298696258144816  0.1189913013942867
4.424056529998779  4.428006649017334  1.3036605264111565  0.1272892286555954
4.428006649017334  4.431963920593262  1.2550713166078442  0.12449670106746862
4.431963920593262  4.435927867889404  1.0393177907505473  0.11371861663639612
4.435927867889404  4.439899444580078  1.3196502909017624  0.12785900572061895
4.439899444580078  4.443877696990967  1.40170327391483  0.13176831737018158
4.443877696990967  4.4478631019592285  1.1942575173532186  0.12132526953913819
4.4478631019592285  4.451855659484863  1.2409607148470214  0.12354565850308905
4.451855659484863  4.455855846405029  1.130413762829361  0.11768693282233775
4.455855846405029  4.45986270904541  1.2076847567600348  0.12212105854323801
4.45986270904541  4.463877201080322  1.310045903265514  0.1262758468826885
4.463877201080322  4.467898368835449  1.1972584678571532  0.12078070807752436
4.467898368835449  4.471927165985107  1.269091804717769  0.12406959167242586
4.471927165985107  4.475963592529297  1.191239724026247  0.12039902249003939
4.475963592529297  4.480006694793701  1.1048666973669463  0.11588927481875014
4.480006694793701  4.484057426452637  1.1418666650524611  0.117381946052607
4.484057426452637  4.488115310668945  1.2074838702717905  0.1210352861962449
4.488115310668945  4.492180824279785  1.1242412608749104  0.1164151330987119
4.492180824279785  4.496253490447998  0.9607324983045316  0.10822643011102263
4.496253490447998  4.500333309173584  1.1546709205463095  0.11791366079958715
4.500333309173584  4.504420757293701  1.0108634607587133  0.11012310194712853
4.504420757293701  4.50851583480835  1.138463491191226  0.11686951067975267
4.50851583480835  4.512618064880371  1.2463741320539845  0.12184865512499429
4.512618064880371  4.516727924346924  1.1595591977718291  0.11757737234095027
4.516727924346924  4.520845413208008  1.1677874075138597  0.11802868852092453
4.520845413208008  4.524970054626465  1.2647020718272348  0.12226336406070377
4.524970054626465  4.529102802276611  1.1649337324840627  0.11751975438072725
4.529102802276611  4.533242702484131  1.342473215643103  0.1257341366199782
4.533242702484131  4.537390232086182  0.8580725650276326  0.10042979738836046
4.537390232086182  4.541545391082764  1.0736204190288205  0.11283937751579838
4.541545391082764  4.545708179473877  1.3556196488873984  0.1262692351360134
4.545708179473877  4.5498785972595215  1.1544112347861164  0.11645823361739803
4.5498785972595215  4.554056644439697  1.1523032024012068  0.11624557306753744
4.554056644439697  4.558242321014404  1.2317339025230367  0.12005595637047932
4.558242321014404  4.562435626983643  1.3559430376476882  0.12595462113268946
4.562435626983643  4.566636562347412  1.0328438265736646  0.1094812266545741
4.566636562347412  4.570845603942871  1.1785658163556478  0.11712055616035205
4.570845603942871  4.575062274932861  0.9914465135663991  0.1073725863741938
4.575062274932861  4.579286575317383  1.2738966789587445  0.12192785470465545
4.579286575317383  4.583518981933594  1.1144660648660902  0.11359044449125877
4.583518981933594  4.587759017944336  1.1929465056971726  0.11739599646828647
4.587759017944336  4.592006683349609  1.2252357577673094  0.11885934001669622
4.592006683349609  4.596262454986572  1.1183870397801907  0.11361754653312234
4.596262454986572  4.600526332855225  1.0933934759953308  0.11224282685279757
4.600526332855225  4.604797840118408  1.1841572146304151  0.11653105610582755
4.604797840118408  4.609077453613281  1.1918979238937095  0.11693545595120797
4.609077453613281  4.613365173339844  1.1385429881384963  0.11475645281487727
4.613365173339844  4.6176605224609375  1.142131897376791  0.11427430543362617
4.6176605224609375  4.621963977813721  1.12445152477059  0.11370451578269576
4.621963977813721  4.626275539398193  1.147746922125295  0.1144737968479816
4.626275539398193  4.6305952072143555  1.1117350555607663  0.11257438407922105
4.6305952072143555  4.634922981262207  1.0926921091742845  0.11094607427218754
4.634922981262207  4.63925838470459  1.2665203847006006  0.11973240678317194
4.63925838470459  4.64360237121582  1.1643995969988212  0.1145867399117457
4.64360237121582  4.64795446395874  1.0179903127254024  0.10693205990948054
4.64795446395874  4.65231466293335  1.2118297037628571  0.11706450547321205
4.65231466293335  4.656682968139648  1.0239931363968486  0.10718999529469005
4.656682968139648  4.661059379577637  1.0248500668605272  0.10684800559388835
4.661059379577637  4.665444374084473  1.0493270701818054  0.10871547653131272
4.665444374084473  4.669837474822998  1.1611075509547426  0.11391465507023679
4.669837474822998  4.674238681793213  1.1160303929715416  0.11145777016300651
4.674238681793213  4.678648471832275  1.1249135446552019  0.11178883534033605
4.678648471832275  4.683066368103027  1.1077227566600911  0.11123985384295201
4.683066368103027  4.687492847442627  1.1771018556230082  0.11399210665476964
4.687492847442627  4.691927433013916  1.0650147513235069  0.10834278297432866
4.691927433013916  4.696370601654053  1.1301473691703874  0.11135672914839327
4.696370601654053  4.700822353363037  0.8651408283712739  0.09733594785976381
4.700822353363037  4.705282211303711  1.0152547259630817  0.10548713406135225
4.705282211303711  4.709750652313232  1.187868572557501  0.11397089413271523
4.709750652313232  4.714227676391602  1.172010189421448  0.11335934643671869
4.714227676391602  4.718713283538818  1.0841629205148666  0.1088191982628214
4.718713283538818  4.723206996917725  1.1242618774514077  0.11083444742970411
4.723206996917725  4.727709770202637  1.0205417072789038  0.10594021484447773
4.727709770202637  4.732220649719238  1.2199234808469608  0.11494921863218492
4.732220649719238  4.736740589141846  0.9788544349285319  0.10303096996286105
4.736740589141846  4.741269111633301  1.010626238367556  0.10444397116029369
4.741269111633301  4.7458062171936035  1.2545243792570642  0.11634908990138475
4.7458062171936035  4.750351905822754  0.7494135081843305  0.08980966051135812
4.750351905822754  4.75490665435791  0.9781084522466447  0.10300869673674172
4.75490665435791  4.759469509124756  1.1098669374246477  0.10902562459823656
4.759469509124756  4.764041900634766  1.084909840543467  0.10781344761992154
4.764041900634766  4.768622398376465  1.15749323317501  0.11124567026148474
4.768622398376465  4.77321195602417  0.9733158157895416  0.10209092583773324
4.77321195602417  4.777810573577881  1.1873571744634455  0.11219470717995031
4.777810573577881  4.7824177742004395  1.0555496370609967  0.1059472363960216
4.7824177742004395  4.787034034729004  1.1036718801145387  0.10847134014375787
4.787034034729004  4.791659355163574  0.9156946235947255  0.09838224317744697
4.791659355163574  4.796293258666992  1.007384323719638  0.10321378314372226
4.796293258666992  4.800936698913574  1.1523023137937076  0.11023882002963879
4.800936698913574  4.805588722229004  1.046674558101737  0.1048617223363043
4.805588722229004  4.8102498054504395  0.9492134208376015  0.09991105516910079
4.8102498054504395  4.814919948577881  1.053052575320045  0.10497520018426254
4.814919948577881  4.819599151611328  1.0158940114624484  0.10340094091704821
4.819599151611328  4.824287414550781  1.0152160628598659  0.10313635097722915
4.824287414550781  4.82898473739624  1.0871911747541607  0.1064744725825107
4.82898473739624  4.833691596984863  1.0591525491425902  0.1054959584796341
4.833691596984863  4.838407039642334  1.081735652436651  0.10612758794236944
4.838407039642334  4.843132019042969  1.1724132880756726  0.11034388871544151
4.843132019042969  4.847866535186768  0.9975462974427044  0.10147929113317117
4.847866535186768  4.852610111236572  1.0457579876328211  0.10392271303050138
4.852610111236572  4.857362747192383  0.9026902958031513  0.09622710885624487
4.857362747192383  4.862124919891357  0.9457426524185366  0.0990524306458247
4.862124919891357  4.866896629333496  0.9910336347422609  0.10062422005539863
4.866896629333496  4.871677398681641  1.0172272684304158  0.10210075783546387
4.871677398681641  4.876467704772949  0.9655740911428089  0.09925937006937055
4.876467704772949  4.881267070770264  0.942179936053205  0.09808998305480292
4.881267070770264  4.8860764503479  1.0783750687606197  0.10515840951532147
4.8860764503479  4.890894889831543  1.0105251844473573  0.10124007551835573
4.890894889831543  4.89572286605835  1.1486498436641022  0.10793152001443683
4.89572286605835  4.9005608558654785  1.0366722639830943  0.10233041258466279
4.9005608558654785  4.905407905578613  1.0084028475060058  0.10145241761114411
4.905407905578613  4.91026496887207  0.8017434038838598  0.08984565989812618
4.91026496887207  4.915131092071533  0.9680905826745934  0.09886029219022711
4.915131092071533  4.920007228851318  0.9173480464044135  0.09602655455648891
4.920007228851318  4.924893379211426  0.9042573234244521  0.09537345269879334
4.924893379211426  4.929788589477539  0.8341010765419552  0.09141069576554671
4.929788589477539  4.934693813323975  1.1082265974819374  0.10541374364197081
4.934693813323975  4.939609050750732  1.0203799757831273  0.1007221930620866
4.939609050750732  4.944533824920654  0.9466619347744236  0.09718003076275328
4.944533824920654  4.949468612670898  0.986699873305686  0.09885312234157741
4.949468612670898  4.954412937164307  1.023018644870215  0.10067366193422733
4.954412937164307  4.959367275238037  1.1304096243022335  0.10558134366267005
4.959367275238037  4.96433162689209  0.8679446868051115  0.09296632909158671
4.96433162689209  4.969305992126465  0.9764267827574921  0.09818760007634472
4.969305992126465  4.974290370941162  1.0111710649562495  0.10004209304912115
4.974290370941162  4.979284763336182  1.0103501563437913  0.09978251846252841
4.979284763336182  4.984288692474365  0.9024589918828202  0.09414234423424724
4.984288692474365  4.989303112030029  1.0476074613955089  0.10115289108451563
4.989303112030029  4.994327545166016  0.9678960418794107  0.09714930227373644
4.994327545166016  4.999362468719482  1.0542207020964431  0.1011479542492352
4.999362468719482  5.004406929016113  0.8964024063120815  0.09332410241483992
5.004406929016113  5.009461879730225  0.8656090231906024  0.09162005999561403
5.009461879730225  5.014527320861816  0.7868212166141163  0.0872838542618056
5.014527320861816  5.0196027755737305  0.8717175111506533  0.09175409284836153
5.0196027755737305  5.024688243865967  0.9574643215040359  0.09592414093886399
5.024688243865967  5.029784202575684  0.8371449982259973  0.08999587436274464
5.029784202575684  5.034890651702881  0.8652465022999682  0.09125891958208379
5.034890651702881  5.040007591247559  1.017090684017444  0.09866731906334265
5.040007591247559  5.045134544372559  1.069807193279452  0.10130210882913476
5.045134544372559  5.050272464752197  0.9133601122526814  0.09380866228782705
5.050272464752197  5.055420398712157  0.8369926022906239  0.08965102372848058
5.055420398712157  5.0605788230896  0.9072872665021389  0.09259961887728237
5.0605788230896  5.06574821472168  0.9879088887098274  0.09675122492485132
5.06574821472168  5.070927619934082  0.9471850609068434  0.09476919014418195
5.070927619934082  5.076117992401123  0.8794345057108216  0.09124538619658222
5.076117992401123  5.0813188552856445  0.9350619412563812  0.09385369011262133
5.0813188552856445  5.086530685424806  1.0816032149339232  0.1009072527859049
5.086530685424806  5.091753005981445  0.7153547954086934  0.08211370166754078
5.091753005981445  5.096985816955566  1.0329867196213136  0.09821068640833611
5.096985816955566  5.102230072021484  0.9622119965034435  0.09502837773927282
5.102230072021484  5.107484340667725  1.0868370473444935  0.10115926888532478
5.107484340667725  5.112750053405762  1.0624214073116918  0.09939136659617724
5.112750053405762  5.118026256561279  0.8824661605777725  0.09076536449452224
5.118026256561279  5.1233134269714355  0.8275903007615057  0.08759598268520059
5.1233134269714355  5.1286115646362305  0.935160117488445  0.09310123289050173
5.1286115646362305  5.133920669555664  0.8207663075419431  0.08741310061161225
5.133920669555664  5.139240741729736  0.9118443848856289  0.09186371799278434
5.139240741729736  5.1445722579956055  0.8287205789401986  0.08740647256994323
5.1445722579956055  5.149914264678955  0.8019707027325552  0.08567070247191415
5.149914264678955  5.155267715454102  1.02229394771767  0.09712173948453441
5.155267715454102  5.160632133483887  0.9178874060659302  0.09133321054609785
5.160632133483887  5.1660075187683105  0.9681894908357307  0.0939234454775774
5.1660075187683105  5.1713948249816895  0.9852643293889485  0.09453188607874617
5.1713948249816895  5.176792621612549  0.999180518552112  0.09531467607350576
5.176792621612549  5.182202339172362  0.9800687525677366  0.09419355738492709
5.182202339172362  5.187623023986816  0.9331175517819776  0.09182663622412318
5.187623023986816  5.193054676055908  0.8616481124591193  0.08794159222321245
5.193054676055908  5.198498249053955  0.899005898778534  0.09028006708610287
5.198498249053955  5.203953266143799  0.8389787924629964  0.08670492955500954
5.203953266143799  5.2094197273254395  0.9331196673888734  0.09154707930583493
5.2094197273254395  5.214897632598877  0.9322702178362846  0.09130223097234619
5.214897632598877  5.220386981964111  0.8071878347490595  0.08569854427558546
5.220386981964111  5.225887775421143  0.9971018500468678  0.0944174994912324
5.225887775421143  5.231400012969971  0.791613188903909  0.08413438702538595
5.231400012969971  5.236924648284912  0.8163100522407321  0.08532568691345806
5.236924648284912  5.242460250854492  0.9753949406122061  0.09289028075450925
5.242460250854492  5.248007774353027  0.8305181479241082  0.08587770139170339
5.248007774353027  5.253567218780517  0.7761221828533026  0.08295778431985101
5.253567218780517  5.259138107299805  0.7493559123434971  0.08132978425851371
5.259138107299805  5.264721393585205  0.9299792756919296  0.09053023284741828
5.264721393585205  5.270316123962403  0.8888155844271745  0.08800585670799435
5.270316123962403  5.275922775268555  0.7108693471758021  0.07885834187985268
5.275922775268555  5.281541347503661  0.8384421960617658  0.08562074868891006
5.281541347503661  5.287172317504883  0.9394196974140917  0.09059481772526913
5.287172317504883  5.2928147315979  0.7668453748837656  0.08162495844726883
5.2928147315979  5.298469543457031  0.902039283830512  0.08849782588431498
5.298469543457031  5.304136276245117  0.9012050035765093  0.08825984764475875
5.304136276245117  5.309815406799316  0.8831298732470593  0.08717417011620392
5.309815406799316  5.315506458282471  0.7699168538249493  0.0813237490025155
5.315506458282471  5.321209907531738  0.8730255344059287  0.08711401579782133
5.321209907531738  5.326925277709962  0.9212341778030904  0.0886458000902163
5.326925277709962  5.332653045654297  0.7799004934212279  0.08180362647255533
5.332653045654297  5.338393211364746  0.9066622470668875  0.08795472677095281
5.338393211364746  5.344145774841309  0.8771889537089581  0.08663147367179398
5.344145774841309  5.349910736083984  0.7590009309217184  0.08033616675049662
5.349910736083984  5.355688571929932  1.018879194850778  0.09290975071489777
5.355688571929932  5.361478328704833  0.7852689349359391  0.08195975033163273
5.361478328704833  5.367280960083008  0.8727353705493326  0.08573146534475848
5.367280960083008  5.373095989227295  0.8677660957396367  0.08570086907556559
5.373095989227295  5.378923416137694  0.7404311046466401  0.07914285307136372
5.378923416137694  5.384763717651367  0.8577270080677404  0.08481926495080924
5.384763717651367  5.390616893768311  0.8995448354499292  0.08655874214919237
5.390616893768311  5.396482467651367  0.8135011073208767  0.08233165926829905
5.396482467651367  5.402360916137695  0.8127444448985872  0.0820995869084982
5.402360916137695  5.408252239227295  0.8399779579001956  0.08377758568186562
5.408252239227295  5.414156436920166  0.5553623912168711  0.06846040956513816
5.414156436920166  5.420073509216309  0.8280834665172808  0.08300509997018649
5.420073509216309  5.426003932952881  0.641208879941323  0.07260260888471395
5.426003932952881  5.431946754455566  0.9095720341109119  0.08647709802175081
5.431946754455566  5.437902927398682  0.7683866292351837  0.07940952638774391
5.437902927398682  5.4438719749450675  0.6758780730098254  0.07451958139105311
5.4438719749450675  5.449854373931885  0.7395633021430078  0.07784397929840707
5.449854373931885  5.455849647521973  0.891472483589114  0.08542966687992688
5.455849647521973  5.46185827255249  0.9898636559769256  0.08961804457424588
5.46185827255249  5.4678802490234375  0.7832766483293545  0.07983441169565389
5.4678802490234375  5.4739155769348145  0.8926354645218231  0.08529356599650939
5.4739155769348145  5.479963779449463  0.6357866901700583  0.07169969916362159
5.479963779449463  5.486025810241699  0.8524685744876584  0.08279906745037131
5.486025810241699  5.492101192474365  0.7734158704246005  0.07928334168852123
5.492101192474365  5.498189926147461  0.8767990555727728  0.08416543481726618
5.498189926147461  5.5042924880981445  0.7859487007944828  0.07973469072811726
5.5042924880981445  5.510408401489258  0.6925181544416682  0.07440416020748757
5.510408401489258  5.516537666320801  0.8341805397588635  0.08155157772213523
5.516537666320801  5.522680759429931  0.7658719242908062  0.0783598053191745
5.522680759429931  5.528837680816651  0.6532968499704858  0.07235285448029102
5.528837680816651  5.535008430480957  0.8117951004417584  0.08027713137453205
5.535008430480957  5.541192531585693  0.7617676302100567  0.07779083058071305
5.541192531585693  5.547390937805176  0.801279856645011  0.07948289269627833
5.547390937805176  5.553603172302246  0.8544301806444843  0.08197891072441467
5.553603172302246  5.559828758239746  0.8056124992625977  0.07952239323559962
5.559828758239746  5.56606912612915  0.795891866472721  0.07894843143263713
5.56606912612915  5.572322845458984  0.7270099434228525  0.07587916801574777
5.572322845458984  5.5785908699035645  0.9158645418390979  0.08457760553078844
5.5785908699035645  5.584873199462891  0.7585761461552484  0.07691835842175715
5.584873199462891  5.591169357299804  0.6959222697971877  0.07350794792071792
5.591169357299804  5.597480297088622  0.8092119578770864  0.07925047445487821
5.597480297088622  5.603805065155029  0.7852711743461276  0.07789491270798982
5.603805065155029  5.610144138336182  0.6816191458885515  0.07270473156426478
5.610144138336182  5.61649751663208  0.726124626876784  0.0749365367301706
5.61649751663208  5.622865676879884  0.6708502427253598  0.071966606999286
5.622865676879884  5.629248142242432  0.6626523312150078  0.0713473604918269
5.629248142242432  5.635644912719727  0.7364416247628942  0.07520456815514483
5.635644912719727  5.642056465148926  0.7033889829883325  0.07352249059789713
5.642056465148926  5.648482322692871  0.7425702820683133  0.07515299351878847
5.648482322692871  5.654922962188721  0.7087173017444504  0.07353268888352686
5.654922962188721  5.661378383636475  0.8071381685439788  0.07816433196012901
5.661378383636475  5.667848587036133  0.8269673470206444  0.07911457214596673
5.667848587036133  5.674333572387695  0.6916230818857293  0.07210669083387553
5.674333572387695  5.680833339691162  0.7116247758506828  0.07315381349254614
5.680833339691162  5.687347888946533  0.6061656156757552  0.06735173507508392
5.687347888946533  5.693877696990966  0.8026411036163484  0.07776673423741641
5.693877696990966  5.700422286987305  0.7225700242524196  0.07336587031652003
5.700422286987305  5.706982135772705  0.7162965475815828  0.07342800439437734
5.706982135772705  5.71355676651001  0.6747776312592068  0.07073591590081603
5.71355676651001  5.720147132873535  0.8331671613991652  0.07876470895540116
5.720147132873535  5.726752281188965  0.758406034855276  0.0749975712617434
5.726752281188965  5.733372688293457  0.5633772200920111  0.06482478191586695
5.733372688293457  5.74000883102417  0.8558975840710337  0.07963124085708974
5.74000883102417  5.746659755706787  0.6936395561016826  0.07158405616524183
5.746659755706787  5.753326416015624  0.7943812032274824  0.07647737831382197
5.753326416015624  5.760008811950684  0.6967666666755925  0.07166538876350471
5.760008811950684  5.766706466674805  0.5805155856759079  0.06520528767438752
5.766706466674805  5.773419380187988  0.8043301509850193  0.07659918094041042
5.773419380187988  5.780148506164551  0.6421091925625287  0.06849041251525909
5.780148506164551  5.786893367767334  0.7571523692119645  0.07415199925134769
5.786893367767334  5.793653488159181  0.6400565226069272  0.06812923279300313
5.793653488159181  5.800429821014404  0.6618868421396912  0.06900647353042262
5.800429821014404  5.80722188949585  0.5213146576761279  0.06148231080575868
5.80722188949585  5.814029693603515  0.7492669235096616  0.07350954102137902
5.814029693603515  5.8208537101745605  0.6894506324251097  0.07054079882095225
5.8208537101745605  5.827693939208984  0.8303608698164223  0.07725534883291167
5.827693939208984  5.834549903869629  0.6613099073229862  0.06857464291405911
5.834549903869629  5.841422080993652  0.6828653351042633  0.07013518846456679
5.841422080993652  5.848310470581055  0.6643996528988425  0.06866290974036475
5.848310470581055  5.855215549468994  0.549829324236796  0.062404099064395764
5.855215549468994  5.862136363983154  0.6674604467454501  0.06874791467365884
5.862136363983154  5.869073867797852  0.6518001963279613  0.06785866241298999
5.869073867797852  5.876027584075928  0.6914794119099074  0.06988807003896204
5.876027584075928  5.882997989654541  0.5840476714095857  0.06429045792522471
5.882997989654541  5.889985084533691  0.6253794348792999  0.06632970123922249
5.889985084533691  5.896988391876221  0.667419980490545  0.06824997058320882
5.896988391876221  5.904008865356445  0.6032899442279995  0.06481748005306226
5.904008865356445  5.911046028137206  0.62700151765648  0.06626592548328271
5.911046028137206  5.918099403381348  0.6963872719798561  0.06954808130100193
5.918099403381348  5.925169944763184  0.7162339306862998  0.0703578501335666
5.925169944763184  5.932257652282715  0.6362868854454468  0.06650857162132165
5.932257652282715  5.939362049102783  0.6107358958395857  0.06473787548337458
5.939362049102783  5.946483612060546  0.6067254720752284  0.06471621703484812
5.946483612060546  5.953622341156006  0.5719645749635058  0.06268266667082931
5.953622341156006  5.96077823638916  0.568908433442082  0.0626239697441817
5.96077823638916  5.967951297760009  0.6363520969662619  0.06602446511666027
5.967951297760009  5.975141525268555  0.6288905800367621  0.06547355125979637
5.975141525268555  5.982348918914795  0.5597513541472534  0.0617159192757568
5.982348918914795  5.989573955535889  0.73806829098809  0.07096814522930998
5.989573955535889  5.996816635131836  0.5570242753266005  0.06141524260010954
5.996816635131836  6.004076957702636  0.8124938917064741  0.07386308106422493
6.004076957702636  6.011354446411132  0.5945538802908924  0.0632858166234132
6.011354446411132  6.018649578094482  0.5872591530630579  0.062734092410794
6.018649578094482  6.025962829589844  0.6449762529667743  0.06573833117978828
6.025962829589844  6.033293724060059  0.6109950252431849  0.06382915909378731
6.033293724060059  6.040642261505127  0.5490001763633596  0.06053053791791992
6.040642261505127  6.048008918762206  0.6287004799779289  0.06450330824029007
6.048008918762206  6.0553936958313  0.5941495477468683  0.06262886138796893
6.0553936958313  6.062796592712402  0.5252123617652034  0.058993460268892566
6.062796592712402  6.07021713256836  0.556812850894657  0.06065899176781087
6.07021713256836  6.077656269073486  0.6062283357004198  0.06336666935321088
6.077656269073486  6.085113525390625  0.7518122892804783  0.07010685746482036
6.085113525390625  6.092588901519775  0.6497470305368475  0.06533731224063458
6.092588901519775  6.100082874298096  0.506622451277236  0.057500239154461376
6.100082874298096  6.107595443725585  0.5362110645750263  0.05925283052421395
6.107595443725585  6.115126132965087  0.5584154923752845  0.06063992177759999
6.115126132965087  6.122675895690917  0.560197148570179  0.06031607529735173
6.122675895690917  6.130244255065917  0.5781452403505277  0.061193564516979854
6.130244255065917  6.137831211090088  0.5253222163340318  0.05827517967588789
6.137831211090088  6.145436763763428  0.5055998983145467  0.05701811813112079
6.145436763763428  6.153061389923097  0.605058444559421  0.06244242747921681
6.153061389923097  6.160705089569092  0.5660687037430226  0.06025378248949747
6.160705089569092  6.168367385864258  0.5074318200512665  0.05699629539326947
6.168367385864258  6.17604923248291  0.5942051269188263  0.06165152257913081
6.17604923248291  6.1837496757507315  0.5959712023208003  0.06198767469087354
6.1837496757507315  6.191470146179199  0.5730690623609713  0.060319348050018394
6.191470146179199  6.199209213256836  0.5023981464204438  0.056430897761826686
6.199209213256836  6.206967830657959  0.6441010143015728  0.06392411181386866
6.206967830657959  6.214745998382568  0.5531838976686381  0.05937589729840738
6.214745998382568  6.222543716430664  0.5916275012845514  0.06105634534292136
6.222543716430664  6.230360984802246  0.6922430557936738  0.06570480314107088
6.230360984802246  6.2381978034973145  0.577771673375887  0.06003171067087481
6.2381978034973145  6.246054649353027  0.49019571364169523  0.055151326650406916
6.246054649353027  6.253931045532227  0.5802930736299483  0.060089322242379097
6.253931045532227  6.26182746887207  0.5294300434461151  0.05733670176974612
6.26182746887207  6.269743919372559  0.5588821340011778  0.05882607904336587
6.269743919372559  6.277680397033691  0.5689981170883391  0.05935651047790138
6.277680397033691  6.285636901855469  0.5254321898278597  0.05690373854171136
6.285636901855469  6.293613433837891  0.5920993057931977  0.060233613203088024
6.293613433837891  6.301610469818115  0.48084898802200343  0.05422687879025558
6.301610469818115  6.309628009796143  0.6437966332761038  0.06264054022435342
6.309628009796143  6.3176655769348145  0.47617520120108187  0.05407969777633019
6.3176655769348145  6.325723648071289  0.5468164981369295  0.05790951184190686
6.325723648071289  6.333802700042725  0.5808567083469658  0.05965816774782131
6.333802700042725  6.341902256011963  0.4807817209443658  0.053877775328053296
6.341902256011963  6.350022315979004  0.5336025436935106  0.056679728821319
6.350022315979004  6.358163356781006  0.5374756196827492  0.05688890388411552
6.358163356781006  6.366325378417969  0.5002559824606948  0.05482398800777604
6.366325378417969  6.374508380889893  0.6352638968961015  0.06173351926526328
6.374508380889893  6.382712364196777  0.7056831930438199  0.06489182100980645
6.382712364196777  6.390937328338623  0.822429011142586  0.06994390235928814
6.390937328338623  6.399183750152588  1.134348959320369  0.08194367891367355
6.399183750152588  6.407451629638672  1.0672719318161317  0.07932969793728353
6.407451629638672  6.415740489959717  0.8815137594799178  0.07206432254117645
6.415740489959717  6.424051284790039  0.6687332869478123  0.06263261082877106
6.424051284790039  6.432383060455322  0.46665838244169877  0.05241649806412448
6.432383060455322  6.440736770629883  0.5763160374130586  0.05813937503383544
6.440736770629883  6.449112415313721  0.42418894250231454  0.04977384310046377
6.449112415313721  6.457509517669678  0.46883372233093584  0.052331764848578814
6.457509517669678  6.46592903137207  0.4502147617780964  0.051219816784027504
6.46592903137207  6.474370002746582  0.3732734444236215  0.04669711803729964
6.474370002746582  6.482833385467529  0.382381744873543  0.04736720495758834
6.482833385467529  6.491318702697754  0.4050851205784556  0.04858011355923957
6.491318702697754  6.499826431274414  0.5501083762482809  0.056145201043303054
6.499826431274414  6.508356094360352  0.3200713492432208  0.04277133314966425
6.508356094360352  6.516908645629883  0.444620586520419  0.05034336790249707
6.516908645629883  6.52548360824585  0.5337217030404648  0.05515789323857584
6.52548360824585  6.534080982208252  0.3104782900889832  0.04214828750579905
6.534080982208252  6.542701244354248  0.3838742729191984  0.0466787221470612
6.542701244354248  6.55134391784668  0.38357602766292204  0.04651542580909027
6.55134391784668  6.560009956359863  0.36003938406594876  0.045004923008243596
6.560009956359863  6.568698406219482  0.3471949674973604  0.04422589630355819
6.568698406219482  6.5774102210998535  0.3238795712859055  0.04266367361936766
6.5774102210998535  6.586145401000977  0.401838268287918  0.047357094074441004
6.586145401000977  6.594903469085693  0.3882791189613997  0.046654851895308956
6.594903469085693  6.603684902191162  0.43165953783209426  0.0491088349780394
6.603684902191162  6.612489700317383  0.41458752465427073  0.04799095923192242
6.612489700317383  6.621318340301514  0.3699743757789081  0.04519956391498008
6.621318340301514  6.6301703453063965  0.3669557412666938  0.04520482671032541
6.6301703453063965  6.6390461921691895  0.4215752721001327  0.04827499062451217
6.6390461921691895  6.647945404052734  0.39375442539833777  0.046524079399020715
6.647945404052734  6.656868934631348  0.4534527364032341  0.04977290405160111
6.656868934631348  6.665816307067871  0.3303520985829801  0.04268506823644537
6.665816307067871  6.674787998199463  0.2927621595544823  0.03997694999519824
6.674787998199463  6.683783531188965  0.33875272992005295  0.043184848512859315
6.683783531188965  6.692803382873535  0.397961826907525  0.04661143157542877
6.692803382873535  6.701848030090332  0.4359341124949902  0.048548142080171094
6.701848030090332  6.710916519165039  0.44958698371135336  0.04938007730842019
6.710916519165039  6.720010280609131  0.4758052184468355  0.05064590914511731
6.720010280609131  6.729128360748291  0.2713609368752462  0.038275623914403575
6.729128360748291  6.7382707595825195  0.3352881362652366  0.04236686721427474
6.7382707595825195  6.747438907623291  0.29580938828684405  0.03992418695361551
6.747438907623291  6.756631374359131  0.33876539944275125  0.04246855817733472
6.756631374359131  6.7658491134643555  0.3451459966043838  0.04320802922204697
6.7658491134643555  6.775092124938965  0.4265785310464803  0.04750625046309768
6.775092124938965  6.784360408782959  0.3307341378100212  0.041791425893877125
6.784360408782959  6.793653964996338  0.33572887460310685  0.04196610932538836
6.793653964996338  6.80297327041626  0.3171677639076462  0.04098150943454057
6.80297327041626  6.812317848205566  0.3489023407658974  0.04274335158173898
6.812317848205566  6.821688175201416  0.3986853452401749  0.04576404562937019
6.821688175201416  6.831084728240967  0.3450487153820008  0.04262416593911096
6.831084728240967  6.8405070304870605  0.36218600045943405  0.04328950696495154
6.8405070304870605  6.849955081939697  0.29736585123039805  0.03942268262215977
6.849955081939697  6.859429359436035  0.33898028275933934  0.04184299671155525
6.859429359436035  6.868929862976074  0.2764665745842996  0.03775177244326717
6.868929862976074  6.878457069396973  0.3665348373420816  0.04353180971168441
6.878457069396973  6.888010501861572  0.2959778469154324  0.03886379528396646
6.888010501861572  6.897590160369873  0.299627660589222  0.039131008564684024
6.897590160369873  6.907196998596191  0.28355585941855066  0.03801744412213996
6.907196998596191  6.916830539703369  0.30301240583484873  0.039239834598341856
6.916830539703369  6.926490783691406  0.22080479283383267  0.03356954136561825
6.926490783691406  6.936178207397461  0.20633182159889116  0.03222361677642757
6.936178207397461  6.945892810821533  0.28982689696344666  0.038300378658612244
6.945892810821533  6.955634593963623  0.213333723378338  0.03295724056583057
6.955634593963623  6.9654035568237305  0.16283538976812964  0.028828723550128877
6.9654035568237305  6.975200176239014  0.22332249342525134  0.03342845177664911
6.975200176239014  6.985024452209473  0.2326185747274544  0.034065071668169876
6.985024452209473  6.994876384735107  0.19237795965141688  0.03095199183291677
6.994876384735107  7.004756450653076  0.1677682312111598  0.0287720142845752
7.004756450653076  7.014664173126221  0.2411087091324907  0.034444101304641525
7.014664173126221  7.024599552154541  0.18646177222456997  0.030248093676830286
7.024599552154541  7.0345635414123535  0.21957123982684668  0.032866938253792874
7.0345635414123535  7.044556140899658  0.11160918509516538  0.023460639808948917
7.044556140899658  7.054576873779297  0.24265335696605642  0.034443896354575
7.054576873779297  7.0646257400512695  0.21831626757990805  0.03254466766018053
7.0646257400512695  7.074703693389893  0.25154845327120057  0.03488349409742196
7.074703693389893  7.084810733795166  0.1296396404147101  0.02512119406130957
7.084810733795166  7.094946384429932  0.10522403787214474  0.02262386877386743
7.094946384429932  7.105111122131348  0.07614591856013718  0.019258631428059385
7.105111122131348  7.115304946899414  0.1189709959089831  0.023971454337297568
7.115304946899414  7.125527858734131  0.11268479059582419  0.02354240399215442
7.125527858734131  7.135780334472656  0.1658416487131768  0.02818132341830114
7.135780334472656  7.14606237411499  0.14165754392997854  0.02602344453905204
7.14606237411499  7.156374454498291  0.12291862942492426  0.024106326539298808
7.156374454498291  7.1667160987854  0.15556611106839052  0.02708058396092916
7.1667160987854  7.177087306976318  0.1216368682476422  0.02402579536497753
7.177087306976318  7.187489032745361  0.19216270686729037  0.030010772826162213
7.187489032745361  7.197920799255371  0.14897113349408428  0.026487737713457846
7.197920799255371  7.208383083343506  0.10251486005959173  0.021856241601800115
7.208383083343506  7.218875408172607  0.12952562043601948  0.02464077396939088
7.218875408172607  7.229398727416992  0.134349453145831  0.02494806713581707
7.229398727416992  7.239952564239502  0.10105463104912611  0.021727418545038
7.239952564239502  7.250537395477295  0.10997035844212374  0.022621829852506724
7.250537395477295  7.261152744293213  0.10046905709326692  0.021601516245500225
7.261152744293213  7.271799564361572  0.10989602347973204  0.022432431857188576
7.271799564361572  7.282477855682373  0.12783415859745317  0.024158385193432184
7.282477855682373  7.293187618255615  0.10868753413616487  0.02235794207773572
7.293187618255615  7.303928375244141  0.13050767104821115  0.02454696711353796
7.303928375244141  7.314701080322266  0.1402902774948344  0.02519687766087979
7.314701080322266  7.32550573348999  0.09475434091193455  0.020677092364504338
7.32550573348999  7.3363423347473145  0.11247022556100654  0.022494045112201308
7.3363423347473145  7.347210884094238  0.11662520422688596  0.02287208431267828
7.347210884094238  7.35811185836792  0.133614523413767  0.02454588752003758
7.35811185836792  7.369045257568359  0.08026162541722678  0.01891784653385854
7.369045257568359  7.380011081695557  0.09780747682599913  0.020852624124237783
7.380011081695557  7.39100980758667  0.11858169698573663  0.023137111534039013
7.39100980758667  7.402040958404541  0.12374505695648684  0.02338561762002768
7.402040958404541  7.413105487823486  0.11401490623970942  0.022520300344262247
7.413105487823486  7.424202919006348  0.09225448419728977  0.020131578906342273
7.424202919006348  7.435333251953125  0.12648109356174064  0.023637687690310206
7.435333251953125  7.446497440338135  0.10480324658332793  0.02139287312635316
7.446497440338135  7.457695484161377  0.10883999089164684  0.02176799817832937
7.457695484161377  7.468926906585693  0.11285719113286115  0.02213311614752806
7.468926906585693  7.480192184448242  0.08168983481389952  0.01892489667670538
7.480192184448242  7.491491794586182  0.11649061964752455  0.02241863020385487
7.491491794586182  7.5028252601623535  0.09463474186164179  0.020176194757030308
7.5028252601623535  7.514193058013916  0.10721469572564742  0.021442939145129482
7.514193058013916  7.525595664978027  0.1111628938210769  0.02180083710696592
7.525595664978027  7.537032604217529  0.05967725969629699  0.015949418540362605
7.537032604217529  7.54850435256958  0.07172011305139336  0.017585653806719545
7.54850435256958  7.560011386871338  0.0889706037926208  0.019414977452648093
7.560011386871338  7.5715532302856445  0.08447835888781439  0.018889935310077655
7.5715532302856445  7.583130836486816  0.058952185906741485  0.015755634418887852
7.583130836486816  7.594743251800538  0.09236145627098634  0.019691528640621677
7.594743251800538  7.606391906738282  0.03348149620335745  0.011837496504832849
7.606391906738282  7.618075847625732  0.03755292840043531  0.012517642800145102
7.618075847625732  7.629796028137207  0.04159645788843215  0.013153954952272374
7.629796028137207  7.641552448272705  0.06220235277467697  0.01606057842608284
7.641552448272705  7.6533446311950675  0.04547671946153805  0.013711746831834088
7.6533446311950675  7.6651740074157715  0.0576974795959197  0.015420300052022265
7.6651740074157715  7.67703914642334  0.049305919950477374  0.014233393078025125
7.67703914642334  7.688941955566406  0.036862407042536516  0.012287469014178837
7.688941955566406  7.700881004333496  0.05308407780061131  0.014722874186217209
7.700881004333496  7.712857723236084  0.06919930227923779  0.01678329603037308
7.712857723236084  7.7248711585998535  0.060871596715871265  0.0157169786891749
7.7248711585998535  7.73692274093628  0.056633658060282414  0.015135981787234661
7.73692274093628  7.749011516571045  0.040328153141363565  0.012752881775478325
7.749011516571045  7.761138439178467  0.04372455476276177  0.013407957933521059
7.761138439178467  7.773303031921387  0.0721382466070163  0.017003147786242893
7.773303031921387  7.785506248474121  0.047939950223809334  0.01383907158332679
7.785506248474121  7.797747611999512  0.05177310454860182  0.014359275626149364
7.797747611999512  7.810027599334717  0.06749034579845514  0.016368813202146566
7.810027599334717  7.822346210479736  0.05095930728553503  0.01433690219380267
7.822346210479736  7.834703445434571  0.059178043899654656  0.015279705232299594
7.834703445434571  7.847100257873535  0.0629217224980289  0.015730430624507224
7.847100257873535  7.859536170959473  0.05488340006961977  0.014668205662983018
7.859536170959473  7.872011661529541  0.07424831796948249  0.017033732355623644
7.872011661529541  7.88452672958374  0.027268137503156355  0.010306387221323637
7.88452672958374  7.897081851959229  0.05047926851392373  0.01400043007498976
7.897081851959229  7.909677028656007  0.06193075420245468  0.01548268855061367
7.909677028656007  7.922312259674072  0.06173443057980803  0.015433607644952007
7.922312259674072  7.934988021850586  0.08845948457327915  0.018445077593588145
7.934988021850586  7.947704315185547  0.04600566994629251  0.013280692963870527
7.947704315185547  7.960461139678956  0.03821625008184886  0.012085039388923866
7.960461139678956  7.973259449005127  0.049520087182257755  0.013734401038544414
7.973259449005127  7.986098766326904  0.05268969316862844  0.01426991393336546
7.986098766326904  7.998979568481445  0.022709051310993385  0.009270931375769195
7.998979568481445  8.01190185546875  0.05281767800057872  0.014116118217365204
