# Plot Type : plot_unfold 
# 
# X-axis    : \frEnergy (keV) 
# Y-Axis    : \frPhotons cm\u-2\d s\u-1\d keV\u-1\d 
# Residual  : NONE 
# 
# Index-   3,  Model Plotted-       no,  Data File: meg_m1.pha/part=2/order=-1,   Scale: 1.0000e+00 
# 
# Background included in data and model-    no 
# 
# XAXIS_COLS   :   1 set  (X 2 columns - bin_lo, bin_hi)
# DATA_COLS    :   1 set  (X 2 columns - Data, Error)
# 
#         X_LO          X_HI    DATA_VALUE    DATA_ERROR
0.5772075653076172  0.5772747397422791           0.0  0.6784925569908927
0.5772747397422791  0.5773419737815857           0.0  0.6777332364309042
0.5773419737815857  0.5774091482162476           0.0  0.6760360199779134
0.5774091482162476  0.577476441860199           0.0  0.6746812958524046
0.577476441860199  0.5775436758995056           0.0  0.672273032930677
0.5775436758995056  0.5776109099388123           0.0  0.6721165274683348
0.5776109099388123  0.5776782035827637           0.0  0.6689001634220655
0.5776782035827637  0.5777454972267151           0.0  0.6687443414216591
0.5777454972267151  0.5778127908706665           0.0  0.6656555091558894
0.5778127908706665  0.5778801441192627           0.0  0.6649114599181446
0.5778801441192627  0.5779474973678589           0.0  0.6616061333628802
0.5779474973678589  0.5780148506164551           0.0  0.6614519458978343
0.5780148506164551  0.5780822038650513           0.0  0.6579101285461869
0.5780822038650513  0.5781496167182922           0.0  0.6571751742023985
0.5781496167182922  0.5782170295715332           0.0  0.6534876659252992
0.5782170295715332  0.5782844424247742           0.0  0.6533353067575229
0.5782844424247742  0.5783519148826599           0.0  0.6490459300634809
0.5783519148826599  0.5784193277359009           0.0  0.6494683088002126
0.5784193277359009  0.5784868001937866           0.0  0.6452140369923074
0.5784868001937866  0.5785542726516724           0.0  0.6450635440179496
0.5785542726516724  0.5786218047142029           0.0  0.6411007875709478
0.5786218047142029  0.5786893367767334           0.0  0.6409511568260496
0.5786893367767334  0.5787568688392639           0.0  0.6368802301296769
0.5787568688392639  0.5788244009017944           0.0  0.6367316191338717
0.5788244009017944  0.578891932964325           0.0  0.6326617365972871
0.578891932964325  0.5789595246315002           0.0  0.6319563067112733
0.5789595246315002  0.5790271162986755           0.0  0.6277486333765215
0.5790271162986755  0.5790947675704956           0.0  0.6270490745992929
0.5790947675704956  0.5791623592376709           0.0  0.6224214804570612
0.5791623592376709  0.579230010509491           0.0  0.6217278944178963
0.579230010509491  0.579297661781311           0.0  0.6168071614663007
0.579297661781311  0.5793653726577759           0.0  0.6161202161061581
0.5793653726577759  0.5794330239295959           0.0  0.6110715340839825
0.5794330239295959  0.5795007348060608           0.0  0.6103910211157282
0.5795007348060608  0.5795684456825256           0.0  0.6053482978588204
0.5795684456825256  0.5796362161636353           0.0  0.6046745293706239
0.5796362161636353  0.5797039866447449           0.0  0.5994962624583574
0.5797039866447449  0.5797717571258545           0.0  0.5993561102358225
0.5797717571258545  0.5798395276069641           0.0  0.5942026598149088
0.5798395276069641  0.5799072980880737           0.0  0.5940637776168483
0.5799072980880737  0.5799751281738281           0.0  0.5893637047472186
0.5799751281738281  0.5800429582595825           0.0  0.5892258646439537
0.5800429582595825  0.5801108479499817           0.0  0.5847716587539228
0.5801108479499817  0.5801786780357361           0.0  0.5851485921077226
0.5801786780357361  0.5802465677261353           0.0  0.5810819567131497
0.5802465677261353  0.5803144574165344           0.0  0.5809459977570178
0.5803144574165344  0.5803824067115784           0.0  0.5770864554460123
0.5803824067115784  0.5804502964019775           0.0  0.5774579403347067
0.5804502964019775  0.5805182456970215           0.0  0.5736796810627951
0.5805182456970215  0.5805861949920654           0.0  0.5735453990892802
0.5805861949920654  0.5806542038917542           0.0  0.5698447849054472
0.5806542038917542  0.5807221531867981           0.0  0.5702111143678543
0.5807221531867981  0.5807901620864868           0.0  0.5669077661533796
0.5807901620864868  0.5808582305908203           0.0  0.566278664521792
0.5808582305908203  0.580926239490509           0.0  0.5637126511175752
0.580926239490509  0.5809943079948425           0.0  0.5630871051515555
0.5809943079948425  0.581062376499176           0.0  0.5605571630310427
0.581062376499176  0.5811304450035095           0.0  0.5604258455689225
0.5811304450035095  0.5811985731124878           0.0  0.5579001863367712
0.5811985731124878  0.5812667012214661           0.0  0.5577694075234162
0.5812667012214661  0.5813348293304443           0.0  0.5554183969466944
0.5813348293304443  0.5814029574394226           0.0  0.555288230408814
0.5814029574394226  0.5814711451530457           0.0  0.5530520570387848
0.5814711451530457  0.5815393328666687           0.0  0.5529223620969457
0.5815393328666687  0.5816075205802917           0.0  0.5510151332108038
0.5816075205802917  0.5816757678985596           0.0  0.5504047411483919
0.5816757678985596  0.5817439556121826           0.0  0.5488086862046169
0.5817439556121826  0.5818122029304504           0.0  0.5482007992429094
0.5818122029304504  0.581880509853363           0.0  0.5461778267652885
0.581880509853363  0.5819487571716309           0.0  0.5465265569905321
0.5819487571716309  0.5820170640945435           0.0  0.5443117662680544
0.5820170640945435  0.5820853710174561           0.0  0.5441840177834673
0.5820853710174561  0.5821536779403687           0.0  0.5425123273841613
0.5821536779403687  0.582222044467926           0.0  0.5419120884006475
0.582222044467926  0.5822904109954834           0.0  0.5403354665838329
0.5822904109954834  0.5823587775230408           0.0  0.540208600257025
0.5823587775230408  0.5824272036552429           0.0  0.538283513497736
0.5824272036552429  0.5824955701828003           0.0  0.5386262852619347
0.5824955701828003  0.5825639963150024           0.0  0.5368685106176055
0.5825639963150024  0.5826324224472046           0.0  0.536742407660571
0.5826324224472046  0.5827009081840515           0.0  0.5355122313731585
0.5827009081840515  0.5827693939208984           0.0  0.535386367008129
0.5827693939208984  0.5828378796577454           0.0  0.5347239371546025
0.5828378796577454  0.5829063653945923           0.0  0.5345982875999402
0.5829063653945923  0.582974910736084           0.0  0.5348565568708434
0.582974910736084  0.5830434560775757           0.0  0.5347307963465132
0.5830434560775757  0.5831120014190674           0.0  0.5360946097213579
0.5831120014190674  0.5831805467605591           0.0  0.5359685877254261
0.5831805467605591  0.5832491517066956           0.0  0.5382697254620546
0.5832491517066956  0.583317756652832           0.0  0.538143111913951
0.583317756652832  0.5833863615989685           0.0  0.540990605003327
0.5833863615989685  0.583454966545105           0.0  0.5408633813668396
0.583454966545105  0.5835236310958862           0.0  0.5439289100247282
0.5835236310958862  0.5835922956466675           0.0  0.5438009143858845
0.5835922956466675  0.5836609601974487           0.0  0.5471860028823947
0.5836609601974487  0.5837296843528748           0.0  0.5465827617564558
0.5837296843528748  0.5837984085083008           0.0  0.5500330475798734
0.5837984085083008  0.5838671326637268           0.0  0.5499035641587343
0.5838671326637268  0.5839358568191528           0.0  0.5534204584615732
0.5839358568191528  0.5840046405792236           0.0  0.5528107074914623
0.5840046405792236  0.5840734243392944           0.0  0.5563782982368768
0.5840734243392944  0.5841422080993652           0.0  0.5562472692149764
0.5841422080993652  0.5842110514640808           0.0  0.5593739697953323
0.5842110514640808  0.5842798352241516           0.0  0.5597268110315112
0.5842798352241516  0.5843486785888672           0.0  0.5631357310424543
0.5843486785888672  0.5844175815582275           0.0  0.5625159873063227
0.5844175815582275  0.5844864249229431           0.0  0.5664250880839491
0.5844864249229431  0.5845553278923035           0.0  0.5658017540193133
0.5845553278923035  0.5846242308616638           0.0  0.5696456995932609
0.5846242308616638  0.5846931934356689           0.0  0.5690191563766022
0.5846931934356689  0.5847620964050293           0.0  0.5726528607795783
0.5847620964050293  0.5848310589790344           0.0  0.572023030975946
0.5848310589790344  0.5849000215530396           0.0  0.5752494499352958
0.5849000215530396  0.5849690437316895           0.0  0.5746171004670274
0.5849690437316895  0.5850380063056946           0.0  0.5775182291505145
0.5850380063056946  0.5851070880889893           0.0  0.5763856355296181
0.5851070880889893  0.5851761102676392           0.0  0.57844229498008
0.5851761102676392  0.5852451324462891           0.0  0.5783058552375132
0.5852451324462891  0.5853142142295837           0.0  0.5794165083392246
0.5853142142295837  0.5853832960128784           0.0  0.5792797530685871
0.5853832960128784  0.5854524374008179           0.0  0.5798481651389041
0.5854524374008179  0.5855215191841125           0.0  0.5802114624523129
0.5855215191841125  0.585590660572052           0.0  0.5804925690447421
0.585590660572052  0.5856598019599915           0.0  0.5803555063273181
0.5856598019599915  0.5857290029525757           0.0  0.5804185996414012
0.5857290029525757  0.5857982039451599           0.0  0.5802814686525929
0.5857982039451599  0.5858674049377441           0.0  0.5795574520143628
0.5858674049377441  0.5859366059303284           0.0  0.5794205568247862
0.5859366059303284  0.5860058665275574           0.0  0.5773444668515791
0.5860058665275574  0.5860750675201416           0.0  0.5777052294890234
0.5860750675201416  0.5861443877220154           0.0  0.5741837524252694
0.5861443877220154  0.5862136483192444           0.0  0.5745420321582027
0.5862136483192444  0.5862829685211182           0.0  0.570309758420482
0.5862829685211182  0.5863522887229919           0.0  0.5701749112027319
0.5863522887229919  0.5864216089248657           0.0  0.565657654069208
0.5864216089248657  0.5864909291267395           0.0  0.5655239384360645
0.5864909291267395  0.5865603089332581           0.0  0.5608632205138425
0.5865603089332581  0.5866296887397766           0.0  0.5607305556225705
0.5866296887397766  0.5866990685462952           0.0  0.5564216261574307
0.5866990685462952  0.5867685079574585           0.0  0.5558124828868872
0.5867685079574585  0.5868379473686218           0.0  0.551761882932585
0.5868379473686218  0.5869073867797852           0.0  0.5516313205261717
0.5869073867797852  0.5869768261909485           0.0  0.5479279807266971
0.5869768261909485  0.5870463252067566           0.0  0.5473285073125816
0.5870463252067566  0.5871158242225647           0.0  0.5440372366240734
0.5871158242225647  0.5871853232383728           0.0  0.5439084525724156
0.5871853232383728  0.5872548818588257           0.0  0.5407971080930031
0.5872548818588257  0.5873244404792786           0.0  0.5406690115987741
0.5873244404792786  0.5873939990997314           0.0  0.537881977103508
0.5873939990997314  0.5874635577201843           0.0  0.5377546012751501
0.5874635577201843  0.587533175945282           0.0  0.5351449415118492
0.587533175945282  0.5876027941703796           0.0  0.53501813530381
0.5876027941703796  0.5876724123954773           0.0  0.5324650903747525
0.5876724123954773  0.587742030620575           0.0  0.532338949066364
0.587742030620575  0.5878117084503174           0.0  0.5297778645168484
0.5878117084503174  0.5878813862800598           0.0  0.5296522821372635
0.5878813862800598  0.5879510641098022           0.0  0.5272697129014038
0.5879510641098022  0.5880208015441895           0.0  0.5266941575671578
0.5880208015441895  0.5880905389785767           0.0  0.5242216925933556
0.5880905389785767  0.5881602764129639           0.0  0.5240973799618088
0.5881602764129639  0.5882300138473511           0.0  0.5215086240482362
0.5882300138473511  0.5882998108863831           0.0  0.5209396810462922
0.5882998108863831  0.588369607925415           0.0  0.5182646734030391
0.588369607925415  0.588439404964447           0.0  0.5181417267094285
0.588439404964447  0.5885092616081238           0.0  0.5152264239389267
0.5885092616081238  0.5885791182518005           0.0  0.5151041226629113
0.5885791182518005  0.5886489748954773           0.0  0.5122495121352988
0.5886489748954773  0.5887188315391541           0.0  0.5121279463558649
0.5887188315391541  0.5887887477874756           0.0  0.5093930700686542
0.5887887477874756  0.5888586640357971           0.0  0.5092721077579941
0.5888586640357971  0.5889285802841187           0.0  0.5066926098711703
0.5889285802841187  0.5889984965324402           0.0  0.5065723173867641
0.5889984965324402  0.5890684723854065           0.0  0.5041662888232784
0.5890684723854065  0.5891384482383728           0.0  0.5040465225225925
0.5891384482383728  0.5892084240913391           0.0  0.5020359665976435
0.5892084240913391  0.5892784595489502           0.0  0.5014895394438228
0.5892784595489502  0.5893484950065613           0.0  0.49964500751490387
0.5893484950065613  0.5894185304641724           0.0  0.4995262706074075
0.5894185304641724  0.5894885659217834           0.0  0.49782361178015017
0.5894885659217834  0.5895586609840393           0.0  0.497282079123933
0.5895586609840393  0.5896287560462952           0.0  0.49574416916314357
0.5896287560462952  0.589698851108551           0.0  0.49562631504678795
0.589698851108551  0.5897690057754517           0.0  0.49411675966540064
0.5897690057754517  0.5898391604423523           0.0  0.49399922051541933
0.5898391604423523  0.5899093151092529           0.0  0.49279374146883
0.5899093151092529  0.5899794697761536           0.0  0.4926765449131865
0.5899794697761536  0.590049684047699           0.0  0.4917748722484364
0.590049684047699  0.5901198983192444           0.0  0.49165784649052585
0.5901198983192444  0.5901901125907898           0.0  0.491018659078868
0.5901901125907898  0.5902603268623352           0.0  0.49090184107137286
0.5902603268623352  0.5903306007385254           0.0  0.4904884435288079
0.5903306007385254  0.5904008746147156           0.0  0.49037168040810214
0.5904008746147156  0.5904712080955505           0.0  0.48996988323227686
0.5904712080955505  0.5905414819717407           0.0  0.49026870481769846
0.5905414819717407  0.5906118154525757           0.0  0.4901448216717693
0.5906118154525757  0.5906821489334106           0.0  0.4900280969948482
0.5906821489334106  0.5907525420188904           0.0  0.4904242498809151
0.5907525420188904  0.5908228754997253           0.0  0.4907229522045406
0.5908228754997253  0.5908932685852051           0.0  0.4926243236678968
0.5908932685852051  0.5909637212753296           0.0  0.4920902480246821
0.5909637212753296  0.5910341143608093           0.0  0.4970104026596559
0.5910341143608093  0.5911045670509338           0.0  0.49647160485155556
0.5911045670509338  0.5911750197410583           0.0  0.5048737341887646
0.5911750197410583  0.5912455320358276           0.0  0.504326697199447
0.5912455320358276  0.5913160443305969           0.0  0.5152528452196797
0.5913160443305969  0.5913865566253662           0.0  0.5151299758026381
0.5913865566253662  0.5914570689201355           0.0  0.5259256252392539
0.5914570689201355  0.5915275812149048           0.0  0.5258002406457198
0.5915275812149048  0.5915981531143188           0.0  0.5331836786708171
0.5915981531143188  0.5916687250137329           0.0  0.5330564866006923
0.5916687250137329  0.5917393565177917           0.0  0.5345094948169999
0.5917393565177917  0.5918099284172058           0.0  0.5348332936386871
0.5918099284172058  0.5918805599212646           0.0  0.5312746992886411
0.5918805599212646  0.5919512510299683           0.0  0.5307000200373958
0.5919512510299683  0.5920218825340271           0.0  0.5248607633141307
0.5920218825340271  0.5920925736427307           0.0  0.5242930657450932
0.5920925736427307  0.5921632647514343           0.0  0.518219877656776
0.5921632647514343  0.5922340154647827           0.0  0.517659622893991
0.5922340154647827  0.5923047065734863           0.0  0.5126889026869563
0.5923047065734863  0.5923754572868347           0.0  0.5121346695174002
0.5923754572868347  0.5924462080001831           0.0  0.5084824430111275
0.5924462080001831  0.5925170183181763           0.0  0.5079330493591452
0.5925170183181763  0.5925878286361694           0.0  0.5049730226096234
0.5925878286361694  0.5926586389541626           0.0  0.5048523551697682
0.5926586389541626  0.5927294492721558           0.0  0.5023998174400881
0.5927294492721558  0.5928003191947937           0.0  0.5018573039293257
0.5928003191947937  0.5928711891174316           0.0  0.4997911265993607
0.5928711891174316  0.5929420590400696           0.0  0.4996716540199908
0.5929420590400696  0.5930129885673523           0.0  0.49749529441471096
0.5930129885673523  0.5930838584899902           0.0  0.4977946553783382
0.5930838584899902  0.5931547880172729           0.0  0.4959751519056225
0.5931547880172729  0.5932257771492004           0.0  0.49544017404128937
0.5932257771492004  0.5932967662811279           0.0  0.49364526135349457
0.5932967662811279  0.5933676958084106           0.0  0.49394192192944236
0.5933676958084106  0.5934387445449829           0.0  0.4916842505216135
0.5934387445449829  0.5935097336769104           0.0  0.49197931128203237
0.5935097336769104  0.5935807824134827           0.0  0.4898494749828321
0.5935807824134827  0.5936518311500549           0.0  0.4897322238110353
0.5936518311500549  0.5937228798866272           0.0  0.4879892907224679
0.5937228798866272  0.5937939882278442           0.0  0.4874635256296803
0.5937939882278442  0.5938650965690613           0.0  0.4857793261987211
0.5938650965690613  0.5939362049102783           0.0  0.48566300743609087
0.5939362049102783  0.5940073728561401           0.0  0.4838765686959793
0.5940073728561401  0.594078540802002           0.0  0.48376063620933396
0.594078540802002  0.5941497087478638           0.0  0.482063843349663
0.5941497087478638  0.5942208766937256           0.0  0.4819483728410727
0.5942208766937256  0.5942921042442322           0.0  0.4802868950710901
0.5942921042442322  0.5943633317947388           0.0  0.4801717814455508
0.5943633317947388  0.5944345593452454           0.0  0.4785170477638348
0.5944345593452454  0.594505786895752           0.0  0.47840238581102235
0.594505786895752  0.5945770740509033           0.0  0.47678660093247854
0.5945770740509033  0.5946483612060547           0.0  0.47667228543983536
0.5946483612060547  0.5947197079658508           0.0  0.47491827639493406
0.5947197079658508  0.5947909951210022           0.0  0.47520137289522213
0.5947909951210022  0.5948623418807983           0.0  0.4734633094490829
0.5948623418807983  0.5949336886405945           0.0  0.47334975032908894
0.5949336886405945  0.5950050950050354           0.0  0.47175659679277526
0.5950050950050354  0.5950765013694763           0.0  0.4716433796734518
0.5950765013694763  0.5951479077339172           0.0  0.4699783249737015
0.5951479077339172  0.5952193140983582           0.0  0.4698655616858859
0.5952193140983582  0.5952907800674438           0.0  0.46818948448516323
0.5952907800674438  0.5953622460365295           0.0  0.468077083622186
0.5953622460365295  0.5954337120056152           0.0  0.46667552109629984
0.5954337120056152  0.5955052375793457           0.0  0.4661746722252557
0.5955052375793457  0.5955767035484314           0.0  0.4652720448765221
0.5955767035484314  0.5956482887268066           0.0  0.4643856728288416
0.5956482887268066  0.5957198143005371           0.0  0.4635034358200602
0.5957198143005371  0.5957913994789124           0.0  0.46300626629932035
0.5957913994789124  0.5958629846572876           0.0  0.4616795376991183
0.5958629846572876  0.5959345698356628           0.0  0.4615686214554981
0.5959345698356628  0.5960061550140381           0.0  0.4602242522924963
0.5960061550140381  0.5960777997970581           0.0  0.4597308710358933
0.5960777997970581  0.5961494445800781           0.0  0.45864782568098855
0.5961494445800781  0.5962211489677429           0.0  0.45815639814609205
0.5962211489677429  0.5962928533554077           0.0  0.4569475157043698
0.5962928533554077  0.5963645577430725           0.0  0.45683763277661565
0.5963645577430725  0.5964362621307373           0.0  0.45542219754385105
0.5964362621307373  0.5965079665184021           0.0  0.45531270774166877
0.5965079665184021  0.5965797305107117           0.0  0.45386909149482185
0.5965797305107117  0.5966514945030212           0.0  0.45375991064734417
0.5966514945030212  0.5967233180999756           0.0  0.45238783102733304
0.5967233180999756  0.5967951416969299           0.0  0.45227894233492905
0.5967951416969299  0.5968669652938843           0.0  0.45108608257597144
0.5968669652938843  0.5969387888908386           0.0  0.45097753333940316
0.5969387888908386  0.5970106720924377           0.0  0.4498260546726783
0.5970106720924377  0.5970824956893921           0.0  0.450090992825727
0.5970824956893921  0.597154438495636           0.0  0.44902580144181153
0.597154438495636  0.5972263216972351           0.0  0.44928989740163594
0.5972263216972351  0.597298264503479           0.0  0.44872637582205055
0.597298264503479  0.5973702073097229           0.0  0.4486182933152148
0.5973702073097229  0.5974421501159668           0.0  0.44870549557139294
0.5974421501159668  0.5975141525268555           0.0  0.44822605025697987
0.5975141525268555  0.5975861549377441           0.0  0.4484643863401539
0.5975861549377441  0.5976581573486328           0.0  0.44835632952984533
0.5976581573486328  0.5977302193641663           0.0  0.4482334230182631
0.5977302193641663  0.5978022217750549           0.0  0.44849636823597133
0.5978022217750549  0.5978742837905884           0.0  0.4485077050402832
0.5978742837905884  0.5979464054107666           0.0  0.44802897234212463
0.5979464054107666  0.5980185270309448           0.0  0.4482019325454675
0.5980185270309448  0.598090648651123           0.0  0.44809383839749517
0.598090648651123  0.5981627702713013           0.0  0.44810102629339027
0.5981627702713013  0.5982348918914795           0.0  0.44799298253808495
0.5982348918914795  0.5983070731163025           0.0  0.4480206350723887
0.5983070731163025  0.5983792543411255           0.0  0.447912547508069
0.5983792543411255  0.5984514951705933           0.0  0.4477749558232989
0.5984514951705933  0.5985236763954163           0.0  0.44803657851825485
0.5985236763954163  0.5985959768295288           0.0  0.4477813203408802
0.5985959768295288  0.5986682176589966           0.0  0.4480425781536879
0.5986682176589966  0.5987404584884644           0.0  0.4482675704865128
0.5987404584884644  0.5988127589225769           0.0  0.4477898955420921
0.5988127589225769  0.5988851189613342           0.0  0.44810803701190427
0.5988851189613342  0.5989574193954468           0.0  0.44836913509026416
0.5989574193954468  0.5990297794342041           0.0  0.44854165664560464
0.5990297794342041  0.5991021394729614           0.0  0.4484333062003065
0.5991021394729614  0.5991744995117188           0.0  0.4490156940861703
0.5991744995117188  0.5992469191551208           0.0  0.4485377316326554
0.5992469191551208  0.5993193387985229           0.0  0.44913099179259763
0.5993193387985229  0.599391758441925           0.0  0.4490224620843937
0.599391758441925  0.5994642376899719           0.0  0.4491514874289938
0.5994642376899719  0.599536657333374           0.0  0.4494125089720189
0.599536657333374  0.5996091961860657           0.0  0.44919455464622005
0.5996091961860657  0.5996816754341125           0.0  0.44945524117938357
0.5996816754341125  0.5997542142868042           0.0  0.44927143022365956
0.5997542142868042  0.5998267531394958           0.0  0.44916276673370104
0.5998267531394958  0.5998992919921875           0.0  0.4492607665491298
0.5998992919921875  0.5999718904495239           0.0  0.4487833367761064
0.5999718904495239  0.6000444293022156           0.0  0.44930736034282165
0.6000444293022156  0.6001170873641968           0.0  0.44846165220827633
0.6001170873641968  0.6001896858215332           0.0  0.44912752939922657
0.6001896858215332  0.6002623438835144           0.0  0.44865049645811905
0.6002623438835144  0.6003350019454956           0.0  0.44902662315530095
0.6003350019454956  0.6004076600074768           0.0  0.4489179456464586
0.6004076600074768  0.6004803776741028           0.0  0.44919670914096366
0.6004803776741028  0.6005530953407288           0.0  0.44908792762975025
0.6005530953407288  0.6006258130073547           0.0  0.4497820012774718
0.6006258130073547  0.6006985902786255           0.0  0.4493047825697657
0.6006985902786255  0.6007713675498962           0.0  0.45034776019985395
0.6007713675498962  0.600844144821167           0.0  0.45023866341807733
0.600844144821167  0.6009169220924377           0.0  0.45191879015835373
0.6009169220924377  0.6009897589683533           0.0  0.45143956790125306
0.6009897589683533  0.6010625958442688           0.0  0.4543798606997687
0.6010625958442688  0.6011354327201843           0.0  0.454269750372104
0.6011354327201843  0.6012083292007446           0.0  0.4588096895986158
0.6012083292007446  0.6012812256813049           0.0  0.45869844178228336
0.6012812256813049  0.6013541221618652           0.0  0.464654652388136
0.6013541221618652  0.6014270186424255           0.0  0.46454201465136574
0.6014270186424255  0.6014999747276306           0.0  0.4700722843322855
0.6014999747276306  0.6015729308128357           0.0  0.46995826778634836
0.6015729308128357  0.6016459465026855           0.0  0.4718463263831528
0.6016459465026855  0.6017189025878906           0.0  0.47211726847499225
0.6017189025878906  0.6017919182777405           0.0  0.4682537934376277
0.6017919182777405  0.6018649935722351           0.0  0.467758300338454
0.6018649935722351  0.601938009262085           0.0  0.4582841227985698
0.601938009262085  0.6020110845565796           0.0  0.4577991815734786
0.6020110845565796  0.6020841598510742           0.0  0.4448546857743205
0.6020841598510742  0.6021572947502136           0.0  0.4443841992805891
0.6021572947502136  0.602230429649353           0.0  0.43130085041712635
0.602230429649353  0.6023035645484924           0.0  0.43119610873476266
0.6023035645484924  0.6023766994476318           0.0  0.4208739648629871
0.6023766994476318  0.602449893951416           0.0  0.4204290912272204
0.602449893951416  0.6025230884552002           0.0  0.413832021895465
0.6025230884552002  0.6025962829589844           0.0  0.4137314894817596
0.6025962829589844  0.6026695370674133           0.0  0.40987301224577
0.6026695370674133  0.6027427315711975           0.0  0.41010711056227533
0.6027427315711975  0.6028160452842712           0.0  0.4078747530592952
0.6028160452842712  0.6028892993927002           0.0  0.40810739643994504
0.6028892993927002  0.6029626131057739           0.0  0.4068201247397298
0.6029626131057739  0.6030359268188477           0.0  0.4067212069389448
0.6030359268188477  0.6031092405319214           0.0  0.40604689932387816
0.6031092405319214  0.6031826138496399           0.0  0.4056183732287397
0.6031826138496399  0.6032559871673584           0.0  0.40504705219604376
0.6032559871673584  0.6033293604850769           0.0  0.40494853338363446
0.6033293604850769  0.6034027934074402           0.0  0.40425417649986317
0.6034027934074402  0.6034762263298035           0.0  0.40415579461132406
0.6034762263298035  0.6035496592521667           0.0  0.40347990771770725
0.6035496592521667  0.60362309217453           0.0  0.40338173815112294
0.60362309217453  0.6036965847015381           0.0  0.40271824598932937
0.6036965847015381  0.6037700772285461           0.0  0.40262020608014315
0.6037700772285461  0.6038435697555542           0.0  0.4021343408804374
0.6038435697555542  0.603917121887207           0.0  0.40171062364484794
0.603917121887207  0.6039906740188599           0.0  0.4012431621315108
0.6039906740188599  0.6040642261505127           0.0  0.4011454497081235
0.6040642261505127  0.6041378378868103           0.0  0.4005329887968001
0.6041378378868103  0.6042114496231079           0.0  0.4004353940603569
0.6042114496231079  0.6042850613594055           0.0  0.39983443813684316
0.6042850613594055  0.6043586730957031           0.0  0.39973703734359484
0.6043586730957031  0.6044323444366455           0.0  0.39914122655255435
0.6044323444366455  0.6045060157775879           0.0  0.3990439396156532
0.6045060157775879  0.604579746723175           0.0  0.39829477980485933
0.604579746723175  0.6046534180641174           0.0  0.39851984719270467
0.6046534180641174  0.6047271490097046           0.0  0.3977951542954683
0.6047271490097046  0.6048008799552917           0.0  0.39769816431470495
0.6048008799552917  0.6048746705055237           0.0  0.39718133833070235
0.6048746705055237  0.6049484610557556           0.0  0.39708444336669263
0.6049484610557556  0.6050222516059875           0.0  0.3967724466558599
0.6050222516059875  0.6050961017608643           0.0  0.3963554795468868
0.6050961017608643  0.6051698923110962           0.0  0.39621303032440885
0.6051698923110962  0.6052437424659729           0.0  0.3957966866434201
0.6052437424659729  0.6053176522254944           0.0  0.3953108569964404
0.6053176522254944  0.6053915023803711           0.0  0.39553335500209186
0.6053915023803711  0.6054654121398926           0.0  0.3950189009553971
0.6054654121398926  0.6055393815040588           0.0  0.3946041991037726
0.6055393815040588  0.6056132912635803           0.0  0.39439071724328434
0.6056132912635803  0.6056872606277466           0.0  0.39397672060855016
0.6056872606277466  0.6057612299919128           0.0  0.39374752052282785
0.6057612299919128  0.6058352589607239           0.0  0.39333438046081665
0.6058352589607239  0.6059092879295349           0.0  0.3929202004401918
0.6059092879295349  0.6059833168983459           0.0  0.3928241995222314
0.6059833168983459  0.606057345867157           0.0  0.39236848964798055
0.606057345867157  0.6061314344406128           0.0  0.3919570320627447
0.6061314344406128  0.6062055230140686           0.0  0.3914576796258223
0.6062055230140686  0.6062796115875244           0.0  0.3913620058130862
0.6062796115875244  0.606353759765625           0.0  0.39068254585382306
0.606353759765625  0.6064279079437256           0.0  0.390587008038366
0.6064279079437256  0.6065020561218262           0.0  0.3900702562550717
0.6065020561218262  0.6065762639045715           0.0  0.3896616238584742
0.6065762639045715  0.6066504716873169           0.0  0.3891616729491816
0.6066504716873169  0.6067246794700623           0.0  0.3890664771350311
0.6067246794700623  0.6067988872528076           0.0  0.38857898172049643
0.6067988872528076  0.6068731546401978           0.0  0.3881721326397184
0.6068731546401978  0.6069474220275879           0.0  0.38769820929864424
0.6069474220275879  0.607021689414978           0.0  0.3876033417387491
0.607021689414978  0.6070960164070129           0.0  0.38703043344932564
0.6070960164070129  0.6071703433990479           0.0  0.38693567648917643
0.6071703433990479  0.6072446703910828           0.0  0.38665021266409877
0.6072446703910828  0.6073190569877625           0.0  0.386245794657744
0.6073190569877625  0.6073934435844421           0.0  0.38611141080533007
0.6073934435844421  0.6074678301811218           0.0  0.38601684937436653
0.6074678301811218  0.6075422763824463  0.1929187661244133  0.38563585697338065
0.6075422763824463  0.607616662979126  0.19282426772214106  0.3858503228785684
0.607616662979126  0.6076911687850952           0.0  0.38526156879562007
0.6076911687850952  0.6077656149864197           0.0  0.3854755386442225
0.6077656149864197  0.6078401207923889           0.0  0.38495235976389536
0.6078401207923889  0.6079146265983582           0.0  0.384858000508238
0.6079146265983582  0.6079891324043274           0.0  0.3845887067540542
0.6079891324043274  0.6080636978149414           0.0  0.38418706898256366
0.6080636978149414  0.6081382632255554           0.0  0.3838984053838696
0.6081382632255554  0.6082128286361694           0.0  0.3838042753654993
0.6082128286361694  0.6082874536514282           0.0  0.3833508778275351
0.6082874536514282  0.608362078666687           0.0  0.3832568300030734
0.608362078666687  0.6084367036819458           0.0  0.38278835854789844
0.6084367036819458  0.6085113286972046           0.0  0.3826944717595414
0.6085113286972046  0.6085860133171082           0.0  0.3822060198399569
0.6085860133171082  0.6086606979370117           0.0  0.38211222403050277
0.6086606979370117  0.6087354421615601           0.0  0.38144398659078055
0.6087354421615601  0.6088101267814636           0.0  0.38165471116777955
0.6088101267814636  0.608884871006012           0.0  0.3810901506716083
0.608884871006012  0.6089596748352051           0.0  0.38069298341082125
0.6089596748352051  0.6090344190597534           0.0  0.38035397440418467
0.6090344190597534  0.6091092228889465           0.0  0.37995758206875585
0.6091092228889465  0.6091840863227844           0.0  0.37922564446451107
0.6091840863227844  0.6092588901519775           0.0  0.3794345875796646
0.6092588901519775  0.6093337535858154           0.0  0.3784843910064346
0.6093337535858154  0.6094086170196533           0.0  0.37839140039124597
0.6094086170196533  0.609483540058136           0.0  0.37755705456492655
0.609483540058136  0.6095584630966187           0.0  0.37746424075496116
0.6095584630966187  0.6096333861351013           0.0  0.3766114568689242
0.6096333861351013  0.609708309173584           0.0  0.3765188982661131
0.609708309173584  0.6097832918167114           0.0  0.37566044263299236
0.6097832918167114  0.6098582744598389           0.0  0.37556806702989937
0.6098582744598389  0.6099332571029663           0.0  0.3748851046301704
0.6099332571029663  0.6100082993507385           0.0  0.3744952082248258
0.6100082993507385  0.6100833415985107           0.0  0.37388721591793367
0.6100833415985107  0.610158383846283           0.0  0.3737952485274366
0.610158383846283  0.6102334856987           0.0  0.3731439348910411
0.6102334856987  0.6103085875511169           0.0  0.37305210003423184
0.6103085875511169  0.6103836894035339           0.0  0.3724928488286842
0.6103836894035339  0.6104587912559509           0.0  0.37240119676850186
0.6104587912559509  0.6105339527130127           0.0  0.37189236258756875
0.6105339527130127  0.6106091141700745           0.0  0.37180080819931216
0.6106091141700745  0.610684335231781           0.0  0.371299871028917
0.610684335231781  0.6107595562934875           0.0  0.3712084125488464
0.6107595562934875  0.6108347773551941           0.0  0.3706779991547105
0.6108347773551941  0.6109099984169006           0.0  0.3705867163382916
0.6109099984169006  0.610985279083252           0.0  0.3700040078898766
0.610985279083252  0.6110605597496033           0.0  0.369912841317567
0.6110605597496033  0.6111358404159546           0.0  0.3694340225864531
0.6111358404159546  0.6112111806869507           0.0  0.3690507818061361
0.6112111806869507  0.6112865209579468           0.0  0.36856078045254065
0.6112865209579468  0.6113618612289429           0.0  0.3684699423717307
0.6113618612289429  0.6114372611045837           0.0  0.36770398035255564
0.6114372611045837  0.6115126013755798           0.0  0.3679041769107043
0.6115126013755798  0.6115880608558655           0.0  0.3670201452440036
0.6115880608558655  0.6116634607315063           0.0  0.36721968144089034
0.6116634607315063  0.611738920211792           0.0  0.36650426298475897
0.611738920211792  0.6118143796920776           0.0  0.36641385575629365
0.6118143796920776  0.6118898987770081           0.0  0.3657087145615357
0.6118898987770081  0.6119653582572937           0.0  0.3659072855796297
0.6119653582572937  0.6120408773422241           0.0  0.3653449677703914
0.6120408773422241  0.6121164560317993           0.0  0.3649667370171911
0.6121164560317993  0.6121919751167297           0.0  0.364834109348449
0.6121919751167297  0.6122676134109497           0.0  0.3641691936982211
0.6122676134109497  0.6123431921005249           0.0  0.3638959299624265
0.6123431921005249  0.6124187707901001           0.0  0.363806113062573
0.6124187707901001  0.6124944090843201           0.0  0.36340249672606006
0.6124944090843201  0.6125701069831848           0.0  0.3630266451656888
0.6125701069831848  0.6126457452774048           0.0  0.36278753336303715
0.6126457452774048  0.6127214431762695           0.0  0.3624123388269918
0.6127214431762695  0.6127971410751343           0.0  0.3621877803785912
0.6127971410751343  0.6128728985786438           0.0  0.36181337250282514
0.6128728985786438  0.6129486560821533           0.0  0.36144463785794584
0.6129486560821533  0.6130244135856628           0.0  0.3613553032644868
0.6130244135856628  0.6131001710891724           0.0  0.3609761151311432
0.6131001710891724  0.6131759881973267           0.0  0.3606031610917409
0.6131759881973267  0.613251805305481           0.0  0.3603549953915082
0.613251805305481  0.61332768201828           0.0  0.3599828629669858
0.61332768201828  0.6134034991264343           0.0  0.3597255626306938
0.6134034991264343  0.6134793758392334           0.0  0.3593541194772366
0.6134793758392334  0.6135553121566772           0.0  0.35881234448942895
0.6135553121566772  0.6136311888694763           0.0  0.35900535554893853
0.6136311888694763  0.6137071251869202           0.0  0.3584671955426822
0.6137071251869202  0.6137831211090088           0.0  0.3580973775608195
0.6137831211090088  0.6138590574264526           0.0  0.3578382689931149
0.6138590574264526  0.6139350533485413           0.0  0.3574691157739753
0.6139350533485413  0.6140110492706299           0.0  0.3571943629144765
0.6140110492706299  0.6140871047973633           0.0  0.3568260642015935
0.6140871047973633  0.6141631603240967           0.0  0.35639277727120966
0.6141631603240967  0.6142392158508301           0.0  0.35630451966790394
0.6142392158508301  0.6143153309822083           0.0  0.35558340156035095
0.6143153309822083  0.6143913865089417           0.0  0.3557739368263679
0.6143913865089417  0.6144675016403198           0.0  0.35519616496897083
0.6144675016403198  0.6145436763763428           0.0  0.35483027351785856
0.6145436763763428  0.6146198511123657           0.0  0.35440102537294577
0.6146198511123657  0.6146960258483887           0.0  0.3543131887730704
0.6146960258483887  0.6147722005844116           0.0  0.35388923229442026
0.6147722005844116  0.6148484349250793           0.0  0.35352488747490995
0.6148484349250793  0.6149246692657471           0.0  0.3531030259582761
0.6149246692657471  0.6150009036064148           0.0  0.3530154860017949
0.6150009036064148  0.6150771975517273           0.0  0.3524603220347603
0.6150771975517273  0.6151534914970398           0.0  0.3523728947869565
0.6151534914970398  0.6152297854423523           0.0  0.3519558535800999
0.6152297854423523  0.6153061389923096           0.0  0.35159385928751014
0.6153061389923096  0.6153824925422668           0.0  0.35116741989734607
0.6153824925422668  0.6154588460922241           0.0  0.3510802885499523
0.6154588460922241  0.6155352592468262           0.0  0.3504983674491543
0.6155352592468262  0.6156116724014282           0.0  0.3504113558247783
0.6156116724014282  0.6156880855560303           0.0  0.34980569321593663
0.6156880855560303  0.6157644987106323           0.0  0.34971887510137273
0.6157644987106323  0.6158409714698792           0.0  0.3490895943697045
0.6158409714698792  0.615917444229126           0.0  0.34900290793278266
0.615917444229126  0.6159939765930176           0.0  0.34835721096468397
0.6159939765930176  0.6160705089569092           0.0  0.3482706604794826
0.6160705089569092  0.6161470413208008           0.0  0.34761950289839433
0.6161470413208008  0.6162235736846924           0.0  0.3475331571520513
0.6162235736846924  0.6163001656532288           0.0  0.3468947972809865
0.6163001656532288  0.6163767576217651           0.0  0.34680858586811375
0.6163767576217651  0.6164533495903015           0.0  0.3463473390830255
0.6164533495903015  0.6165300011634827           0.0  0.34599200660892454
0.6165300011634827  0.6166066527366638           0.0  0.3457269271971063
0.6166066527366638  0.6166833639144897           0.0  0.3453723841056456
0.6166833639144897  0.6167600154876709           0.0  0.3451638572580847
0.6167600154876709  0.6168367266654968           0.0  0.34480992213098643
0.6168367266654968  0.6169134974479675           0.0  0.3443711071546478
0.6169134974479675  0.6169902086257935           0.0  0.3445529381964327
0.6169902086257935  0.6170669794082642           0.0  0.3441256279381149
0.6170669794082642  0.6171438097953796           0.0  0.3437730711248791
0.6171438097953796  0.6172205805778503           0.0  0.3435923759778312
0.6172205805778503  0.6172974109649658           0.0  0.34324038710033516
0.6172974109649658  0.6173742413520813           0.0  0.34301475472439236
0.6173742413520813  0.6174511313438416           0.0  0.3426635200603384
0.6174511313438416  0.6175280213356018           0.0  0.3422615596442446
0.6175280213356018  0.6176049113273621           0.0  0.3421763385331782
0.6176049113273621  0.6176818609237671           0.0  0.341485489549934
0.6176818609237671  0.6177587509155273           0.0  0.341665107466661
0.6177587509155273  0.6178357601165771           0.0  0.34083899580459354
0.6178357601165771  0.6179127097129822           0.0  0.34101801423702977
0.6179127097129822  0.617989718914032           0.0  0.3403348621193767
0.617989718914032  0.6180667281150818           0.0  0.34025005277813564
0.6180667281150818  0.6181437373161316           0.0  0.33984424605891156
0.6181437373161316  0.6182208061218262           0.0  0.33949678359181734
0.6182208061218262  0.6182978749275208           0.0  0.33923192149130205
0.6182978749275208  0.6183750033378601           0.0  0.3388852441851703
0.6183750033378601  0.6184521317481995           0.0  0.33849796853063335
0.6184521317481995  0.6185292601585388           0.0  0.3384135495328515
0.6185292601585388  0.6186063885688782           0.0  0.3380388797631003
0.6186063885688782  0.6186835765838623           0.0  0.33769360103508395
0.6186835765838623  0.6187607645988464           0.0  0.3373350560526827
0.6187607645988464  0.6188379526138306           0.0  0.33725090406018815
0.6188379526138306  0.6189152002334595           0.0  0.3367801079122379
0.6189152002334595  0.6189924478530884           0.0  0.3366960504683607
0.6189924478530884  0.6190696954727173           0.0  0.33636884482150575
0.6190696954727173  0.619147002696991           0.0  0.3360256112057657
0.619147002696991  0.6192243099212646           0.0  0.3356969834369641
0.6192243099212646  0.6193016171455383           0.0  0.33561317354069203
0.6193016171455383  0.6193789839744568           0.0  0.33513804018695165
0.6193789839744568  0.6194563508033752           0.0  0.3350543262414236
0.6194563508033752  0.6195337176322937           0.0  0.33468354923495225
0.6195337176322937  0.6196111440658569           0.0  0.33434235413678354
0.6196111440658569  0.6196885704994202           0.0  0.3339387106114659
0.6196885704994202  0.6197659969329834           0.0  0.3338552736902254
0.6197659969329834  0.6198434233665466           0.0  0.333408611281895
0.6198434233665466  0.6199209094047546           0.0  0.333068886979746
0.6199209094047546  0.6199984550476074           0.0  0.3324551481594494
0.6199984550476074  0.6200759410858154           0.0  0.332627699426424
0.6200759410858154  0.6201534867286682           0.0  0.33187056877054905
0.6201534867286682  0.620231032371521           0.0  0.33178758318890844
0.620231032371521  0.6203086376190186           0.0  0.3311659835507374
0.6203086376190186  0.6203862428665161           0.0  0.331083131236584
0.6203862428665161  0.6204638481140137           0.0  0.33047598203043643
0.6204638481140137  0.6205414533615112           0.0  0.3303933230232136
0.6205414533615112  0.6206191182136536           0.0  0.32980241375053393
0.6206191182136536  0.6206967830657959           0.0  0.32971988051938195
0.6206967830657959  0.620774507522583           0.0  0.32915454704658276
0.620774507522583  0.6208522319793701           0.0  0.32907213336715274
0.6208522319793701  0.6209299564361572           0.0  0.3285390736405202
0.6209299564361572  0.6210076808929443           0.0  0.32845683465471964
0.6210076808929443  0.6210854649543762           0.0  0.3279502318162172
0.6210854649543762  0.6211632490158081           0.0  0.3278680978485891
0.6211632490158081  0.6212410926818848           0.0  0.3272474785266047
0.6212410926818848  0.6213188767433167           0.0  0.32741620727782167
0.6213188767433167  0.6213967204093933           0.0  0.3269056104611951
0.6213967204093933  0.6214746236801147           0.0  0.32657363354556773
0.6214746236801147  0.6215525269508362           0.0  0.32613678809400515
0.6215525269508362  0.6216304302215576           0.0  0.3260550445972533
0.6216304302215576  0.6217083334922791           0.0  0.32554004037824485
0.6217083334922791  0.6217862963676453           0.0  0.3252096118076029
0.6217862963676453  0.6218642592430115           0.0  0.32462976994667003
0.6218642592430115  0.6219422221183777           0.0  0.3245483827395464
0.6219422221183777  0.6220202445983887           0.0  0.32382678483596844
0.6220202445983887  0.6220982670783997           0.0  0.3237455572546466
0.6220982670783997  0.6221762895584106           0.0  0.32318193323484373
0.6221762895584106  0.6222543716430664           0.0  0.32285420917651847
0.6222543716430664  0.6223324537277222           0.0  0.32247028919142706
0.6223324537277222  0.6224105954170227           0.0  0.3221434389778998
0.6224105954170227  0.6224886775016785           0.0  0.3217998994170909
0.6224886775016785  0.622566819190979           0.0  0.32147374504439985
0.622566819190979  0.6226450204849243           0.0  0.320898099240384
0.6226450204849243  0.6227231621742249           0.0  0.32106224588065146
0.6227231621742249  0.6228013634681702           0.0  0.3204895835767588
0.6228013634681702  0.6228796243667603           0.0  0.3201650466145704
0.6228796243667603  0.6229578256607056           0.0  0.3198484952101683
0.6229578256607056  0.6230360865592957           0.0  0.3195246245659763
0.6230360865592957  0.6231144070625305           0.0  0.3189899009327268
0.6231144070625305  0.6231926679611206           0.0  0.31915264222679673
0.6231926679611206  0.6232709884643555           0.0  0.3186490186385113
0.6232709884643555  0.6233493685722351           0.0  0.31832665804886795
0.6233493685722351  0.62342768907547           0.0  0.3180899650117787
0.62342768907547  0.6235060691833496           0.0  0.31776818932816214
0.6235060691833496  0.623584508895874           0.0  0.317302177122106
0.623584508895874  0.6236628890037537           0.0  0.31746361269361695
0.6236628890037537  0.6237413287162781  -0.01958510237978516  0.32664890013043013
0.6237413287162781  0.6238198280334473  -0.01957524968007079  0.3263235905928277
0.6238198280334473  0.6238982677459717           0.0  0.31646239288440625
0.6238982677459717  0.6239767670631409           0.0  0.3161425624048097
0.6239767670631409  0.6240552663803101           0.0  0.31590842289719095
0.6240552663803101  0.624133825302124           0.0  0.31558930109636674
0.624133825302124  0.624212384223938           0.0  0.3152158283889772
0.624212384223938  0.624290943145752           0.0  0.3151364967381853
0.624290943145752  0.6243695616722107           0.0  0.31463477031636045
0.6243695616722107  0.6244481801986694           0.0  0.31455554477625813
0.6244481801986694  0.6245267987251282           0.0  0.3141782391411941
0.6245267987251282  0.6246054768562317           0.0  0.31386117878082465
0.6246054768562317  0.6246841549873352           0.0  0.3134970738098647
0.6246841549873352  0.6247628331184387           0.0  0.3134181146832844
0.6247628331184387  0.624841570854187           0.0  0.312951796996964
0.624841570854187  0.6249203085899353           0.0  0.31287293537024446
0.6249203085899353  0.6249990463256836           0.0  0.3125362012436751
0.6249990463256836  0.6250778436660767           0.0  0.3122210864909561
0.6250778436660767  0.6251566410064697           0.0  0.31187327625369193
0.6251566410064697  0.6252354383468628           0.0  0.3117946665553162
0.6252354383468628  0.6253142356872559           0.0  0.31141096887394903
0.6253142356872559  0.6253930926322937           0.0  0.3110971461916598
0.6253930926322937  0.6254720091819763           0.0  0.31056143157651916
0.6254720091819763  0.6255508661270142           0.0  0.31071777831599035
0.6255508661270142  0.6256297826766969           0.0  0.31017482843709154
0.6256297826766969  0.6257087588310242           0.0  0.30986252546972065
0.6257087588310242  0.6257876753807068           0.0  0.30957395308565516
0.6257876753807068  0.6258666515350342           0.0  0.30926226403416746
0.6258666515350342  0.6259456276893616           0.0  0.3089989546292353
0.6259456276893616  0.6260246634483337           0.0  0.3086879859314485
0.6260246634483337  0.6261036992073059           0.0  0.30832424563439353
0.6261036992073059  0.6261827349662781           0.0  0.30824641327227364
0.6261827349662781  0.626261830329895           0.0  0.3077711530719481
0.626261830329895  0.626340925693512           0.0  0.30769342137537065
0.626340925693512  0.6264200210571289           0.0  0.30732996199479506
0.6264200210571289  0.6264991760253906           0.0  0.30702096955015434
0.6264991760253906  0.6265783309936523           0.0  0.30664912222417434
0.6265783309936523  0.6266574859619141           0.0  0.30657165470105435
0.6266574859619141  0.6267367005348206           0.0  0.30608004573155373
0.6267367005348206  0.6268159151077271           0.0  0.30600268330447356
0.6268159151077271  0.6268951296806335           0.0  0.30563256913824094
0.6268951296806335  0.6269744038581848           0.0  0.3053255733553015
0.6269744038581848  0.6270536780357361           0.0  0.3049722147252167
0.6270536780357361  0.6271329522132874           0.0  0.30489511330182845
0.6271329522132874  0.6272122859954834           0.0  0.30444743836867294
0.6272122859954834  0.6272916197776794           0.0  0.3043704312285921
0.6272916197776794  0.6273709535598755           0.0  0.3040506994745352
0.6273709535598755  0.6274503469467163           0.0  0.30374557048866696
0.6274503469467163  0.6275297403335571           0.0  0.30342592205822083
0.6275297403335571  0.6276091337203979           0.0  0.3033491544963478
0.6276091337203979  0.6276885867118835           0.0  0.30290403111314346
0.6276885867118835  0.6277680397033691           0.0  0.302827357469531
0.6277680397033691  0.6278474926948547           0.0  0.30247836143921103
0.6278474926948547  0.6279270052909851           0.0  0.30217509925999714
0.6279270052909851  0.6280065178871155           0.0  0.30180554443632107
0.6280065178871155  0.6280860304832458           0.0  0.30172913024742426
0.6280860304832458  0.628165602684021           0.0  0.30122510322060775
0.628165602684021  0.6282451748847961           0.0  0.30114879815597756
0.6282451748847961  0.6283247470855713           0.0  0.300739019765925
0.6283247470855713  0.6284043788909912           0.0  0.30043779202184057
0.6284043788909912  0.6284840106964111           0.0  0.30012168203474276
0.6284840106964111  0.6285637021064758           0.0  0.2998211893931492
0.6285637021064758  0.6286433339118958           0.0  0.2994822086366481
0.6286433339118958  0.6287230253219604           0.0  0.2991823874235379
0.6287230253219604  0.6288027763366699           0.0  0.29871068322478406
0.6288027763366699  0.6288825273513794           0.0  0.2986349219210893
0.6288825273513794  0.6289622783660889           0.0  0.29803697767375475
0.6289622783660889  0.6290420293807983           0.0  0.2979614064071322
0.6290420293807983  0.6291218400001526           0.0  0.29734811394126237
0.6291218400001526  0.6292016506195068           0.0  0.2972726801366814
0.6292016506195068  0.6292814612388611           0.0  0.29676466824355646
0.6292814612388611  0.6293613314628601           0.0  0.2964679674724921
0.6293613314628601  0.6294412016868591           0.0  0.2961034784674598
0.6294412016868591  0.6295211315155029           0.0  0.2958075617460591
0.6295211315155029  0.6296010613441467           0.0  0.2954031275603487
0.6296010613441467  0.6296809911727905           0.0  0.29532813237449435
0.6296809911727905  0.6297609210014343           0.0  0.2949815260695258
0.6297609210014343  0.6298409104347229           0.0  0.29468687937510024
0.6298409104347229  0.6299208998680115           0.0  0.29445478927833557
0.6299208998680115  0.6300009489059448           0.0  0.2941607889510587
0.6300009489059448  0.6300809979438782           0.0  0.29377924356948254
0.6300809979438782  0.6301610469818115           0.0  0.29370460631299805
0.6301610469818115  0.6302411556243896           0.0  0.29305544066103306
0.6302411556243896  0.630321204662323           0.0  0.2931991379998123
0.630321204662323  0.6304013729095459           0.0  0.29240481297966076
0.6304013729095459  0.630481481552124           0.0  0.29254798157114476
0.630481481552124  0.6305616497993469           0.0  0.291842168347139
0.6305616497993469  0.6306418180465698           0.0  0.291767969414079
0.6306418180465698  0.6307220458984375           0.0  0.29116831164605583
0.6307220458984375  0.6308022737503052           0.0  0.29109424784146465
0.6308022737503052  0.6308825016021729           0.0  0.2906323718758918
0.6308825016021729  0.6309627890586853           0.0  0.2903427236311204
0.6309627890586853  0.6310430765151976           0.0  0.2899523423866587
0.6310430765151976  0.6311233639717102           0.0  0.2898785706408459
0.6311233639717102  0.6312037110328674           0.0  0.28947282212873054
0.6312037110328674  0.6312840580940247           0.0  0.2893991364704416
0.6312840580940247  0.6313644051551819           0.0  0.2891737167033238
0.6313644051551819  0.6314448118209839           0.0  0.28888579195847963
0.6314448118209839  0.6315252184867859           0.0  0.28869145759573756
0.6315252184867859  0.6316056251525879           0.0  0.28861795376202365
0.6316056251525879  0.6316860914230347           0.0  0.28831534582604396
0.6316860914230347  0.6317665576934814           0.0  0.2882419020506845
0.6317665576934814  0.6318470239639282           0.0  0.28803211531130746
0.6318470239639282  0.6319275498390197           0.0  0.28774558281815926
0.6319275498390197  0.6320080757141113           0.0  0.28761903303235203
0.6320080757141113  0.6320886611938477           0.0  0.28733304524493686
0.6320886611938477  0.6321691870689392           0.0  0.2871695670112997
0.6321691870689392  0.6322497725486755           0.0  0.2868840506629545
0.6322497725486755  0.6323304176330566           0.0  0.2865632638024073
0.6323304176330566  0.6324110627174377           0.0  0.28649017868416127
0.6324110627174377  0.6324917078018188           0.0  0.28600570732400804
0.6324917078018188  0.6325723528862           0.0  0.28593278300336744
0.6325723528862  0.6326530575752258           0.0  0.28539944582010335
0.6326530575752258  0.6327337622642517           0.0  0.28532664087469894
0.6327337622642517  0.6328145265579225           0.0  0.2847713897734227
0.6328145265579225  0.632895290851593           0.0  0.2846987099467137
0.632895290851593  0.6329760551452637           0.0  0.2842552969506933
0.6329760551452637  0.6330568790435791           0.0  0.2839731631421958
0.6330568790435791  0.6331377029418945           0.0  0.2835481446696924
0.6331377029418945  0.63321852684021           0.0  0.28347576060194557
0.63321852684021  0.6332993507385254           0.0  0.2830677542859217
0.6332993507385254  0.6333802342414856           0.0  0.2827869363466887
0.6333802342414856  0.6334611773490906           0.0  0.2822929169845793
0.6334611773490906  0.6335420608520508           0.0  0.2824287887706693
0.6335420608520508  0.6336230039596558           0.0  0.28194907157132965
0.6336230039596558  0.6337040066719055           0.0  0.28166960681186826
0.6337040066719055  0.6337849497795105           0.0  0.2813950083526889
0.6337849497795105  0.6338659524917603           0.0  0.28111610040593277
0.6338659524917603  0.6339470148086548           0.0  0.2807163920921897
0.6339470148086548  0.6340280771255493           0.0  0.28064461129269774
0.6340280771255493  0.6341091394424438           0.0  0.28011889763283004
0.6341091394424438  0.6341902017593384           0.0  0.28004728792723094
0.6341902017593384  0.6342713236808777           0.0  0.27950885178390666
0.6342713236808777  0.634352445602417           0.0  0.27943736378016915
0.634352445602417  0.6344335675239563           0.0  0.27899510199057415
0.6344335675239563  0.6345147490501404           0.0  0.2787189479317724
0.6345147490501404  0.6345959305763245           0.0  0.2783730597048789
0.6345959305763245  0.6346771717071533           0.0  0.27809763259307574
0.6346771717071533  0.6347584128379822           0.0  0.27764844191051663
0.6347584128379822  0.634839653968811           0.0  0.27757737995588283
0.634839653968811  0.6349209547042847           0.0  0.2770327334894884
0.6349209547042847  0.6350022554397583           0.0  0.2769617952688036
0.6350022554397583  0.6350835561752319           0.0  0.27643315111652644
0.6350835561752319  0.6351648569107056           0.0  0.27636238454884465
0.6351648569107056  0.635246217250824           0.0  0.27596140249551404
0.635246217250824  0.635327637195587           0.0  0.2756887211090586
0.635327637195587  0.6354089975357056           0.0  0.27542509705073603
0.6354089975357056  0.6354904174804688           0.0  0.27515297226004287
0.6354904174804688  0.6355718970298767           0.0  0.27482856071025186
0.6355718970298767  0.6356533765792847           0.0  0.2747581043637706
0.6356533765792847  0.6357348561286926           0.0  0.2743678331182466
0.6357348561286926  0.6358163356781007           0.0  0.2742975129136979
0.6358163356781007  0.6358978748321533           0.0  0.27392504705265885
0.6358978748321533  0.6359794139862061           0.0  0.27385480699110143
0.6359794139862061  0.6360609531402588           0.0  0.2735816041465204
0.6360609531402588  0.6361425518989563           0.0  0.27331165589504636
0.6361425518989563  0.6362241506576538           0.0  0.2731322126464582
0.6362241506576538  0.6363058090209961           0.0  0.2728628290134807
0.6363058090209961  0.6363874673843384           0.0  0.27258545210424884
0.6363874673843384  0.6364691257476807           0.0  0.27251550721311996
0.6364691257476807  0.6365508437156677           0.0  0.272144612287275
0.6365508437156677  0.6366325616836548           0.0  0.2720747474825003
0.6366325616836548  0.6367142796516418           0.0  0.27170163882778586
0.6367142796516418  0.6367959976196289           0.0  0.2716319056449804
0.6367959976196289  0.6368777751922607           0.0  0.2713450593703966
0.6368777751922607  0.6369596123695374           0.0  0.27107777861521437
0.6369596123695374  0.6370413899421692           0.0  0.2708779960519219
0.6370413899421692  0.6371232271194458           0.0  0.2706111946347228
0.6371232271194458  0.6372051239013672           0.0  0.2703124250784155
0.6372051239013672  0.6372870206832886           0.0  0.2702429502040612
0.6372870206832886  0.63736891746521           0.0  0.2698588523172303
0.63736891746521  0.6374508142471313           0.0  0.26978951184031214
0.6374508142471313  0.6375327706336975           0.0  0.2694245954930646
0.6375327706336975  0.6376147270202637           0.0  0.26935533402385775
0.6376147270202637  0.6376967430114746  -0.016626069532320074  0.27719386184460837
0.6376967430114746  0.6377787590026855  -0.016617518427742207  0.2771204952660361
0.6377787590026855  0.6378607749938965           0.0  0.26859127227323154
0.6378607749938965  0.6379427909851074           0.0  0.2685222103454321
0.6379427909851074  0.6380248665809631           0.0  0.26826556129450263
0.6380248665809631  0.6381070017814636           0.0  0.268001902154729
0.6381070017814636  0.6381890773773193           0.0  0.26782181117493076
0.6381890773773193  0.6382712125778198           0.0  0.2675585957872555
0.6382712125778198  0.6383534073829651           0.0  0.2671650848707963
0.6383534073829651  0.6384355425834656           0.0  0.2672901438021872
0.6384355425834656  0.638517737388611           0.0  0.26689317559246545
0.638517737388611  0.6385999917984009           0.0  0.26663110108497734
0.6385999917984009  0.6386822462081909           0.0  0.2663420832605812
0.6386822462081909  0.638764500617981           0.0  0.26627348893267516
0.638764500617981  0.638846755027771           0.0  0.26599844646789944
0.638846755027771  0.6389290690422058           0.0  0.26573736775236706
0.6389290690422058  0.6390113830566406           0.0  0.26556602586192435
0.6390113830566406  0.6390937566757202           0.0  0.26530548018571093
0.6390937566757202  0.6391761302947998           0.0  0.26503042905795293
0.6391761302947998  0.6392585039138794           0.0  0.2649621264371656
0.6392585039138794  0.6393409371376038           0.0  0.2644715730059362
0.6393409371376038  0.6394233107566833           0.0  0.26459472351875696
0.6394233107566833  0.6395058035850525           0.0  0.2640742923931399
0.6395058035850525  0.6395882964134216           0.0  0.2640061728375096
0.6395882964134216  0.6396707892417908           0.0  0.2635590577809399
0.6396707892417908  0.6397532820701599           0.0  0.26349108866612125
0.6397532820701599  0.6398358345031739           0.0  0.2630354620011498
0.6398358345031739  0.6399183869361877           0.0  0.2629675964179243
0.6399183869361877  0.6400009393692017           0.0  0.26261450715118356
0.6400009393692017  0.6400835514068604           0.0  0.2623573113116179
0.6400835514068604  0.640166163444519           0.0  0.2621171195359766
0.640166163444519  0.6402488350868225           0.0  0.26186051025570595
0.6402488350868225  0.640331506729126           0.0  0.2615439943039552
0.640331506729126  0.6404141783714294           0.0  0.2614764684049821
0.6404141783714294  0.6404969096183777           0.0  0.2610770849137785
0.6404969096183777  0.6405796408653259           0.0  0.2610096483881761
0.6405796408653259  0.6406623721122742           0.0  0.2607029794989607
0.6406623721122742  0.6407451629638672           0.0  0.26044799094657345
0.6407451629638672  0.6408279538154602           0.0  0.2601210951444777
0.6408279538154602  0.6409107446670532           0.0  0.2600538918808269
0.6409107446670532  0.640993595123291           0.0  0.2596090387225233
0.640993595123291  0.6410764455795288           0.0  0.25954193681157744
0.6410764455795288  0.6411593556404114           0.0  0.2590063406692356
0.6411593556404114  0.6412422060966492           0.0  0.2591256747979114
0.6412422060966492  0.6413251757621766           0.0  0.2585330567220963
0.6413251757621766  0.6414080858230591           0.0  0.2586520021933939
0.6414080858230591  0.6414910554885864           0.0  0.2581945570363166
0.6414910554885864  0.6415740251541138           0.0  0.2581277765392299
0.6415740251541138  0.6416570544242859           0.0  0.2577856600715859
0.6416570544242859  0.641740083694458           0.0  0.2577189547002448
0.641740083694458  0.6418231725692749           0.0  0.25728811060125834
0.6418231725692749  0.641906201839447           0.0  0.2574061790648857
0.641906201839447  0.6419892907142639           0.0  0.2570640515733791
0.6419892907142639  0.6420724391937256           0.0  0.25681326604436233
0.6420724391937256  0.6421555876731873           0.0  0.2565553190881692
0.6421555876731873  0.6422387361526489           0.0  0.2564888883873006
0.6422387361526489  0.6423218846321106           0.0  0.25621534056803463
0.6423218846321106  0.642405092716217           0.0  0.2559655098167123
0.642405092716217  0.6424883604049683           0.0  0.25558145287576817
0.6424883604049683  0.6425715684890747           0.0  0.25569827708215037
0.6425715684890747  0.6426548361778259           0.0  0.2552107192339767
0.6426548361778259  0.6427381038665771           0.0  0.25514459336837203
0.6427381038665771  0.6428214311599731           0.0  0.2547524886146155
0.6428214311599731  0.6429047584533691           0.0  0.2546864513515236
0.6429047584533691  0.6429881453514099           0.0  0.25430813875184344
0.6429881453514099  0.6430715322494507           0.0  0.25424218662738995
0.6430715322494507  0.6431549191474915           0.0  0.25387032643361285
0.6431549191474915  0.6432383060455322           0.0  0.2538045049211194
0.6432383060455322  0.6433217525482178           0.0  0.25342742274899266
0.6433217525482178  0.6434051990509033           0.0  0.2533616861581353
0.6434051990509033  0.6434887051582336           0.0  0.2529822298865026
0.6434887051582336  0.6435722112655641           0.0  0.2529165789433099
0.6435722112655641  0.6436557173728943           0.0  0.25263290382828063
0.6436557173728943  0.6437392830848694           0.0  0.2523871881105436
0.6437392830848694  0.6438228487968445           0.0  0.2521074432656044
0.6438228487968445  0.6439064145088197           0.0  0.2520420066193789
0.6439064145088197  0.6439900398254395           0.0  0.2516773567544439
0.6439900398254395  0.6440736651420593           0.0  0.25161200212238927
0.6440736651420593  0.6441573500633239           0.0  0.25127657144613424
0.6441573500633239  0.6442410349845886           0.0  0.25121129134400444
0.6442410349845886  0.6443247199058533           0.0  0.2510564094045154
0.6443247199058533  0.6444084644317627           0.0  0.2508125319910379
0.6444084644317627  0.6444922089576721           0.0  0.2508815514858321
0.6444922089576721  0.6445759534835815           0.0  0.25081636147521097
0.6445759534835815  0.6446597576141357           0.0  0.2513902097988288
0.6446597576141357  0.6447435617446899           0.0  0.2513248581172316
0.6447435617446899  0.6448273658752441           0.0  0.25330198468000553
0.6448273658752441  0.6449112296104431           0.0  0.253056143899372
0.6449112296104431  0.6449950933456421           0.0  0.2570441520958213
0.6449950933456421  0.6450790166854858           0.0  0.2567947837020659
0.6450790166854858  0.6451629400253296           0.0  0.26247090861612105
0.6451629400253296  0.6452468633651733           0.0  0.2624026326227354
0.6452468633651733  0.6453308463096619           0.0  0.2689251170524151
0.6453308463096619  0.6454148292541504           0.0  0.26885513067440303
0.6454148292541504  0.6454988121986389           0.0  0.2755027660928218
0.6454988121986389  0.6455828547477722           0.0  0.27523572146889647
0.6455828547477722  0.6456668972969055           0.0  0.28136643674642586
0.6456668972969055  0.6457509398460388           0.0  0.28129319875003905
0.6457509398460388  0.6458350419998169           0.0  0.28679198965685376
0.6458350419998169  0.6459192037582397           0.0  0.28651422260690407
0.6459192037582397  0.6460033059120178           0.0  0.29165409571183326
0.6460033059120178  0.6460874676704407           0.0  0.2913716367137166
0.6460874676704407  0.6461716294288635           0.0  0.2961406504469433
0.6461716294288635  0.6462558507919312           0.0  0.2958539669736415
0.6462558507919312  0.6463400721549988           0.0  0.30008083785128736
0.6463400721549988  0.6464243531227112           0.0  0.2997904468221826
0.6464243531227112  0.6465085744857788           0.0  0.3030295561890118
0.6465085744857788  0.6465928554534912           0.0  0.30273633366342995
0.6465928554534912  0.6466771960258484           0.0  0.30401203569195956
0.6466771960258484  0.6467615365982056           0.0  0.3039327466567065
0.6467615365982056  0.6468458771705627           0.0  0.3025374201561918
0.6468458771705627  0.6469302773475647           0.0  0.3022449159817898
0.6469302773475647  0.6470146775245667           0.0  0.2984713990381849
0.6470146775245667  0.6470990777015686           0.0  0.2983935406706859
0.6470990777015686  0.6471835374832153           0.0  0.29348214466109873
0.6471835374832153  0.6472679972648619           0.0  0.29340555370332866
0.6472679972648619  0.6473525166511536           0.0  0.2886176709124467
0.6473525166511536  0.6474369764328003           0.0  0.28874596812749836
0.6474369764328003  0.6475215554237366           0.0  0.2846444776549157
0.6475215554237366  0.6476060748100281           0.0  0.28477083583176943
0.6476060748100281  0.6476906538009644           0.0  0.2816500453760254
0.6476906538009644  0.6477752923965453           0.0  0.28137818183290153
0.6477752923965453  0.6478598713874817           0.0  0.27895527055097985
0.6478598713874817  0.6479445099830627           0.0  0.27868601899251055
0.6479445099830627  0.6480292081832886           0.0  0.27649174085768446
0.6480292081832886  0.6481139063835144           0.0  0.2764194746939221
0.6481139063835144  0.6481986045837402           0.0  0.2744678655242384
0.6481986045837402  0.6482833027839661           0.0  0.27439614708214527
0.6482833027839661  0.6483680605888367           0.0  0.27286044879425125
0.6483680605888367  0.6484528779983521           0.0  0.2725973882739575
0.6484528779983521  0.6485376358032227           0.0  0.2713689447920848
0.6485376358032227  0.648622453212738           0.0  0.2711073425894347
0.648622453212738  0.6487073302268982           0.0  0.2699408881103604
0.6487073302268982  0.6487922072410583           0.0  0.269870259097343
0.6487922072410583  0.6488770842552185           0.0  0.26873017120595216
0.6488770842552185  0.6489619612693787           0.0  0.2686598773651671
0.6489619612693787  0.6490468978881836           0.0  0.2675882182898833
0.6490468978881836  0.6491318345069885           0.0  0.2675181923344591
0.6491318345069885  0.6492168307304382           0.0  0.2665169051910878
0.6492168307304382  0.6493018269538879           0.0  0.26644712891905814
0.6493018269538879  0.6493868827819824           0.0  0.26547194111545197
0.6493868827819824  0.6494718790054321           0.0  0.26558855377851054
0.6494718790054321  0.6495569944381714           0.0  0.2646428737241054
0.6495569944381714  0.6496420502662659           0.0  0.26475896256416703
0.6496420502662659  0.6497271656990051           0.0  0.26398038134138624
0.6497271656990051  0.6498122811317444           0.0  0.2639112265870654
0.6498122811317444  0.6498974561691284           0.0  0.26325450054153227
0.6498974561691284  0.6499826312065125           0.0  0.26318550573837957
0.6499826312065125  0.6500678062438965           0.0  0.26262567285282995
0.6500678062438965  0.6501530408859253           0.0  0.26237323178078875
0.6501530408859253  0.6502382755279541           0.0  0.2619050369589587
0.6502382755279541  0.6503235697746277           0.0  0.2616533894404672
0.6503235697746277  0.6504088640213013           0.0  0.2610926854150625
0.6504088640213013  0.6504941582679749           0.0  0.2610242153032708
0.6504941582679749  0.6505795121192933           0.0  0.2603588942425361
0.6505795121192933  0.6506648659706116           0.0  0.2602905867762292
0.6506648659706116  0.6507502198219298           0.0  0.25971803537393484
0.6507502198219298  0.6508356332778931           0.0  0.25946869007629164
0.6508356332778931  0.6509210467338562           0.0  0.2589150651913695
0.6509210467338562  0.6510064601898193           0.0  0.2588471247577007
0.6510064601898193  0.6510919332504272           0.0  0.25830770727140206
0.6510919332504272  0.6511774659156799           0.0  0.2580599196616881
0.6511774659156799  0.6512629389762878           0.0  0.25760000517241655
0.6512629389762878  0.6513484716415405           0.0  0.25735290546205847
0.6513484716415405  0.651434063911438           0.0  0.2567826061991409
0.651434063911438  0.6515196561813354           0.0  0.25671513745623437
0.6515196561813354  0.6516052484512329           0.0  0.25603219214194445
0.6516052484512329  0.6516908407211304           0.0  0.2559649382385725
0.6516908407211304  0.6517764925956726           0.0  0.2553631247933371
0.6517764925956726  0.6518622040748596           0.0  0.25511846291211543
0.6518622040748596  0.6519478559494019           0.0  0.2546527197676405
0.6519478559494019  0.6520335674285889           0.0  0.25440874944434394
0.6520335674285889  0.6521193385124207           0.0  0.2539719096370706
0.6521193385124207  0.6522051095962524           0.0  0.25390511026509277
0.6522051095962524  0.6522908806800842           0.0  0.2535339054437616
0.6522908806800842  0.6523766517639159           0.0  0.25346723880982197
0.6523766517639159  0.6524624824523926           0.0  0.2533149956114232
0.6524624824523926  0.6525483727455139           0.0  0.2530725874520466
0.6525483727455139  0.6526342034339905           0.0  0.25311388433521465
0.6526342034339905  0.6527200937271118           0.0  0.25287168873229954
0.6527200937271118  0.6528060436248779           0.0  0.25293244142244536
0.6528060436248779  0.652891993522644           0.0  0.2528658468928866
0.652891993522644  0.6529779434204102           0.0  0.25295947771348126
0.6529779434204102  0.6530638933181763           0.0  0.2528928935967022
0.6530638933181763  0.6531499028205872           0.0  0.25316195203731473
0.6531499028205872  0.6532359719276428           0.0  0.25291998370891355
0.6532359719276428  0.6533220410346985           0.0  0.25322131793869596
0.6533220410346985  0.6534081101417542           0.0  0.25315460761661157
0.6534081101417542  0.6534941792488098           0.0  0.2534341877605179
0.6534941792488098  0.6535803079605103           0.0  0.2531920757415978
0.6535803079605103  0.6536664366722107           0.0  0.25351173235545016
0.6536664366722107  0.6537526249885559           0.0  0.25326963946336134
0.6537526249885559  0.6538388133049011           0.0  0.25345793262549227
0.6538388133049011  0.6539250016212463           0.0  0.2533911203381826
0.6539250016212463  0.6540112495422363  0.12675932392573244  0.2534852194153925
0.6540112495422363  0.6540974974632263  0.12669247586919427  0.2534183713588543
0.6540974974632263  0.6541838049888611           0.0  0.25351417680935173
0.6541838049888611  0.6542701125144958           0.0  0.25344729256457255
0.6542701125144958  0.6543564200401306           0.0  0.25358612018228804
0.6543564200401306  0.6544427871704102           0.0  0.25334424248509424
0.6544427871704102  0.6545291543006897           0.0  0.25347828323193644
0.6545291543006897  0.654615581035614           0.0  0.2532366073218368
0.654615581035614  0.6547019481658936           0.0  0.25343880303099753
0.6547019481658936  0.6547884345054626           0.0  0.2530226563213295
0.6547884345054626  0.654874861240387           0.0  0.25330645700164717
0.654874861240387  0.6549613475799562           0.0  0.2530650503499336
0.6549613475799562  0.6550478935241699           0.0  0.2532176653136646
0.6550478935241699  0.6551343798637389           0.0  0.2533252510382959
0.6551343798637389  0.6552209854125977           0.0  0.25340437501419916
0.6552209854125977  0.6553075313568115           0.0  0.25351188006817443
0.6553075313568115  0.6553941369056702           0.0  0.25375703259672383
0.6553941369056702  0.6554807424545288           0.0  0.2536899771804338
0.6554807424545288  0.6555674076080322           0.0  0.2541141947836382
0.6555674076080322  0.6556540727615356           0.0  0.25404701653652434
0.6556540727615356  0.6557407975196838           0.0  0.25451926578549544
0.6557407975196838  0.6558274626731873           0.0  0.25462697525329353
0.6558274626731873  0.6559142470359802           0.0  0.25511380958549584
0.6559142470359802  0.6560009717941284           0.0  0.2552216228724913
0.6560009717941284  0.6560877561569214           0.0  0.25597913937459393
0.6560877561569214  0.6561746001243591           0.0  0.2557357615870991
0.6561746001243591  0.6562613844871521           0.0  0.25690580406399455
0.6562613844871521  0.6563482284545898           0.0  0.2566615757293572
0.6563482284545898  0.6564351320266724           0.0  0.25811853562102977
0.6564351320266724  0.6565220355987549           0.0  0.25805020151629554
0.6565220355987549  0.6566089391708373           0.0  0.25996945225704077
0.6566089391708373  0.6566959023475646           0.0  0.25972248955622407
0.6566959023475646  0.656782865524292           0.0  0.2624236161643414
0.656782865524292  0.6568698287010193           0.0  0.2623541314956977
0.6568698287010193  0.6569568514823914           0.0  0.26631163925561535
0.6569568514823914  0.6570439338684082           0.0  0.26605883540093883
0.6570439338684082  0.6571309566497803           0.0  0.2714472839917926
0.6571309566497803  0.6572180390357971           0.0  0.27118962123752083
0.6572180390357971  0.6573051810264587           0.0  0.2770449762045789
0.6573051810264587  0.6573922634124756           0.0  0.27716113563086436
0.6573922634124756  0.657479465007782           0.0  0.282010055467506
0.657479465007782  0.6575666069984436           0.0  0.2821281274056877
0.6575666069984436  0.65765380859375           0.0  0.2845273772689136
0.65765380859375  0.6577410101890564           0.0  0.2844519334674749
0.6577410101890564  0.6578282713890076           0.0  0.2836397094792986
0.6578282713890076  0.6579155325889587           0.0  0.28356446960432796
0.6579155325889587  0.6580028533935546           0.0  0.28010115190214907
0.6580028533935546  0.6580901741981506           0.0  0.28002681966333526
0.6580901741981506  0.6581774950027467           0.0  0.27509878777221874
0.6581774950027467  0.6582648754119873           0.0  0.27483817826823503
0.6582648754119873  0.658352255821228           0.0  0.26906076721456756
0.658352255821228  0.6584396362304688           0.0  0.26898935401665125
0.6584396362304688  0.6585270762443542           0.0  0.2625709314021023
0.6585270762443542  0.6586145162582397           0.0  0.2625012116937367
0.6586145162582397  0.65870201587677           0.0  0.25557766836082035
0.65870201587677  0.6587895154953004           0.0  0.2555097773332822
0.6587895154953004  0.6588770151138306           0.0  0.24807352428841217
0.6588770151138306  0.6589645743370056           0.0  0.24783880111979603
0.6589645743370056  0.6590521335601807           0.0  0.23990216194984762
0.6590521335601807  0.6591397523880005           0.0  0.23967524323505807
0.6591397523880005  0.6592273712158203           0.0  0.23149587685013182
0.6592273712158203  0.6593149900436401           0.0  0.2314343481494194
0.6593149900436401  0.6594026684761047  -0.013841566480836204  0.23076897662090046
0.6594026684761047  0.6594903469085693  -0.013834206582367557  0.23070583032624728
0.6594903469085693  0.6595780849456787           0.0  0.218116598513889
0.6595780849456787  0.6596657633781433           0.0  0.2182068403951767
0.6596657633781433  0.6597535610198975           0.0  0.2145641411591498
0.6597535610198975  0.6598413586616516           0.0  0.21450704190197334
0.6598413586616516  0.6599291563034057           0.0  0.21262086566983202
0.6599291563034057  0.6600169539451599           0.0  0.21256429860549583
0.6600169539451599  0.6601048111915588           0.0  0.2116007462815377
0.6601048111915588  0.6601926684379577           0.0  0.21154442739216325
0.6601926684379577  0.6602805852890015           0.0  0.21095081200259605
0.6602805852890015  0.6603685021400453           0.0  0.21089464296643445
0.6603685021400453  0.6604564189910889           0.0  0.2104961430476152
0.6604564189910889  0.6605443954467773           0.0  0.21029751043721898
0.6605443954467773  0.6606323719024658           0.0  0.2100192126974773
0.6606323719024658  0.6607204079627991           0.0  0.20982111125583633
0.6607204079627991  0.6608084440231323           0.0  0.20957348542591384
0.6608084440231323  0.6608965396881104           0.0  0.20937587605588864
0.6608965396881104  0.6609845757484436           0.0  0.2092250988163387
0.6609845757484436  0.6610727310180663           0.0  0.20888648842480204
0.6610727310180663  0.6611608266830445           0.0  0.2087570379699548
0.6611608266830445  0.6612489819526672           0.0  0.20856028159697132
0.6612489819526672  0.6613371968269348           0.0  0.2082382172205095
0.6613371968269348  0.6614253520965576           0.0  0.20832345579796055
0.6614253520965576  0.6615135669708252           0.0  0.20802057144452885
0.6615135669708252  0.6616018414497375           0.0  0.2078246566740112
0.6616018414497375  0.6616901159286499           0.0  0.20760360608133427
0.6616901159286499  0.6617783904075623           0.0  0.20754822167969825
0.6617783904075623  0.6618667244911194           0.0  0.20724699153573656
0.6618667244911194  0.6619550585746765           0.0  0.20719167970535635
0.6619550585746765  0.6620434522628783           0.0  0.20685738327520556
0.6620434522628783  0.6621318459510803           0.0  0.20680215292417614
0.6621318459510803  0.6622202396392822           0.0  0.20649317445534543
0.6622202396392822  0.6623086929321289           0.0  0.20629893313341385
0.6623086929321289  0.6623971462249756           0.0  0.20602029697321128
0.6623971462249756  0.662485659122467           0.0  0.2058265604378866
0.662485659122467  0.6625741124153137           0.0  0.20560070631174018
0.6625741124153137  0.66266268491745           0.0  0.2052691384103462
0.66266268491745  0.6627511978149414           0.0  0.20512743377546144
0.6627511978149414  0.6628398299217224           0.0  0.20479679318821262
0.6628398299217224  0.6629284024238588           0.0  0.2046250750651038
0.6629284024238588  0.6630170345306396           0.0  0.20443281228766305
0.6630170345306396  0.6631056666374207           0.0  0.20423781236713304
0.6631056666374207  0.6631943583488465           0.0  0.2040459803907399
0.6631943583488465  0.6632830500602722           0.0  0.20388938356365857
0.6632830500602722  0.6633718013763428           0.0  0.20369796076114205
0.6633718013763428  0.6634605526924133           0.0  0.20349707051949828
0.6634605526924133  0.6635493040084839           0.0  0.20344263407388066
0.6635493040084839  0.6636381149291992           0.0  0.20317501612122174
0.6636381149291992  0.6637269258499146           0.0  0.20312064387982742
0.6637269258499146  0.6638157367706299           0.0  0.20290048246202655
0.6638157367706299  0.66390460729599           0.0  0.20271013092299897
0.66390460729599  0.6639934778213501           0.0  0.20253007039326892
0.6639934778213501  0.664082407951355           0.0  0.20234013607709214
0.664082407951355  0.6641713380813599           0.0  0.20214251756809481
0.6641713380813599  0.6642603278160095           0.0  0.20195301137000926
0.6642603278160095  0.6643492579460144           0.0  0.20182063962913402
0.6643492579460144  0.6644383072853088           0.0  0.20149647907010437
0.6644383072853088  0.6645272970199585           0.0  0.20143704193562395
0.6645272970199585  0.6646164059638977           0.0  0.20111365570700454
0.6646164059638977  0.6647054553031921  -0.012418397554495558  0.20710871450868296
0.6647054553031921  0.6647945642471313  -0.01241174266359914  0.20691713327666425
0.6647945642471313  0.6648836731910706           0.0  0.20062109770149444
0.6648836731910706  0.6649728417396545           0.0  0.20043324065872145
0.6649728417396545  0.6650620102882386           0.0  0.20025843990462028
0.6650620102882386  0.6651512384414673           0.0  0.2000709963783234
0.6651512384414673  0.6652404069900513           0.0  0.1999742530575824
0.6652404069900513  0.6653296947479248           0.0  0.19965370116297745
0.6653296947479248  0.6654189229011536           0.0  0.1996314987121228
0.6654189229011536  0.6655082702636718           0.0  0.19931164580743974
0.6655082702636718  0.6655975580215454           0.0  0.19922233182342194
0.6655975580215454  0.6656869053840637           0.0  0.19903600220300538
0.6656869053840637  0.665776252746582           0.0  0.19887286018205774
0.665776252746582  0.6658656597137452           0.0  0.1986869313693652
0.6658656597137452  0.6659550666809082           0.0  0.1985142013648154
0.6659550666809082  0.666044533252716           0.0  0.19832866453393838
0.666044533252716  0.6661339998245239           0.0  0.19808215677143887
0.6661339998245239  0.6662234663963318           0.0  0.19802895620913055
0.6662234663963318  0.6663129925727843           0.0  0.1977114885330001
0.6663129925727843  0.6664025187492371           0.0  0.19765836642391113
0.6664025187492371  0.6664920449256897           0.0  0.1974043533181365
0.6664920449256897  0.6665816307067871           0.0  0.19722000520409766
0.6665816307067871  0.6666712760925293           0.0  0.19690420367698383
0.6666712760925293  0.6667608618736267           0.0  0.1969822514168131
0.6667608618736267  0.666850507259369           0.0  0.19667768856528167
0.666850507259369  0.6669402122497559           0.0  0.19649415327579334
0.6669402122497559  0.6670299172401428           0.0  0.1962686246307034
0.6670299172401428  0.6671196222305298           0.0  0.19621584166810999
0.6671196222305298  0.6672093868255615           0.0  0.1959339894604925
0.6672093868255615  0.6672991514205933           0.0  0.1958812756659107
0.6672991514205933  0.6673889756202698           0.0  0.19560190832712065
0.6673889756202698  0.6674787998199463           0.0  0.19554926310487497
0.6674787998199463  0.6675686240196229           0.0  0.19533104063480794
0.6675686240196229  0.6676585078239441           0.0  0.19514897239322435
0.6676585078239441  0.6677483916282654           0.0  0.19498566742380882
0.6677483916282654  0.6678383350372314           0.0  0.19480398437066795
0.6678383350372314  0.6679282784461975           0.0  0.19456551561895
0.6679282784461975  0.6680182218551636           0.0  0.1945131221806264
0.6680182218551636  0.6681082248687744           0.0  0.19420755014112215
0.6681082248687744  0.6681982278823853           0.0  0.19415523253806044
0.6681982278823853  0.6682882905006408           0.0  0.193854363072979
0.6682882905006408  0.6683783531188966           0.0  0.1938021201134203
0.6683783531188966  0.6684684753417969           0.0  0.1934388447683437
0.6684684753417969  0.6685585379600525           0.0  0.19351469053925202
0.6685585379600525  0.6686487197875977           0.0  0.1930826648506334
0.6686487197875977  0.668738842010498           0.0  0.1931582758617905
0.668738842010498  0.6688290238380432           0.0  0.19284995433006483
0.6688290238380432  0.6689192652702332           0.0  0.19267059744816692
0.6689192652702332  0.6690095067024232           0.0  0.19242886854183816
0.6690095067024232  0.669099748134613           0.0  0.19237696280831856
0.669099748134613  0.6691900491714478           0.0  0.1920821151381483
0.6691900491714478  0.6692803502082825           0.0  0.19203028270616054
0.6692803502082825  0.669370710849762           0.0  0.19174996496246077
0.669370710849762  0.6694610714912415           0.0  0.19169820198294377
0.6694610714912415  0.6695514321327209           0.0  0.1914890365716603
0.6695514321327209  0.6696418523788452           0.0  0.19131114327046841
0.6696418523788452  0.6697322726249695           0.0  0.19109755149322835
0.6697322726249695  0.6698226928710938           0.0  0.19104595847356157
0.6698226928710938  0.6699131727218628           0.0  0.1908241436247913
0.6699131727218628  0.6700037121772766           0.0  0.19064700111936067
0.6700037121772766  0.6700942516326904           0.0  0.1904246637311317
0.6700942516326904  0.6701847910881041           0.0  0.1903732124135293
0.6701847910881041  0.6702753901481628           0.0  0.1900928456854695
0.6702753901481628  0.6703659892082214           0.0  0.19004146410177764
0.6703659892082214  0.67045658826828           0.0  0.18982729774743642
0.67045658826828  0.6705472469329834           0.0  0.18965121833171783
0.6705472469329834  0.6706379055976868           0.0  0.18950409718146036
0.6706379055976868  0.6707286238670349           0.0  0.18932837038249792
0.6707286238670349  0.6708193421363831           0.0  0.18919084075694143
0.6708193421363831  0.670910120010376           0.0  0.18901546950117729
0.670910120010376  0.6710008978843689           0.0  0.18882840285433003
0.6710008978843689  0.6710916757583618           0.0  0.18877731761028763
0.6710916757583618  0.6711825132369995           0.0  0.1885373722282873
0.6711825132369995  0.6712733507156371           0.0  0.18848634604202963
0.6712733507156371  0.6713641881942749           0.0  0.18831171028854465
0.6713641881942749  0.6714550852775574           0.0  0.18813729252758632
0.6714550852775574  0.6715460419654846           0.0  0.18796139570224482
0.6715460419654846  0.6716369986534119           0.0  0.18791048621970322
0.6716369986534119  0.6717279553413391           0.0  0.18772654737963823
0.6717279553413391  0.6718189716339111           0.0  0.18755279607742367
0.6718189716339111  0.6719099879264832           0.0  0.18735237817033024
0.6719099879264832  0.6720010042190552           0.0  0.18730162789266902
0.6720010042190552  0.672092080116272           0.0  0.18702403307503224
0.672092080116272  0.6721831560134888           0.0  0.18697335230008616
0.6721831560134888  0.6722742915153505           0.0  0.18669280258174342
0.6722742915153505  0.6723654270172118           0.0  0.18664219218016076
0.6723654270172118  0.6724566221237183  -0.01151872709519414  0.19204170520270977
0.6724566221237183  0.6725478172302246  -0.011512480347654216  0.19198810949597206
0.6725478172302246  0.672639012336731           0.0  0.18611020455484945
0.672639012336731  0.6727302670478821           0.0  0.185938197127555
0.6727302670478821  0.6728215217590332           0.0  0.18578866531935298
0.6728215217590332  0.6729128360748292           0.0  0.1856170157453454
0.6729128360748292  0.673004150390625           0.0  0.18540176330436411
0.673004150390625  0.6730954647064209           0.0  0.18535145889386612
0.6730954647064209  0.6731868386268616           0.0  0.18507450296427283
0.6731868386268616  0.6732782125473022           0.0  0.18502426820971501
0.6732782125473022  0.6733696460723877           0.0  0.18475355852741482
0.6733696460723877  0.6734610795974731           0.0  0.18470339180029022
0.6734610795974731  0.6735525727272033           0.0  0.18443896485017755
0.6735525727272033  0.6736440658569336           0.0  0.18438886451074246
0.6736440658569336  0.6737355589866638           0.0  0.18417755406782887
0.6737355589866638  0.6738271117210389           0.0  0.18400764778029172
0.6738271117210389  0.6739186644554138           0.0  0.18383330338326312
0.6739186644554138  0.6740102767944337           0.0  0.18366377011602567
0.6740102767944337  0.6741018891334534           0.0  0.18340230010249314
0.6741018891334534  0.6741935014724731           0.0  0.18335245710144824
0.6741935014724731  0.6742851734161377           0.0  0.18301084199272682
0.6742851734161377  0.6743768453598022           0.0  0.18296108654885837
0.6743768453598022  0.6744685769081117           0.0  0.1826142994907156
0.6744685769081117  0.6745603084564209           0.0  0.1825646330866437
0.6745603084564209  0.674652099609375           0.0  0.1822290722915049
0.674652099609375  0.674743890762329           0.0  0.18217949194867586
0.674743890762329  0.6748356819152832           0.0  0.1819214044652818
0.6748356819152832  0.6749275326728821           0.0  0.1817538827139353
0.6749275326728821  0.675019383430481           0.0  0.18156646114402628
0.675019383430481  0.6751112937927246           0.0  0.18139932447225568
0.6751112937927246  0.6752032041549683           0.0  0.18115405674143895
0.6752032041549683  0.6752951145172119           0.0  0.18110474516030403
0.6752951145172119  0.6753870844841003           0.0  0.18080120315038545
0.6753870844841003  0.6754790544509888           0.0  0.18075196911264357
0.6754790544509888  0.6755710840225219           0.0  0.18046031359750067
0.6755710840225219  0.6756631135940551           0.0  0.18041115393478951
0.6756631135940551  0.6757552027702332           0.0  0.18014298891034175
0.6757552027702332  0.6758472919464111           0.0  0.18009389728998385
0.6758472919464111  0.6759393811225891           0.0  0.1799095611901092
0.6759393811225891  0.6760315299034119           0.0  0.17974419120160923
0.6760315299034119  0.6761237382888794           0.0  0.17952198269934597
0.6761237382888794  0.676215887069702           0.0  0.17958912788531242
0.676215887069702  0.6763080954551697           0.0  0.1793792529225699
0.6763080954551697  0.676400363445282           0.0  0.17921448414048222
0.676400363445282  0.6764926314353944           0.0  0.17906300676247106
0.6764926314353944  0.6765848994255066           0.0  0.17901416800288256
0.6765848994255066  0.6766772270202637           0.0  0.178785945063727
0.6766772270202637  0.6767695546150208           0.0  0.17873716368400644
0.6767695546150208  0.6768619418144226           0.0  0.17847530769965234
0.6768619418144226  0.6769543290138246           0.0  0.17842659293964572
0.6769543290138246  0.6770467758178711           0.0  0.17808193639212913
0.6770467758178711  0.6771391630172729           0.0  0.17814818633675797
0.6771391630172729  0.6772316694259645           0.0  0.17780370384170321
0.6772316694259645  0.6773241758346558           0.0  0.17775513630916495
0.6773241758346558  0.6774166822433472           0.0  0.17748671152366013
0.6774166822433472  0.6775091886520386           0.0  0.1774382438172693
0.6775091886520386  0.6776017546653748           0.0  0.17724332389609998
0.6776017546653748  0.6776943802833557           0.0  0.17708086601579281
0.6776943802833557  0.6777870059013367           0.0  0.17689134199602277
0.6777870059013367  0.6778796315193176           0.0  0.17684300105414794
0.6778796315193176  0.6779723167419434           0.0  0.17659781315094003
0.6779723167419434  0.6780650019645691           0.0  0.1765495345711791
0.6780650019645691  0.6781577467918396           0.0  0.1763101212127044
0.6781577467918396  0.6782504916191101           0.0  0.1762619034761526
0.6782504916191101  0.6783432364463806           0.0  0.17608873150653404
0.6783432364463806  0.6784360408782959           0.0  0.17592750832587314
0.6784360408782959  0.6785288453102112           0.0  0.17581830725681524
0.6785288453102112  0.6786217093467712           0.0  0.1756573851052318
0.6786217093467712  0.6787145733833313           0.0  0.1755487826448484
0.6787145733833313  0.6788074970245361           0.0  0.17538816358283296
0.6788074970245361  0.6789004206657411           0.0  0.17521751101475305
0.6789004206657411  0.6789933443069458           0.0  0.17516955222638483
0.6789933443069458  0.6790863275527954           0.0  0.17493585953008678
0.6790863275527954  0.6791793107986449           0.0  0.17488796023799358
0.6791793107986449  0.6792723536491395           0.0  0.17465162380049326
0.6792723536491395  0.6793653964996339           0.0  0.1746037847879533
0.6793653964996339  0.6794584989547729           0.0  0.17436724385691504
0.6794584989547729  0.6795516014099121           0.0  0.17431946523779174
0.6795516014099121  0.6796447038650513           0.0  0.1741359786553087
0.6796447038650513  0.6797378659248352           0.0  0.17397687901942216
0.6797378659248352  0.6798310279846191           0.0  0.17384418371548896
0.6798310279846191  0.6799242496490479           0.0  0.17368540621183257
0.6799242496490479  0.6800174713134766           0.0  0.1735476408165519
0.6800174713134766  0.68011075258255           0.0  0.1733891889849785
0.68011075258255  0.6802040338516234           0.0  0.1731873476059002
0.6802040338516234  0.680297315120697           0.0  0.17313985326709005
0.680297315120697  0.6803906559944153           0.0  0.17286783875994632
0.6803906559944153  0.6804839968681334           0.0  0.17282041476437512
0.6804839968681334  0.6805773973464966           0.0  0.17253302396722775
0.6805773973464966  0.6806707978248596           0.0  0.1724856745967726
0.6806707978248596  0.6807642579078674           0.0  0.17218897914752088
0.6807642579078674  0.6808577179908751           0.0  0.17214170702059745
0.6808577179908751  0.6809511780738831           0.0  0.17189799316882734
0.6809511780738831  0.6810446977615356           0.0  0.17174126822708005
0.6810446977615356  0.6811382174491882           0.0  0.17156461311722052
0.6811382174491882  0.6812317967414856           0.0  0.1714082431059477
0.6812317967414856  0.681325376033783           0.0  0.17127033697557667
0.681325376033783  0.6814190149307252           0.0  0.1711142924118741
0.6814190149307252  0.6815126538276672           0.0  0.17096847699498757
0.6815126538276672  0.6816062927246093           0.0  0.17092150178431506
0.6816062927246093  0.6816999912261963           0.0  0.17072716070123548
0.6816999912261963  0.6817936897277832           0.0  0.1706802348366473
0.6817936897277832  0.6818874478340149           0.0  0.1704398812134686
0.6818874478340149  0.6819812059402466           0.0  0.17039301739857327
0.6819812059402466  0.682075023651123           0.0  0.1700998073260597
0.682075023651123  0.6821688413619995           0.0  0.1700530201566595
0.6821688413619995  0.682262659072876           0.0  0.16979013387216146
0.682262659072876  0.6823565363883971           0.0  0.16963565604259212
0.6823565363883971  0.6824504733085632           0.0  0.16931648504570973
0.6824504733085632  0.6825443506240845           0.0  0.16937736649520427
0.6825443506240845  0.6826383471488953           0.0  0.16895610357686006
0.6826383471488953  0.6827322840690613           0.0  0.16901676997515075
0.6827322840690613  0.6828262805938721           0.0  0.16871826688929775
0.6828262805938721  0.6829203367233276           0.0  0.16856491289847253
0.6829203367233276  0.6830143928527832           0.0  0.16834990475449543
0.6830143928527832  0.6831084489822388           0.0  0.16830354508660728
0.6831084489822388  0.6832025647163391           0.0  0.168079720385572
0.6832025647163391  0.6832966804504395           0.0  0.1680334185471583
0.6832966804504395  0.6833908557891846           0.0  0.1678732929718659
0.6833908557891846  0.6834850311279297           0.0  0.1678270314637969
0.6834850311279297  0.6835792660713196           0.0  0.16776052227991184
0.6835792660713196  0.6836735010147095           0.0  0.16771427534113087
0.6836735010147095  0.6837677359580994           0.0  0.16785778331747384
0.6837677359580994  0.683862030506134           0.0  0.1677054333583863
0.683862030506134  0.6839563250541687           0.0  0.16827495983272264
0.6839563250541687  0.6840506792068481           0.0  0.16812227864666937
0.6840506792068481  0.6841450333595276           0.0  0.1695384811355524
0.6841450333595276  0.6842394471168518           0.0  0.16938470406455236
0.6842394471168518  0.684333860874176           0.0  0.17200160075710316
0.684333860874176  0.6844282746315002           0.0  0.17195414708512585
0.6844282746315002  0.6845227479934691           0.0  0.17565333224717403
0.6845227479934691  0.684617280960083           0.0  0.1754941132252852
0.684617280960083  0.684711754322052           0.0  0.1795559468263697
0.684711754322052  0.6848063468933105           0.0  0.17928015326628657
0.6848063468933105  0.6849008798599243  0.09121254475650145  0.18245740114100814
0.6849008798599243  0.6849954724311829  0.09116218317511392  0.182292083998459
0.6849954724311829  0.6850901246070862           0.0  0.18355355032121487
0.6850901246070862  0.6851847767829895           0.0  0.1835028377439699
0.6851847767829895  0.6852794289588928           0.0  0.1828631371079019
0.6852794289588928  0.6853741407394409           0.0  0.18269757274640408
0.6853741407394409  0.6854689121246338           0.0  0.1808713004027255
0.6854689121246338  0.6855636239051819           0.0  0.18093510703606797
0.6855636239051819  0.6856584548950195           0.0  0.17880617139834876
0.6856584548950195  0.6857532262802124           0.0  0.17886916305323014
0.6857532262802124  0.68584805727005           0.0  0.1772366548013024
0.68584805727005  0.6859429478645325           0.0  0.1770763369622893
0.6859429478645325  0.6860378384590149           0.0  0.17611432491567286
0.6860378384590149  0.6861327290534974           0.0  0.1760656124951576
0.6861327290534974  0.6862276792526245  -0.010854663990523603  0.18096987616940938
0.6862276792526245  0.6863226294517517  -0.010848658010950337  0.18091834619814887
0.6863226294517517  0.6864176392555237           0.0  0.17554979933773687
0.6864176392555237  0.6865126490592957           0.0  0.17550120896703375
0.6865126490592957  0.6866077184677124           0.0  0.1758036123670335
0.6866077184677124  0.6867027878761292           0.0  0.175754934698155
0.6867027878761292  0.6867978572845459           0.0  0.17643604348145758
0.6867978572845459  0.6868929862976074           0.0  0.17627667178471443
0.6868929862976074  0.6869881749153137           0.0  0.17722022619106664
0.6869881749153137  0.6870833039283752           0.0  0.1772821472157963
0.6870833039283752  0.6871785521507263           0.0  0.1784311330859492
0.6871785521507263  0.6872737407684326           0.0  0.17849338703563203
0.6872737407684326  0.6873689889907837           0.0  0.18001725991177026
0.6873689889907837  0.6874642968177795           0.0  0.17985481387310734
0.6874642968177795  0.6875596046447754           0.0  0.18157633839077808
0.6875596046447754  0.6876549124717712           0.0  0.18152600603411748
0.6876549124717712  0.6877502799034119           0.0  0.1833166374633735
0.6877502799034119  0.6878457069396973           0.0  0.18315131611420044
0.6878457069396973  0.6879411339759827           0.0  0.1850107025092833
0.6879411339759827  0.6880365610122681           0.0  0.1849593824952662
0.6880365610122681  0.6881319880485535           0.0  0.18690463972953167
0.6881319880485535  0.6882275342941284           0.0  0.1866196524789414
0.6882275342941284  0.6883230209350586           0.0  0.18849818931495324
0.6883230209350586  0.6884185671806335           0.0  0.18832832333568889
0.6884185671806335  0.6885141730308533           0.0  0.18976870131604487
0.6885141730308533  0.688609778881073           0.0  0.1897160067463863
0.688609778881073  0.6887053847312927           0.0  0.19072805578183105
0.6887053847312927  0.6888010501861572           0.0  0.19055629065986832
0.6888010501861572  0.6888967156410217           0.0  0.19121391236153837
0.6888967156410217  0.688992440700531           0.0  0.19104176381315396
0.688992440700531  0.6890881657600403           0.0  0.19123971182137114
0.6890881657600403  0.6891838908195496           0.0  0.19118658686297743
0.6891838908195496  0.6892796754837036           0.0  0.1909499934835927
0.6892796754837036  0.6893755197525026           0.0  0.19077820012225505
0.6893755197525026  0.6894713640213013           0.0  0.19016925814828675
0.6894713640213013  0.6895672082901001           0.0  0.19011639416838308
0.6895672082901001  0.6896631121635437           0.0  0.1892692531587799
0.6896631121635437  0.6897590160369873           0.0  0.18921662128557734
0.6897590160369873  0.6898549795150757           0.0  0.18838199724821147
0.6898549795150757  0.6899509429931641           0.0  0.18832959412640712
0.6899509429931641  0.6900469660758972  0.09380155240478379  0.1875770026411451
0.6900469660758972  0.6901429891586304  0.09374935533139213  0.18752480556775344
0.6901429891586304  0.6902390122413635           0.0  0.1869396170131762
0.6902390122413635  0.6903350949287413           0.0  0.18677166004586587
0.6903350949287413  0.6904312372207642           0.0  0.1863902417017956
0.6904312372207642  0.6905273795127869           0.0  0.18633833938626124
0.6905273795127869  0.6906235218048096           0.0  0.1862709056728545
0.6906235218048096  0.6907197237014771           0.0  0.18610365743748203
0.6907197237014771  0.6908159255981445           0.0  0.18636512526960738
0.6908159255981445  0.690912127494812           0.0  0.18631322669164496
0.690912127494812  0.691008448600769           0.0  0.1866872282059392
0.691008448600769  0.6911047101020814           0.0  0.1867507696661034
0.6911047101020814  0.6912010312080383           0.0  0.18726017311282417
0.6912010312080383  0.6912974119186402           0.0  0.1870922035248836
0.6912974119186402  0.6913937330245972           0.0  0.1877359404311938
0.6913937330245972  0.6914901733398438           0.0  0.18745160931628196
0.6914901733398438  0.6915866136550903           0.0  0.1879158179726843
0.6915866136550903  0.6916830539703369           0.0  0.18786341634003226
0.6916830539703369  0.6917795538902283           0.0  0.18802564520276077
0.6917795538902283  0.6918760538101196           0.0  0.18797319517353633
0.6918760538101196  0.691972553730011           0.0  0.18798197867213726
0.691972553730011  0.6920691132545472           0.0  0.1878135335607929
0.6920691132545472  0.692165732383728           0.0  0.18763348489739848
0.692165732383728  0.692262351512909           0.0  0.1875811088467685
0.692262351512909  0.6923589706420897           0.0  0.18726777745042794
0.6923589706420897  0.6924556493759155           0.0  0.18710007681848523
0.6924556493759155  0.6925523281097412           0.0  0.18677196827279524
0.6925523281097412  0.6926490664482117           0.0  0.18660476533017012
0.6926490664482117  0.6927458047866821           0.0  0.18625074734182126
0.6927458047866821  0.6928426027297974           0.0  0.18608406561382065
0.6928426027297974  0.6929394006729126           0.0  0.18578356584060227
0.6929394006729126  0.6930362582206726           0.0  0.18561735454292533
0.6930362582206726  0.6931331157684326           0.0  0.18541166449608654
0.6931331157684326  0.6932299733161927           0.0  0.18535985335163463
0.6932299733161927  0.6933268904685973           0.0  0.18533554164814622
0.6933268904685973  0.693423867225647           0.0  0.18516983656538205
0.693423867225647  0.6935208439826964           0.0  0.18527339615443292
0.6935208439826964  0.6936178207397461           0.0  0.18522158891223273
0.6936178207397461  0.6937148571014403           0.0  0.18531593830183257
0.6937148571014403  0.6938118934631348           0.0  0.18526410181816624
0.6938118934631348  0.6939089894294739           0.0  0.18534389504903917
0.6939089894294739  0.694006085395813           0.0  0.18529203341563832
0.694006085395813  0.6941031813621521           0.0  0.18546222305542945
0.6941031813621521  0.6942003965377808           0.0  0.18518295477064003
0.6942003965377808  0.6942975521087646           0.0  0.1853984428069916
0.6942975521087646  0.6943947672843933           0.0  0.1852329085660268
0.6943947672843933  0.694491982460022           0.0  0.18535195491606085
0.694491982460022  0.6945892572402954           0.0  0.18518651308468226
0.6945892572402954  0.6946865916252136           0.0  0.18509711219735778
0.6946865916252136  0.6947838664054871           0.0  0.18515865066506784
0.6947838664054871  0.69488126039505           0.0  0.18481733988915394
0.69488126039505  0.6949785947799683           0.0  0.18487870580036173
0.6949785947799683  0.6950760483741759           0.0  0.18439356289840664
0.6950760483741759  0.695173442363739           0.0  0.18445469164876238
0.695173442363739  0.6952708959579468           0.0  0.1839947364606897
0.6952708959579468  0.6953684091567992           0.0  0.18383071597920186
0.6953684091567992  0.6954659223556519           0.0  0.18339211598932886
0.6954659223556519  0.6955634355545044           0.0  0.18334069536839726
0.6955634355545044  0.6956610083580017           0.0  0.18287565339191314
0.6956610083580017  0.6957586407661438           0.0  0.18271273409945632
0.6957586407661438  0.6958562135696412           0.0  0.18231760141819187
0.6958562135696412  0.695953905582428           0.0  0.18204403663861624
0.695953905582428  0.696051597595215           0.0  0.18154029503810074
0.696051597595215  0.6961492896080017           0.0  0.18148934321770055
0.6961492896080017  0.6962469816207886           0.0  0.18101278461299952
0.6962469816207886  0.696344792842865           0.0  0.18074141159073756
0.696344792842865  0.6964425444602966           0.0  0.18047435594699865
0.6964425444602966  0.696540355682373           0.0  0.1803137377493726
0.696540355682373  0.6966382265090942           0.0  0.18008048374568497
0.6966382265090942  0.6967360973358154           0.0  0.18002989177566628
0.6967360973358154  0.6968339681625365           0.0  0.1798519903380554
0.6968339681625365  0.6969318985939026           0.0  0.17969202746277502
0.6969318985939026  0.6970298290252686           0.0  0.17964301825059006
0.6970298290252686  0.6971278190612793           0.0  0.17948328524035656
0.6971278190612793  0.6972258687019348           0.0  0.17943201752076549
0.6972258687019348  0.6973238587379456           0.0  0.17949068659286604
0.6973238587379456  0.6974219679832458           0.0  0.17954398254493908
0.6974219679832458  0.6975200176239014           0.0  0.17960260331874123
0.6975200176239014  0.6976181268692017           0.0  0.18029721838253518
0.6976181268692017  0.6977162957191467           0.0  0.1801370603062954
0.6977162957191467  0.6978144645690918           0.0  0.18174197939665712
0.6978144645690918  0.6979126930236816           0.0  0.18158058765354285
0.6979126930236816  0.6980109214782715           0.0  0.18380956422406483
0.6980109214782715  0.6981091499328613           0.0  0.1837578378444965
0.6981091499328613  0.6982074379920959           0.0  0.1860437590654171
0.6982074379920959  0.6983057260513305           0.0  0.18599138693304723
0.6983057260513305  0.69840407371521           0.0  0.1873482802536743
0.69840407371521  0.6985024809837341           0.0  0.18718206601914017
0.6985024809837341  0.6986008286476136           0.0  0.1863672246889851
0.6986008286476136  0.6986992955207825           0.0  0.18608916563844904
0.6986992955207825  0.6987977027893066           0.0  0.18246783714493123
0.6987977027893066  0.6988961696624755           0.0  0.18230601952245987
0.6988961696624755  0.6989946961402893           0.0  0.1766428646965145
0.6989946961402893  0.699093222618103           0.0  0.17659307448643713
0.699093222618103  0.6991918087005615           0.0  0.17057599678743496
0.6991918087005615  0.69929039478302           0.0  0.17052790111960436
0.69929039478302  0.6993889808654785           0.0  0.1656320808631599
0.6993889808654785  0.6994876265525818           0.0  0.16548532676571423
0.6994876265525818  0.6995863318443297           0.0  0.16219140003100624
0.6995863318443297  0.6996850371360778           0.0  0.1621456390139418
0.6996850371360778  0.6997837424278259           0.0  0.1602113141870608
0.6997837424278259  0.6998825073242188           0.0  0.1600694475594355
0.6998825073242188  0.6999812722206115           0.0  0.1589781211480255
0.6999812722206115  0.7000800967216491           0.0  0.15883739430793625
0.7000800967216491  0.7001789212226868           0.0  0.15809407995623426
0.7001789212226868  0.7002778053283691           0.0  0.15795418158753277
0.7002778053283691  0.7003766894340515           0.0  0.1573546824234275
0.7003766894340515  0.7004756331443787           0.0  0.15721547531930802
0.7004756331443787  0.7005745768547059           0.0  0.15670010496894937
0.7005745768547059  0.7006735801696777           0.0  0.1565615251925496
0.7006735801696777  0.7007725834846497           0.0  0.15606301964915206
0.7007725834846497  0.7008715867996216           0.0  0.15601892952867605
0.7008715867996216  0.7009706497192383           0.0  0.1555746019355187
0.7009706497192383  0.7010697722434998           0.0  0.15543710281259124
0.7010697722434998  0.7011688947677612           0.0  0.1550396984582958
0.7011688947677612  0.7012680172920227           0.0  0.15499586949178
0.7012680172920227  0.701367199420929           0.0  0.1545889346402847
0.701367199420929  0.7014663815498351           0.0  0.15454521918920622
0.7014663815498351  0.7015656232833861           0.0  0.15416835938001855
0.7015656232833861  0.7016648650169373           0.0  0.154124749001187
0.7016648650169373  0.7017641663551331           0.0  0.1537781251066982
0.7017641663551331  0.7018634676933289           0.0  0.1537346113056833
0.7018634676933289  0.7019628286361694           0.0  0.15342165928847895
0.7019628286361694  0.70206218957901           0.0  0.15337823259214933
0.70206218957901  0.7021616101264955           0.0  0.153096853888755
0.7021616101264955  0.7022610306739806           0.0  0.1530535054121324
0.7022610306739806  0.7023605108261108           0.0  0.15279110644589391
0.7023605108261108  0.702459990978241           0.0  0.15274783086368535
0.702459990978241  0.702559471130371           0.0  0.15253607146000514
0.702559471130371  0.702659010887146           0.0  0.15240155244701886
0.702659010887146  0.7027586102485657           0.0  0.15218940270076042
0.7027586102485657  0.7028582096099855           0.0  0.152146270338734
0.7028582096099855  0.702957808971405           0.0  0.15193250824759888
0.702957808971405  0.7030574679374695           0.0  0.1517986071548288
0.7030574679374695  0.7031571865081787           0.0  0.1515329968944163
0.7031571865081787  0.7032568454742432           0.0  0.15158064128450574
0.7032568454742432  0.7033566236495973           0.0  0.15125872901192003
0.7033566236495973  0.7034564018249512           0.0  0.1512158199704411
0.7034564018249512  0.7035561800003052           0.0  0.1509767109684339
0.7035561800003052  0.703656017780304           0.0  0.15084377157488169
0.703656017780304  0.7037558555603026           0.0  0.1506475477506468
0.7037558555603026  0.7038557529449463           0.0  0.15051494269007396
0.7038557529449463  0.7039556503295898           0.0  0.15027191613801358
0.7039556503295898  0.7040555477142334           0.0  0.15022927242496723
0.7040555477142334  0.7041555047035217           0.0  0.14998026680259988
0.7041555047035217  0.7042555212974548           0.0  0.1498483266793892
0.7042555212974548  0.7043555378913881           0.0  0.1496348454972096
0.7043555378913881  0.7044556140899658           0.0  0.14950324634341555
0.7044556140899658  0.7045556902885436           0.0  0.149236687289998
0.7045556902885436  0.7046557664871216           0.0  0.14919429768330916
0.7046557664871216  0.7047559022903442           0.0  0.14892296063443317
0.7047559022903442  0.7048560976982117           0.0  0.14879206417644
0.7048560976982117  0.7049562931060791           0.0  0.14852116099767265
0.7049562931060791  0.7050564885139465           0.0  0.14847894838478737
0.7050564885139465  0.7051567435264587           0.0  0.14821067992782724
0.7051567435264587  0.7052570581436157           0.0  0.14808049431880316
0.7052570581436157  0.705357313156128           0.0  0.14790055306158678
0.705357313156128  0.7054576873779298           0.0  0.147682886338821
0.7054576873779298  0.7055580615997314           0.0  0.14745226883448959
0.7055580615997314  0.7056584358215332           0.0  0.1474103210421028
0.7056584358215332  0.7057588696479798           0.0  0.14707908655475935
0.7057588696479798  0.7058593034744263           0.0  0.14703723199440474
0.7058593034744263  0.7059597969055176           0.0  0.1466940516306562
0.7059597969055176  0.7060602903366089           0.0  0.14665229375578612
0.7060602903366089  0.706160843372345           0.0  0.146313437438517
0.706160843372345  0.7062613964080811           0.0  0.14627177507272346
0.7062613964080811  0.7063619494438171           0.0  0.14605029932166327
0.7063619494438171  0.7064626216888428           0.0  0.14583580628975937
0.7064626216888428  0.7065632343292236           0.0  0.14570939895704343
0.7065632343292236  0.7066639065742493           0.0  0.14558165204089332
0.7066639065742493  0.7067646384239197           0.0  0.1454226507005922
0.7067646384239197  0.7068653702735901           0.0  0.14538120379104263
0.7068653702735901  0.7069661617279053           0.0  0.14521313637928268
0.7069661617279053  0.7070669531822205           0.0  0.1451717365001899
0.7070669531822205  0.7071677446365358           0.0  0.14505070884455595
0.7071677446365358  0.7072685956954956           0.0  0.14492365725960266
0.7072685956954956  0.7073695063591003           0.0  0.14478799065197548
0.7073695063591003  0.7074704170227051           0.0  0.14474668672796073
0.7074704170227051  0.7075713276863099           0.0  0.14459663761386785
0.7075713276863099  0.7076722979545593           0.0  0.14447005141583993
0.7076722979545593  0.7077732682228088           0.0  0.1443479575512095
0.7077732682228088  0.7078742980957031           0.0  0.1442216292772374
0.7078742980957031  0.7079753875732422           0.0  0.14398876923761528
0.7079753875732422  0.7080764174461366           0.0  0.1440325965688858
0.7080764174461366  0.7081775665283203           0.0  0.14372487918156382
0.7081775665283203  0.7082787156105043           0.0  0.1436838285630189
0.7082787156105043  0.708379864692688           0.0  0.14343174354267985
0.708379864692688  0.7084810733795166           0.0  0.14330633238376556
0.7084810733795166  0.7085822820663452           0.0  0.1430663759370427
0.7085822820663452  0.7086835503578187           0.0  0.14294131738303406
0.7086835503578187  0.708784818649292           0.0  0.1426706889468098
0.708784818649292  0.7088861465454102           0.0  0.14254600958187913
0.7088861465454102  0.7089874744415283           0.0  0.1422587196496633
0.7089874744415283  0.7090888619422913           0.0  0.14213444234341088
0.7090888619422913  0.7091902494430542           0.0  0.14185176370333008
0.7091902494430542  0.7092916965484619           0.0  0.14172787704270629
0.7092916965484619  0.7093931436538697           0.0  0.14146006868290856
0.7093931436538697  0.709494650363922           0.0  0.14133656187944316
0.709494650363922  0.7095961570739745           0.0  0.14104329822059322
0.7095961570739745  0.7096976637840271           0.0  0.14100295190996567
0.7096976637840271  0.7097992897033693           0.0  0.14064436991296456
0.7097992897033693  0.7099008560180664           0.0  0.14068663101891193
0.7099008560180664  0.7100024819374084           0.0  0.1403876112532221
0.7100024819374084  0.7101041674613953           0.0  0.1402651439150356
0.7101041674613953  0.7102058529853821           0.0  0.14002688845873942
0.7102058529853821  0.7103075385093689           0.0  0.1399867967893012
0.7103075385093689  0.7104093432426453           0.0  0.13969258257619901
0.7104093432426453  0.7105110883712769           0.0  0.13973437342345313
0.7105110883712769  0.7106128931045532           0.0  0.13950972340227544
0.7106128931045532  0.7107147574424744           0.0  0.1393881352518452
0.7107147574424744  0.7108166217803955           0.0  0.13921979108088028
0.7108166217803955  0.7109184861183167           0.0  0.13917989471562087
0.7109184861183167  0.7110204100608827           0.0  0.13900781801127535
0.7110204100608827  0.7111223936080933           0.0  0.13888673706796695
0.7111223936080933  0.711224377155304           0.0  0.1387060656767595
0.711224377155304  0.7113263607025146           0.0  0.13866629283157222
0.7113263607025146  0.7114284038543701           0.0  0.13848338663270277
0.7114284038543701  0.7115305066108704           0.0  0.13836283269714442
0.7115305066108704  0.7116325497627259           0.0  0.13826132690698822
0.7116325497627259  0.7117347121238707           0.0  0.13806036811556902
0.7117347121238707  0.7118368744850159           0.0  0.13791571481077985
0.7118368744850159  0.7119390368461609           0.0  0.1378761333457717
0.7119390368461609  0.7120412588119507           0.0  0.1376879143901687
0.7120412588119507  0.7121435403823853           0.0  0.1375681617460057
0.7121435403823853  0.712245762348175           0.0  0.13746070679160521
0.712245762348175  0.7123481035232543           0.0  0.1372611592411943
0.7123481035232543  0.7124504446983337           0.0  0.13711615691777182
0.7124504446983337  0.7125527858734131           0.0  0.1370767700011849
0.7125527858734131  0.7126551866531372           0.0  0.13685229995522305
0.7126551866531372  0.7127575874328612           0.0  0.13681297723873484
0.7127575874328612  0.7128600478172301           0.0  0.13662394322821503
0.7128600478172301  0.7129625678062439           0.0  0.13650525372748382
0.7129625678062439  0.7130650281906128           0.0  0.13638536555086622
0.7130650281906128  0.7131676077842712           0.0  0.1361877036174543
0.7131676077842712  0.7132701873779297           0.0  0.1360140149133185
0.7132701873779297  0.7133727669715881           0.0  0.13597489858307796
0.7133727669715881  0.7134754061698914           0.0  0.13571451673434107
0.7134754061698914  0.7135780453681947           0.0  0.13567547509252778
0.7135780453681947  0.7136807441711426           0.0  0.13542214302878142
0.7136807441711426  0.7137834429740905           0.0  0.13538317408919492
0.7137834429740905  0.7138862013816833           0.0  0.1351456989768158
0.7138862013816833  0.713988959789276           0.0  0.13510679821614052
0.713988959789276  0.7140917778015137           0.0  0.13488306942803233
0.7140917778015137  0.7141945958137512           0.0  0.13484423292843548
0.7141945958137512  0.7142974734306335           0.0  0.13463631417405209
0.7142974734306335  0.7144003510475159           0.0  0.1345975374205746
0.7144003510475159  0.714503288269043           0.0  0.13445663686148968
0.714503288269043  0.714606285095215           0.0  0.13434009984694598
0.714606285095215  0.7147092223167419           0.0  0.13430966267105948
0.7147092223167419  0.7148122787475586           0.0  0.13411564383278612
0.7148122787475586  0.7149152755737305           0.0  0.13413991414649185
0.7149152755737305  0.7150183916091919           0.0  0.13394621452527913
0.7150183916091919  0.7151214480400087           0.0  0.13396253814183762
0.7151214480400087  0.7152246236801147           0.0  0.13376917765465898
0.7152246236801147  0.7153277993202209           0.0  0.13368989549914184
0.7153277993202209  0.7154309749603273           0.0  0.13365133541140425
0.7154309749603273  0.7155342102050781           0.0  0.1334834768950661
0.7155342102050781  0.7156374454498292           0.0  0.1334449652169343
0.7156374454498292  0.7157407402992247           0.0  0.1332790051416187
0.7157407402992247  0.7158440351486206           0.0  0.1332405413586261
0.7158440351486206  0.7159473896026611           0.0  0.1330852248752828
0.7159473896026611  0.7160507440567015           0.0  0.13304680594798657
0.7160507440567015  0.716154158115387           0.0  0.13290110490174586
0.716154158115387  0.7162575721740723           0.0  0.1328627280854137
0.7162575721740723  0.7163610458374023           0.0  0.13271850579417607
0.7163610458374023  0.7164645195007324           0.0  0.1326801706928953
0.7164645195007324  0.7165680527687073           0.0  0.132527377423916
0.7165680527687073  0.7166715860366821           0.0  0.13248908654502042
0.7166715860366821  0.7167751789093016           0.0  0.1323186170885677
0.7167751789093016  0.7168787717819214           0.0  0.1322803755720049
0.7168787717819214  0.7169824242591858           0.0  0.13208656523408097
0.7169824242591858  0.7170860767364502           0.0  0.13204837986092666
0.7170860767364502  0.7171897888183594           0.0  0.1318328899415709
0.7171897888183594  0.7172935009002686           0.0  0.13179476701558618
0.7172935009002686  0.7173972725868225           0.0  0.13160509355550334
0.7173972725868225  0.7175011038780212           0.0  0.13149148934081464
0.7175011038780212  0.7176048755645752           0.0  0.13137372592083763
0.7176048755645752  0.7177087664604187           0.0  0.13118501168465982
0.7177087664604187  0.7178125977516174           0.0  0.13109882801308484
0.7178125977516174  0.7179165482521058           0.0  0.1309105834473631
0.7179165482521058  0.718020498752594           0.0  0.1307372149294816
0.718020498752594  0.7181244492530823           0.0  0.1306993657824341
0.7181244492530823  0.7182284593582153           0.0  0.13044510468367063
0.7182284593582153  0.7183324694633484           0.0  0.13040732939266494
0.7183324694633484  0.7184365391731263           0.0  0.13016749791644872
0.7184365391731263  0.7185406088829041           0.0  0.13012979234075134
0.7185406088829041  0.7186447381973268           0.0  0.12996085765342963
0.7186447381973268  0.7187489271163942           0.0  0.12984886531969678
0.7187489271163942  0.7188530564308167  0.06486762208467853  0.1297906835736989
0.7188530564308167  0.7189573049545288  0.06483002593807283  0.12960469191715665
0.7189573049545288  0.719061553478241           0.0  0.1295294851371554
0.719061553478241  0.719165802001953           0.0  0.12949193257971806
0.719165802001953  0.7192701101303101           0.0  0.1293412067660249
0.7192701101303101  0.7193744182586669           0.0  0.12930369823403012
0.7193744182586669  0.7194787859916687           0.0  0.12917843340284532
0.7194787859916687  0.7195832133293152           0.0  0.12906724146942153
0.7195832133293152  0.7196876406669617           0.0  0.12893582449796076
0.7196876406669617  0.7197920680046082           0.0  0.12889841251329423
0.7197920680046082  0.7198965549468993           0.0  0.1287697226749019
0.7198965549468993  0.7200011014938354           0.0  0.12865894598394337
0.7200011014938354  0.7201056480407715           0.0  0.1285360742899437
0.7201056480407715  0.7202101945877075           0.0  0.12849875739876138
0.7202101945877075  0.7203148007392883           0.0  0.1283724614692006
0.7203148007392883  0.7204194664955139           0.0  0.1282620947032507
0.7204194664955139  0.7205241322517395           0.0  0.1281115786342992
0.7205241322517395  0.720628798007965           0.0  0.12807436420348092
0.720628798007965  0.7207335233688354           0.0  0.12788575510561415
0.7207335233688354  0.7208383083343506           0.0  0.1277758606594991
0.7208383083343506  0.7209430932998657           0.0  0.12756358282062566
0.7209430932998657  0.7210478782653809           0.0  0.12752650693131426
0.7210478782653809  0.7211527228355408           0.0  0.12732176144198534
0.7211527228355408  0.7212576270103455           0.0  0.12721241306368958
0.7212576270103455  0.72136253118515           0.0  0.1270676277504111
0.72136253118515  0.7214674949645996           0.0  0.12695852634595128
0.7214674949645996  0.7215724587440491           0.0  0.12679451483171456
0.7215724587440491  0.7216774225234985           0.0  0.126757631783672
0.7216774225234985  0.7217825055122374           0.0  0.12652982191175272
0.7217825055122374  0.7218875288963318           0.0  0.12656478358550413
0.7218875288963318  0.7219926118850709           0.0  0.12638648119767049
0.7219926118850709  0.7220977544784546           0.0  0.12627806236493286
0.7220977544784546  0.7222028970718385           0.0  0.12619729713599184
0.7222028970718385  0.7223080992698669           0.0  0.12608906466348596
0.7223080992698669  0.7224133014678955           0.0  0.12603678674758628
0.7224133014678955  0.7225185632705688           0.0  0.1259287264100416
0.7225185632705688  0.7226238250732421           0.0  0.12589326803395284
0.7226238250732421  0.7227291464805602           0.0  0.12578535834240395
0.7227291464805602  0.7228344678878784           0.0  0.12574746268481338
0.7228344678878784  0.7229398488998413           0.0  0.12563971050387224
0.7229398488998413  0.7230452299118042           0.0  0.12558375152458584
0.7230452299118042  0.7231506705284119           0.0  0.12547616758688968
0.7231506705284119  0.7232561707496643           0.0  0.12536242017911964
0.7232561707496643  0.7233616709709167           0.0  0.1253258526816469
0.7233616709709167  0.7234671711921692           0.0  0.12519368690050656
0.7234671711921692  0.7235727310180664           0.0  0.12508649884609532
0.7235727310180664  0.7236782908439637           0.0  0.1249756505049893
0.7236782908439637  0.7237839102745056           0.0  0.12486867744091555
0.7237839102745056  0.7238895893096924           0.0  0.12470995267559595
0.7238895893096924  0.7239952683448792           0.0  0.12467354573183367
0.7239952683448792  0.7241009473800659           0.0  0.12450545144899605
0.7241009473800659  0.7242066860198976           0.0  0.12439894151707379
0.7242066860198976  0.7243124842643738           0.0  0.12422949167349563
0.7243124842643738  0.7244182825088501           0.0  0.1241932052835506
0.7244182825088501  0.7245240807533264           0.0  0.12403259751076164
0.7245240807533264  0.7246299386024475           0.0  0.12392654963238647
0.7246299386024475  0.7247358560562134           0.0  0.12378110125281032
0.7247358560562134  0.7248417735099791           0.0  0.1237449262430739
0.7248417735099791  0.7249477505683899           0.0  0.12357846159780678
0.7249477505683899  0.7250537276268005           0.0  0.12354233604936754
0.7250537276268005  0.725159764289856           0.0  0.12338445819545123
0.725159764289856  0.7252658009529114           0.0  0.12334837962628296
0.7252658009529114  0.7253718376159668           0.0  0.12326808398950616
0.7253718376159668  0.7254779934883118           0.0  0.1230936429052369
0.7254779934883118  0.725584089756012           0.0  0.12309655762581682
0.725584089756012  0.7256903052330017           0.0  0.1229224327532364
0.7256903052330017  0.7257965207099915           0.0  0.1228729653266342
0.7257965207099915  0.7259027361869812           0.0  0.12283700731189504
0.7259027361869812  0.7260090112686156           0.0  0.12272502644722448
0.7260090112686156  0.7261152863502504           0.0  0.12268910209062006
0.7261152863502504  0.7262216210365295           0.0  0.12256565464490633
0.7262216210365295  0.7263279557228087           0.0  0.12252976732884693
0.7263279557228087  0.7264343500137329           0.0  0.12241544347908424
0.7264343500137329  0.7265408039093018           0.0  0.1223110611219046
0.7265408039093018  0.7266472578048706           0.0  0.12217029240129268
0.7266472578048706  0.7267537117004393           0.0  0.1221345017247226
0.7267537117004393  0.7268602252006531           0.0  0.12198004797535522
0.7268602252006531  0.7269667983055116           0.0  0.12187609044377926
0.7269667983055116  0.72707337141037           0.0  0.12176005529894578
0.72707337141037  0.727180004119873           0.0  0.12165631579621548
0.727180004119873  0.7272866368293762           0.0  0.1215166645175051
0.7272866368293762  0.7273932695388795           0.0  0.12148103688192603
0.7273932695388795  0.7274999618530273           0.0  0.1213405449700143
0.7274999618530273  0.7276067137718201           0.0  0.1212372237225372
0.7276067137718201  0.7277134656906128           0.0  0.121114712687389
0.7277134656906128  0.7278202772140504           0.0  0.1210116090722993
0.7278202772140504  0.7279270887374878           0.0  0.12086923049627261
0.7279270887374878  0.7280339598655701           0.0  0.1207663642584571
0.7280339598655701  0.7281408905982971  0.06029861378379078  0.1205459234621462
0.7281408905982971  0.7282477617263794  0.06026321220980616  0.12057774206698267
0.7282477617263794  0.7283547520637512           0.0  0.12031835749493186
0.7283547520637512  0.728461742401123           0.0  0.12028301479703117
0.728461742401123  0.7285687327384949           0.0  0.1200954509403401
0.7285687327384949  0.7286757826805115           0.0  0.11999332196462902
0.7286757826805115  0.7287828922271729           0.0  0.11983085383375452
0.7287828922271729  0.7288900017738343           0.0  0.11979563582165229
0.7288900017738343  0.7289971113204955           0.0  0.11965310367998673
0.7289971113204955  0.7291042804718016           0.0  0.11955141022450542
0.7291042804718016  0.7292115092277527           0.0  0.11939222598896423
0.7292115092277527  0.7293187379837036           0.0  0.11935711848610821
0.7293187379837036  0.7294260263442993           0.0  0.11914051479781547
0.7294260263442993  0.729533314704895           0.0  0.11910547214710854
0.729533314704895  0.7296406626701355           0.0  0.11889993106356424
0.7296406626701355  0.729748010635376           0.0  0.11886495004139921
0.729748010635376  0.7298554182052612           0.0  0.11868963978023576
0.7298554182052612  0.7299628257751464           0.0  0.11865471152012425
0.7299628257751464  0.7300702929496765           0.0  0.11849217975410735
0.7300702929496765  0.7301777601242065           0.0  0.11845730052215124
0.7301777601242065  0.7302852869033813           0.0  0.11831967005045319
0.7302852869033813  0.7303928732872008           0.0  0.11821929117034789
0.7303928732872008  0.7305004596710204           0.0  0.11807161075761856
0.7305004596710204  0.7306080460548402           0.0  0.11803683726248512
0.7306080460548402  0.7307156920433043           0.0  0.11788976239786637
0.7307156920433043  0.7308233976364136           0.0  0.11778980076022273
0.7308233976364136  0.7309311032295227           0.0  0.1176560625738765
0.7309311032295227  0.7310388088226318           0.0  0.117621393508815
0.7310388088226318  0.7311466336250305           0.0  0.1174386050321725
0.7311466336250305  0.7312543988227844           0.0  0.11746891745015031
0.7312543988227844  0.7313622236251831           0.0  0.11732542409863246
0.7313622236251831  0.7314701080322267           0.0  0.117226021121204
0.7314701080322267  0.7315780520439148           0.0  0.11707905320080038
0.7315780520439148  0.7316859364509583           0.0  0.11710918330692918
0.7316859364509583  0.7317939400672913           0.0  0.11692398839051368
0.7317939400672913  0.7319019436836243           0.0  0.11688948045222008
0.7319019436836243  0.7320099472999573           0.0  0.11676718681841285
0.7320099472999573  0.7321180105209351           0.0  0.11666834086405725
0.7321180105209351  0.7322261333465576           0.0  0.11654276033733903
0.7322261333465576  0.7323342561721801           0.0  0.11650834727406367
0.7323342561721801  0.7324423789978028           0.0  0.11636644966554767
0.7324423789978028  0.7325505614280701           0.0  0.11626799463760912
0.7325505614280701  0.7326588034629822           0.0  0.11609691165852365
0.7326588034629822  0.7327670454978943           0.0  0.11606261271979115
0.7327670454978943  0.7328753471374512           0.0  0.11583306208802939
0.7328753471374512  0.7329836487770081           0.0  0.1157988323735042
0.7329836487770081  0.7330920100212097           0.0  0.11556042074908421
0.7330920100212097  0.7332003712654114           0.0  0.11552626290768721
0.7332003712654114  0.7333087921142578           0.0  0.11532845806635832
0.7333087921142578  0.733417272567749           0.0  0.11523100433024216
0.733417272567749  0.7335257530212402           0.0  0.11505045545873407
0.7335257530212402  0.7336342334747314           0.0  0.11501643107699937
0.7336342334747314  0.7337427735328674           0.0  0.11485069579073824
0.7337427735328674  0.7338513731956482           0.0  0.11475369854374362
0.7338513731956482  0.733959972858429           0.0  0.11459600661491536
0.733959972858429  0.7340685725212097           0.0  0.11456209946196631
0.7340685725212097  0.73417729139328           0.0  0.11434420783499172
0.73417729139328  0.7342859506607056           0.0  0.11437306503244939
0.7342859506607056  0.7343947291374207           0.0  0.1141234483137983
0.7343947291374207  0.734503448009491           0.0  0.11415220708214269
0.734503448009491  0.7346122860908508           0.0  0.1139295445407479
0.7346122860908508  0.7347211241722108           0.0  0.11389579058241199
0.7347211241722108  0.7348299622535707           0.0  0.1137302375103026
0.7348299622535707  0.7349388599395752           0.0  0.11363431192676006
0.7349388599395752  0.7350478172302246           0.0  0.11346635568361828
0.7350478172302246  0.735156774520874           0.0  0.11343272207747039
0.735156774520874  0.7352657318115234           0.0  0.11326334543147416
0.7352657318115234  0.7353747487068176           0.0  0.11316786437120357
0.7353747487068176  0.7354838252067567           0.0  0.1129936682307116
0.7354838252067567  0.7355929017066956           0.0  0.11296015797317685
0.7355929017066956  0.7357020378112793           0.0  0.11275015474053882
0.7357020378112793  0.7358111739158629           0.0  0.11271670835351595
0.7358111739158629  0.7359203696250917           0.0  0.11254007689235938
0.7359203696250917  0.7360296249389648           0.0  0.11244529458858034
0.7360296249389648  0.7361388206481934           0.0  0.1123393611912037
0.7361388206481934  0.7362481355667114           0.0  0.11218354563794038
0.7362481355667114  0.7363574504852295           0.0  0.1120845938913812
0.7363574504852295  0.7364668250083923           0.0  0.11199024476476054
0.7364668250083923  0.7365761995315552           0.0  0.11183058964158936
0.7365761995315552  0.7366855740547179           0.0  0.11179738302568464
0.7366855740547179  0.7367950677871703           0.0  0.1115759384711497
0.7367950677871703  0.736904501914978           0.0  0.11160354124104933
0.736904501914978  0.7370140552520751           0.0  0.11135627603442592
0.7370140552520751  0.7371235489845276           0.0  0.11138378207348607
0.7371235489845276  0.7372331619262695           0.0  0.11117405691395703
0.7372331619262695  0.7373427748680115           0.0  0.11114100277448939
0.7373427748680115  0.7374523878097534           0.0  0.11099427257483749
0.7374523878097534  0.73756206035614           0.0  0.11090096770416794
0.73756206035614  0.7376717925071717           0.0  0.11075017771400558
0.7376717925071717  0.7377815246582031           0.0  0.11071723339445348
0.7377815246582031  0.7378913164138793           0.0  0.11052995533672716
0.7378913164138793  0.7380011081695557           0.0  0.11049706845422531
0.7380011081695557  0.7381109595298767           0.0  0.11030430070493882
0.7381109595298767  0.7382208108901976           0.0  0.11027147291878783
0.7382208108901976  0.7383307218551636           0.0  0.1100776636176298
0.7383307218551636  0.7384406328201294           0.0  0.11004489526318835
0.7384406328201294  0.73855060338974           0.0  0.1098887525547024
0.73855060338974  0.7386606335639954           0.0  0.1097965099777012
0.7386606335639954  0.7387706637382508           0.0  0.10968335463643979
0.7387706637382508  0.7388807535171508           0.0  0.10959131025916222
0.7388807535171508  0.738990843296051           0.0  0.10945715556792343
0.738990843296051  0.7391009330749512           0.0  0.10942454807547677
0.7391009330749512  0.7392111420631408           0.0  0.10926216497456957
0.7392111420631408  0.7393213510513306           0.0  0.10922959003896374
0.7393213510513306  0.7394315600395203  0.05453979296114832  0.10909281424276286
0.7394315600395203  0.7395418286323547  0.05450727914723511  0.10900134106581151
0.7395418286323547  0.7396520972251892           0.0  0.10888689057626727
0.7396520972251892  0.7397624254226685           0.0  0.10879561529527312
0.7397624254226685  0.7398728132247925           0.0  0.1086455788699592
0.7398728132247925  0.7399832010269165           0.0  0.10861316422422984
0.7399832010269165  0.7400936484336854           0.0  0.10843228373111395
0.7400936484336854  0.7402040958404542           0.0  0.10839992491387912
0.7402040958404542  0.7403146028518677           0.0  0.1082209753686544
0.7403146028518677  0.7404251098632812           0.0  0.1081886718273299
0.7404251098632812  0.7405356764793396           0.0  0.10801268852645908
0.7405356764793396  0.7406462430953979           0.0  0.10798043939923442
0.7406462430953979  0.7407568693161011           0.0  0.10783740156565645
0.7407568693161011  0.740867555141449           0.0  0.10774713301318957
0.740867555141449  0.740978240966797           0.0  0.10763801878266545
0.740978240966797  0.7410889863967896           0.0  0.10754793956420809
0.7410889863967896  0.7411997318267822           0.0  0.1074420889844809
0.7411997318267822  0.7413105368614197           0.0  0.10735219747170498
0.7413105368614197  0.7414213418960571           0.0  0.1072464274157314
0.7414213418960571  0.7415322065353394           0.0  0.1071567253741344
0.7415322065353394  0.7416431307792662           0.0  0.10701921027075004
0.7416431307792662  0.7417540550231935           0.0  0.10698720228927786
0.7417540550231935  0.7418649792671204           0.0  0.10684331053876288
0.7418649792671204  0.7419759631156922           0.0  0.10675399310277656
0.7419759631156922  0.7420870065689087           0.0  0.10660193187436459
0.7420870065689087  0.7421980500221252           0.0  0.10657003352407844
0.7421980500221252  0.7423091530799866           0.0  0.10638697369508171
0.7423091530799866  0.7424202561378479           0.0  0.10635513211207591
0.7424202561378479  0.742531418800354           0.0  0.10620603890419511
0.742531418800354  0.7426426410675048           0.0  0.10611733424738225
0.7426426410675048  0.7427538633346558           0.0  0.10597469348538759
0.7427538633346558  0.7428650856018066           0.0  0.10594296027866003
0.7428650856018066  0.7429763674736023           0.0  0.10580119451728644
0.7429763674736023  0.7430877089500427           0.0  0.10571287448095928
0.7430877089500427  0.7431990504264832           0.0  0.10559540393299537
0.7431990504264832  0.7433104515075682           0.0  0.10550728082003986
0.7433104515075682  0.7434219121932983           0.0  0.1053556638949665
0.7434219121932983  0.7435333728790283           0.0  0.10532407684052755
0.7435333728790283  0.7436448335647582           0.0  0.10516933730531268
0.7436448335647582  0.7437563538551331           0.0  0.10508161679187226
0.7437563538551331  0.7438679337501527           0.0  0.10493031171165841
0.7438679337501527  0.7439795136451721           0.0  0.10489883742264783
0.7439795136451721  0.7440911531448364           0.0  0.10472894299645102
0.7440911531448364  0.7442027926445007           0.0  0.1046975217577976
0.7442027926445007  0.7443144917488097           0.0  0.10453649415721618
0.7443144917488097  0.7444261908531188           0.0  0.10450512332977836
0.7444261908531188  0.7445379495620728           0.0  0.10437375926323109
0.7445379495620728  0.7446497678756714           0.0  0.10428680190106636
0.7446497678756714  0.7447615861892701           0.0  0.10417870125443897
0.7447615861892701  0.7448734641075134           0.0  0.10409192823692333
0.7448734641075134  0.7449853420257568           0.0  0.10397862605987956
0.7449853420257568  0.745097279548645           0.0  0.10389204345928947
0.745097279548645  0.7452092170715332           0.0  0.10377756993946423
0.7452092170715332  0.7453212141990663           0.0  0.10369118020112326
0.7453212141990663  0.7454332709312439           0.0  0.10355292916602181
0.7454332709312439  0.7455453276634216           0.0  0.10352180080274519
0.7455453276634216  0.7456573843955995           0.0  0.10341432614201138
0.7456573843955995  0.7457695603370668           0.0  0.10327336483064681
0.7457695603370668  0.7458816766738892           0.0  0.10321732586864996
0.7458816766738892  0.7459939122200011           0.0  0.10307668439682711
0.7459939122200011  0.7461061477661133           0.0  0.1029611995694393
0.7461061477661133  0.7462183833122253           0.0  0.10293022765371601
0.7462183833122253  0.7463306784629822           0.0  0.10279338260654163
0.7463306784629822  0.7464430332183838           0.0  0.10270793038635878
0.7464430332183838  0.7465553879737854           0.0  0.102614321211002
0.7465553879737854  0.7466678023338318           0.0  0.10252903962831587
0.7466678023338318  0.7467802166938783           0.0  0.10244714336074189
0.7467802166938783  0.7468926906585693           0.0  0.10236202088838017
0.7468926906585693  0.7470051646232604           0.0  0.10227891564370731
0.7470051646232604  0.7471176981925964           0.0  0.10219395642580102
0.7471176981925964  0.7472302913665771           0.0  0.10207646413665475
0.7472302913665771  0.7473428845405579           0.0  0.10204570686770294
0.7473428845405579  0.7474555373191835           0.0  0.10189824609080134
0.7474555373191835  0.7475681900978088           0.0  0.10186753552645231
0.7475681900978088  0.7476809024810791           0.0  0.10172210074463263
0.7476809024810791  0.7477936148643494           0.0  0.10169143629345981
0.7477936148643494  0.7479063868522644           0.0  0.10156953016369405
0.7479063868522644  0.7480192184448242           0.0  0.10148525807265653
0.7480192184448242  0.748132050037384           0.0  0.1013695643559311
0.748132050037384  0.7482449412345886           0.0  0.10128548330823095
0.7482449412345886  0.7483578324317931           0.0  0.1011327297018293
0.7483578324317931  0.7484707832336427           0.0  0.1010488616962596
0.7484707832336427  0.7485837340354919           0.0  0.10086122607844807
0.7485837340354919  0.7486967444419861           0.0  0.10077760205246111
0.7486967444419861  0.748809814453125           0.0  0.10055228290584983
0.748809814453125  0.748922884464264           0.0  0.10052192077383833
0.748922884464264  0.7490360140800476           0.0  0.10028757998778723
0.7490360140800476  0.7491491436958313           0.0  0.10025729097132004
0.7491491436958313  0.7492623329162598           0.0  0.10008007490745484
0.7492623329162598  0.7493755817413329           0.0  0.09999717832958704
0.7493755817413329  0.7494888305664061           0.0  0.0998450104529391
0.7494888305664061  0.7496020793914795           0.0  0.09981484156619039
0.7496020793914795  0.7497153878211974           0.0  0.09967626071032021
0.7497153878211974  0.7498287558555604           0.0  0.09959373390470956
0.7498287558555604  0.749942123889923           0.0  0.09948836606765776
0.749942123889923  0.7500555515289307           0.0  0.0994060172928169
0.7500555515289307  0.7501690387725831           0.0  0.09927699488541944
0.7501690387725831  0.7502825260162354           0.0  0.09924696173892408
0.7502825260162354  0.7503960132598877           0.0  0.09914083976921925
0.7503960132598877  0.7505096197128295           0.0  0.09900684345952683
0.7505096197128295  0.7506231665611266           0.0  0.09894532226867034
0.7506231665611266  0.7507368326187135           0.0  0.09881163937649479
0.7507368326187135  0.7508504986763002           0.0  0.0986918440634839
0.7508504986763002  0.7509641647338866           0.0  0.09866196803655694
0.7509641647338866  0.7510778903961182           0.0  0.09851358694962062
0.7510778903961182  0.7511916756629944           0.0  0.09843215887379655
0.7511916756629944  0.7513054609298706           0.0  0.09830759020825418
0.7513054609298706  0.7514193058013915           0.0  0.09822635297691563
0.7514193058013915  0.7515331506729125           0.0  0.09809788081451218
0.7515331506729125  0.7516470551490784           0.0  0.09801683899215526
0.7516470551490784  0.7517610192298888           0.0  0.09786258916339645
0.7517610192298888  0.7518749833106995           0.0  0.09783292247604969
0.7518749833106995  0.7519890069961549           0.0  0.09766006925911991
0.7519890069961549  0.7521030306816101           0.0  0.09763045746253902
0.7521030306816101  0.7522171139717102           0.0  0.0974638952594688
0.7522171139717102  0.7523311972618103           0.0  0.0974343364644608
0.7523311972618103  0.7524453401565553           0.0  0.09729230038887779
0.7524453401565553  0.7525595426559448           0.0  0.09721201496289597
0.7525595426559448  0.7526737451553345           0.0  0.09709114156297605
0.7526737451553345  0.7527880072593689           0.0  0.09701104335672306
0.7527880072593689  0.7529022693634033           0.0  0.09688830625743773
0.7529022693634033  0.7530165910720825           0.0  0.09680839692656901
0.7530165910720825  0.7531309723854065           0.0  0.09666204693046894
0.7531309723854065  0.7532453536987305           0.0  0.09663269040856835
0.7532453536987305  0.7533597946166992           0.0  0.09646339936534634
0.7533597946166992  0.753474235534668           0.0  0.09643409681073732
0.753474235534668  0.7535887360572815           0.0  0.09626571341424366
0.7535887360572815  0.753703236579895           0.0  0.09623646456948935
0.753703236579895  0.7538177967071534           0.0  0.09609576012393439
0.7538177967071534  0.7539324164390563           0.0  0.09601659455038881
0.7539324164390563  0.7540470361709595           0.0  0.09590802355859153
0.7540470361709595  0.7541617155075073           0.0  0.09582902848885551
0.7541617155075073  0.7542763948440552           0.0  0.09572928443813905
0.7542763948440552  0.7543911337852478           0.0  0.09565045796029698
0.7543911337852478  0.7545059323310851           0.0  0.09553132189998954
0.7545059323310851  0.7546207308769225           0.0  0.09550225602257127
0.7546207308769225  0.7547355890274047           0.0  0.09535611469207186
0.7547355890274047  0.7548504471778871           0.0  0.09532709589225213
0.7548504471778871  0.7549653649330139           0.0  0.09517096949870428
0.7549653649330139  0.7550802826881409           0.0  0.09514200083289984
0.7550802826881409  0.7551952600479125           0.0  0.09500034576010603
0.7551952600479125  0.7553102970123291           0.0  0.0949222067430444
0.7553102970123291  0.7554253339767456           0.0  0.09480446498770893
0.7554253339767456  0.7555404305458069           0.0  0.09472650647272954
0.7555404305458069  0.7556555867195129           0.0  0.09459334953193148
0.7556555867195129  0.755770742893219           0.0  0.09456452330854101
0.755770742893219  0.7558858990669249           0.0  0.09444225725848833
0.7558858990669249  0.7560011148452758           0.0  0.09436463745849348
0.7560011148452758  0.7561163902282715           0.0  0.09424958067308872
0.7561163902282715  0.7562316656112672           0.0  0.09422084700053417
0.7562316656112672  0.7563470005989075           0.0  0.09410981620528822
0.7563470005989075  0.7564623951911926           0.0  0.09403251595693632
0.7564623951911926  0.7565777897834778           0.0  0.09394758948565089
0.7565777897834778  0.7566932439804077           0.0  0.09387044126223683
0.7566932439804077  0.7568086981773376           0.0  0.09378516387890459
0.7568086981773376  0.7569242119789125           0.0  0.09370816824517558
0.7569242119789125  0.7570397257804871  0.04680628908444232  0.09364657795269857
0.7570397257804871  0.7571553587913513  0.04677771612128891  0.09352147787820773
0.7571553587913513  0.7572709321975708           0.0  0.09348382031179492
0.7572709321975708  0.7573866248130798           0.0  0.09335898109576424
0.7573866248130798  0.7575022578239441           0.0  0.09332030212256398
0.7575022578239441  0.7576180100440978           0.0  0.09319572533098998
0.7576180100440978  0.7577337622642517           0.0  0.09313243874570272
0.7577337622642517  0.7578495740890503           0.0  0.09305606565117619
0.7578495740890503  0.7579653859138488           0.0  0.09296995256328255
0.7579653859138488  0.7580812573432922           0.0  0.0928937273387606
0.7580812573432922  0.7581971287727356           0.0  0.09280951638641709
0.7581971287727356  0.7583130598068237           0.0  0.09273344478120618
0.7583130598068237  0.7584290504455566           0.0  0.09262723174971761
0.7584290504455566  0.7585450410842897           0.0  0.0925989041193743
0.7585450410842897  0.7586610913276672           0.0  0.09247034527174321
0.7586610913276672  0.758777141571045           0.0  0.09244205974355116
0.758777141571045  0.7588932514190674           0.0  0.09233704989011716
0.7588932514190674  0.7590094208717346           0.0  0.09226143071382713
0.7590094208717346  0.7591255903244017           0.0  0.0921763833696425
0.7591255903244017  0.7592418193817139           0.0  0.09210091262217722
0.7592418193817139  0.7593580484390258           0.0  0.09200956636493626
0.7593580484390258  0.7594743371009827           0.0  0.09193425178046989
0.7594743371009827  0.7595906853675842           0.0  0.09181515999168814
0.7595906853675842  0.7597070336341858           0.0  0.09178703721740153
0.7597070336341858  0.7598234415054322           0.0  0.0916446861325711
0.7598234415054322  0.7599398493766785           0.0  0.09161660979786358
0.7599398493766785  0.7600563168525696           0.0  0.09147760432131466
0.7600563168525696  0.7601727843284607           0.0  0.09144957341605306
0.7601727843284607  0.7602893710136414           0.0  0.09129482155261787
0.7602893710136414  0.7604058980941771           0.0  0.09131351809265476
0.7604058980941771  0.7605225443840027           0.0  0.09117296478289774
0.7605225443840027  0.7606391906738281           0.0  0.09114500149043366
0.7606391906738281  0.7607558369636536           0.0  0.09109003583492244
0.7607558369636536  0.7608726024627686           0.0  0.09096912527502352
0.7608726024627686  0.7609893083572388           0.0  0.09096670833913359
0.7609893083572388  0.7611061334609986           0.0  0.09084600457353309
0.7611061334609986  0.7612229585647582           0.0  0.09078986393485705
0.7612229585647582  0.7613397836685181           0.0  0.09076200111842087
0.7613397836685181  0.7614566683769225           0.0  0.09067197445897923
0.7614566683769225  0.7615736126899719           0.0  0.09059793773476586
0.7615736126899719  0.7616906166076659           0.0  0.09050325396415207
0.7616906166076659  0.7618076205253601           0.0  0.09047545367699242
0.7618076205253601  0.7619246244430542           0.0  0.09038178680747209
0.7619246244430542  0.7620416879653931           0.0  0.0903080209897086
0.7620416879653931  0.7621588110923766           0.0  0.09024010219920636
0.7621588110923766  0.762275993824005           0.0  0.09016647766911012
0.762275993824005  0.7623931765556335           0.0  0.09007737944441092
0.7623931765556335  0.762510359287262           0.0  0.090049693228189
0.762510359287262  0.7626276016235352           0.0  0.08995903739486343
0.7626276016235352  0.7627449035644532           0.0  0.08988567599890619
0.7627449035644532  0.7628622651100159           0.0  0.08979155796571815
0.7628622651100159  0.7629796266555786           0.0  0.08976393448626813
0.7629796266555786  0.7630969882011414           0.0  0.0896890451967722
0.7630969882011414  0.7632144689559937           0.0  0.08957046891691867
0.7632144689559937  0.7633318901062012           0.0  0.0895363009778523
0.7633318901062012  0.7634494304656981           0.0  0.08941796605348684
0.7634494304656981  0.7635669708251953           0.0  0.08935626876889126
0.7635669708251953  0.7636845707893372           0.0  0.0892834799282379
0.7636845707893372  0.7638021707534791           0.0  0.08919922285543627
0.7638021707534791  0.7639198303222656           0.0  0.08912657939141273
0.7639198303222656  0.7640374898910524           0.0  0.08904739387692703
0.7640374898910524  0.7641552090644836           0.0  0.08897488942226504
0.7641552090644836  0.7642729878425598           0.0  0.08887849039585527
0.7642729878425598  0.7643907666206359           0.0  0.08885110126335698
0.7643907666206359  0.7645086050033569           0.0  0.08875670218168058
0.7645086050033569  0.7646265029907228           0.0  0.08868447998433188
0.7646265029907228  0.7647444009780884           0.0  0.0886083075951539
0.7647444009780884  0.7648623585700989           0.0  0.0885362227473579
0.7648623585700989  0.7649803161621093  0.044220496202269415  0.08844969171402195
0.7649803161621093  0.7650983333587646  0.04419322368137674  0.08837775512846315
0.7650983333587646  0.7652164101600647           0.0  0.08825905150063013
0.7652164101600647  0.7653344869613646           0.0  0.08823181805794507
0.7653344869613646  0.7654526233673096           0.0  0.08808888995362953
0.7654526233673096  0.7655707597732544           0.0  0.08806170368845583
0.7655707597732544  0.765688955783844           0.0  0.08794624523978072
0.765688955783844  0.7658072113990783           0.0  0.0878747766680554
0.7658072113990783  0.7659254670143127           0.0  0.08779004709121337
0.7659254670143127  0.7660437822341918           0.0  0.08771872172048079
0.7660437822341918  0.766162097454071           0.0  0.08766929519594722
0.766162097454071  0.7662805318832396           0.0  0.08755399281341358
0.7662805318832396  0.7663989067077637           0.0  0.08754389373888519
0.7663989067077637  0.7665174007415771           0.0  0.08742879434640008
0.7665174007415771  0.7666358947753907           0.0  0.08738632010030924
0.7666358947753907  0.7667543888092041           0.0  0.08735931077972069
0.7667543888092041  0.7668729424476622           0.0  0.08729342352280003
0.7668729424476622  0.7669915556907654           0.0  0.08722257729629482
0.7669915556907654  0.7671101689338684           0.0  0.08719087008187149
0.7671101689338684  0.767228901386261           0.0  0.08707638004118951
0.767228901386261  0.7673475742340088           0.0  0.08703593495161208
0.7673475742340088  0.7674663066864014           0.0  0.08696533524314307
0.7674663066864014  0.7675850987434387           0.0  0.08689432910060391
0.7675850987434387  0.7677039504051208           0.0  0.08682386606378718
0.7677039504051208  0.767822802066803           0.0  0.08673578260420439
0.767822802066803  0.7679417133331299           0.0  0.08666546508987735
0.7679417133331299  0.7680606245994568           0.0  0.08655173484312711
0.7680606245994568  0.7681795954704285           0.0  0.08648158285699997
0.7681795954704285  0.7682985663414001           0.0  0.08636730628307829
0.7682985663414001  0.7684176564216615           0.0  0.08625412016045143
0.7684176564216615  0.7685366868972778           0.0  0.08615429042931748
0.7685366868972778  0.7686558365821838           0.0  0.08604142376117062
0.7686558365821838  0.7687749862670898           0.0  0.0859286105640444
0.7687749862670898  0.7688941955566406           0.0  0.08585902254241182
0.7688941955566406  0.7690134048461914           0.0  0.08574481602471486
0.7690134048461914  0.7691326737403871           0.0  0.08567539300117923
0.7691326737403871  0.7692519426345825           0.0  0.08560936636319501
0.7692519426345825  0.7693713307380675           0.0  0.08549735526225374
0.7693713307380675  0.769490659236908           0.0  0.08547669415758331
0.769490659236908  0.7696101069450378           0.0  0.08536489579368722
0.7696101069450378  0.7697295546531677           0.0  0.08531502110831518
0.7697295546531677  0.7698490023612977           0.0  0.08528854660826538
0.7698490023612977  0.7699685692787169           0.0  0.08520104308443303
0.7699685692787169  0.7700881361961365           0.0  0.08517458578524668
0.7700881361961365  0.7702077031135559           0.0  0.08510936235137161
0.7702077031135559  0.7703273296356201           0.0  0.0850405427159393
0.7703273296356201  0.7704470157623291           0.0  0.08497291532491949
0.7704470157623291  0.770566701889038           0.0  0.08494651896224145
0.770566701889038  0.7706864476203918           0.0  0.08487452356713525
0.7706864476203918  0.7708062529563904           0.0  0.08480593362640688
0.7708062529563904  0.770926058292389           0.0  0.08475158054234443
0.770926058292389  0.7710459232330322           0.0  0.08468310772004256
0.7710459232330322  0.7711658477783203           0.0  0.0846036056192572
0.7711658477783203  0.7712857723236084           0.0  0.08457729617778584
0.7712857723236084  0.7714057564735414           0.0  0.08447131585246412
0.7714057564735414  0.771525740623474           0.0  0.08444504266814526
0.771525740623474  0.7716457843780518           0.0  0.08435620578721481
0.7716457843780518  0.7717658877372743           0.0  0.0842881062228297
0.7717658877372743  0.7718859910964965  0.04210476931419486  0.08421732380603537
0.7718859910964965  0.7720061540603638  0.04207856396744296  0.08414934904093103
0.7720061540603638  0.772126317024231           0.0  0.08407454320124166
0.772126317024231  0.7722465395927428           0.0  0.08400670281164795
0.7722465395927428  0.7723668217658998           0.0  0.08392825245085132
0.7723668217658998  0.7724871635437011           0.0  0.08386055135937079
0.7724871635437011  0.7726075053215028           0.0  0.08375942959118735
0.7726075053215028  0.7727278470993042           0.0  0.08373334082354428
0.7727278470993042  0.7728483080863953           0.0  0.08358961003064035
0.7728483080863953  0.7729687094688414           0.0  0.08360492925729872
0.7729687094688414  0.7730892300605774           0.0  0.08346127040390892
0.7730892300605774  0.7732097506523132           0.0  0.08343525210386772
0.7732097506523132  0.773330330848694           0.0  0.08331481340838398
0.773330330848694  0.7734509110450745           0.0  0.08328883602211828
0.7734509110450745  0.7735716104507446           0.0  0.08315241258324051
0.7735716104507446  0.77369225025177           0.0  0.08316754451216807
0.77369225025177  0.773813009262085           0.0  0.08303463740098528
0.773813009262085  0.7739337682723999           0.0  0.08300872515616302
0.7739337682723999  0.7740545272827148           0.0  0.08291797898282544
0.7740545272827148  0.7741753458976746           0.0  0.08285121038663243
0.7741753458976746  0.7742962241172791  0.041387060656847045  0.08278159942333813
0.7742962241172791  0.7744171619415283  0.041361217965627486  0.08271496384116352
0.7744171619415283  0.7745380997657776           0.0  0.08264570357193957
0.7745380997657776  0.7746590971946715           0.0  0.08257919215213828
0.7746590971946715  0.7747800946235658           0.0  0.08250638146272789
0.7747800946235658  0.7749011516571045           0.0  0.08243999692231894
0.7749011516571045  0.7750222682952881           0.0  0.08234012503239656
0.7750222682952881  0.7751433849334717           0.0  0.08231439364040845
0.7751433849334717  0.7752645611763           0.0  0.08220985856924204
0.7752645611763  0.7753857970237732           0.0  0.08214375105798882
0.7753857970237732  0.7755070328712463           0.0  0.08205822513204604
0.7755070328712463  0.7756283283233643           0.0  0.08199225543620683
0.7756283283233643  0.7757496237754822           0.0  0.0819070847755887
0.7757496237754822  0.7758709788322449           0.0  0.08184125207661881
0.7758709788322449  0.7759923934936523           0.0  0.08175687238856505
0.7759923934936523  0.7761138677597046           0.0  0.08169118646473078
0.7761138677597046  0.7762353420257568           0.0  0.08158674425094363
0.7762353420257568  0.7763568162918091           0.0  0.08156121297546805
0.7763568162918091  0.7764784097671509           0.0  0.0814138939070357
0.7764784097671509  0.7765999436378479           0.0  0.08142832277481274
0.7765999436378479  0.7767215967178345           0.0  0.08127850470560284
0.7767215967178345  0.776843249797821           0.0  0.08125304839785985
0.776843249797821  0.7769649624824524           0.0  0.08114674278120242
0.7769649624824524  0.7770867347717285           0.0  0.08108161083518027
0.7770867347717285  0.7772085070610046           0.0  0.08100436019299963
0.7772085070610046  0.7773303389549255           0.0  0.08093935838174417
0.7773303389549255  0.7774521708488464           0.0  0.08086923477669161
0.7774521708488464  0.7775740623474121           0.0  0.08080435394608343
0.7775740623474121  0.7776960134506226           0.0  0.08071462708239253
0.7776960134506226  0.777817964553833           0.0  0.08068931720724824
0.777817964553833  0.7779399752616882           0.0  0.08059316447702279
0.7779399752616882  0.7780620455741882           0.0  0.08052854527262113
0.7780620455741882  0.7781841158866882           0.0  0.08044150807336177
0.7781841158866882  0.778306245803833           0.0  0.08037702271171084
0.778306245803833  0.7784284353256226           0.0  0.08025891689231177
0.7784284353256226  0.7785506248474121           0.0  0.08023372444279041
0.7785506248474121  0.7786728739738464           0.0  0.080088694071602
0.7786728739738464  0.7787951231002808           0.0  0.08006355068640701
0.7787951231002808  0.7789174318313599           0.0  0.0799384484985419
0.7789174318313599  0.7790398001670837           0.0  0.07987441600927682
0.7790398001670837  0.7791622281074524           0.0  0.07975634700401536
0.7791622281074524  0.779284656047821           0.0  0.07973128708467855
0.779284656047821  0.7794070839881897           0.0  0.07963887670368276
0.7794070839881897  0.7795296311378479           0.0  0.07953640540777811
0.7795296311378479  0.7796521782875061           0.0  0.07944391776848105
0.7796521782875061  0.7797747254371643           0.0  0.07941894741398087
0.7797747254371643  0.7798973917961121           0.0  0.07928438761644224
0.7798973917961121  0.7800200581550598           0.0  0.07925945100863886
0.7800200581550598  0.7801427245140076           0.0  0.07916349927079486
0.7801427245140076  0.7802655100822449           0.0  0.07906176010988415
0.7802655100822449  0.7803882360458374           0.0  0.07900795375488916
0.7803882360458374  0.7805110812187195           0.0  0.07890645187265739
0.7805110812187195  0.7806339263916016           0.0  0.07883623404638293
0.7806339263916016  0.7807568311691284           0.0  0.07877320040077408
0.7807568311691284  0.7808797955513           0.0  0.0786638109562184
0.7808797955513  0.7810027599334717           0.0  0.07863904062906235
0.7810027599334717  0.7811257839202881           0.0  0.07850654837731601
0.7811257839202881  0.7812488079071045           0.0  0.07848182337679464
0.7812488079071045  0.7813718914985657           0.0  0.07836393659528638
0.7813718914985657  0.7814950346946716           0.0  0.07830132688100475
0.7814950346946716  0.7816181778907776           0.0  0.07820100450651628
0.7816181778907776  0.7817413806915283           0.0  0.07813854263951107
0.7817413806915283  0.7818646430969238           0.0  0.078020487594059
0.7818646430969238  0.7819879055023193           0.0  0.07799589132368662
0.7819879055023193  0.7821112275123596           0.0  0.07787799092083558
0.7821112275123596  0.7822346091270447           0.0  0.07781581696092971
0.7822346091270447  0.7823579907417297           0.0  0.077715505282372
0.7823579907417297  0.7824814319610596           0.0  0.07765348048424525
0.7824814319610596  0.7826049327850342           0.0  0.0775350310962095
0.7826049327850342  0.7827284336090088           0.0  0.07751056375909518
0.7827284336090088  0.7828519940376282           0.0  0.07739596153025138
0.7828519940376282  0.7829756140708923           0.0  0.07733422375997595
0.7829756140708923  0.7830992341041565           0.0  0.0772439991480459
0.7830992341041565  0.7832229137420654           0.0  0.07718239665085515
0.7832229137420654  0.7833465933799744           0.0  0.07711526887203
0.7833465933799744  0.7834703922271729           0.0  0.07701667621102315
0.7834703922271729  0.7835941314697266           0.0  0.0769692018870259
0.7835941314697266  0.7837179899215698           0.0  0.07687082795862157
0.7837179899215698  0.7838418483734131           0.0  0.07680337656022036
0.7838418483734131  0.7839657664299011           0.0  0.07674217484622868
0.7839657664299011  0.7840896844863892           0.0  0.07667104814924505
0.7840896844863892  0.7842137217521667           0.0  0.07657314336694822
0.7842137217521667  0.7843376994132996           0.0  0.07651430606761171
0.7843376994132996  0.7844617962837219           0.0  0.07641663113498337
0.7844617962837219  0.7845858931541443           0.0  0.07633463482115581
0.7845858931541443  0.7847100496292114           0.0  0.0762738494594284
0.7847100496292114  0.7848342061042786           0.0  0.07617517407241836
0.7848342061042786  0.7849584221839905           0.0  0.0761145306000225
0.7849584221839905  0.7850826978683472           0.0  0.07600467318297419
0.7850826978683472  0.7852069735527039           0.0  0.0759806144746612
0.7852069735527039  0.7853313684463501           0.0  0.07584232785039832
0.7853313684463501  0.7854557037353516           0.0  0.0758546593033904
0.7854557037353516  0.7855801582336426           0.0  0.07572252105275261
0.7855801582336426  0.7857046127319336           0.0  0.07569853237243743
0.7857046127319336  0.7858290672302246           0.0  0.07562577403266779
0.7858290672302246  0.7859536409378052           0.0  0.07552946715922393
0.7859536409378052  0.7860782146453857           0.0  0.07547943313402251
0.7860782146453857  0.7862028479576111           0.0  0.07541942125181753
0.7862028479576111  0.7863274812698364           0.0  0.07535484759392085
0.7863274812698364  0.7864521741867065           0.0  0.07529494897301195
0.7864521741867065  0.7865769267082214           0.0  0.07521232218287394
0.7865769267082214  0.7867016792297363           0.0  0.07518846834579615
0.7867016792297363  0.786826491355896           0.0  0.07510049269463565
0.786826491355896  0.7869513630867004           0.0  0.07504082542170848
0.7869513630867004  0.7870762348175049           0.0  0.0749620936076436
0.7870762348175049  0.7872011661529541           0.0  0.07490255435506338
0.7872011661529541  0.7873261570930481           0.0  0.07480129707468224
0.7873261570930481  0.7874511480331421           0.0  0.07477755087922801
0.7874511480331421  0.7875761985778809  0.03733714749022697  0.07468022822130842
0.7875761985778809  0.7877013087272644  0.037313436478179134  0.07462094442551938
0.7877013087272644  0.7878264188766479           0.0  0.07454999446992801
0.7878264188766479  0.7879515886306763           0.0  0.07449082770451773
0.7879515886306763  0.7880768179893494           0.0  0.07440892723596851
0.7880768179893494  0.7882020473480225           0.0  0.07438528308978617
0.7882020473480225  0.7883273363113403           0.0  0.0743061337593975
0.7883273363113403  0.788452684879303           0.0  0.07424719180319823
0.788452684879303  0.7885780334472656           0.0  0.07420328957631696
0.7885780334472656  0.7887035012245178           0.0  0.07410921129189606
0.7887035012245178  0.7888289093971252           0.0  0.0740819423083585
0.7888289093971252  0.7889544367790222           0.0  0.07398805014955505
0.7889544367790222  0.7890799641609192           0.0  0.07392641220257032
0.7890799641609192  0.7892054915428162           0.0  0.07390289541496342
0.7892054915428162  0.7893311381340027           0.0  0.07380944765503313
0.7893311381340027  0.7894567847251892           0.0  0.07378595325822652
0.7894567847251892  0.7895824313163757           0.0  0.07373075140206491
0.7895824313163757  0.7897081971168518           0.0  0.07363741473841867
0.7897081971168518  0.7898339629173279           0.0  0.07359892949216049
0.7898339629173279  0.7899597883224487           0.0  0.07354063594733082
0.7899597883224487  0.7900856137275696           0.0  0.0734775763609552
0.7900856137275696  0.7902114987373352           0.0  0.07341939159668989
0.7902114987373352  0.7903374433517456           0.0  0.07332746738343546
0.7903374433517456  0.790463387966156           0.0  0.07330410083726671
0.790463387966156  0.7905893921852112           0.0  0.07320308917076368
0.7905893921852112  0.7907154560089111           0.0  0.07314515224962888
0.7907154560089111  0.7908415794372559           0.0  0.07304126199412056
0.7908415794372559  0.7909677028656006           0.0  0.07301796846559118
0.7909677028656006  0.7910938858985901           0.0  0.07289690405618024
0.7910938858985901  0.7912200689315796           0.0  0.0728736529967256
0.7912200689315796  0.7913463115692139           0.0  0.07277024515214874
0.7913463115692139  0.7914726138114929           0.0  0.07271269269767107
0.7914726138114929  0.7915989756584167           0.0  0.07261151823317376
0.7915989756584167  0.7917253375053406           0.0  0.07258834018107475
0.7917253375053406  0.7918517589569092           0.0  0.07247374261631899
0.7918517589569092  0.7919781804084778           0.0  0.0724506050199504
0.7919781804084778  0.7921046614646912           0.0  0.0723562840812354
0.7921046614646912  0.7922312021255493           0.0  0.07229910394307225
0.7922312021255493  0.7923578023910522           0.0  0.07220710894662884
0.7923578023910522  0.7924844026565552           0.0  0.07218403861459603
0.7924844026565552  0.7926110625267029           0.0  0.07209244367275405
0.7926110625267029  0.7927377820014954           0.0  0.07203550170811213
0.7927377820014954  0.7928645014762878           0.0  0.07195759868702419
0.7928645014762878  0.7929912805557251           0.0  0.07190077635923682
0.7929912805557251  0.7931181192398071           0.0  0.0718006894383488
0.7931181192398071  0.7932449579238892           0.0  0.07177772779232358
0.7932449579238892  0.793371856212616           0.0  0.0716743022378621
0.793371856212616  0.7934988141059875           0.0  0.07161773138248136
0.7934988141059875  0.7936257719993591           0.0  0.07153109287547053
0.7936257719993591  0.7937527894973755           0.0  0.07147465070950863
0.7937527894973755  0.7938798666000366           0.0  0.07137178189705136
0.7938798666000366  0.7940069437026978           0.0  0.07134893645644338
0.7940069437026978  0.7941340804100037           0.0  0.07124543834859735
0.7941340804100037  0.7942612767219543           0.0  0.07118925112844145
0.7942612767219543  0.7943885326385498           0.0  0.07108573644730076
0.7943885326385498  0.7945157885551453           0.0  0.07106296514259068
0.7945157885551453  0.7946431040763855           0.0  0.07094582282049214
0.7946431040763855  0.7947704195976257           0.0  0.07092309297505422
0.7947704195976257  0.7948977947235107           0.0  0.0708279694125151
0.7948977947235107  0.7950252294540405           0.0  0.07077215166621625
0.7950252294540405  0.7951527237892151           0.0  0.07068178977797056
0.7951527237892151  0.7952802181243896           0.0  0.07065912725576004
0.7952802181243896  0.795407772064209           0.0  0.07056868289009566
0.795407772064209  0.7955353856086731           0.0  0.07051309997296107
0.7955353856086731  0.7956629991531372           0.0  0.07043370682585381
0.7956629991531372  0.7957906723022461           0.0  0.07037823916219471
0.7957906723022461  0.7959184050559998           0.0  0.07027824773619305
0.7959184050559998  0.7960461378097534           0.0  0.07025569418386995
0.7960461378097534  0.7961739301681519           0.0  0.07015825315520868
0.7961739301681519  0.7963017821311951           0.0  0.07010303294020016
0.7963017821311951  0.7964296340942383           0.0  0.07002814077689586
0.7964296340942383  0.7965575456619263           0.0  0.0699730353042078
0.7965575456619263  0.796685516834259           0.0  0.06990285019933566
0.796685516834259  0.7968135476112366           0.0  0.06984786060839769
0.7968135476112366  0.7969415783882141           0.0  0.06977979249907061
0.7969415783882141  0.7970696687698364           0.0  0.06972491166982873
0.7970696687698364  0.7971977591514587           0.0  0.06967177031487101
0.7971977591514587  0.7973259687423706           0.0  0.06958461353233633
0.7973259687423706  0.7974541783332825           0.0  0.06951120278161149
0.7974541783332825  0.7975823879241943           0.0  0.06948885523986771
0.7975823879241943  0.7977107167243958           0.0  0.06937920688828618
0.7977107167243958  0.7978390455245972           0.0  0.06935688822527564
0.7978390455245972  0.7979674339294434           0.0  0.06924623017905315
0.7979674339294434  0.7980958223342896           0.0  0.06922395111734973
0.7980958223342896  0.7982242703437805           0.0  0.06913351725216274
0.7982242703437805  0.7983527779579163           0.0  0.06907921078494365
0.7983527779579163  0.798481285572052           0.0  0.06902895318115067
0.798481285572052  0.7986099123954773           0.0  0.06894277290897978
0.7986099123954773  0.7987385392189026           0.0  0.06888074695398723
0.7987385392189026  0.7988671660423279           0.0  0.0688585657652815
0.7988671660423279  0.7989958524703979           0.0  0.06877674724952394
0.7989958524703979  0.7991245985031128           0.0  0.06872275946849206
0.7991245985031128  0.7992534041404724           0.0  0.06864906913670438
0.7992534041404724  0.7993822693824768           0.0  0.06859519935430389
0.7993822693824768  0.7995111346244812           0.0  0.06849759087849369
0.7995111346244812  0.7996399998664856           0.0  0.06847551354714507
0.7996399998664856  0.7997689843177795           0.0  0.06835541105495872
0.7997689843177795  0.7998979687690735           0.0  0.06833336628041251
0.7998979687690735  0.8000270128250122           0.0  0.0682262662023593
0.8000270128250122  0.8001561164855957           0.0  0.06817276624651769
0.8001561164855957  0.8002852201461792           0.0  0.06808278191010633
0.8002852201461792  0.8004143834114075           0.0  0.06802940698904994
0.8004143834114075  0.8005435466766357           0.0  0.06796043863235408
0.8005435466766357  0.8006728291511536           0.0  0.06787585819950698
0.8006728291511536  0.8008021116256714           0.0  0.06781601652944008
0.8008021116256714  0.800931453704834           0.0  0.06776287678049529
0.800931453704834  0.8010607957839966           0.0  0.06769620695081448
0.8010607957839966  0.801190197467804           0.0  0.06764317276573835
0.801190197467804  0.8013196587562561           0.0  0.067579274892599
0.8013196587562561  0.801449179649353           0.0  0.06752634813611301
0.801449179649353  0.80157870054245           0.0  0.06745758912826626
0.80157870054245  0.8017082810401917           0.0  0.0674047697362585
0.8017082810401917  0.8018379211425781           0.0  0.06731093956824166
0.8018379211425781  0.8019675612449646           0.0  0.06728917759802888
0.8019675612449646  0.8020972609519958           0.0  0.06718836161696455
0.8020972609519958  0.8022270202636719           0.0  0.06713577915039932
0.8022270202636719  0.8023567795753479           0.0  0.06706656403373153
0.8023567795753479  0.8024866580963135           0.0  0.06698332609708826
0.8024866580963135  0.8026165366172791           0.0  0.06690531961693549
0.8026165366172791  0.8027464151382446           0.0  0.06688367003051375
0.8027464151382446  0.8028764128684998           0.0  0.06678246131355718
0.8028764128684998  0.8030064105987549           0.0  0.06676083865082529
0.8030064105987549  0.80313640832901           0.0  0.06669533247305635
0.80313640832901  0.8032665252685547           0.0  0.06661264961257822
0.8032665252685547  0.8033966422080994           0.0  0.0665638991555573
0.8033966422080994  0.8035268187522888           0.0  0.06651186795163584
0.8035268187522888  0.8036569952964783           0.0  0.06646189614107469
0.8036569952964783  0.8037872910499573           0.0  0.06637957004467268
0.8037872910499573  0.8039175868034363           0.0  0.06631200612045132
0.8039175868034363  0.8040478825569153           0.0  0.0662905144332599
0.8040478825569153  0.8041782975196838           0.0  0.06619003284516806
0.8041782975196838  0.8043087124824524           0.0  0.06616856802564944
0.8043087124824524  0.8044391870498657           0.0  0.06606694349529443
0.8044391870498657  0.8045696616172791           0.0  0.0660455157525302
0.8045696616172791  0.8047001957893372           0.0  0.06595871917967963
0.8047001957893372  0.80483078956604           0.0  0.06590722483043765
0.80483078956604  0.8049614429473877           0.0  0.06581935964689098
0.8049614429473877  0.8050920963287354           0.0  0.0657979968191704
0.8050920963287354  0.8052228093147278           0.0  0.06570944530487761
0.8052228093147278  0.805353581905365           0.0  0.06565817169530352
0.805353581905365  0.805484414100647           0.0  0.06557176089510751
0.805484414100647  0.805615246295929           0.0  0.06555046314166837
0.805615246295929  0.8057461380958557           0.0  0.06546844679643288
0.8057461380958557  0.8058770895004272           0.0  0.06541738657684484
0.8058770895004272  0.8060080409049988           0.0  0.06535612090406788
0.8060080409049988  0.8061390519142151           0.0  0.06530515665659872
0.8061390519142151  0.8062701225280762           0.0  0.06523478275909522
0.8062701225280762  0.8064011931419373           0.0  0.06521357653298963
0.8064011931419373  0.8065323233604431           0.0  0.0651449139333916
0.8065323233604431  0.8066635131835938           0.0  0.06509414204951661
0.8066635131835938  0.8067947626113892           0.0  0.06502202675233178
0.8067947626113892  0.8069260120391846           0.0  0.0650008746177474
0.8069260120391846  0.8070573806762695           0.0  0.06489530777682063
0.8070573806762695  0.8071886897087097           0.0  0.06490363739944564
0.8071886897087097  0.8073201179504395           0.0  0.06480011398262148
0.8073201179504395  0.8074515461921692           0.0  0.06477901905724252
0.8074515461921692  0.8075830340385437           0.0  0.06471447590291639
0.8075830340385437  0.807714581489563           0.0  0.06466408861962451
0.807714581489563  0.8078461289405823           0.0  0.06462541774417264
0.8078461289405823  0.8079777359962463           0.0  0.06457511088387728
0.8079777359962463  0.8081094026565552           0.0  0.06454026042773012
0.8081094026565552  0.8082411289215088           0.0  0.06449003346561744
0.8082411289215088  0.8083728551864624           0.0  0.06444792151507062
0.8083728551864624  0.8085046410560608           0.0  0.06439777751115475
0.8085046410560608  0.808636486530304           0.0  0.06432608705058376
0.808636486530304  0.8087683320045471           0.0  0.06430511416347331
0.8087683320045471  0.8089002370834351           0.0  0.06421830103014615
0.8089002370834351  0.8090322017669678           0.0  0.06416836005614231
0.8090322017669678  0.8091642260551453           0.0  0.06407287506798866
0.8091642260551453  0.8092962503433228           0.0  0.06405197005155794
0.8092962503433228  0.809428334236145           0.0  0.06395518974344321
0.809428334236145  0.8095604777336121           0.0  0.06390547825381271
0.8095604777336121  0.8096926212310791           0.0  0.06383984770910599
0.8096926212310791  0.8098248839378357           0.0  0.06376148320961297
0.8098248839378357  0.8099571466445923           0.0  0.06368568421850028
0.8099571466445923  0.8100894093513489           0.0  0.06366488838816586
0.8100894093513489  0.810221791267395           0.0  0.06356782158744653
0.810221791267395  0.8103541731834412           0.0  0.06354705232310956
0.8103541731834412  0.8104866147041321           0.0  0.06346126080458189
0.8104866147041321  0.810619056224823           0.0  0.06344052379914387
0.810619056224823  0.8107515573501587           0.0  0.06338168612402453
0.8107515573501587  0.8108841180801392           0.0  0.06333248036099529
0.8108841180801392  0.8110167384147644           0.0  0.06329891073914601
0.8110167384147644  0.8111494183540344           0.0  0.0632497802379081
0.8111494183540344  0.8112820982933044           0.0  0.06322928899882592
0.8112820982933044  0.8114148378372192           0.0  0.06318022260700279
0.8114148378372192  0.8115476369857788           0.0  0.06317816548489802
0.8115476369857788  0.8116804361343384           0.0  0.06315749230807594
0.8116804361343384  0.8118132948875427           0.0  0.06325664884665685
0.8118132948875427  0.8119462132453918           0.0  0.06320758323307824
0.8119462132453918  0.812079131603241           0.0  0.06360933757409633
0.812079131603241  0.8122121691703796           0.0  0.06353153019377003
0.8122121691703796  0.8123452067375183           0.0  0.064417718242214
0.8123452067375183  0.8124783039093018           0.0  0.06436777925657657
0.8124783039093018  0.8126114010810852           0.0  0.06575046851348758
0.8126114010810852  0.8127445578575134           0.0  0.06569950765707515
0.8127445578575134  0.8128777742385864           0.0  0.06738230630654118
0.8128777742385864  0.8130110502243042           0.0  0.06733009200479392
0.8130110502243042  0.8131443858146667           0.0  0.06902933956836793
0.8131443858146667  0.8132777214050293           0.0  0.06900670506721909
0.8132777214050293  0.8134111166000366           0.0  0.07055991293315858
0.8134111166000366  0.8135445117950439           0.0  0.07053677380997601
0.8135445117950439  0.8136780261993408           0.0  0.07191897292569312
0.8136780261993408  0.8138115406036377           0.0  0.07189537478694796
0.8138115406036377  0.8139451146125793           0.0  0.07317275703865019
0.8139451146125793  0.814078688621521           0.0  0.07314874467066557
0.814078688621521  0.8142123222351074           0.0  0.07441003345888204
0.8142123222351074  0.8143460750579834           0.0  0.07431930297517605
0.8143460750579834  0.8144797682762146           0.0  0.0755477883911008
0.8144797682762146  0.8146135807037354           0.0  0.07545569948085119
0.8146135807037354  0.8147473931312561           0.0  0.07660415590322939
0.8147473931312561  0.8148812651634216           0.0  0.07654489665118003
0.8148812651634216  0.8150151968002319           0.0  0.07764355384845814
0.8150151968002319  0.8151491284370422           0.0  0.07761803967465349
0.8151491284370422  0.8152831792831421           0.0  0.07869598319840852
0.8152831792831421  0.8154172301292419           0.0  0.07867010868230082
0.8154172301292419  0.8155512809753418           0.0  0.07978346149229178
0.8155512809753418  0.8156854510307312           0.0  0.07968636166799266
0.8156854510307312  0.8158196210861206           0.0  0.08083929804523785
0.8158196210861206  0.8159538507461548           0.0  0.08077682030822157
0.8159538507461548  0.816088080406189           0.0  0.0819351969691192
0.816088080406189  0.8162224292755127           0.0  0.08183555586522194
0.8162224292755127  0.8163567781448364           0.0  0.08296244917214649
0.8163567781448364  0.8164911866188049           0.0  0.08289836233297732
0.8164911866188049  0.8166256546974182           0.0  0.08396491788122254
0.8166256546974182  0.8167601227760315           0.0  0.08393727059321988
0.8167601227760315  0.8168946504592896           0.0  0.08500038676698472
0.8168946504592896  0.8170292377471924           0.0  0.08493475836679028
0.8170292377471924  0.8171638250350952           0.0  0.08604788181859852
0.8171638250350952  0.8172985315322876           0.0  0.08594340753140932
0.8172985315322876  0.81743323802948           0.0  0.08707776409378808
0.81743323802948  0.8175680041313171           0.0  0.08701056474364599
0.8175680041313171  0.8177027702331543           0.0  0.08815502595427291
0.8177027702331543  0.817837655544281           0.0  0.08804807484656341
0.817837655544281  0.8179725408554077           0.0  0.08918490994941339
0.8179725408554077  0.8181074857711792           0.0  0.08911611510567813
0.8181074857711792  0.8182424306869507           0.0  0.09024964483853404
0.8182424306869507  0.8183774352073669           0.0  0.09018004575482151
0.8183774352073669  0.8185125589370728           0.0  0.09130623067089724
0.8185125589370728  0.8186476230621338           0.0  0.09131637912936912
0.8186476230621338  0.8187828063964844           0.0  0.09244855612431541
0.8187828063964844  0.818917989730835           0.0  0.09241803413246083
0.818917989730835  0.8190532326698303           0.0  0.09361352400347023
0.8190532326698303  0.8191885352134705           0.0  0.09354138347450319
0.8191885352134705  0.8193238973617554           0.0  0.09477425696143674
0.8193238973617554  0.8194592595100403           0.0  0.09474294644333077
0.8194592595100403  0.81959468126297           0.0  0.09601636215910213
0.81959468126297  0.8197301626205444           0.0  0.09594240393791038
0.8197301626205444  0.8198656439781189           0.0  0.09728349517640984
0.8198656439781189  0.8200012445449829           0.0  0.09716583695726004
0.8200012445449829  0.8201368451118469           0.0  0.09852390826096089
0.8201368451118469  0.8202725052833557           0.0  0.09844804897012162
0.8202725052833557  0.8204081654548645           0.0  0.09981739158618072
0.8204081654548645  0.8205439448356628           0.0  0.09969676371386434
0.8205439448356628  0.8206797242164612           0.0  0.10103041578999543
0.8206797242164612  0.8208155035972595           0.0  0.10099699086747435
0.8208155035972595  0.8209514021873474           0.0  0.10228624437929151
0.8209514021873474  0.8210873007774353           0.0  0.10225238547922981
0.8210873007774353  0.821223258972168           0.0  0.10361785250383539
0.821223258972168  0.8213592767715454           0.0  0.1035381507630724
0.8213592767715454  0.8214953541755676           0.0  0.10499744417580048
0.8214953541755676  0.8216314315795898           0.0  0.10496266512743059
0.8216314315795898  0.8217675685882568           0.0  0.10650260326625083
0.8217675685882568  0.8219037652015686           0.0  0.10642071936420877
0.8219037652015686  0.8220400214195251           0.0  0.1079983140635683
0.8220400214195251  0.8221762776374817           0.0  0.1079625177454673
0.8221762776374817  0.822312593460083           0.0  0.10955425797893112
0.822312593460083  0.8224489688873291           0.0  0.10947006950406893
0.8224489688873291  0.82258540391922           0.0  0.11109033578608289
0.82258540391922  0.8227218985557556           0.0  0.11100499046438239
0.8227218985557556  0.8228583931922913           0.0  0.11261790116460162
0.8228583931922913  0.8229949474334717           0.0  0.11253139689387935
0.8229949474334717  0.8231315016746521           0.0  0.11418381781165031
0.8231315016746521  0.8232681751251221           0.0  0.11404636004584102
0.8232681751251221  0.823404848575592           0.0  0.11576966291477434
0.823404848575592  0.8235415816307068           0.0  0.11568077856391762
0.8235415816307068  0.8236783742904663           0.0  0.11744217745902207
0.8236783742904663  0.8238151669502258           0.0  0.11740317543901238
0.8238151669502258  0.8239520788192749           0.0  0.11924954012868356
0.8239520788192749  0.824088990688324           0.0  0.11920991655013041
0.824088990688324  0.824225902557373           0.0  0.12116628206156284
0.824225902557373  0.8243629336357117           0.0  0.12102064836561935
0.8243629336357117  0.8244999647140503           0.0  0.12277225361355269
0.8244999647140503  0.8246370553970337           0.0  0.1226780780704389
0.8246370553970337  0.8247742056846619           0.0  0.12360452372436524
0.8247742056846619  0.8249114155769348           0.0  0.12350973515102324
0.8249114155769348  0.8250486254692078           0.0  0.12330096030401755
0.8250486254692078  0.8251859545707703           0.0  0.12315294148304984
0.8251859545707703  0.825323224067688           0.0  0.12210689049144847
0.825323224067688  0.8254606127738953           0.0  0.12196034902549928
0.8254606127738953  0.8255980610847473           0.0  0.12072806580751794
0.8255980610847473  0.8257355093955994           0.0  0.12068787407897827
0.8257355093955994  0.8258730173110962           0.0  0.11981482580133823
0.8258730173110962  0.8260105848312378           0.0  0.1197230295660995
0.8260105848312378  0.8261481523513794           0.0  0.11943552024238079
0.8261481523513794  0.8262858390808105           0.0  0.11929235961194765
0.8262858390808105  0.8264235258102417           0.0  0.11941257437039604
0.8264235258102417  0.8265612125396729           0.0  0.11937279140790906
0.8265612125396729  0.8266990184783936           0.0  0.11970868057159795
0.8266990184783936  0.8268368244171143           0.0  0.11966877773562401
0.8268368244171143  0.8269747495651245           0.0  0.12019708647342604
0.8269747495651245  0.8271126747131348           0.0  0.12015699955067567
0.8271126747131348  0.827250599861145           0.0  0.12091649770685929
0.827250599861145  0.8273886442184448           0.0  0.12077178199850362
0.8273886442184448  0.8275266885757446  0.06082790155833123  0.12166176348040457
0.8275266885757446  0.8276647925376892  0.06078731704897654  0.12156867829457198
0.8276647925376892  0.8278029561042786           0.0  0.12258114760938894
0.8278029561042786  0.8279411196708679           0.0  0.12254023588712379
0.8279411196708679  0.8280794024467468           0.0  0.12398469050880064
0.8280794024467468  0.8282176852226257           0.0  0.12394328847769083
0.8282176852226257  0.8283560276031494           0.0  0.12638053227299784
0.8283560276031494  0.8284943699836731           0.0  0.1263383261112814
0.8284943699836731  0.8286328315734863           0.0  0.1303773057421797
0.8286328315734863  0.8287712931632996           0.0  0.13033374185625604
0.8287712931632996  0.8289098143577576           0.0  0.1361812388356373
0.8289098143577576  0.8290483951568604           0.0  0.13607717191437108
0.8290483951568604  0.8291869759559631           0.0  0.14328051893466878
0.8291869759559631  0.8293256759643555           0.0  0.14310950334456238
0.8293256759643555  0.8294643759727478           0.0  0.15102418879435045
0.8294643759727478  0.8296031355857849           0.0  0.1509088290592062
0.8296031355857849  0.829741895198822           0.0  0.15907803986459843
0.829741895198822  0.8298807740211487           0.0  0.15888832005578316
0.8298807740211487  0.8300196528434753           0.0  0.16672735744082912
0.8300196528434753  0.8301585912704468           0.0  0.16660006699762178
0.8301585912704468  0.830297589302063           0.0  0.1734230660959948
0.830297589302063  0.8304365873336792           0.0  0.17336501117602576
0.8304365873336792  0.830575704574585           0.0  0.17866977109758886
0.830575704574585  0.8307148218154907           0.0  0.17860992855021615
0.8307148218154907  0.8308539986610413           0.0  0.18270997200625302
0.8308539986610413  0.8309931755065918           0.0  0.18264877054686857
0.8309931755065918  0.8311324715614319           0.0  0.18744589781869128
0.8311324715614319  0.831271767616272           0.0  0.18738307727057088
0.831271767616272  0.8314111232757568           0.0  0.19518354800446286
0.8314111232757568  0.8315505385398865           0.0  0.1950346937848897
0.8315505385398865  0.8316900134086609           0.0  0.20753116422308585
0.8316900134086609  0.8318294882774353           0.0  0.20746156971539012
0.8318294882774353  0.8319690227508545           0.0  0.2259465480885255
0.8319690227508545  0.8321086168289185           0.0  0.22577431632006068
0.8321086168289185  0.8322482705116272           0.0  0.2488282041999518
0.8322482705116272  0.8323879241943359           0.0  0.24874471001619636
0.8323879241943359  0.8325276970863342           0.0  0.2694549353720578
0.8325276970863342  0.8326674699783325           0.0  0.26936447309984923
0.8326674699783325  0.8328073024749756           0.0  0.2801682283045703
0.8328073024749756  0.8329471945762634           0.0  0.27995480662998684
0.8329471945762634  0.8330870866775513           0.0  0.280071263070623
0.8330870866775513  0.8332270383834839           0.0  0.27985796023274706
0.8332270383834839  0.8333670496940613           0.0  0.2739097498716749
0.8333670496940613  0.8335071206092834           0.0  0.2737011835510278
0.8335071206092834  0.8336472511291504           0.0  0.2658544994740497
0.8336472511291504  0.8337873816490173           0.0  0.2657651377731641
0.8337873816490173  0.8339275717735291           0.0  0.25798370399445403
0.8339275717735291  0.8340678215026855           0.0  0.2577873596393201
0.8340678215026855  0.8342081308364868           0.0  0.2506126730475417
0.8342081308364868  0.8343484997749329           0.0  0.250421975096049
0.8343484997749329  0.8344888687133789           0.0  0.2438342249532396
0.8344888687133789  0.8346292972564697           0.0  0.2436487280132132
0.8346292972564697  0.8347697854042053           0.0  0.23748636791589878
0.8347697854042053  0.8349103331565857           0.0  0.23730574430503126
0.8349103331565857  0.8350509405136108           0.0  0.23136400552235267
0.8350509405136108  0.835191547870636           0.0  0.23128610367726918
0.835191547870636  0.8353322148323059           0.0  0.22564449438805584
0.8353322148323059  0.8354729413986206           0.0  0.2254729576233771
0.8354729413986206  0.8356137275695801           0.0  0.2201947180604556
0.8356137275695801  0.8357545137405396           0.0  0.2201205327088421
0.8357545137405396  0.8358954191207886           0.0  0.21510941376209744
0.8358954191207886  0.8360363245010376           0.0  0.21503690477453127
0.8360363245010376  0.8361772894859314           0.0  0.21023578043843086
0.8361772894859314  0.83631831407547           0.0  0.21007606067169093
0.83631831407547  0.8364593386650085           0.0  0.20545612030413218
0.8364593386650085  0.8366004228591919           0.0  0.20530006286056438
0.8366004228591919  0.83674156665802           0.0  0.20092361729955363
0.83674156665802  0.8368827700614929           0.0  0.200771038786436
0.8368827700614929  0.8370240330696106           0.0  0.19660347298897352
0.8370240330696106  0.837165355682373           0.0  0.19645421795326082
0.837165355682373  0.8373066782951355           0.0  0.1923449093173893
0.8373066782951355  0.8374480605125427           0.0  0.19219891305757167
0.8374480605125427  0.8375895023345947           0.0  0.18807161192852279
0.8375895023345947  0.8377310037612915           0.0  0.18792889775608623
0.8377310037612915  0.8378725051879883           0.0  0.18385241224209736
0.8378725051879883  0.8380141258239746           0.0  0.18363559167832713
0.8380141258239746  0.8381557464599609           0.0  0.1796660618618874
0.8381557464599609  0.838297426700592           0.0  0.17952979219961676
0.838297426700592  0.8384391069412231           0.0  0.17576711758301633
0.8384391069412231  0.8385809063911438           0.0  0.17555998480932206
0.8385809063911438  0.8387227058410645           0.0  0.17195795886977713
0.8387227058410645  0.8388645648956299           0.0  0.1718275778480298
0.8388645648956299  0.8390064835548401           0.0  0.1682755506936929
0.8390064835548401  0.8391484618186951           0.0  0.16814800096797514
0.8391484618186951  0.8392904996871948           0.0  0.16463668205069612
0.8392904996871948  0.8394325375556946           0.0  0.16458096668968583
0.8394325375556946  0.8395746350288391           0.0  0.16113794036669207
0.8395746350288391  0.8397167921066284           0.0  0.16101585434847127
0.8397167921066284  0.8398590087890625           0.0  0.15766013433235918
0.8398590087890625  0.8400012850761414           0.0  0.15754071210204082
0.8400012850761414  0.8401435613632202           0.0  0.15422576978285935
0.8401435613632202  0.8402858972549438           0.0  0.15410897711659613
0.8402858972549438  0.8404282927513123           0.0  0.1508683788802474
0.8404282927513123  0.8405707478523254           0.0  0.1507541532963094
0.8405707478523254  0.8407132625579834           0.0  0.14768247910121324
0.8407132625579834  0.8408557772636414           0.0  0.1476324183758522
0.8408557772636414  0.8409983515739441           0.0  0.14481598046392835
0.8409983515739441  0.8411410450935364           0.0  0.1446459232156874
0.8411410450935364  0.8412836790084839           0.0  0.14205213131591266
0.8412836790084839  0.8414264321327209           0.0  0.14188536140106933
0.8414264321327209  0.8415692448616028           0.0  0.13930969057285705
0.8415692448616028  0.8417120575904846           0.0  0.13926241740643114
0.8417120575904846  0.8418549299240112           0.0  0.13667255566601308
0.8418549299240112  0.8419978618621826           0.0  0.13656918790761247
0.8419978618621826  0.8421408534049988           0.0  0.13399542114066235
0.8421408534049988  0.8422838449478149           0.0  0.13394992528527233
0.8422838449478149  0.8424269556999207           0.0  0.13137002770016118
0.8424269556999207  0.8425700664520264           0.0  0.13132540123125386
0.8425700664520264  0.8427132368087769           0.0  0.12869663445905888
0.8427132368087769  0.8428564667701721           0.0  0.1285993628608021
0.8428564667701721  0.8429997563362122           0.0  0.12593383247701828
0.8429997563362122  0.8431430459022522           0.0  0.12589102834238422
0.8431430459022522  0.843286395072937           0.0  0.12324370325278801
0.843286395072937  0.8434298634529114           0.0  0.12309942317548164
0.8434298634529114  0.843573272228241           0.0  0.12039047700977093
0.843573272228241  0.8437168002128601           0.0  0.12024957835239355
0.8437168002128601  0.843860387802124           0.0  0.11735041785291538
0.843860387802124  0.8440039753913879           0.0  0.11731048898039124
0.8440039753913879  0.8441476225852966           0.0  0.11428192413994663
0.8441476225852966  0.8442913293838501           0.0  0.11419564185194021
0.8442913293838501  0.8444350957870483           0.0  0.11092976525063238
0.8444350957870483  0.8445789217948914           0.0  0.11084603756529014
0.8445789217948914  0.8447228074073792           0.0  0.1071569823957152
0.8447228074073792  0.8448666930198669           0.0  0.10712048350617863
0.8448666930198669  0.8450106382369995           0.0  0.10317529543379525
0.8450106382369995  0.8451546430587769           0.0  0.10309745050578936
0.8451546430587769  0.845298707485199           0.0  0.09931518905039466
0.845298707485199  0.8454427719116211           0.0  0.09928134220413455
0.8454427719116211  0.8455869555473328           0.0  0.09616836035097213
0.8455869555473328  0.8457311391830444           0.0  0.09613557001552461
0.8457311391830444  0.8458753824234009           0.0  0.09407928149362788
0.8458753824234009  0.8460196852684021           0.0  0.09400834924615747
0.8460196852684021  0.8461640477180481           0.0  0.09295293056908618
0.8461640477180481  0.8463084101676941           0.0  0.09292121893156058
0.8463084101676941  0.8464528918266296           0.0  0.09253716281161979
0.8464528918266296  0.8465973734855652           0.0  0.09250557773185535
0.8465973734855652  0.8467419147491455           0.0  0.09246829047223792
0.8467419147491455  0.8468865156173706           0.0  0.09239861875844717
0.8468865156173706  0.8470311760902405           0.0  0.09247820329399266
0.8470311760902405  0.8471758365631104           0.0  0.09244662085259892
0.8471758365631104  0.8473206162452698           0.0  0.09260945588420595
0.8473206162452698  0.8474653959274292           0.0  0.09257781337077491
0.8474653959274292  0.8476102352142334           0.0  0.09288075847018923
0.8476102352142334  0.8477551341056824           0.0  0.09281082223402418
0.8477551341056824  0.8479000329971313           0.0  0.0932778274222779
0.8479000329971313  0.8480450510978699           0.0  0.09316928293635095
0.8480450510978699  0.8481900691986084           0.0  0.09384633019739322
0.8481900691986084  0.8483351469039917           0.0  0.09377569727068608
0.8483351469039917  0.8484802842140198           0.0  0.09473183357164014
0.8484802842140198  0.8486254811286926           0.0  0.09466054724461384
0.8486254811286926  0.8487707376480103           0.0  0.09597686673563752
0.8487707376480103  0.8489160537719727           0.0  0.09590465882451854
0.8489160537719727  0.8490613698959351           0.0  0.09751868219630207
0.8490613698959351  0.8492067456245422           0.0  0.09744533423179975
0.8492067456245422  0.8493521809577942           0.0  0.09890009329486527
0.8493521809577942  0.8494976758956909           0.0  0.09882572091428399
0.8494976758956909  0.8496432304382324           0.0  0.09939013518836985
0.8496432304382324  0.8497887849807739           0.0  0.09935608746761615
0.8497887849807739  0.849934458732605           0.0  0.09861873432766756
0.849934458732605  0.850080132484436           0.0  0.0985849347822496
0.850080132484436  0.8502258658409119           0.0  0.0966518998736549
0.8502258658409119  0.8503716588020325           0.0  0.09657926295355404
0.8503716588020325  0.8505174517631531           0.0  0.09380818562574635
0.8505174517631531  0.8506633639335632           0.0  0.09369940388099243
0.8506633639335632  0.8508092761039734           0.0  0.09053543774564786
0.8508092761039734  0.8509553074836731           0.0  0.09043049939438159
0.8509553074836731  0.8511013388633728           0.0  0.08730847717703182
0.8511013388633728  0.8512474298477173           0.0  0.08724290548300735
0.8512474298477173  0.8513935208320618           0.0  0.084618646310642
0.8513935208320618  0.8515397310256958           0.0  0.0845206293178529
0.8515397310256958  0.8516860008239746           0.0  0.0826842656839097
0.8516860008239746  0.8518322706222534           0.0  0.0826558699274389
0.8518322706222534  0.851978600025177           0.0  0.08161532258772541
0.851978600025177  0.8521249890327454           0.0  0.0815540630653004
0.8521249890327454  0.8522714376449585           0.0  0.08105251430878097
0.8522714376449585  0.8524178862571716           0.0  0.08102466405271347
0.8524178862571716  0.8525644540786743           0.0  0.0807434544867624
0.8525644540786743  0.852711021900177           0.0  0.08071569738758226
0.852711021900177  0.8528577089309692           0.0  0.08051102984219852
0.8528577089309692  0.8530043959617615           0.0  0.08048333965920974
0.8530043959617615  0.8531511425971985           0.0  0.08030439620268114
0.8531511425971985  0.8532978892326355           0.0  0.08027677536803812
0.8532978892326355  0.8534447550773621           0.0  0.08010594792757411
0.8534447550773621  0.8535916209220886           0.0  0.08007838245615211
0.8535916209220886  0.8537386059761047           0.0  0.07991151560761822
0.8537386059761047  0.8538855910301208           0.0  0.07988400419730161
0.8538855910301208  0.8540326356887817           0.0  0.07973784986038669
0.8540326356887817  0.8541797399520874           0.0  0.07967809418718126
0.8541797399520874  0.8543268442153931           0.0  0.07956686455987076
0.8543268442153931  0.8544740676879883           0.0  0.07947505823613742
0.8544740676879883  0.8546212911605835           0.0  0.07936413520116466
0.8546212911605835  0.8547685742378235           0.0  0.07930468405391985
0.8547685742378235  0.854915976524353           0.0  0.07916276028996028
0.854915976524353  0.8550633788108826           0.0  0.07913546694035649
0.8550633788108826  0.8552107810974121           0.0  0.07901218169948583
0.8552107810974121  0.8553583025932312           0.0  0.07892111385370186
0.8553583025932312  0.8555058240890503           0.0  0.0788315908384213
0.8555058240890503  0.8556534647941589           0.0  0.07874076604868102
0.8556534647941589  0.8558011054992676           0.0  0.07863628922769676
0.8558011054992676  0.855948805809021           0.0  0.07857743396258161
0.855948805809021  0.8560965657234192           0.0  0.07845840851349439
0.8560965657234192  0.8562443852424622           0.0  0.07839969681120978
0.8562443852424622  0.8563922047615051           0.0  0.07829846960248719
0.8563922047615051  0.8565401434898376           0.0  0.07820835960595096
0.8565401434898376  0.8566880822181702           0.0  0.07812564901748227
0.8566880822181702  0.8568361401557922           0.0  0.07803577857257821
0.8568361401557922  0.8569841980934143           0.0  0.07794073535002595
0.8569841980934143  0.8571323156356812           0.0  0.07788244788423403
0.8571323156356812  0.857280433177948           0.0  0.07779108193147294
0.857280433177948  0.8574286699295044           0.0  0.07770165952150045
0.8574286699295044  0.8575769662857056           0.0  0.07760002817693069
0.8575769662857056  0.8577252626419067           0.0  0.07757319487281715
0.8577252626419067  0.8578736186027527           0.0  0.07746700929690756
0.8578736186027527  0.8580220341682434           0.0  0.07740911377405249
0.8580220341682434  0.8581705093383789           0.0  0.07734296264019547
0.8581705093383789  0.8583190441131592           0.0  0.07728517407508122
0.8583190441131592  0.8584676384925842           0.0  0.07725682700283293
0.8584676384925842  0.8586162328720093           0.0  0.07723008646416947
0.8586162328720093  0.8587649464607239           0.0  0.07730990184154116
0.8587649464607239  0.8589136600494385           0.0  0.07728313073876711
0.8589136600494385  0.8590624332427979           0.0  0.07770072459925445
0.8590624332427979  0.859211266040802           0.0  0.07764270591369202
0.859211266040802  0.8593601584434509           0.0  0.07867354547193843
0.8593601584434509  0.8595091104507446           0.0  0.07861481205773699
0.8595091104507446  0.8596580624580383           0.0  0.08030112304058663
0.8596580624580383  0.8598071336746216           0.0  0.08020909878014773
0.8598071336746216  0.8599562048912048           0.0  0.08225886678930602
0.8599562048912048  0.8601053357124329           0.0  0.08219748314116318
0.8601053357124329  0.8602545261383057  0.04213300151623442  0.08426821590258722
0.8602545261383057  0.8604037761688232  0.04210377855661321  0.08420534589406461
0.8604037761688232  0.8605530858039856           0.0  0.08613109299026542
0.8605530858039856  0.8607024550437927           0.0  0.08606684548946514
0.8607024550437927  0.8608518242835999           0.0  0.08779998001831608
0.8608518242835999  0.8610013127326965           0.0  0.08769950941053187
0.8610013127326965  0.8611508011817932           0.0  0.08928149628608253
0.8611508011817932  0.8613003492355347           0.0  0.0892149278442427
0.8613003492355347  0.8614499568939209           0.0  0.09067930471234181
0.8614499568939209  0.8615996241569519           0.0  0.09061170537046696
0.8615996241569519  0.8617493510246277           0.0  0.09188824036685637
0.8617493510246277  0.8618990778923035           0.0  0.09185631519426601
0.8618990778923035  0.8620489239692688           0.0  0.09285772186582136
0.8620489239692688  0.8621987700462341           0.0  0.09282544539828137
0.8621987700462341  0.862348735332489           0.0  0.09338355317051411
0.862348735332489  0.8624987006187439           0.0  0.09335107940269692
0.8624987006187439  0.8626487255096436           0.0  0.09311702439732916
0.8626487255096436  0.862798810005188           0.0  0.09304767000137226
0.862798810005188  0.8629488945007324           0.0  0.09195562512217469
0.8629488945007324  0.8630990982055664           0.0  0.09185067703956015
0.8630990982055664  0.8632493615150452           0.0  0.09024933290743647
0.8632493615150452  0.8633996248245239           0.0  0.09021791949686132
0.8633996248245239  0.8635499477386475           0.0  0.08858199203236782
0.8635499477386475  0.8637003302574158           0.0  0.08851605626743629
0.8637003302574158  0.8638507723808289           0.0  0.08715129245884869
0.8638507723808289  0.8640012741088867           0.0  0.08708643318007607
0.8640012741088867  0.8641518354415894           0.0  0.0860658868730203
0.8641518354415894  0.8643024563789368           0.0  0.08600185163616535
0.8643024563789368  0.8644530773162842           0.0  0.0852334160708611
0.8644530773162842  0.8646038174629211           0.0  0.0851363292509507
0.8646038174629211  0.8647545576095581           0.0  0.08447485976553158
0.8647545576095581  0.8649053573608398           0.0  0.08441203142778995
0.8649053573608398  0.8650562167167664           0.0  0.08384374426823503
0.8650562167167664  0.8652071356773376           0.0  0.08378139814484648
0.8652071356773376  0.8653581142425537           0.0  0.08332206042655456
0.8653581142425537  0.8655091524124146           0.0  0.08326011378281903
0.8655091524124146  0.8656602501869202           0.0  0.08282188229256493
0.8656602501869202  0.8658113479614258           0.0  0.08279297483571647
0.8658113479614258  0.8659625053405762           0.0  0.08239538620138466
0.8659625053405762  0.8661137819290161           0.0  0.08230170649869277
0.8661137819290161  0.8662650585174561           0.0  0.0819568129073274
0.8662650585174561  0.8664163947105408           0.0  0.08189592170847576
0.8664163947105408  0.8665677905082703           0.0  0.08156107634893177
0.8665677905082703  0.8667192459106445           0.0  0.08150049011692918
0.8667192459106445  0.8668707013130188           0.0  0.08121344751577529
0.8668707013130188  0.8670222759246826           0.0  0.08112121279362788
0.8670222759246826  0.8671739101409912           0.0  0.08085688408149806
0.8671739101409912  0.8673255443572998           0.0  0.08082861172095034
0.8673255443572998  0.8674772381782532           0.0  0.08057237135246152
0.8674772381782532  0.8676289916038513           0.0  0.0805125535578783
0.8676289916038513  0.8677808046340942           0.0  0.08030123761835509
0.8677808046340942  0.8679326772689819           0.0  0.08024163328750911
0.8679326772689819  0.8680846095085144           0.0  0.0800553450088231
0.8680846095085144  0.8682366013526917           0.0  0.07999594013926363
0.8682366013526917  0.8683886528015137           0.0  0.07979486101820764
0.8683886528015137  0.8685407042503357           0.0  0.0797669223754538
0.8685407042503357  0.8686928153038025           0.0  0.07956804397874316
0.8686928153038025  0.8688450455665588           0.0  0.07947788481262895
0.8688450455665588  0.8689972758293152           0.0  0.07929374133456561
0.8689972758293152  0.8691495656967163           0.0  0.07923493765932922
0.8691495656967163  0.8693019151687622           0.0  0.07903932717749076
0.8693019151687622  0.8694543242454529           0.0  0.07898072415045707
0.8694543242454529  0.8696067929267883           0.0  0.07878071977874752
0.8696067929267883  0.8697592616081238           0.0  0.07875309927965775
0.8697592616081238  0.8699118494987488           0.0  0.07855457977715245
0.8699118494987488  0.8700644373893738           0.0  0.07852702669695481
0.8700644373893738  0.8702171444892883           0.0  0.07833792483571173
0.8702171444892883  0.8703698515892029           0.0  0.07831043593017663
0.8703698515892029  0.8705226182937622           0.0  0.0781335732634648
0.8705226182937622  0.8706754446029663           0.0  0.07807568853201731
0.8706754446029663  0.8708283305168152  -0.004813978542513926  0.08027134314087007
0.8708283305168152  0.8709812760353088  -0.004810598467483495  0.08021197613604662
0.8709812760353088  0.8711342811584473           0.0  0.07765518674381246
0.8711342811584473  0.8712873458862305           0.0  0.07759767819229084
0.8712873458862305  0.8714404106140137           0.0  0.07743731981510826
0.8714404106140137  0.8715935945510864           0.0  0.0773498678120728
0.8715935945510864  0.8717467784881592           0.0  0.07722167994474656
0.8717467784881592  0.8719000220298767           0.0  0.07716451424817687
0.8719000220298767  0.872053325176239           0.0  0.07706235276328041
0.872053325176239  0.8722067475318909           0.0  0.0769753976142636
0.8722067475318909  0.8723601698875427           0.0  0.07690020495688775
0.8723601698875427  0.8725136518478394           0.0  0.07684329999652238
0.8725136518478394  0.872667133808136           0.0  0.07680221627615141
0.872667133808136  0.8728207349777222           0.0  0.07671560993451861
0.8728207349777222  0.8729743957519531           0.0  0.07668852524908421
0.8729743957519531  0.8731280565261841           0.0  0.07666153260341346
0.8731280565261841  0.8732818365097046  0.03831786824822959  0.07662224375348771
0.8732818365097046  0.8734356164932251  0.038290887513441174  0.07659526301869929
0.8734356164932251  0.8735894560813904           0.0  0.0765901836464434
0.8735894560813904  0.8737433552742004           0.0  0.07653355400775988
0.8737433552742004  0.8738973736763           0.0  0.07653735572123137
0.8738973736763  0.8740513324737549           0.0  0.07654000876095352
0.8740513324737549  0.8742054104804993           0.0  0.0765600429612889
0.8742054104804993  0.8743595480918884           0.0  0.07650346280296294
0.8743595480918884  0.8745137453079224           0.0  0.07655464053781129
0.8745137453079224  0.8746680021286011           0.0  0.07649807556905951
0.8746680021286011  0.8748222589492798           0.0  0.07656723774792062
0.8748222589492798  0.874976634979248           0.0  0.07648112632833169
0.874976634979248  0.8751310110092163           0.0  0.07656488492769914
0.8751310110092163  0.8752854466438293           0.0  0.07650832982144191
0.8752854466438293  0.8754399418830872           0.0  0.07661589199430383
0.8754399418830872  0.8755945563316345           0.0  0.07652979512178996
0.8755945563316345  0.8757491707801819           0.0  0.07663266275375184
0.8757491707801819  0.875903844833374           0.0  0.07657608431560542
0.875903844833374  0.8760585188865662           0.0  0.07663977958816888
0.8760585188865662  0.8762133121490479           0.0  0.07655370987549748
0.8762133121490479  0.8763681650161743           0.0  0.07656902714271778
0.8763681650161743  0.8765230774879456           0.0  0.07651251755532967
0.8765230774879456  0.8766779899597168           0.0  0.07651868316488375
0.8766779899597168  0.8768330216407776           0.0  0.07643281956579971
0.8768330216407776  0.8769880533218384           0.0  0.07646835828059463
0.8769880533218384  0.8771431446075439           0.0  0.07641194649976336
0.8771431446075439  0.8772982954978943           0.0  0.07649110192715129
0.8772982954978943  0.8774535655975342           0.0  0.07640533404178151
0.8774535655975342  0.8776088356971741           0.0  0.07651719652927552
0.8776088356971741  0.8777641654014587           0.0  0.07646076924208886
0.8777641654014587  0.8779195547103882           0.0  0.07656363610001927
0.8779195547103882  0.8780749440193176           0.0  0.07653653779691642
0.8780749440193176  0.8782304525375366           0.0  0.07664326705108189
0.8782304525375366  0.8783860206604004           0.0  0.07658676712392802
0.8783860206604004  0.8785415887832642           0.0  0.0767473687911638
0.8785415887832642  0.8786972761154175           0.0  0.07666143733835205
0.8786972761154175  0.8788529634475708           0.0  0.07687746616895895
0.8788529634475708  0.8790087699890137           0.0  0.07679142220444572
0.8790087699890137  0.8791645765304565           0.0  0.07701291896576809
0.8791645765304565  0.8793204426765442           0.0  0.07695618290134701
0.8793204426765442  0.8794764280319214           0.0  0.0772012196005071
0.8794764280319214  0.8796324133872986           0.0  0.07717383939141473
0.8796324133872986  0.8797884583473206           0.0  0.07754035776727185
0.8797884583473206  0.8799445629119873           0.0  0.0774832533630157
0.8799445629119873  0.8801007270812988           0.0  0.07797023252744009
0.8801007270812988  0.8802568912506104           0.0  0.07794256752034717
0.8802568912506104  0.8804131746292114           0.0  0.07861134430193109
0.8804131746292114  0.8805695176124573           0.0  0.07855347322400005
0.8805695176124573  0.8807258605957031           0.0  0.07956113142221896
0.8807258605957031  0.8808823227882385           0.0  0.07947227910632146
0.8808823227882385  0.8810387849807739           0.0  0.08088505337010794
0.8810387849807739  0.8811953663825989           0.0  0.08079476171935207
0.8811953663825989  0.8813519477844238           0.0  0.08256732889842462
0.8813519477844238  0.8815085887908936           0.0  0.08250658204006524
0.8815085887908936  0.8816653490066528           0.0  0.08430959660301746
0.8816653490066528  0.8818221092224121           0.0  0.08427962141770561
0.8818221092224121  0.8819789290428162           0.0  0.08542274470828301
0.8819789290428162  0.882135808467865           0.0  0.08535992252429933
0.882135808467865  0.8822927474975586           0.0  0.08535423392065172
0.8822927474975586  0.882449746131897           0.0  0.08529147187824081
0.882449746131897  0.8826067447662354           0.0  0.08433083448426745
0.8826067447662354  0.8827638626098633           0.0  0.08423686802297528
0.8827638626098633  0.882921040058136           0.0  0.08273400242822067
0.882921040058136  0.8830782175064087           0.0  0.08270455108598476
0.8830782175064087  0.8832355141639709           0.0  0.08093851364850697
0.8832355141639709  0.883392870426178           0.0  0.08087903903304806
0.883392870426178  0.883550226688385           0.0  0.07903177366836812
0.883550226688385  0.8837076425552368           0.0  0.07897370930152468
0.8837076425552368  0.8838651776313782           0.0  0.07701560470963215
0.8838651776313782  0.8840227127075195           0.0  0.07698815595978048
0.8840227127075195  0.8841803073883057           0.0  0.07482840209777358
0.8841803073883057  0.8843379616737366           0.0  0.07477344537416776
0.8843379616737366  0.884495735168457           0.0  0.07234885655424704
0.884495735168457  0.8846535086631775           0.0  0.07232305044634996
0.8846535086631775  0.8848113417625427           0.0  0.06973835093834845
0.8848113417625427  0.8849692344665527           0.0  0.06968715453293997
0.8849692344665527  0.8851271271705627           0.0  0.06728578762151662
0.8851271271705627  0.8852851390838623           0.0  0.06721103419525763
0.8852851390838623  0.8854432106018066           0.0  0.06535306669017699
0.8854432106018066  0.8856013417243958           0.0  0.06530510877662721
0.8856013417243958  0.8857594728469849           0.0  0.06415423347758971
0.8857594728469849  0.8859177231788635           0.0  0.06408300974930527
0.8859177231788635  0.886076033115387           0.0  0.06349123972016699
0.886076033115387  0.8862343430519104           0.0  0.06346855656815303
0.8862343430519104  0.8863927721977234           0.0  0.06316370197426202
0.8863927721977234  0.8865512013435364           0.0  0.06314112691864196
0.8865512013435364  0.8867096900939941           0.0  0.06297838708604091
0.8867096900939941  0.8868682980537415           0.0  0.06290855220038674
0.8868682980537415  0.8870269060134888           0.0  0.06279352249860391
0.8870269060134888  0.8871855735778809           0.0  0.06274748515132644
0.8871855735778809  0.8873443007469177           0.0  0.06264620588226957
0.8873443007469177  0.8875031471252441           0.0  0.06257679162951783
0.8875031471252441  0.8876619935035706           0.0  0.06248263505598155
0.8876619935035706  0.8878208994865417           0.0  0.062436844389184065
0.8878208994865417  0.8879798650741577           0.0  0.0623346653525162
0.8879798650741577  0.8881388902664185           0.0  0.06228899260946578
0.8881388902664185  0.888297975063324           0.0  0.0621764097599131
0.888297975063324  0.8884570598602295           0.0  0.062154143469412386
0.8884570598602295  0.8886162638664246           0.0  0.0620420022383643
0.8886162638664246  0.8887755274772644           0.0  0.061996559183743985
0.8887755274772644  0.888934850692749           0.0  0.061885659467239215
0.888934850692749  0.8890941739082336           0.0  0.06186347998933861
0.8890941739082336  0.8892536163330078           0.0  0.06175469041108663
0.8892536163330078  0.8894131183624268           0.0  0.06170947650524129
0.8894131183624268  0.8895726203918457           0.0  0.06162617647784318
0.8895726203918457  0.8897322416305542           0.0  0.061558065487601774
0.8897322416305542  0.8898918628692627           0.0  0.061487290012099835
0.8898918628692627  0.8900516033172607           0.0  0.06141935571401071
0.8900516033172607  0.8902113437652588           0.0  0.06133626180169792
0.8902113437652588  0.8903711438179016           0.0  0.061291379402881735
0.8903711438179016  0.890531063079834           0.0  0.0611848818244349
0.890531063079834  0.8906909823417664           0.0  0.06116291092467244
0.8906909823417664  0.8908509612083435  0.03052870470731895  0.06106918311120499
0.8908509612083435  0.8910110592842102  0.03050677629346715  0.061001791882908336
0.8910110592842102  0.8911711573600769           0.0  0.060920936380992975
0.8911711573600769  0.8913313150405884           0.0  0.060876382773193974
0.8913313150405884  0.8914915323257446           0.0  0.06078394405628632
0.8914915323257446  0.8916518092155457           0.0  0.06073949759334287
0.8916518092155457  0.8918121457099916  0.030322893280589475  0.06064615155125048
0.8918121457099916  0.891972541809082  0.030301089922046873  0.060601815120854594
0.891972541809082  0.8921329975128174           0.0  0.06050769896861951
0.8921329975128174  0.8922935128211975           0.0  0.06046347261793307
0.8922935128211975  0.8924540877342224           0.0  0.0603690202878947
0.8924540877342224  0.8926147222518921           0.0  0.06032490291628338
0.8926147222518921  0.8927754163742065           0.0  0.06022993642683297
0.8927754163742065  0.8929361701011658           0.0  0.06018592915416121
0.8929361701011658  0.8930969834327698           0.0  0.06007887648099841
0.8930969834327698  0.8932577967643738           0.0  0.06005724446318623
0.8932577967643738  0.8934187293052673           0.0  0.05994936607503675
0.8934187293052673  0.8935797214508057           0.0  0.059905577809093974
0.8935797214508057  0.8937407732009888           0.0  0.059797927464542856
0.8937407732009888  0.8939018249511719           0.0  0.05977638021936052
0.8939018249511719  0.8940629959106445           0.0  0.05966988568390045
0.8940629959106445  0.894224226474762           0.0  0.059626323357680366
0.894224226474762  0.8943854570388794           0.0  0.059543119739035935
0.8943854570388794  0.8945468068122864           0.0  0.05947767260355823
0.8945468068122864  0.8947081565856934           0.0  0.05940566139164751
0.8947081565856934  0.8948696255683899           0.0  0.05934038938111553
0.8948696255683899  0.8950310945510864           0.0  0.05926777943960522
0.8950310945510864  0.8951926827430725           0.0  0.05920268393829573
0.8951926827430725  0.8953542709350586           0.0  0.05912993809979952
0.8953542709350586  0.8955159783363342           0.0  0.05906501598735713
0.8955159783363342  0.8956776857376099           0.0  0.05899239179552317
0.8956776857376099  0.895839512348175           0.0  0.05892764458631359
0.895839512348175  0.8960013389587402           0.0  0.058843607133286104
0.8960013389587402  0.8961632251739502           0.0  0.058800692720550975
0.8961632251739502  0.8963252305984497           0.0  0.05869495724342
0.8963252305984497  0.8964872360229492           0.0  0.058673743552771024
0.8964872360229492  0.8966493010520935           0.0  0.05858006358104017
0.8966493010520935  0.8968114852905273           0.0  0.05851583948221653
0.8968114852905273  0.8969736695289612           0.0  0.05843422953043861
0.8969736695289612  0.8971359133720398           0.0  0.058391637564632684
0.8971359133720398  0.897298276424408           0.0  0.05828868558847299
0.897298276424408  0.8974606394767761           0.0  0.05826759512836353
0.8974606394767761  0.8976230621337891           0.0  0.0581643571279208
0.8976230621337891  0.8977855443954468           0.0  0.05812197531477827
0.8977855443954468  0.8979480862617493           0.0  0.058040192862440027
0.8979480862617493  0.8981107473373413           0.0  0.057976657971336956
0.8981107473373413  0.8982734084129333           0.0  0.057894768481172504
0.8982734084129333  0.8984361290931702           0.0  0.05785260269065869
0.8984361290931702  0.8985989093780518           0.0  0.05775968663132476
0.8985989093780518  0.8987617492675781           0.0  0.05771762714283747
0.8987617492675781  0.8989246487617493           0.0  0.05763582554684643
0.8989246487617493  0.89908766746521           0.0  0.05757280146587234
0.89908766746521  0.8992506861686707  0.02874613073192261  0.05749234574658745
0.8992506861686707  0.8994137644767761  0.028725290311025043  0.057450496400658246
0.8994137644767761  0.8995769023895264           0.0  0.05736004538539915
0.8995769023895264  0.8997400999069214           0.0  0.057318300308946045
0.8997400999069214  0.8999033570289612           0.0  0.05722754301111374
0.8999033570289612  0.9000666737556458           0.0  0.057185902414007284
0.9000666737556458  0.9002300500869751           0.0  0.05709472523956017
0.9002300500869751  0.9003934860229492           0.0  0.05705318770369079
0.9003934860229492  0.9005569815635681           0.0  0.056962128240453706
0.9005569815635681  0.9007205367088319           0.0  0.056920695581378924
0.9007205367088319  0.900884211063385           0.0  0.05682058069561934
0.900884211063385  0.9010478854179382           0.0  0.05679993790400479
0.9010478854179382  0.9012116193771362           0.0  0.05670140520310277
0.9012116193771362  0.901375412940979           0.0  0.05666017519852084
0.901375412940979  0.9015392661094666           0.0  0.05657223853284657
0.9015392661094666  0.9017031788825989           0.0  0.056531111007373264
0.9017031788825989  0.9018671512603761  0.028221272173095835  0.05644253710384628
0.9018671512603761  0.9020311832427979  0.028200752587661356  0.05640151241240408
0.9020311832427979  0.9021952748298645           0.0  0.05631254364924528
0.9021952748298645  0.9023594260215759           0.0  0.05627161917270071
0.9023594260215759  0.9025236368179321           0.0  0.05618220317788477
0.9025236368179321  0.9026879072189331           0.0  0.0561413828081679
0.9026879072189331  0.9028522372245789           0.0  0.0560516414452606
0.9028522372245789  0.9030166268348694           0.0  0.05601092281956209
0.9030166268348694  0.9031810760498047           0.0  0.055932075659295574
0.9031810760498047  0.9033456444740295           0.0  0.05587120284787132
0.9033456444740295  0.9035102128982544           0.0  0.05579373000210213
0.9035102128982544  0.903674840927124           0.0  0.05575321138733086
0.903674840927124  0.9038395285606384           0.0  0.055666487788938686
0.9038395285606384  0.9040042757987976           0.0  0.05562606982319986
0.9040042757987976  0.9041690826416016  0.02776982722374737  0.055539570683548305
0.9041690826416016  0.9043339490890503  0.02774958491845912  0.05549925354005896
0.9043339490890503  0.9044988751411438           0.0  0.05541340613542587
0.9044988751411438  0.9046638607978821           0.0  0.0553731855074118
0.9046638607978821  0.9048289656639099           0.0  0.05527890086769193
0.9048289656639099  0.9049940705299377           0.0  0.05525873097749063
0.9049940705299377  0.9051592350006104           0.0  0.05516630062323176
0.9051592350006104  0.9053244590759277           0.0  0.05512627486271981
0.9053244590759277  0.9054897427558899  0.08256735893089047  0.06742196335441134
0.9054897427558899  0.9056551456451416  0.08250707333596718  0.06736075216761582
0.9056551456451416  0.9058205485343933           0.0  0.054923358685181674
0.9058205485343933  0.9059860110282898           0.0  0.05488352506525348
0.9059860110282898  0.9061515331268309           0.0  0.054811437180138735
0.9061515331268309  0.9063171744346619           0.0  0.05475197511649738
0.9063171744346619  0.9064828157424927           0.0  0.05467945179756837
0.9064828157424927  0.9066485166549683           0.0  0.05463980738794623
0.9066485166549683  0.9068142771720886           0.0  0.0545679305490833
0.9068142771720886  0.9069801568984984           0.0  0.054508775294252194
0.9069801568984984  0.9071460366249084           0.0  0.05444843900056571
0.9071460366249084  0.9073120355606079           0.0  0.05438943462058191
0.9073120355606079  0.9074780344963074           0.0  0.05432034854184684
0.9074780344963074  0.9076440930366516           0.0  0.0542809857601599
0.9076440930366516  0.9078102707862853           0.0  0.05419214385185566
0.9078102707862853  0.9079764485359192           0.0  0.054172307371411745
0.9079764485359192  0.9081427454948425           0.0  0.054073418623889896
0.9081427454948425  0.9083090424537659           0.0  0.05405361865569161
0.9083090424537659  0.9084754586219788           0.0  0.05395438008926282
0.9084754586219788  0.9086418747901917           0.0  0.05393461678878333
0.9086418747901917  0.9088084101676941           0.0  0.05383512713381527
0.9088084101676941  0.9089749455451965           0.0  0.053815400620425696
0.9089749455451965  0.9091416001319885           0.0  0.053726278333404806
0.9091416001319885  0.9093083143234253           0.0  0.05368737886698308
0.9093083143234253  0.9094750285148621           0.0  0.05361849272195363
0.9094750285148621  0.9096418619155884           0.0  0.05356053276943687
0.9096418619155884  0.9098087549209595           0.0  0.053481892038093316
0.9098087549209595  0.9099756479263306           0.0  0.05346227447200248
0.9099756479263306  0.9101426601409912           0.0  0.05337375140336888
0.9101426601409912  0.9103097319602966           0.0  0.05333512695415809
0.9103097319602966  0.9104768633842468           0.0  0.05325719521510335
0.9104768633842468  0.9106440544128418           0.0  0.053218662880504246
0.9106440544128418  0.9108113050460815           0.0  0.053141442686957634
0.9108113050460815  0.9109786152839661           0.0  0.05310300224258947
0.9109786152839661  0.9111459255218506           0.0  0.05303428555354085
0.9111459255218506  0.9113133549690247           0.0  0.052977058298833424
0.9113133549690247  0.9114808440208435           0.0  0.05291690782128075
0.9114808440208435  0.9116484522819519           0.0  0.05285983359380451
0.9116484522819519  0.9118160605430603           0.0  0.05279036889610674
0.9118160605430603  0.9119837284088135           0.0  0.052752200570059776
0.9119837284088135  0.9121514558792114           0.0  0.052673411473362644
0.9121514558792114  0.9123192429542542           0.0  0.05263533448224688
0.9123192429542542  0.9124870896339417           0.0  0.0525658132594367
0.9124870896339417  0.9126550555229187           0.0  0.05250917805715161
0.9126550555229187  0.9128230214118958           0.0  0.05243966452792703
0.9128230214118958  0.9129910469055176           0.0  0.05240177036490049
0.9129910469055176  0.913159191608429           0.0  0.05231361598287949
0.913159191608429  0.9133273363113403           0.0  0.052294353978822296
0.9133273363113403  0.9134955406188965           0.0  0.05221574095913635
0.9134955406188965  0.9136638641357422           0.0  0.052159543390749546
0.9136638641357422  0.9138321876525878           0.0  0.052099634320653974
0.9138321876525878  0.9140006303787231           0.0  0.052043582017028786
0.9140006303787231  0.9141691327095032           0.0  0.051965211208031326
0.9141691327095032  0.9143376350402832           0.0  0.05194605797869211
0.9143376350402832  0.9145062565803528           0.0  0.05185878584848092
0.9145062565803528  0.9146749377250671           0.0  0.05182134098118708
0.9146749377250671  0.9148436784744264  0.025872008743775494  0.05173447518614222
0.9148436784744264  0.9150124192237854  0.025852927660452624  0.05171539410285339
0.9150124192237854  0.9151812791824341           0.0  0.0516286115778883
0.9151812791824341  0.9153501987457275           0.0  0.05159134981097123
0.9153501987457275  0.9155191779136658  0.07727128326673303  0.06309147774750379
0.9155191779136658  0.9156882166862488  0.07721424305430873  0.06304542610713003
0.9156882166862488  0.9158573150634767           0.0  0.05139922482198723
0.9158573150634767  0.9160264730453491           0.0  0.051362140286548084
0.9160264730453491  0.9161956906318665           0.0  0.0512939727836019
0.9161956906318665  0.9163650274276733           0.0  0.05123892508867423
0.9163650274276733  0.9165343642234802  0.05117084099235497  0.05117061515576557
0.9165343642234802  0.9167037606239319  0.05113303070835419  0.05113348205476224
0.9167037606239319  0.9168732762336731           0.0  0.05104621271282952
0.9168732762336731  0.9170427918434143           0.0  0.05102734090020856
0.9170427918434143  0.9172123670578003           0.0  0.05094871994071451
0.9172123670578003  0.9173820614814758           0.0  0.05089409999645813
0.9173820614814758  0.9175518155097961  0.02541280725711456  0.050816213130330336
0.9175518155097961  0.9177215695381165  0.02539400796732784  0.050797413840543613
0.9177215695381165  0.9178914427757263           0.0  0.050711961690103356
0.9178914427757263  0.918061375617981           0.0  0.05067541287977362
0.918061375617981  0.9182313084602356           0.0  0.050608879968554135
0.9182313084602356  0.9184013605117798           0.0  0.05055468311599839
0.9184013605117798  0.9185714721679688           0.0  0.050488308401265176
0.9185714721679688  0.9187416434288025           0.0  0.05045192919379446
0.9187416434288025  0.918911874294281           0.0  0.05037680478174341
0.918911874294281  0.9190821647644043           0.0  0.05034051190023507
0.9190821647644043  0.9192525148391724  0.02513332781760254  0.05027492053758647
0.9192525148391724  0.91942298412323  0.02511469720336707  0.05022113834582998
0.91942298412323  0.9195934534072876           0.0  0.050156088109986154
0.9195934534072876  0.91976398229599           0.0  0.0501199663716289
0.91976398229599  0.9199345707893372           0.0  0.050054899079068946
0.9199345707893372  0.9201052784919739           0.0  0.05000139088906189
0.9201052784919739  0.9202759861946106           0.0  0.04994500653210189
0.9202759861946106  0.920446813106537           0.0  0.049891633946741856
0.920446813106537  0.9206176996231079           0.0  0.049817836215043265
0.9206176996231079  0.920788586139679           0.0  0.04979934511596562
0.920788586139679  0.9209595918655396  0.02485888932376604  0.04971720848628132
0.9209595918655396  0.9211306571960449  0.02484042948116221  0.04968142871324965
0.9211306571960449  0.9213017821311951           0.0  0.04960880278708109
0.9213017821311951  0.9214729666709899           0.0  0.04957310851518185
0.9214729666709899  0.9216442108154297           0.0  0.04950067896406648
0.9216442108154297  0.9218155145645143           0.0  0.049465065803625266
0.9218155145645143  0.9219868779182434           0.0  0.04939177725152314
0.9219868779182434  0.9221583008766174           0.0  0.04935624777868952
0.9221583008766174  0.922329843044281           0.0  0.04927378442421305
0.922329843044281  0.9225013852119446           0.0  0.049255459179542056
0.9225013852119446  0.9226729869842529           0.0  0.04918171364592701
0.9226729869842529  0.9228447079658508           0.0  0.049129286484330015
0.9228447079658508  0.9230164289474487           0.0  0.04907284409968744
0.9230164289474487  0.9231882691383363           0.0  0.0490205509299794
0.9231882691383363  0.9233601689338685  0.024478311118095255  0.04895599267894007
0.9233601689338685  0.9235321283340454  0.024460087006643396  0.048920803118011565
0.9235321283340454  0.9237041473388672           0.0  0.04884868998277034
0.9237041473388672  0.9238762259483337           0.0  0.04881358410787269
0.9238762259483337  0.9240483641624451           0.0  0.04874193644774653
0.9240483641624451  0.9242205619812012           0.0  0.048706909540593736
0.9242205619812012  0.9243928194046021           0.0  0.048634810036763836
0.9243928194046021  0.9245651364326477           0.0  0.048599867727213364
0.9245651364326477  0.9247375130653381           0.0  0.0485359615590762
0.9247375130653381  0.9249100089073181           0.0  0.048484333720645534
0.9249100089073181  0.9250825047492981           0.0  0.048429006984652634
0.9250825047492981  0.9252551198005676           0.0  0.04837751079554346
0.9252551198005676  0.9254277944564819           0.0  0.048305121657542124
0.9254277944564819  0.9256004691123962           0.0  0.048287098610808196
0.9256004691123962  0.9257732629776001           0.0  0.04820552498619357
0.9257732629776001  0.9259461164474487           0.0  0.04817091342801968
0.9259461164474487  0.9261190295219421           0.0  0.048097484957720184
0.9261190295219421  0.9262920022010803           0.0  0.048062956432567444
0.9262920022010803  0.9264650344848633           0.0  0.047998297738389664
0.9264650344848633  0.9266381859779358           0.0  0.04794733234339907
0.9266381859779358  0.9268113374710083           0.0  0.04788261945813191
0.9268113374710083  0.9269845485687257           0.0  0.04784825721617598
0.9269845485687257  0.9271578788757324           0.0  0.04776645544561906
0.9271578788757324  0.9273312091827393           0.0  0.04774859909762571
0.9273312091827393  0.9275046586990356           0.0  0.04766721238286671
0.9275046586990356  0.9276781678199768           0.0  0.04763301507859546
0.9276781678199768  0.9278517365455627           0.0  0.04756152588457424
0.9278517365455627  0.9280253648757935           0.0  0.04752740908326743
0.9280253648757935  0.9281990528106689           0.0  0.047457068641573986
0.9281990528106689  0.9283728003501892           0.0  0.04742303346763698
0.9283728003501892  0.9285466074943542           0.0  0.047352511981906105
0.9285466074943542  0.9287204742431641           0.0  0.047318556753148215
0.9287204742431641  0.9288944602012634           0.0  0.04723927437825956
0.9288944602012634  0.9290684461593628           0.0  0.04722158145059538
0.9290684461593628  0.9292425513267517           0.0  0.04713391157577928
0.9292425513267517  0.9294166564941406           0.0  0.047116252633427856
0.9294166564941406  0.9295908808708191           0.0  0.04703684243579418
0.9295908808708191  0.9297651648521422           0.0  0.04700312926342245
0.9297651648521422  0.9299395084381104           0.0  0.04693274346382697
0.9299395084381104  0.9301139116287231           0.0  0.04689911132935355
0.9301139116287231  0.9302883744239807           0.0  0.04683786858615508
0.9302883744239807  0.9304629564285278           0.0  0.04678832908359681
0.9304629564285278  0.930637538433075           0.0  0.04672773546642539
0.930637538433075  0.9308121800422668           0.0  0.046694261709030925
0.9308121800422668  0.9309869408607483           0.0  0.046625703171857914
0.9309869408607483  0.9311617612838745           0.0  0.046592306685919946
0.9311617612838745  0.9313365817070007           0.0  0.04653093788996585
0.9313365817070007  0.9315115213394165           0.0  0.04648176957145635
0.9315115213394165  0.9316865205764771           0.0  0.04641872612211411
0.9316865205764771  0.9318615794181824           0.0  0.046385489648142424
0.9318615794181824  0.9320367574691772           0.0  0.04630534957441392
0.9320367574691772  0.9322119355201721           0.0  0.04628794649131743
0.9322119355201721  0.9323871731758118           0.0  0.04621537420187359
0.9323871731758118  0.932562530040741           0.0  0.0461665928445193
0.932562530040741  0.9327378869056702           0.0  0.04610968063764229
0.9327378869056702  0.9329133629798889           0.0  0.04606102769537592
0.9329133629798889  0.9330888986587524           0.0  0.04599640076237246
0.9330888986587524  0.9332644939422607           0.0  0.04596348642185291
0.9332644939422607  0.9334401488304138           0.0  0.04589108895652168
0.9334401488304138  0.9336158633232117           0.0  0.0458582576786502
0.9336158633232117  0.9337916374206543           0.0  0.045785541408908885
0.9337916374206543  0.9339674711227417           0.0  0.045752789417999935
0.9339674711227417  0.9341434240341187           0.0  0.045680188848611365
0.9341434240341187  0.9343194365501404           0.0  0.04564751693549045
0.9343194365501404  0.9344954490661621           0.0  0.045583348613577226
0.9344954490661621  0.9346715807914734           0.0  0.04553533485643424
0.9346715807914734  0.9348477721214294           0.0  0.045471302944594894
0.9348477721214294  0.9350240230560303           0.0  0.04543879136126188
0.9350240230560303  0.9352003335952759           0.0  0.04536643237140773
0.9352003335952759  0.9353767037391663           0.0  0.045334001676584225
0.9353767037391663  0.9355531930923462           0.0  0.04525367693448633
0.9355531930923462  0.9357296824455261           0.0  0.045236606209188825
0.9357296824455261  0.9359062910079957           0.0  0.04515718166020027
0.9359062910079957  0.9360829591751099           0.0  0.04512490961584086
0.9360829591751099  0.9362596869468689           0.0  0.045054462686713814
0.9362596869468689  0.9364364743232727           0.0  0.04502226949240023
0.9364364743232727  0.9366133213043213           0.0  0.044952277789685836
0.9366133213043213  0.9367902278900146           0.0  0.04492016340066981
0.9367902278900146  0.9369671940803528           0.0  0.044857286804545954
0.9369671940803528  0.9371442794799805           0.0  0.044810153592911024
0.9371442794799805  0.9373213648796082           0.0  0.04475434601283804
0.9373213648796082  0.9374985694885254           0.0  0.04470733758442455
0.9374985694885254  0.9376758337020874           0.0  0.04464374320837196
0.9376758337020874  0.9378531575202942           0.0  0.04461186462855112
0.9378531575202942  0.9380305409431458           0.0  0.04454078764833679
0.9380305409431458  0.9382079839706421           0.0  0.04450898654836395
0.9382079839706421  0.9383854866027832           0.0  0.044445612924245044
0.9383854866027832  0.9385631084442139           0.0  0.04439897972501268
0.9385631084442139  0.9387407302856445           0.0  0.04434326318316008
0.9387407302856445  0.9389184713363647           0.0  0.044296752758640444
0.9389184713363647  0.9390962719917297           0.0  0.044233523347455
0.9390962719917297  0.9392741322517395           0.0  0.044201955817231096
0.9392741322517395  0.9394520521163942           0.0  0.04413084696438616
0.9394520521163942  0.9396300315856934           0.0  0.04409935861195079
0.9396300315856934  0.9398081302642822           0.0  0.044020617098760775
0.9398081302642822  0.9399862289428711           0.0  0.04400393597411321
0.9399862289428711  0.9401644468307495           0.0  0.043926060703905756
0.9401644468307495  0.9403427243232726           0.0  0.04389472812664159
0.9403427243232726  0.9405210614204407  0.02191324222565825  0.043825495638016916
0.9405210614204407  0.9406994581222534  0.021896625256143724  0.04379423862035017
0.9406994581222534  0.9408779144287108           0.0  0.04372516625685849
0.9408779144287108  0.9410564303398132           0.0  0.04369398768630668
0.9410564303398132  0.9412350654602051           0.0  0.043617095087537715
0.9412350654602051  0.9414137005805968           0.0  0.04360054222664365
0.9414137005805968  0.9415924549102783           0.0  0.04352372662440046
0.9415924549102783  0.9417712688446045           0.0  0.04349269938394038
0.9417712688446045  0.9419501423835754           0.0  0.043423770112097825
0.9419501423835754  0.9421290755271912           0.0  0.043392819827369394
0.9421290755271912  0.9423080682754517           0.0  0.043331537610461664
0.9423080682754517  0.9424871802330017           0.0  0.04328624667195892
0.9424871802330017  0.9426662921905518           0.0  0.04323238065000698
0.9426662921905518  0.9428455233573912           0.0  0.04318720531912874
0.9428455233573912  0.9430248141288757           0.0  0.043126261665496754
0.9430248141288757  0.9432041645050049           0.0  0.043095536784396996
0.9432041645050049  0.9433835744857788           0.0  0.04302724039188611
0.9433835744857788  0.9435630440711975           0.0  0.04299659254353213
0.9435630440711975  0.9437426328659059           0.0  0.042920951625556356
0.9437426328659059  0.943922221660614           0.0  0.04290461951306686
0.943922221660614  0.9441019296646118           0.0  0.04282927069023106
0.9441019296646118  0.9442816972732544           0.0  0.042798770794898515
0.9442816972732544  0.9444615244865417  0.06409839172162295  0.05233547047301828
0.9444615244865417  0.9446414113044739  0.06404958792681463  0.052296916293941564
0.9446414113044739  0.9448213577270508           0.0  0.04264074817359764
0.9448213577270508  0.9450014233589172           0.0  0.04259628470337063
0.9450014233589172  0.9451815485954285           0.0  0.04252920083626068
0.9451815485954285  0.9453616738319397           0.0  0.042512994166227794
0.9453616738319397  0.9455419182777405           0.0  0.04243885656020024
0.9455419182777405  0.945722222328186           0.0  0.04240865350629019
0.945722222328186  0.9459026455879211           0.0  0.042335171777151646
0.9459026455879211  0.9460830688476564           0.0  0.04231902467557182
0.9460830688476564  0.9462635517120361           0.0  0.04225338861607735
0.9462635517120361  0.9464441537857056           0.0  0.04220938851013409
0.9464441537857056  0.9466248154640198           0.0  0.04215149977876588
0.9466248154640198  0.9468055367469788           0.0  0.042121514287194205
0.9468055367469788  0.9469863176345825           0.0  0.042064414711883
0.9469863176345825  0.9471672177314757           0.0  0.04202064289129954
0.9471672177314757  0.9473481178283691           0.0  0.04197132434881834
0.9473481178283691  0.947529137134552           0.0  0.04192766384742008
0.947529137134552  0.9477102160453796           0.0  0.04187203291029541
0.9477102160453796  0.9478913545608521           0.0  0.04184226107398223
0.9478913545608521  0.9480725526809692           0.0  0.04178019721571661
0.9480725526809692  0.9482538104057313           0.0  0.04175049238696169
0.9482538104057313  0.9484351277351379           0.0  0.041696164641862876
0.9484351277351379  0.9486165642738342           0.0  0.04165283569402497
0.9486165642738342  0.9487980604171753  0.020800699429798536  0.04160026960595336
0.9487980604171753  0.9489796161651611  0.020784787584788526  0.04157070362064191
0.9489796161651611  0.9491612315177917           0.0  0.04151386714444482
0.9491612315177917  0.9493429064750672           0.0  0.04148436512042119
0.9493429064750672  0.9495247006416321           0.0  0.041425117633717444
0.9495247006416321  0.9497064948081969           0.0  0.04140925832397613
0.9497064948081969  0.9498884081840515           0.0  0.041361561527789276
0.9498884081840515  0.9500703811645508           0.0  0.041332175537718105
0.9500703811645508  0.9502524137496948           0.0  0.041327199951305744
0.9502524137496948  0.9504345655441284           0.0  0.04128432771377692
0.9504345655441284  0.950616717338562           0.0  0.04135649590313003
0.950616717338562  0.9507989883422853           0.0  0.04131360716055515
0.9507989883422853  0.9509813189506531           0.0  0.041555448107243584
0.9509813189506531  0.9511637091636658           0.0  0.0415259379409266
0.9511637091636658  0.9513461589813232           0.0  0.0420833963546079
0.9513461589813232  0.9515286684036255           0.0  0.04205351566561483
0.9515286684036255  0.9517112970352173           0.0  0.04294402208834371
0.9517112970352173  0.9518939256668091           0.0  0.042927543764941435
0.9518939256668091  0.9520766735076904           0.0  0.043995254386166346
0.9520766735076904  0.9522594809532166           0.0  0.043964024851933084
0.9522594809532166  0.9524423480033875           0.0  0.04502888592195901
0.9524423480033875  0.9526253342628479           0.0  0.04498227024676132
0.9526253342628479  0.9528083205223083           0.0  0.04591098172078729
0.9528083205223083  0.9529914259910583           0.0  0.04586346616285173
0.9529914259910583  0.9531745910644531           0.0  0.04654308294077232
0.9531745910644531  0.9533578157424927           0.0  0.046510059891209043
0.9533578157424927  0.9535411596298219           0.0  0.046804242663531594
0.9535411596298219  0.9537245035171509           0.0  0.04678624737926553
0.9537245035171509  0.9539079666137695  -0.002879187216404066  0.04800710570709389
0.9539079666137695  0.954091489315033  -0.0028769726714512546  0.04797296990480415
0.954091489315033  0.9542750716209412           0.0  0.04596051530475976
0.9542750716209412  0.9544587135314941           0.0  0.04592792028694893
0.9544587135314941  0.9546424150466919  0.022610347991618325  0.04522665990139845
0.9546424150466919  0.9548262357711792  0.022592945715430007  0.04517993367436027
0.9548262357711792  0.9550101161003113           0.0  0.04458223985499721
0.9550101161003113  0.9551940560340881           0.0  0.04455063199363543
0.9551940560340881  0.9553780555725098           0.0  0.044088250157374914
0.9553780555725098  0.9555621147155762           0.0  0.04405699599318588
0.9555621147155762  0.9557462930679321           0.0  0.04370448215415103
0.9557462930679321  0.9559304714202882           0.0  0.043687641139513386
0.9559304714202882  0.9561147689819336           0.0  0.04341447196742768
0.9561147689819336  0.9562991857528685           0.0  0.0433696783587575
0.9562991857528685  0.9564836025238036           0.0  0.043136576419039306
0.9564836025238036  0.9566680788993834           0.0  0.043106011568907074
0.9566680788993834  0.9568526744842529           0.0  0.04289319296327839
0.9568526744842529  0.9570373296737671           0.0  0.0428628026237548
0.9570373296737671  0.957222044467926  0.02133451284084278  0.04266767378080559
0.957222044467926  0.9574068188667297  0.02131804921605995  0.04263744937535685
0.9574068188667297  0.957591712474823           0.0  0.04243984716128669
0.957591712474823  0.957776665687561           0.0  0.042409787754172305
0.957776665687561  0.9579616189002991  0.02111162164267979  0.04223549186365126
0.9579616189002991  0.9581467509269714  0.021095316290967475  0.0421784005605073
0.9581467509269714  0.9583318829536437           0.0  0.042029400973687604
0.9583318829536437  0.9585170745849609           0.0  0.041999641631891405
0.9585170745849609  0.9587023854255676           0.0  0.0418514976263288
0.9587023854255676  0.9588877558708192           0.0  0.04182186757007115
0.9588877558708192  0.9590731859207153           0.0  0.04167925535819908
0.9590731859207153  0.9592586755752563           0.0  0.041649750793555367
0.9592586755752563  0.9594442844390869           0.0  0.04151024237574358
0.9594442844390869  0.9596298933029175           0.0  0.04149418479148794
0.9596298933029175  0.9598156213760376           0.0  0.04136321129261439
0.9598156213760376  0.9600014090538025           0.0  0.041333938940224475
0.9600014090538025  0.9601873159408569           0.0  0.04121376169838018
0.9601873159408569  0.9603732228279114           0.0  0.041197805563937116
0.9603732228279114  0.9605592489242554  0.02054741400074656  0.04109345071404641
0.9605592489242554  0.9607453346252441  0.0205315006146307  0.04106437754229214
0.9607453346252441  0.9609314799308777           0.0  0.04098239890155909
0.9609314799308777  0.9611177444458008           0.0  0.040940301943884844
0.9611177444458008  0.9613040089607239           0.0  0.04086327690023279
0.9613040089607239  0.9614903926849365           0.0  0.04082131374874186
0.9614903926849365  0.9616768360137939           0.0  0.04074052329755276
0.9616768360137939  0.9618633389472961           0.0  0.04071171271753676
0.9618633389472961  0.9620499610900879  0.02031935312661475  0.04063082452997421
0.9620499610900879  0.9622365832328796  0.02030359273736497  0.04061506414072444
0.9622365832328796  0.9624233245849608           0.0  0.040537108592000076
0.9624233245849608  0.962610125541687           0.0  0.040508449893490894
0.962610125541687  0.9627970457077026           0.0  0.04040695308008069
0.9627970457077026  0.9629839658737184           0.0  0.04039126668310372
0.9629839658737184  0.9631710052490234           0.0  0.040274279419232464
0.9631710052490234  0.9633581042289734           0.0  0.040245813262841636
0.9633581042289734  0.963545262813568           0.0  0.04015653511612355
0.963545262813568  0.9637324810028076           0.0  0.04012815480712348
0.9637324810028076  0.9639198184013367           0.0  0.04007105458427444
0.9639198184013367  0.9641072154045105           0.0  0.04004274032682836
0.9641072154045105  0.9642946720123292  0.01999968534691816  0.03999795191448273
0.9642946720123292  0.9644821882247925  0.01998413717851256  0.03996969213396756
0.9644821882247925  0.9646698236465454           0.0  0.03990394709330163
0.9646698236465454  0.9648574590682983           0.0  0.039888426885899414
0.9648574590682983  0.9650452136993408           0.0  0.03980271810253601
0.9650452136993408  0.965233027935028           0.0  0.03977460333997173
0.965233027935028  0.9654209613800049           0.0  0.039682983899741536
0.9654209613800049  0.9656088948249817           0.0  0.03966753714917383
0.9656088948249817  0.965796947479248           0.0  0.039571742336276444
0.965796947479248  0.9659850597381592           0.0  0.03954379951354572
0.9659850597381592  0.9661732912063599           0.0  0.0394487551553594
0.9661732912063599  0.9663615226745605           0.0  0.03943338720675673
0.9663615226745605  0.9665498733520509  0.019677760776416385  0.03935407737286898
0.9665498733520509  0.9667382836341858  0.01966242579502484  0.03932629475047218
0.9667382836341858  0.9669267535209655  0.019632411643390912  0.03926958187732056
0.9669267535209655  0.967115342617035  0.019617105717909353  0.03922945770742737
0.967115342617035  0.967303991317749           0.0  0.03918537773042928
0.967303991317749  0.9674926996231079           0.0  0.039157720758294934
0.9674926996231079  0.9676814675331116           0.0  0.03912717353195286
0.9676814675331116  0.96787029504776           0.0  0.03909956299643469
0.96787029504776  0.968059241771698  0.019538572325413943  0.039075679004162034
0.968059241771698  0.9682482481002808  0.019523321499796194  0.03904810761211321
0.9682482481002808  0.9684373140335083           0.0  0.039027372693556016
0.9684373140335083  0.9686264395713806           0.0  0.03899983922937068
0.9686264395713806  0.9688156843185424           0.0  0.0389884401762475
0.9688156843185424  0.9690049886703491           0.0  0.03896093670850182
0.9690049886703491  0.9691943526268005           0.0  0.03895727152794433
0.9691943526268005  0.9693837761878967           0.0  0.03892979636413486
0.9693837761878967  0.9695733189582825           0.0  0.03893593432193795
0.9695733189582825  0.969762921333313           0.0  0.03890847569762122
0.969762921333313  0.9699525833129883           0.0  0.03891290066650346
0.9699525833129883  0.9701423048973083           0.0  0.03888546262348126
0.9701423048973083  0.9703320860862732           0.0  0.038885292658105655
0.9703320860862732  0.9705219864845275           0.0  0.03884568054904676
0.9705219864845275  0.9707119464874269           0.0  0.03884649599905969
0.9707119464874269  0.9709020256996155           0.0  0.038806935756211046
0.9709020256996155  0.9710921049118042           0.0  0.038803922944258565
0.9710921049118042  0.9712823033332825           0.0  0.03876441779002924
0.9712823033332825  0.9714725613594056           0.0  0.03874773936304272
0.9714725613594056  0.9716628789901733           0.0  0.03872043406253788
0.9716628789901733  0.9718533158302307           0.0  0.03868994854052425
0.9718533158302307  0.9720438122749329           0.0  0.03866268584326836
0.9720438122749329  0.9722343683242798           0.0  0.03862368833255266
0.9722343683242798  0.9724249839782715           0.0  0.03859647684996482
0.9724249839782715  0.9726157188415527           0.0  0.03856643402983059
0.9726157188415527  0.972806453704834           0.0  0.03855131084991661
0.972806453704834  0.9729973077774048           0.0  0.038555727948745296
0.9729973077774048  0.9731882810592651           0.0  0.038516543889790505
0.9731882810592651  0.9733792543411255           0.0  0.038538156160451455
0.9733792543411255  0.9735703468322754           0.0  0.03849900029321634
0.9735703468322754  0.9737614989280701           0.0  0.03851285344009423
0.9737614989280701  0.9739527702331543           0.0  0.03847373717560594
0.9739527702331543  0.9741440415382385           0.0  0.03849133508267334
0.9741440415382385  0.9743354320526123           0.0  0.03845225205875066
0.9743354320526123  0.974526882171631           0.0  0.038482609178400934
0.974526882171631  0.974718451499939           0.0  0.03844355002996199
0.974718451499939  0.9749100804328918  0.019250513983258638  0.03849346166769481
0.9749100804328918  0.9751017093658447  0.019235384359501985  0.038478332043938156
0.9751017093658447  0.9752935171127319           0.0  0.038536530820862634
0.9752935171127319  0.9754853248596191           0.0  0.0385213760974529
0.9754853248596191  0.9756772518157959           0.0  0.038568188019033396
0.9756772518157959  0.9758692383766174           0.0  0.038541044888984285
0.9758692383766174  0.9760612845420837           0.0  0.03861040169177395
0.9760612845420837  0.9762534499168396           0.0  0.03857126519834063
0.9762534499168396  0.9764456152915955           0.0  0.03871411773316723
0.9764456152915955  0.9766379594802856           0.0  0.03866289933317482
0.9766379594802856  0.9768303036689758           0.0  0.03886615629735029
0.9768303036689758  0.9770227670669556           0.0  0.038826786030353055
0.9770227670669556  0.9772152304649353           0.0  0.03910974771100347
0.9772152304649353  0.9774078726768494           0.0  0.039058049534794116
0.9774078726768494  0.9776005148887634           0.0  0.039467309341965705
0.9776005148887634  0.977793276309967           0.0  0.03942735661692105
0.977793276309967  0.9779860973358154  0.019995507011149313  0.039989308231809934
0.9779860973358154  0.9781789779663086  0.019979741406305082  0.0399611874035722
0.9781789779663086  0.9783719778060913           0.0  0.040659650847954414
0.9783719778060913  0.978564977645874           0.0  0.04064361245237898
0.978564977645874  0.9787581562995911           0.0  0.04127571675389972
0.9787581562995911  0.9789513349533081           0.0  0.041259426695096545
0.9789513349533081  0.9791446328163147           0.0  0.04150950908500171
0.9791446328163147  0.9793379306793214           0.0  0.04149312311821602
0.9793379306793214  0.9795314073562623           0.0  0.04120522243726626
0.9795314073562623  0.979724884033203           0.0  0.041188947971586544
0.979724884033203  0.9799184799194336  0.02020174350139778  0.04040172239807949
0.9799184799194336  0.9801121354103088  0.02018578208351142  0.0403733275315513
0.9801121354103088  0.980305850505829           0.0  0.0392060302091139
0.980305850505829  0.9804996848106385           0.0  0.03916643012353326
0.9804996848106385  0.9806935787200928           0.0  0.037799300652913786
0.9806935787200928  0.9808875322341919           0.0  0.03777274216587151
0.9808875322341919  0.9810816049575806  0.018214211337962825  0.036426808736484614
0.9810816049575806  0.981275737285614  0.01819980204866367  0.036401216902887286
0.981275737285614  0.9814699292182922           0.0  0.03528266984764163
0.9814699292182922  0.9816641807556152           0.0  0.03525788633973823
0.9816641807556152  0.9818585515022278           0.0  0.03449227981967807
0.9818585515022278  0.9820529818534851           0.0  0.03446805428114477
0.9820529818534851  0.9822474718093872           0.0  0.03404832726946136
0.9822474718093872  0.9824420213699341           0.0  0.03402441726714242
0.9824420213699341  0.9826366901397704           0.0  0.03382664609378415
0.9826366901397704  0.9828314185142517           0.0  0.03380289426664132
0.9828314185142517  0.9830262660980225           0.0  0.033692951061773675
0.9830262660980225  0.9832211136817932           0.0  0.033679597015530714
0.9832211136817932  0.9834160804748535           0.0  0.03360422288867001
0.9834160804748535  0.9836111664772034           0.0  0.03357036996148752
0.9836111664772034  0.9838062524795532           0.0  0.03351583014041042
0.9838062524795532  0.9840014576911926           0.0  0.03348207711199369
0.9840014576911926  0.9841967225074769           0.0  0.03343176048402535
0.9841967225074769  0.9843921065330505           0.0  0.03339810266933901
0.9843921065330505  0.984587550163269           0.0  0.03334499899188363
0.984587550163269  0.9847830533981323           0.0  0.03332159880414211
0.9847830533981323  0.9849786162376404           0.0  0.03326995150981507
0.9849786162376404  0.985174298286438           0.0  0.03323647964544561
0.985174298286438  0.9853700399398804           0.0  0.03318559238713717
0.9853700399398804  0.9855658411979675           0.0  0.03316231047501948
0.9855658411979675  0.9857617616653443           0.0  0.033107094014825256
0.9857617616653443  0.9859577417373657           0.0  0.03308386910167273
0.9859577417373657  0.986153781414032           0.0  0.03303465714532074
0.986153781414032  0.9863499402999877           0.0  0.03300145391463254
0.9863499402999877  0.9865461587905884           0.0  0.032952787525051805
0.9865461587905884  0.9867424368858337           0.0  0.03292967720619431
0.9867424368858337  0.9869387745857239           0.0  0.0328810985990374
0.9869387745857239  0.9871352314949037           0.0  0.03284807096294521
0.9871352314949037  0.987331748008728           0.0  0.03280482879423003
0.987331748008728  0.9875283837318422           0.0  0.03277188962546576
0.9875283837318422  0.9877250194549559           0.0  0.032728980028776784
0.9877250194549559  0.9879217743873596           0.0  0.032696124637618985
0.9879217743873596  0.9881186485290527           0.0  0.03264353742115851
0.9881186485290527  0.9883155226707458           0.0  0.03263053212424876
0.9883155226707458  0.9885125160217285           0.0  0.03257865831039663
0.9885125160217285  0.9887096285820008           0.0  0.03254597841824474
0.9887096285820008  0.9889067411422729           0.0  0.032504666936880935
0.9889067411422729  0.9891039729118347           0.0  0.03247206885013952
0.9891039729118347  0.989301323890686           0.0  0.032420774511379216
0.989301323890686  0.9894986748695374           0.0  0.03240784216139892
0.9894986748695374  0.9896961450576782           0.0  0.032351177209284473
0.9896961450576782  0.9898936748504638           0.0  0.03232851076548566
0.9898936748504638  0.9900913238525391           0.0  0.03227690880615684
0.9900913238525391  0.990289032459259           0.0  0.032254296637264264
0.990289032459259  0.9904868006706238           0.0  0.032208273719006864
0.9904868006706238  0.9906846880912781           0.0  0.032176014804375166
0.9906846880912781  0.9908825755119324           0.0  0.032140227360772586
0.9908825755119324  0.991080641746521           0.0  0.032098383103992635
0.991080641746521  0.9912787079811095  0.016029687872170174  0.03206261321612146
0.9912787079811095  0.9914768934249878  0.016016877613540526  0.03203052099576126
0.9914768934249878  0.9916751384735107           0.0  0.03198998955948007
0.9916751384735107  0.9918735027313232           0.0  0.03195798071801687
0.9918735027313232  0.9920719265937805           0.0  0.03191297026064225
0.9920719265937805  0.9922704100608826           0.0  0.03189062447252551
0.9922704100608826  0.9924689531326295           0.0  0.03184548091749639
0.9924689531326295  0.9926676154136658           0.0  0.031813637542239585
0.9926676154136658  0.9928663372993469           0.0  0.03177300345576825
0.9928663372993469  0.9930651783943176           0.0  0.0317412427362105
0.9930651783943176  0.9932640790939331           0.0  0.031695804398135526
0.9932640790939331  0.9934630393981934           0.0  0.03167361821360092
0.9934630393981934  0.9936620593070984           0.0  0.031628136570094875
0.9936620593070984  0.993861198425293           0.0  0.031596541707585565
0.993861198425293  0.9940603971481323           0.0  0.031555966018971995
0.9940603971481323  0.9942597150802612           0.0  0.03152445301085972
0.9942597150802612  0.9944590926170349           0.0  0.03147960131042471
0.9944590926170349  0.9946585297584535           0.0  0.03145757374530919
0.9946585297584535  0.9948580861091614  0.01570480186653379  0.03140330461468268
0.9948580861091614  0.9950576424598695  0.01569220615629177  0.03139070890442319
0.9950576424598695  0.9952573776245117           0.0  0.031331473792134065
0.9952573776245117  0.9954571127891541           0.0  0.03131890067973966
0.9954571127891541  0.9956569671630859           0.0  0.03126911936147182
0.9956569671630859  0.9958569407463074           0.0  0.031237932488011197
0.9958569407463074  0.9960569143295288  0.015597114105066874  0.031197258984473043
0.9960569143295288  0.9962570071220398  0.015584589942762442  0.031166152133176937
0.9962570071220398  0.9964571595191957           0.0  0.031124795760277914
0.9964571595191957  0.9966574311256409           0.0  0.03109377162806511
0.9966574311256409  0.996857762336731           0.0  0.03105230091347385
0.996857762336731  0.9970582127571106           0.0  0.031021358463351117
0.9970582127571106  0.9972586631774902           0.0  0.030980467596984175
0.9972586631774902  0.9974592328071594           0.0  0.0309496064949027
0.9974592328071594  0.9976599216461182           0.0  0.030904940196226423
0.9976599216461182  0.9978606700897217           0.0  0.030883334253495567
0.9978606700897217  0.99806147813797           0.0  0.030834713764841808
0.99806147813797  0.998262345790863           0.0  0.030813160006771985
0.998262345790863  0.9984633326530457  0.015383078877555221  0.030764525141364848
0.9984633326530457  0.9986643791198729  0.015370696034895642  0.030743023542488684
0.9986643791198729  0.99886554479599           0.0  0.030694204703036996
0.99886554479599  0.9990667700767518           0.0  0.03067275441161448
0.9990667700767518  0.9992680549621582  0.015312678660672143  0.030628252953211508
0.9992680549621582  0.9994694590568542  0.015300342491695072  0.0305977922313162
0.9994694590568542  0.9996709227561951  0.015277106260469155  0.03055257329252401
0.9996709227561951  0.9998724460601807  0.015264794365829091  0.030531226814776064
0.9998724460601807  1.0000741481781006           0.0  0.030476331159860807
1.0000741481781006  1.0002758502960205           0.0  0.03046404026920724
1.0002758502960205  1.0004775524139404           0.0  0.030422535005474982
1.0004775524139404  1.0006794929504395           0.0  0.030374359743295658
1.0006794929504395  1.0008814334869385           0.0  0.030341394378460985
1.0008814334869385  1.001083493232727           0.0  0.030311256818713123
1.001083493232727  1.0012855529785156           0.0  0.030268284536719044
1.0012855529785156  1.0014877319335938           0.0  0.030238227904298868
1.0014877319335938  1.0016900300979614           0.0  0.0301948318320856
1.0016900300979614  1.0018924474716187           0.0  0.03016485929256808
1.0018924474716187  1.0020948648452759  0.01505975877097663  0.030122298544194608
1.0020948648452759  1.0022974014282227  0.015047591751581789  0.03009240526078094
1.0022974014282227  1.0024999380111694           0.0  0.030059339919538387
1.0024999380111694  1.0027027130126953           0.0  0.030011859522715078
1.0027027130126953  1.0029054880142212           0.0  0.02996963539207578
1.0029054880142212  1.003108263015747           0.0  0.029957518867679667
1.003108263015747  1.003311276435852           0.0  0.029897512837472377
1.003311276435852  1.003514289855957           0.0  0.029885416156047874
1.003514289855957  1.003717303276062           0.0  0.029843651134041835
1.003717303276062  1.003920555114746           0.0  0.029796582191846114
1.003920555114746  1.0041238069534302           0.0  0.029763878555729942
1.0041238069534302  1.0043271780014038           0.0  0.02973438845370971
1.0043271780014038  1.0045305490493774           0.0  0.02969236048488875
1.0045305490493774  1.0047340393066406           0.0  0.02966294843582823
1.0047340393066406  1.0049376487731934           0.0  0.02962063764965778
1.0049376487731934  1.0051413774490356           0.0  0.029591308265230435
1.0051413774490356  1.005345106124878           0.0  0.029549340017766646
1.005345106124878  1.0055489540100098           0.0  0.029520089126597964
1.0055489540100098  1.0057529211044312           0.0  0.029469756058054002
1.0057529211044312  1.0059568881988525           0.0  0.02945780552503751
1.0059568881988525  1.0061609745025635  0.014702382289616811  0.02940738404044025
1.0061609745025635  1.006365180015564  0.014690454313052968  0.029378291756293005
1.006365180015564  1.0065693855285645           0.0  0.02933618793827341
1.0065693855285645  1.0067737102508545           0.0  0.029307175220604095
1.0067737102508545  1.006978154182434           0.0  0.029265207210470053
1.006978154182434  1.0071827173233032           0.0  0.029236276138453855
1.0071827173233032  1.0073872804641724           0.0  0.029195337985526194
1.0073872804641724  1.007591962814331           0.0  0.029166482399081366
1.007591962814331  1.0077966451644897           0.0  0.02913483065822408
1.0077966451644897  1.0080015659332275           0.0  0.02908910789026974
1.0080015659332275  1.0082064867019653           0.0  0.029048909641726142
1.0082064867019653  1.0084114074707031           0.0  0.029037103498212105
1.0084114074707031  1.00861656665802           0.0  0.028980185040418598
1.00861656665802  1.008821725845337           0.0  0.02896839792071946
1.008821725845337  1.0090268850326538           0.0  0.028929025228756913
1.0090268850326538  1.0092322826385498           0.0  0.028883690730577453
1.0092322826385498  1.0094376802444458           0.0  0.02885294083008769
1.0094376802444458  1.0096431970596313           0.0  0.02882446974559045
1.0096431970596313  1.0098488330841064           0.0  0.02877712819847616
1.0098488330841064  1.0100544691085815           0.0  0.02876541078238548
1.0100544691085815  1.0102602243423462           0.0  0.028718448688477533
1.0102602243423462  1.0104660987854004           0.0  0.02869012845788717
1.0104660987854004  1.0106719732284546           0.0  0.02865141396426438
1.0106719732284546  1.0108779668807983           0.0  0.028623167517420573
1.0108779668807983  1.0110840797424316           0.0  0.028584318025953577
1.0110840797424316  1.0112903118133545           0.0  0.028556148022070696
1.0112903118133545  1.0114965438842773           0.0  0.028517820148786736
1.0114965438842773  1.0117028951644897           0.0  0.028489722312147556
1.0117028951644897  1.0119092464447021           0.0  0.028460531048130563
1.0119092464447021  1.0121158361434937           0.0  0.028416087138755746
1.0121158361434937  1.0123224258422852           0.0  0.028387730532565617
1.0123224258422852  1.0125291347503662           0.0  0.02835977848602511
1.0125291347503662  1.0127358436584473  0.01416069669732504  0.028323775403517354
1.0127358436584473  1.0129426717758179  0.014149136304786394  0.028295892945599904
1.0129426717758179  1.013149619102478           0.0  0.02826044537245518
1.013149619102478  1.0133566856384277           0.0  0.028232635477301815
1.0133566856384277  1.0135637521743774           0.0  0.028197966665250138
1.0135637521743774  1.0137709379196167           0.0  0.028170226133534388
1.0137709379196167  1.0139782428741455           0.0  0.028128182525311653
1.0139782428741455  1.0141855478286743           0.0  0.028116683423154966
1.0141855478286743  1.0143929719924927           0.0  0.02807623589955979
1.0143929719924927  1.0146005153656006           0.0  0.02804863270925218
1.0146005153656006  1.014808177947998           0.0  0.02801346646464768
1.014808177947998  1.0150158405303955           0.0  0.02800200388730081
1.0150158405303955  1.0152236223220825           0.0  0.027980452240589416
1.0152236223220825  1.015431523323059           0.0  0.027952959452264114
1.015431523323059  1.0156394243240356           0.0  0.027970692617240365
1.0156394243240356  1.0158474445343018           0.0  0.027943218845545653
1.0158474445343018  1.0160555839538574           0.0  0.028040059841838515
1.0160555839538574  1.0162638425827026           0.0  0.028012526180178146
1.0162638425827026  1.0164721012115479  0.014143664312402774  0.028289625194915534
1.0164721012115479  1.0166804790496826  0.014132074960364876  0.028261855604973077
1.0166804790496826  1.016888976097107           0.0  0.02877806197832847
1.016888976097107  1.0170974731445312           0.0  0.02876626342194488
1.0170974731445312  1.0173060894012451           0.0  0.029451163964534687
1.0173060894012451  1.0175148248672485           0.0  0.029422272095935356
1.0175148248672485  1.0177236795425415  0.015046403150746552  0.03008663199908368
1.0177236795425415  1.0179325342178345  0.015034057079557161  0.03007428592789429
1.0179325342178345  1.018141508102417  0.015248620108423863  0.03049967516262494
1.018141508102417  1.018350601196289  0.015236103097452911  0.030469773636321085
1.018350601196289  1.0185596942901611           0.0  0.03051837556604126
1.0185596942901611  1.0187690258026123           0.0  0.030471095886239263
1.0187690258026123  1.0189783573150635           0.0  0.03019775827202283
1.0189783573150635  1.0191876888275146           0.0  0.03018535360409543
1.0191876888275146  1.019397258758545           0.0  0.02980675190880374
1.019397258758545  1.0196068286895752           0.0  0.02979449895252041
1.0196068286895752  1.0198163986206055           0.0  0.029461701522281
1.0198163986206055  1.0200262069702148           0.0  0.029416123446077174
1.0200262069702148  1.0202360153198242           0.0  0.029153280741866686
1.0202360153198242  1.0204459428787231           0.0  0.029124742377307077
1.0204459428787231  1.0206559896469116  0.01446765575004474  0.028929357958250856
1.0206559896469116  1.0208660364151  0.014455751116291727  0.028917453324497844
1.0208660364151  1.0210763216018677  0.014382550900087778  0.028751030662875907
1.0210763216018677  1.0212864875793457  0.014370711188682663  0.02875549569991356
1.0212864875793457  1.0214968919754028           0.0  0.02859489832105812
1.0214968919754028  1.02170729637146           0.0  0.028583120990432486
1.02170729637146  1.0219178199768066  0.014228988572737647  0.02846016797816811
1.0219178199768066  1.0221284627914429  0.014217264991294326  0.028432341291963793
1.0221284627914429  1.0223392248153687           0.0  0.02832601186554854
1.0223392248153687  1.0225499868392944           0.0  0.028314335081695882
1.0225499868392944  1.0227608680725098           0.0  0.028202708797899285
1.0227608680725098  1.0229718685150146           0.0  0.028175149884001525
1.0229718685150146  1.0231828689575195  0.042114366911685214  0.03438754554693041
1.0231828689575195  1.023393988609314  0.04207963303954428  0.034356568776781046
1.023393988609314  1.023605227470398  0.013982443531524716  0.027967003094728615
1.023605227470398  1.0238165855407715  0.013970902727821252  0.027939691490406395
1.0238165855407715  1.024027943611145           0.0  0.027857171462567727
1.024027943611145  1.024239420890808           0.0  0.027829975933558765
1.024239420890808  1.0244510173797607  -0.001714751972745742  0.02859441281592443
1.0244510173797607  1.024662733078003  -0.0017133354651260224  0.028566630829915302
1.024662733078003  1.0248744487762451           0.0  0.027644299590396226
1.0248744487762451  1.0250862836837769           0.0  0.027617326888967324
1.0250862836837769  1.0252982378005981           0.0  0.027533714953293965
1.0252982378005981  1.0255101919174194           0.0  0.0275223335272032
1.0255101919174194  1.0257222652435303  0.013727194885907934  0.02745642606648418
1.0257222652435303  1.0259344577789307  0.013715843532422087  0.027429652755807558
1.0259344577789307  1.0261467695236206           0.0  0.027384360855302547
1.0261467695236206  1.0263592004776           0.0  0.02735766738267131
1.0263592004776  1.0265716314315796           0.0  0.027306193740492344
1.0265716314315796  1.0267841815948486           0.0  0.027279582971339044
1.0267841815948486  1.0269967317581177           0.0  0.027236731736944072
1.0269967317581177  1.0272095203399658           0.0  0.027194949844131632
1.0272095203399658  1.027422308921814  0.013583583709699174  0.027169147138334435
1.027422308921814  1.0276352167129517  0.013572332152754968  0.027142686514665202
1.0276352167129517  1.0278481245040894           0.0  0.027125351742033826
1.0278481245040894  1.0280612707138062           0.0  0.027083780654351682
1.0280612707138062  1.028274416923523           0.0  0.027053889501679987
1.028274416923523  1.0284876823425293           0.0  0.02702755772751733
1.0284876823425293  1.0287009477615356           0.0  0.02697766876305843
1.0287009477615356  1.028914451599121           0.0  0.02693636536145986
1.028914451599121  1.0291279554367065           0.0  0.026875109577085613
1.0291279554367065  1.029341459274292           0.0  0.026863960819811163
1.029341459274292  1.0295552015304565           0.0  0.02680000999198117
1.0295552015304565  1.029768943786621           0.0  0.026788884594093773
1.029768943786621  1.0299828052520752           0.0  0.026740426940380018
1.0299828052520752  1.0301967859268188           0.0  0.02671442999436983
1.0301967859268188  1.030410885810852           0.0  0.026664991939050354
1.030410885810852  1.0306249856948853           0.0  0.026653913279480867
1.0306249856948853  1.030839204788208  0.013298495292073418  0.02659886037563969
1.030839204788208  1.0310535430908203  0.013287442537153289  0.026573017099490726
1.0310535430908203  1.0312678813934326           0.0  0.026530654543337365
1.0312678813934326  1.031482458114624           0.0  0.026490157007319902
1.031482458114624  1.0316970348358154  0.013226446363835092  0.026447392087004532
1.0316970348358154  1.0319116115570068  0.013215447370121106  0.026436393093290548
1.0319116115570068  1.0321264266967773           0.0  0.026381241062398614
1.0321264266967773  1.0323412418365479           0.0  0.026370261960230113
1.0323412418365479  1.032556176185608           0.0  0.026318029863937695
1.032556176185608  1.0327712297439575           0.0  0.026292489088977543
1.0327712297439575  1.0329862833023071           0.0  0.026255057508933657
1.0329862833023071  1.0332015752792358           0.0  0.02621505754255883
1.0332015752792358  1.0334168672561646           0.0  0.02618205781552187
1.0334168672561646  1.0336322784423828           0.0  0.02615666540912952
1.0336322784423828  1.033847689628601           0.0  0.026126946995157333
1.033847689628601  1.0340632200241089           0.0  0.026101614414332754
1.0340632200241089  1.0342788696289062           0.0  0.02607631585162564
1.0342788696289062  1.0344946384429932           0.0  0.026051040572504014
1.0344946384429932  1.0347105264663696           0.0  0.02601214677008296
1.0347105264663696  1.034926414489746           0.0  0.02600129438311935
1.034926414489746  1.035142421722412           0.0  0.025968300434348435
1.035142421722412  1.0353585481643677           0.0  0.025943145082591854
1.0353585481643677  1.0355747938156128           0.0  0.02592552027950239
1.0355747938156128  1.035791039466858           0.0  0.02591469515976389
1.035791039466858  1.0360074043273926  0.01295161713216849  0.02590495704266004
1.0360074043273926  1.0362238883972168  0.012940798808390368  0.025879876506408876
1.0362238883972168  1.036440372467041           0.0  0.025883982193318947
1.036440372467041  1.0366570949554443           0.0  0.025844702170805568
1.0366570949554443  1.0368738174438477           0.0  0.02583731214268482
1.0368738174438477  1.0370906591415405           0.0  0.025812312875914137
1.0370906591415405  1.0373075008392334           0.0  0.025798735753473807
1.0373075008392334  1.0375245809555054           0.0  0.025759623094650796
1.0375245809555054  1.0377416610717773  0.012876465434605903  0.025754611524919993
1.0377416610717773  1.0379588603973389  0.012865692543088753  0.025729706055712977
1.0379588603973389  1.03817617893219           0.0  0.025710343677492375
1.03817617893219  1.038393497467041           0.0  0.025699582180577312
1.038393497467041  1.0386109352111816  0.03849479674548506  0.03143188575727973
1.0386109352111816  1.0388284921646118  0.03846256450714812  0.03140353753168642
1.0388284921646118  1.0390461683273315           0.0  0.025602967435212877
1.0390461683273315  1.0392639636993408           0.0  0.025578232202062186
1.0392639636993408  1.03948175907135           0.0  0.02554743600059469
1.03948175907135  1.039699673652649           0.0  0.02552276101391101
1.039699673652649  1.0399177074432373           0.0  0.02550114304310178
1.0399177074432373  1.0401357412338257           0.0  0.025490451917609583
1.0401357412338257  1.0403540134429932  0.012736975001184831  0.025468606543381962
1.0403540134429932  1.0405722856521606  0.012726290324915478  0.025457921867112605
1.0405722856521606  1.0407906770706177           0.0  0.025430571966312054
1.0407906770706177  1.0410090684890747           0.0  0.025419901898483817
1.0410090684890747  1.0412276983261108           0.0  0.025391787077777988
1.0412276983261108  1.041446328163147           0.0  0.0253811261303666
1.041446328163147  1.0416650772094727           0.0  0.02536135489794272
1.0416650772094727  1.041883945465088           0.0  0.025336895002889888
1.041883945465088  1.0421028137207031           0.0  0.025331397258140206
1.0421028137207031  1.0423219203948975           0.0  0.025293199440892318
1.0423219203948975  1.0425410270690918           0.0  0.025289859925822583
1.0425410270690918  1.0427601337432861           0.0  0.025279232022189787
1.0427601337432861  1.0429794788360596           0.0  0.025264020488012844
1.0429794788360596  1.043198823928833           0.0  0.02525339636003414
1.043198823928833  1.0434184074401855           0.0  0.02523475120102548
1.0434184074401855  1.0436378717422485           0.0  0.02523783591779674
1.0436378717422485  1.0438575744628906           0.0  0.02525006756177228
1.0438575744628906  1.0440773963928223           0.0  0.025225750662532555
1.0440773963928223  1.044297218322754           0.0  0.025259994430788173
1.044297218322754  1.044517159461975           0.0  0.025235674228182743
1.044517159461975  1.0447372198104858           0.0  0.02525632066237366
1.0447372198104858  1.0449572801589966           0.0  0.02524568307015272
1.0449572801589966  1.0451775789260864           0.0  0.025277273339542865
1.0451775789260864  1.0453978776931763           0.0  0.025266619879704966
1.0453978776931763  1.0456182956695557           0.0  0.02531526299405165
1.0456182956695557  1.045838713645935           0.0  0.025304592249184108
1.045838713645935  1.0460593700408936           0.0  0.02538168063356411
1.0460593700408936  1.046280026435852           0.0  0.025370974837766905
1.046280026435852  1.0465008020401           0.0  0.025545270743847204
1.0465008020401  1.0467216968536377           0.0  0.025520711095910115
1.0467216968536377  1.0469427108764648           0.0  0.02581161091195481
1.0469427108764648  1.047163724899292           0.0  0.025800715332163222
1.047163724899292  1.0473848581314087           0.0  0.026177884241761748
1.0473848581314087  1.047606110572815           0.0  0.026152731293631045
1.047606110572815  1.0478274822235107           0.0  0.026517152799533827
1.0478274822235107  1.0480488538742065           0.0  0.026505950753245026
1.0480488538742065  1.0482704639434814  0.013317709199207457  0.02662978871644984
1.0482704639434814  1.0484920740127563  0.013306452215064888  0.02661853173230727
1.0484920740127563  1.0487138032913208           0.0  0.026318227968063126
1.0487138032913208  1.0489355325698853           0.0  0.026307101408755872
1.0489355325698853  1.0491575002670288           0.0  0.025631294934659155
1.0491575002670288  1.0493794679641724           0.0  0.025620451727413965
1.0493794679641724  1.0496015548706055  0.012396048041023204  0.02479350097876023
1.0496015548706055  1.0498237609863281  0.012385558450739485  0.024769713352665056
1.0498237609863281  1.0500460863113403           0.0  0.02400545735709011
1.0500460863113403  1.0502684116363525           0.0  0.023995294200608974
1.0502684116363525  1.0504908561706543           0.0  0.02344109812369692
1.0504908561706543  1.0507134199142456           0.0  0.023418620231943785
1.0507134199142456  1.0509361028671265           0.0  0.023104272231087363
1.0509361028671265  1.0511587858200073           0.0  0.023094483172319467
1.0511587858200073  1.0513817071914673           0.0  0.02293875247629281
1.0513817071914673  1.0516046285629272           0.0  0.022929027265848164
1.0516046285629272  1.0518276691436768           0.0  0.022852510786728165
1.0518276691436768  1.0520508289337158           0.0  0.022830616032452185
1.0520508289337158  1.0522739887237549  0.011391308017425848  0.022789947920235958
1.0522739887237549  1.052497386932373  0.01138164413435524  0.02275596731542227
1.052497386932373  1.0527207851409912           0.0  0.022722888109566478
1.0527207851409912  1.052944302558899           0.0  0.022701130137235178
1.052944302558899  1.0531678199768066           0.0  0.022670645132953075
1.0531678199768066  1.0533915758132935           0.0  0.02263687349880377
1.0533915758132935  1.0536153316497803           0.0  0.022607076222706014
1.0536153316497803  1.0538392066955566           0.0  0.022585440971459474
1.0538392066955566  1.0540632009506226  0.011274459463010509  0.022550124594147083
1.0540632009506226  1.054287314414978  0.011264877281381263  0.02252855004814416
1.054287314414978  1.0545114278793335  -0.0013900246740294888  0.023184902795092898
1.0545114278793335  1.054735779762268  -0.0013888428436512436  0.023150846016451693
1.054735779762268  1.0549601316452026           0.0  0.022439706699448867
1.0549601316452026  1.0551846027374268           0.0  0.02241824986461398
1.0551846027374268  1.0554090738296509  0.01119221104455597  0.022391542293523914
1.0554090738296509  1.055633783340454  0.011182688065548585  0.02235826650793022
1.055633783340454  1.0558584928512573           0.0  0.022331441043385615
1.0558584928512573  1.05608332157135           0.0  0.0223100987827828
1.05608332157135  1.0563082695007324           0.0  0.022277551202047243
1.0563082695007324  1.0565333366394043           0.0  0.022256268147060842
1.0565333366394043  1.0567584037780762           0.0  0.022230551842230585
1.0567584037780762  1.0569837093353271           0.0  0.022197565333255925
1.0569837093353271  1.0572090148925781           0.0  0.022172701425845688
1.0572090148925781  1.0574344396591187           0.0  0.02215152982186229
1.0574344396591187  1.0576599836349487  0.011060038149857619  0.02211536024129588
1.0576599836349487  1.0578855276107788  0.011050608043971009  0.02210593013540927
1.0578855276107788  1.0581111907958984           0.0  0.022075993529733023
1.0581111907958984  1.0583370923995972           0.0  0.02204328559983754
1.0583370923995972  1.058562994003296           0.0  0.022013247210728414
1.058562994003296  1.0587888956069946           0.0  0.02200385378419629
1.0587888956069946  1.0590150356292725  0.010983186529087224  0.02196168340278097
1.0590150356292725  1.0592411756515503  0.010973809220712569  0.021952306094406317
1.0592411756515503  1.0594675540924072           0.0  0.021910442758317526
1.0594675540924072  1.0596939325332642           0.0  0.02190108146685913
1.0596939325332642  1.0599204301834106           0.0  0.02185995620010339
1.0599204301834106  1.0601469278335571           0.0  0.02185061555384333
1.0601469278335571  1.0603736639022827           0.0  0.021809814952425666
1.0603736639022827  1.0606003999710083           0.0  0.02180048991030903
1.0606003999710083  1.0608272552490234           0.0  0.021765481207486486
1.0608272552490234  1.0610542297363281           0.0  0.02174474476353453
1.0610542297363281  1.0612813234329224           0.0  0.021709593982986393
1.0612813234329224  1.0615084171295166           0.0  0.02170030510336006
1.0615084171295166  1.06173574924469  0.010832067087535787  0.021659496581223927
1.06173574924469  1.0619630813598633  0.01082279388535965  0.02165022337904779
1.0619630813598633  1.0621905326843262           0.0  0.021615761461984528
1.0621905326843262  1.0624181032180786           0.0  0.021595185748533807
1.0624181032180786  1.062645673751831           0.0  0.021572484803139728
1.062645673751831  1.0628734827041626           0.0  0.021540674078748063
1.0628734827041626  1.0631012916564941           0.0  0.02151772989472437
1.0631012916564941  1.0633292198181152           0.0  0.02149725759820628
1.0633292198181152  1.0635572671890259           0.0  0.021467980221324613
1.0635572671890259  1.063785433769226           0.0  0.02144756166383107
1.063785433769226  1.0640136003494263           0.0  0.021417231329626904
1.0640136003494263  1.064241886138916           0.0  0.021396866352900133
1.064241886138916  1.0644704103469849           0.0  0.02136025804080994
1.0644704103469849  1.0646989345550537           0.0  0.021351088620425604
1.0646989345550537  1.0649274587631226  0.010656753402258303  0.021320045091242985
1.0649274587631226  1.0651562213897705  0.010647605033273689  0.021288681398225505
1.0651562213897705  1.065385103225708           0.0  0.02125772982090996
1.065385103225708  1.0656139850616455           0.0  0.021248597980879795
1.0656139850616455  1.0658429861068726           0.0  0.021211886674645665
1.0658429861068726  1.0660721063613892           0.0  0.021191740125775748
1.0660721063613892  1.0663013458251953           0.0  0.021154509016777148
1.0663013458251953  1.0665305852890015           0.0  0.021145415141057573
1.0665305852890015  1.0667600631713867           0.0  0.02110232089128557
1.0667600631713867  1.066989541053772           0.0  0.02109324392152209
1.066989541053772  1.0672191381454468           0.0  0.021055768620369543
1.0672191381454468  1.0674488544464111           0.0  0.021035786368157415
1.0674488544464111  1.067678689956665           0.0  0.02099851014720921
1.067678689956665  1.067908525466919           0.0  0.020989471539163928
1.067908525466919  1.068138599395752           0.0  0.020947046486724866
1.068138599395752  1.068368673324585           0.0  0.020938024564991782
1.068368673324585  1.0685988664627075           0.0  0.020901500208556533
1.0685988664627075  1.0688291788101196           0.0  0.020881681606975018
1.0688291788101196  1.0690596103668213  0.010424858003176551  0.02084522290128451
1.0690596103668213  1.069290041923523  0.010415873729563884  0.02083623862767184
1.069290041923523  1.0695207118988037           0.0  0.020794261244862826
1.0695207118988037  1.0697513818740845           0.0  0.02078529353177973
1.0697513818740845  1.0699821710586548           0.0  0.020748744704986822
1.0699821710586548  1.0702130794525146           0.0  0.02072908600479158
1.0702130794525146  1.070444107055664           0.0  0.020692394389835743
1.070444107055664  1.0706751346588135           0.0  0.020683464483603996
1.0706751346588135  1.070906400680542  0.010322929590736264  0.02064140159785304
1.070906400680542  1.0711376667022705  0.010314016348343492  0.020632488355460273
1.0711376667022705  1.0713690519332886  0.010297628131878752  0.020596111119141145
1.0713690519332886  1.0716005563735962  0.010288734168320964  0.02057661429048722
1.0716005563735962  1.0718321800231934  0.02054489869249612  0.020542679169058144
1.0718321800231934  1.0720638036727905  0.020527147300205578  0.02053158418925628
1.0720638036727905  1.0722956657409668           0.0  0.020490138379553283
1.0722956657409668  1.072527527809143           0.0  0.020481279146124992
1.072527527809143  1.0727595090866089           0.0  0.020445145582519274
1.0727595090866089  1.0729916095733643           0.0  0.020425806449497416
1.0729916095733643  1.0732238292694092           0.0  0.02039513598082618
1.0732238292694092  1.0734561681747437           0.0  0.02037584912824524
1.0734561681747437  1.0736885070800781  0.01017229310216591  0.020350616424291194
1.0736885070800781  1.0739210844039917  0.01016348748144418  0.020320953532528194
1.0739210844039917  1.0741536617279053  0.010147394214269582  0.020295592869306864
1.0741536617279053  1.0743863582611084  0.01013860737969101  0.02027641107890816
1.0743863582611084  1.074619174003601  0.020245006735545978  0.020245801299692324
1.074619174003601  1.0748521089553833  0.020227465907551027  0.020227068996954877
1.0748521089553833  1.0750850439071655           0.0  0.020201515997069253
1.0750850439071655  1.0753182172775269           0.0  0.02017211277377417
1.0753182172775269  1.0755513906478882  0.02014620824260854  0.02014698810691583
1.0755513906478882  1.075784683227539  0.020128740581802335  0.02012835101412766
1.075784683227539  1.0760180950164795           0.0  0.020097458889859206
1.0760180950164795  1.0762516260147095           0.0  0.020078484420300642
1.0762516260147095  1.076485276222229           0.0  0.020042822009561558
1.076485276222229  1.0767189264297485           0.0  0.020034123342907887
1.0767189264297485  1.0769526958465576           0.0  0.02000388314221329
1.0769526958465576  1.0771867036819458           0.0  0.019974823734561407
1.0771867036819458  1.077420711517334  0.00997464957208123  0.019950045263459868
1.077420711517334  1.0776548385620117  0.009965985441806961  0.019931225468165167
1.0776548385620117  1.077889084815979           0.0  0.019896237214059864
1.077889084815979  1.0781233310699463           0.0  0.0198875914146524
1.0781233310699463  1.0783578157424927           0.0  0.01984725272786709
1.0783578157424927  1.078592300415039           0.0  0.01983862318999692
1.078592300415039  1.078826904296875           0.0  0.01980326327523355
1.078826904296875  1.0790616273880005           0.0  0.019784596783052697
1.0790616273880005  1.0792964696884155           0.0  0.019754452349872716
1.0792964696884155  1.0795314311981201           0.0  0.019735837493508473
1.0795314311981201  1.0797665119171143           0.0  0.01970101550284682
1.0797665119171143  1.0800015926361084           0.0  0.019692438980520314
1.0800015926361084  1.0802369117736816           0.0  0.019653132656859924
1.0802369117736816  1.0804722309112549           0.0  0.01964457203290686
1.0804722309112549  1.0807076692581177  0.009804970170458782  0.01961063043158254
1.0807076692581177  1.08094322681427  0.009796427015213901  0.019592164589568823
1.08094322681427  1.081178903579712           0.0  0.019557908687358332
1.081178903579712  1.0814145803451538           0.0  0.01954938402949807
1.0814145803451538  1.0816504955291748  0.01951413693855126  0.019512009204923207
1.0816504955291748  1.0818864107131958  0.019497119709092015  0.019501373088564027
1.0818864107131958  1.0821224451065063           0.0  0.01947237862305691
1.0821224451065063  1.082358717918396           0.0  0.019444242108000078
1.082358717918396  1.0825949907302856  0.009710161526105945  0.019416085555112487
1.0825949907302856  1.0828312635421753  0.00970168838114328  0.01940761241014982
1.0828312635421753  1.083067774772644           0.0  0.01937510308796421
1.083067774772644  1.0833044052124023           0.0  0.01935688448196518
1.0833044052124023  1.0835410356521606  0.00966474260415264  0.01933499623292229
1.0835410356521606  1.083777904510498  0.009656299385218638  0.01930709569826729
1.083777904510498  1.0840147733688354           0.0  0.019285640744490105
1.0840147733688354  1.0842517614364624           0.0  0.019267515289986742
1.0842517614364624  1.084488868713379           0.0  0.019235993696385394
1.084488868713379  1.0847259759902954           0.0  0.019227584210147163
1.0847259759902954  1.084963321685791           0.0  0.0191959208294583
1.084963321685791  1.0852007865905762           0.0  0.019177889282983928
1.0852007865905762  1.0854382514953613           0.0  0.01915145106493221
1.0854382514953613  1.085675835609436           0.0  0.019133465759055786
1.085675835609436  1.0859136581420898           0.0  0.019102693318724145
1.0859136581420898  1.0861514806747437           0.0  0.019094327909308876
1.0861514806747437  1.0863893032073975  0.028594520822208765  0.023350620936672627
1.0863893032073975  1.0866273641586304  0.028569480877796115  0.023323595277797902
1.0866273641586304  1.0868655443191528           0.0  0.01901457634808726
1.0868655443191528  1.0871037244796753           0.0  0.019006244309952475
1.0871037244796753  1.0873421430587769           0.0  0.01897006869100097
1.0873421430587769  1.0875805616378784           0.0  0.018961751483087496
1.0875805616378784  1.0878190994262695           0.0  0.018930472460936744
1.0878190994262695  1.0880577564239502           0.0  0.018912718551564685
1.0880577564239502  1.0882965326309204  0.009442880793578442  0.01888633015788947
1.0882965326309204  1.0885354280471802  0.009434595263782205  0.01886862248991907
1.0885354280471802  1.0887744426727295           0.0  0.01883761036614148
1.0887744426727295  1.0890134572982788           0.0  0.018829341479569738
1.0890134572982788  1.0892527103424072  0.00939892217251455  0.018793716327901066
1.0892527103424072  1.0894919633865356  0.009390667951288218  0.018785462106674734
1.0894919633865356  1.0897313356399536           0.0  0.018754565652839804
1.0897313356399536  1.0899708271026611           0.0  0.01873699517576542
1.0899708271026611  1.0902104377746582           0.0  0.018710758575456458
1.0902104377746582  1.0904501676559448           0.0  0.018693233449494435
1.0904501676559448  1.090690016746521           0.0  0.018662166509662587
1.090690016746521  1.0909298658370972           0.0  0.018653960475896514
1.0909298658370972  1.0911699533462524           0.0  0.018618086867076444
1.0911699533462524  1.0914100408554077           0.0  0.018609895683312536
1.0914100408554077  1.091650366783142           0.0  0.018574404919237494
1.091650366783142  1.0918906927108765           0.0  0.01856622843943266
1.0918906927108765  1.0921311378479004           0.0  0.018535939388304685
1.0921311378479004  1.0923717021942139           0.0  0.018518596009403046
1.0923717021942139  1.092612385749817           0.0  0.018487990384176218
1.092612385749817  1.09285306930542           0.0  0.01847984701086534
1.09285306930542  1.093093991279602           0.0  0.018443690552968194
1.093093991279602  1.0933349132537842           0.0  0.01843556222873655
1.0933349132537842  1.0935760736465454           0.0  0.01839885840232777
1.0935760736465454  1.0938172340393066           0.0  0.01839074539079577
1.0938172340393066  1.0940585136413574           0.0  0.01835840118361281
1.0940585136413574  1.0942999124526978           0.0  0.018341240990704694
1.0942999124526978  1.0945414304733276           0.0  0.01831334638891928
1.0945414304733276  1.094783067703247           0.0  0.018296233255622414
1.094783067703247  1.095024824142456  0.009134163039019094  0.018268794782289103
1.095024824142456  1.0952666997909546  0.009126097827250294  0.018251727388130787
1.0952666997909546  1.0955085754394531  -0.0011262295007244628  0.01878407131424839
1.0955085754394531  1.0957506895065308  -0.0011252348356654714  0.01875758221018875
1.0957506895065308  1.0959928035736084           0.0  0.018180801123077836
1.0959928035736084  1.0962350368499756           0.0  0.018163824865070437
1.0962350368499756  1.0964773893356323           0.0  0.018135842886356557
1.0964773893356323  1.0967198610305786           0.0  0.018118912857840067
1.0967198610305786  1.0969624519348145  0.00904505596446151  0.018090554020535637
1.0969624519348145  1.0972051620483398  0.009037056192225508  0.01807367070542787
1.0972051620483398  1.0974479913711548           0.0  0.018045922630338745
1.0974479913711548  1.0976909399032593           0.0  0.01802908496636015
1.0976909399032593  1.0979338884353638  0.018001685502302016  0.01800653015999121
1.0979338884353638  1.0981770753860474  0.01798575128293996  0.017983332237496496
1.0981770753860474  1.098420262336731           0.0  0.01795826193777721
1.098420262336731  1.098663568496704           0.0  0.017941514681794224
1.098663568496704  1.0989069938659668  0.008956642791618173  0.017913701681213718
1.0989069938659668  1.099150538444519  0.00894870810361321  0.017897000497182763
1.099150538444519  1.0993942022323608  0.008934219303692622  0.017868847263908774
1.0993942022323608  1.0996379852294922  0.008926300295694174  0.017852192315759737
1.0996379852294922  1.099881887435913           0.0  0.017824282302178328
1.099881887435913  1.1001259088516235           0.0  0.017807672961565754
1.1001259088516235  1.100369930267334  0.017779622606820193  0.01778436053646035
1.100369930267334  1.1006141901016235  0.017763850182570536  0.017761484422517
1.1006141901016235  1.100858449935913  0.008867710065906526  0.01774013573320053
1.100858449935913  1.1011029481887817  0.008859838948287154  0.017714968984896256
1.1011029481887817  1.1013474464416504           0.0  0.01769142315537125
1.1013474464416504  1.1015920639038086           0.0  0.017674950359580735
1.1015920639038086  1.1018368005752563           0.0  0.01764686025331724
1.1018368005752563  1.1020816564559937           0.0  0.01763043310132809
1.1020816564559937  1.1023266315460205           0.0  0.017602474020898515
1.1023266315460205  1.102571725845337           0.0  0.01758609231407208
1.102571725845337  1.1028168201446533  0.008778954731403079  0.0175625423374738
1.1028168201446533  1.1030621528625488  0.008771149944088411  0.01753767357371347
1.1030621528625488  1.1033076047897339  0.008756750680528688  0.017509606013539025
1.1033076047897339  1.103553056716919  0.008748961718295952  0.01750181705130629
1.103553056716919  1.1037986278533936  0.01746873805173441  0.017473326813079143
1.1037986278533936  1.1040444374084473  0.017453191806645008  0.017450900521137024
1.1040444374084473  1.104290246963501           0.0  0.017423710343779524
1.104290246963501  1.1045361757278442           0.0  0.017407511228881324
1.1045361757278442  1.104782223701477           0.0  0.017377633719963963
1.104782223701477  1.1050283908843994           0.0  0.017361481653909407
1.1050283908843994  1.1052746772766113           0.0  0.017331415195339133
1.1052746772766113  1.1055210828781128           0.0  0.017315310331382065
1.1055210828781128  1.1057674884796143           0.0  0.017289540239091825
1.1057674884796143  1.1060141324996948           0.0  0.017265127928071104
1.1060141324996948  1.106260895729065  0.01723904446886183  0.017237122114580422
1.106260895729065  1.106507658958435  0.017223669921526047  0.01722751270099602
1.106507658958435  1.1067546606063843  0.017193217303398827  0.017191299063315197
1.1067546606063843  1.1070016622543335  0.017177875662692663  0.017181710216895726
1.1070016622543335  1.1072487831115723  0.017147596201028074  0.017147903144572017
1.1072487831115723  1.1074960231781006  0.017132291498883404  0.0171321381688923
1.1074960231781006  1.107743501663208           0.0  0.017098630012827618
1.107743501663208  1.1079909801483154           0.0  0.017090991786285672
1.1079909801483154  1.1082385778427124  0.017058091377635257  0.01705838486032732
1.1082385778427124  1.108486294746399  0.017042850251576664  0.017042703645755716
1.108486294746399  1.1087340116500854           0.0  0.01701814232624314
1.1087340116500854  1.108981966972351           0.0  0.016994179549934218
1.108981966972351  1.1092300415039062           0.0  0.016965032872521258
1.1092300415039062  1.1094781160354614           0.0  0.01695744625585666
1.1094781160354614  1.1097264289855957           0.0  0.016924151107898897
1.1097264289855957  1.1099748611450195           0.0  0.016908460002104227
1.1099748611450195  1.1102232933044434  0.008439504957064062  0.016879280729682276
1.1102232933044434  1.1104718446731567  0.008431952378110728  0.016863634191704415
1.1104718446731567  1.1107206344604492  0.008416671390356864  0.01682957313261637
1.1107206344604492  1.1109694242477417  0.008409133782507352  0.016822035524766858
1.1109694242477417  1.1112183332443237           0.0  0.016786385768237082
1.1112183332443237  1.1114673614501953           0.0  0.016770833017091116
1.1114673614501953  1.1117165088653564  0.00836871237476154  0.016737676033301386
1.1117165088653564  1.1119657754898071  0.008361211865328434  0.01672217267963138
1.1119657754898071  1.1122151613235474           0.0  0.0166881311582769
1.1122151613235474  1.1124646663665771           0.0  0.016672677817473128
1.1124646663665771  1.1127142906188965           0.0  0.01663428790836069
1.1127142906188965  1.1129639148712158           0.0  0.01662682617195322
1.1129639148712158  1.1132137775421143           0.0  0.016588428793479104
1.1132137775421143  1.1134637594223022           0.0  0.016573074796214657
1.1134637594223022  1.1137137413024902           0.0  0.016542997219765
1.1137137413024902  1.1139639616012573           0.0  0.01651981378446034
1.1139639616012573  1.1142141819000244           0.0  0.016493915461770814
1.1142141819000244  1.1144646406173706           0.0  0.01647081183363189
1.1144646406173706  1.1147150993347168           0.0  0.016440765322076493
1.1147150993347168  1.1149656772613525           0.0  0.016425559954717717
1.1149656772613525  1.1152163743972778  0.016391322369424467  0.016395427480680312
1.1152163743972778  1.1154673099517822  0.016376582860486183  0.016374533048948214
1.1154673099517822  1.1157182455062866           0.0  0.016342735938971807
1.1157182455062866  1.1159693002700806           0.0  0.016327628523667922
1.1159693002700806  1.116220474243164           0.0  0.016294194774488603
1.116220474243164  1.116471767425537           0.0  0.01627913509778019
1.116471767425537  1.1167231798171997           0.0  0.016241523926018745
1.1167231798171997  1.1169745922088623           0.0  0.016234212532543715
1.1169745922088623  1.117226243019104           0.0  0.01619626519081243
1.117226243019104  1.1174780130386353           0.0  0.016181303339088127
1.1174780130386353  1.117729902267456           0.0  0.01614346571756477
1.117729902267456  1.1179817914962769           0.0  0.016136191242852812
1.1179817914962769  1.1182339191436768           0.0  0.01609916078892892
1.1182339191436768  1.1184861660003662           0.0  0.01608429629127328
1.1184861660003662  1.1187384128570557  0.01605212282852583  0.016056085240177573
1.1187384128570557  1.1189908981323242  0.016037645290338624  0.016035666726073827
1.1189908981323242  1.1192433834075928           0.0  0.01600623442897086
1.1192433834075928  1.1194959878921509           0.0  0.015991462951558722
1.1194959878921509  1.119748830795288  0.00798069506970882  0.015957786819604722
1.119748830795288  1.1200016736984253  0.00797349005699813  0.015950581806894036
1.1200016736984253  1.120254635810852           0.0  0.015923972535878062
1.120254635810852  1.120507836341858           0.0  0.015901792000400875
1.120507836341858  1.1207610368728638  0.007941206588332779  0.015882562122263546
1.1207610368728638  1.1210143566131592  0.007934031714235837  0.01586791462023697
1.1210143566131592  1.1212677955627441           0.0  0.015846771587318367
1.1212677955627441  1.1215213537216187           0.0  0.015832160933510767
1.1215213537216187  1.1217750310897827           0.0  0.015811522584667646
1.1217750310897827  1.1220288276672363           0.0  0.01579694813373941
1.1220288276672363  1.1222827434539795  0.007888296873585788  0.01577672602247449
1.1222827434539795  1.1225367784500122  0.007881159548963504  0.0157621869445227
1.1225367784500122  1.1227909326553345  0.007871129251599896  0.015742385295246707
1.1227909326553345  1.1230452060699463  0.007864003995036692  0.015727881314844174
1.1230452060699463  1.123299479484558           0.0  0.01571183533086107
1.123299479484558  1.123553991317749           0.0  0.015690008716422815
1.123553991317749  1.1238086223602295  0.015673837257391778  0.01567395318097091
1.1238086223602295  1.1240633726119995  0.0156596344576934  0.015659576549175238
1.1240633726119995  1.1243181228637695           0.0  0.015643619388754405
1.1243181228637695  1.1245731115341187           0.0  0.015621908447248872
1.1245731115341187  1.1248282194137573           0.0  0.015602296890243889
1.1248282194137573  1.125083327293396           0.0  0.01559522138076099
1.125083327293396  1.1253386735916138  0.007785820223370045  0.015568107946857484
1.1253386735916138  1.1255940198898315  0.007778756826333259  0.015561044549820697
1.1255940198898315  1.1258496046066284  0.0077687197020978585  0.015533912973372921
1.1258496046066284  1.1261051893234253  0.007761668441194064  0.015526861712469127
1.1261051893234253  1.1263610124588013  0.015503402171439792  0.015501641877252908
1.1263610124588013  1.1266168355941772  0.015489323814943737  0.0154928426046861
1.1266168355941772  1.1268728971481323           0.0  0.015466208796479431
1.1268728971481323  1.1271289587020874           0.0  0.015459181558961886
1.1271289587020874  1.127385139465332           0.0  0.015440047740158034
1.127385139465332  1.1276415586471558           0.0  0.01541867993116754
1.1276415586471558  1.1278979778289795           0.0  0.015403029389720954
1.1278979778289795  1.1281545162200928           0.0  0.015388871368490868
1.1281545162200928  1.1284112930297852           0.0  0.01536575149653715
1.1284112930297852  1.1286680698394775           0.0  0.015358759948267374
1.1286680698394775  1.1289249658584595  0.007667718190699081  0.015335503149988005
1.1289249658584595  1.129181981086731  0.007660740269639512  0.015321413832032059
1.129181981086731  1.1294392347335815           0.0  0.015298317748859484
1.1294392347335815  1.1296964883804321           0.0  0.015291350305716168
1.1296964883804321  1.1299538612365723  0.007634191260929669  0.015268439159382887
1.1299538612365723  1.130211353302002  0.00762723726059625  0.015254417935679991
1.130211353302002  1.1304689645767212           0.0  0.015234613484152755
1.1304689645767212  1.13072669506073           0.0  0.015220626836667146
1.13072669506073  1.1309845447540283  0.007599831163709197  0.015199708950766567
1.1309845447540283  1.1312425136566162  0.007592902178617136  0.015185757776679711
1.1312425136566162  1.1315007209777832           0.0  0.015160278360847995
1.1315007209777832  1.1317589282989502           0.0  0.015153360819011731
1.1317589282989502  1.1320172548294067           0.0  0.015127133400600628
1.1320172548294067  1.1322757005691528           0.0  0.015113255446732607
1.1322757005691528  1.1325342655181885           0.0  0.01508984225208003
1.1325342655181885  1.1327929496765137           0.0  0.015076000639516137
1.1327929496765137  1.1330517530441284           0.0  0.015052085391849317
1.1330517530441284  1.1333106756210327           0.0  0.015038282485201794
1.1333106756210327  1.1335697174072266  0.007507108655213897  0.015014239419206847
1.1335697174072266  1.13382887840271  0.007500248197052797  0.01500047430559596
1.13382887840271  1.134088158607483           0.0  0.014976557014969527
1.134088158607483  1.1343475580215454           0.0  0.014962830132136258
1.1343475580215454  1.1346070766448975           0.0  0.014939102342739171
1.1346070766448975  1.134866714477539           0.0  0.014925412921090281
1.134866714477539  1.1351264715194702           0.0  0.014901858832136345
1.1351264715194702  1.135386347770691           0.0  0.01488820605163589
1.135386347770691  1.1356463432312012  0.007432406299088388  0.014864815676707145
1.1356463432312012  1.135906457901001  0.007425601485729543  0.01485119989574857
1.135906457901001  1.1361666917800903           0.0  0.014827997335672737
1.1361666917800903  1.1364270448684692           0.0  0.014814418963263238
1.1364270448684692  1.1366875171661377  0.007395726462747174  0.014791446681491504
1.1366875171661377  1.1369481086730957  0.007388949262753499  0.014777904763793311
1.1369481086730957  1.1372088193893433  0.007377608175684725  0.014755205493130967
1.1372088193893433  1.1374696493148804  0.007370844029018773  0.01474169890633664
1.1374696493148804  1.137730598449707           0.0  0.014719306045335933
1.137730598449707  1.1379916667938232           0.0  0.01470583568598899
1.1379916667938232  1.138252854347229  0.022025713801143623  0.01798390776694596
1.138252854347229  1.1385141611099243  0.022005501506150424  0.017967428974341074
1.1385141611099243  1.1387755870819092  0.007324382423672943  0.014648740329477475
1.1387755870819092  1.1390371322631836  0.007317658369567955  0.014635341234578004
1.1390371322631836  1.1392987966537476           0.0  0.01461429757540154
1.1392987966537476  1.139560580253601           0.0  0.014600932083761934
1.139560580253601  1.1398224830627441  0.007290363546799547  0.01458069361513864
1.1398224830627441  1.1400845050811768  0.007283664390688666  0.014567362229227837
1.1400845050811768  1.140346646308899  0.007274240314038058  0.014548442708873347
1.140346646308899  1.1406089067459106  0.007267552978876063  0.0145351438422926
1.1406089067459106  1.140871286392212           0.0  0.01451881985874013
1.140871286392212  1.1411337852478027           0.0  0.014505551488273411
1.1411337852478027  1.141396403312683  0.0072478755972079836  0.014495704440459872
1.141396403312683  1.141659140586853  0.007241206501877741  0.014482459714992487
1.141659140586853  1.1419219970703125           0.0  0.014491950762824906
1.1419219970703125  1.142185091972351           0.0  0.014472150675950549
1.142185091972351  1.1424481868743896  0.014522594085755803  0.014522566187640003
1.1424481868743896  1.1427114009857178  0.014509219980770179  0.01450927572599288
1.1427114009857178  1.1429747343063354           0.0  0.01464951385978811
1.1429747343063354  1.1432381868362427           0.0  0.01463613827793756
1.1432381868362427  1.143501877784729  0.0074551599236751  0.014906882327908936
1.143501877784729  1.1437655687332153  0.007448286469807521  0.014900008874041358
1.1437655687332153  1.1440293788909912  0.007638516161673991  0.015276959561531526
1.1440293788909912  1.1442933082580566  0.007631472095953626  0.01526301688731689
1.1442933082580566  1.1445574760437012  0.00783686619000782  0.015670115663651663
1.1445574760437012  1.1448216438293457  0.007829634426395674  0.015662883900039518
1.1448216438293457  1.1450860500335693           0.0  0.016033926067863462
1.1450860500335693  1.145350456237793           0.0  0.016026523146764744
1.145350456237793  1.1456149816513062           0.0  0.016348797587781048
1.1456149816513062  1.1458797454833984           0.0  0.016326530332622997
1.1458797454833984  1.1461445093154907  0.008305105134257026  0.01661384765712211
1.1461445093154907  1.146409511566162  0.008297431321884327  0.016591230206960877
1.146409511566162  1.1466745138168335  0.008427607999615092  0.016858898511037817
1.1466745138168335  1.146939754486084  0.00841981722269229  0.016835956944734037
1.146939754486084  1.1472049951553345           0.0  0.017081374151433477
1.1472049951553345  1.147470474243164           0.0  0.017058140882121688
1.147470474243164  1.1477360725402832           0.0  0.017259372148965203
1.1477360725402832  1.1480016708374023           0.0  0.0172513859936106
1.1480016708374023  1.1482675075531006           0.0  0.01739735350041705
1.1482675075531006  1.1485334634780884           0.0  0.017381504092869263
1.1485334634780884  1.1487995386123657  0.008706319539423007  0.017408607046011722
1.1487995386123657  1.149065613746643  0.008698257341051929  0.017400544847640642
1.149065613746643  1.1493319272994995           0.0  0.01723405284182351
1.1493319272994995  1.1495983600616455           0.0  0.017218358730005975
1.1495983600616455  1.149864912033081  -0.0010449554978368646  0.01742378642836828
1.149864912033081  1.1501315832138062  -0.0010439868307617016  0.017407915241871366
1.1501315832138062  1.1503983736038208           0.0  0.01656191247643138
1.1503983736038208  1.150665283203125           0.0  0.016546836767902615
1.150665283203125  1.1509323120117188  0.008136017756513233  0.016271890722885467
1.1509323120117188  1.151199460029602  0.008128468952295704  0.0162570825629668
1.151199460029602  1.151466727256775           0.0  0.0160617809631087
1.151466727256775  1.1517342329025269           0.0  0.01604001357245238
1.1517342329025269  1.1520017385482788           0.0  0.015898619972305628
1.1520017385482788  1.1522693634033203           0.0  0.015884157523441435
1.1522693634033203  1.1525371074676514           0.0  0.0157614615990345
1.1525371074676514  1.1528050899505615           0.0  0.015740120700552064
1.1528050899505615  1.1530730724334717           0.0  0.015634211169607982
1.1530730724334717  1.153341293334961           0.0  0.015613052299155439
1.153341293334961  1.1536095142364502           0.0  0.015530838890888595
1.1536095142364502  1.1538779735565186           0.0  0.015509828877903026
1.1538779735565186  1.154146432876587           0.0  0.015442126374952504
1.154146432876587  1.1544151306152344           0.0  0.015421245053247306
1.1544151306152344  1.1546839475631714           0.0  0.01535366591791713
1.1546839475631714  1.154952883720398           0.0  0.015339714755335496
1.154952883720398  1.1552218198776245           0.0  0.015274183433569458
1.1552218198776245  1.1554909944534302           0.0  0.015253547763381574
1.1554909944534302  1.1557602882385254           0.0  0.015188972695418579
1.1557602882385254  1.1560297012329102           0.0  0.015175177041654287
1.1560297012329102  1.1562992334365845  0.007557349741323271  0.015114517226535685
1.1562992334365845  1.1565688848495483  0.007550305154442349  0.015100792399496814
1.1565688848495483  1.1568386554718018           0.0  0.015053843112281284
1.1568386554718018  1.1571085453033447           0.0  0.015040176089546794
1.1571085453033447  1.1573786735534668           0.0  0.014999325331882155
1.1573786735534668  1.1576488018035889           0.0  0.01499232538250898
1.1576488018035889  1.1579190492630005  0.00747652532561401  0.014956152909847165
1.1579190492630005  1.1581895351409912  0.007469545530835002  0.014935992984694495
1.1581895351409912  1.158460021018982           0.0  0.014903042839734124
1.158460021018982  1.1587307453155518           0.0  0.014882963301698686
1.1587307453155518  1.1590014696121216           0.0  0.014848772773392348
1.1590014696121216  1.1592724323272705           0.0  0.014828775433043718
1.1592724323272705  1.159543514251709           0.0  0.014788833156829127
1.159543514251709  1.1598145961761475           0.0  0.01478192000818261
1.1598145961761475  1.160085916519165  0.00736945408374568  0.014738697470620411
1.160085916519165  1.1603573560714722  0.007362561410534886  0.014725333326893766
1.1603573560714722  1.1606289148330688           0.0  0.014689720969554008
1.1606289148330688  1.160900592803955           0.0  0.014676404363032297
1.160900592803955  1.1611723899841309           0.0  0.014646643791918485
1.1611723899841309  1.1614443063735962           0.0  0.014633368929529116
1.1614443063735962  1.1617164611816406  0.00730199056516915  0.014600560663363515
1.1617164611816406  1.161988615989685  0.007295151233466832  0.014593721331661196
1.161988615989685  1.162260890007019  0.0072782902675475455  0.014559540079688446
1.162260890007019  1.1625334024429321  0.007271470269642593  0.014539984969695148
1.1625334024429321  1.1628059148788452  0.006356345131981589  0.014949934315262288
1.1628059148788452  1.1630786657333374  0.00635038662528805  0.014930039700642602
1.1630786657333374  1.1633515357971191  0.007228965585359005  0.014454540784111835
1.1633515357971191  1.1636244058609009  0.007222186402238794  0.014447761600991623
1.1636244058609009  1.1638975143432617           0.0  0.014417100264464109
1.1638975143432617  1.164170742034912           0.0  0.014404047361411012
1.164170742034912  1.164444088935852           0.0  0.01438141157909302
1.164444088935852  1.1647175550460815           0.0  0.014368393444953055
1.1647175550460815  1.1649911403656006           0.0  0.01434938213747143
1.1649911403656006  1.1652648448944092           0.0  0.014336395255496785
1.1652648448944092  1.1655387878417969           0.0  0.014314268800160356
1.1655387878417969  1.1658127307891846           0.0  0.014307541659705207
1.1658127307891846  1.1660869121551514  0.007142471190230095  0.01428158435948125
1.1660869121551514  1.1663610935211182  0.007135756727040209  0.014274869896291365
1.1663610935211182  1.166635513305664  -0.0017620463584781313  0.015108562570688358
1.166635513305664  1.16690993309021  -0.0017603892411425244  0.0151010657337245
1.16690993309021  1.167184591293335  0.02135071010978331  0.017432621416020068
1.167184591293335  1.1674593687057495  0.02133061897947731  0.017416537708308335
1.1674593687057495  1.1677342653274536  0.006229290631102601  0.014647955507325203
1.1677342653274536  1.1680092811584473  0.0062234262156982715  0.01463469644919539
1.1680092811584473  1.1682844161987305           0.0  0.014200748593672957
1.1682844161987305  1.1685596704483032           0.0  0.01418791284977744
1.1685596704483032  1.168835163116455  0.007094046937865558  0.014184750551624872
1.168835163116455  1.169110655784607  0.007087361865314491  0.014178065479073805
1.169110655784607  1.169386386871338  0.007088257907900378  0.014173173905294736
1.169386386871338  1.1696621179580688  0.007081575662503387  0.014166491659897744
1.1696621179580688  1.169938087463379  0.00708441008338988  0.014168536814352687
1.169938087463379  1.1702141761779785  0.007077727526386476  0.014155738149243263
1.1702141761779785  1.1704902648925781  0.007082455318743101  0.014167682067781476
1.1704902648925781  1.1707665920257568  0.007075773181538473  0.014148778630603109
1.1707665920257568  1.171043038368225           0.0  0.014157626446196055
1.171043038368225  1.171319603919983           0.0  0.014144843390946774
1.171319603919983  1.1715964078903198  0.014145987479782003  0.014144316694619121
1.1715964078903198  1.1718732118606567  0.01413262514484086  0.01413596493932241
1.1718732118606567  1.1721501350402832           0.0  0.014139377732764974
1.1721501350402832  1.1724272966384888           0.0  0.014120538073283149
1.1724272966384888  1.1727045774459839           0.0  0.014129068038693763
1.1727045774459839  1.172981858253479           0.0  0.014122388106918191
1.172981858253479  1.1732593774795532           0.0  0.014132256545554266
1.1732593774795532  1.173537015914917           0.0  0.01411950627135623
1.173537015914917  1.1738147735595703           0.0  0.0141335915805672
1.1738147735595703  1.1740926504135132           0.0  0.01412084235270464
1.1740926504135132  1.1743706464767456           0.0  0.014131123252562284
1.1743706464767456  1.1746488809585571           0.0  0.014112328692960557
1.1746488809585571  1.1749271154403687  0.00705761187575448  0.014117925274598158
1.1749271154403687  1.1752055883407593  0.007050926851044865  0.014099155770622344
1.1752055883407593  1.17548406124115           0.0  0.014105376451359179
1.17548406124115  1.1757627725601196           0.0  0.014086631999693596
1.1757627725601196  1.176041603088379           0.0  0.014096384460089246
1.176041603088379  1.1763205528259277           0.0  0.014083679010445903
1.1763205528259277  1.1765996217727661  0.021143141456574904  0.017263098186813697
1.1765996217727661  1.176878809928894  0.021123088227871557  0.017247133652525677
1.176878809928894  1.177158236503601           0.0  0.014099637279136181
1.177158236503601  1.177437663078308           0.0  0.014092945097498562
1.177437663078308  1.1777173280715942  0.014129617286141153  0.014127939949988615
1.1777173280715942  1.1779969930648804  0.01411620257889621  0.014119555459331285
1.1779969930648804  1.1782768964767456  0.007083267760721787  0.014166185589847285
1.1782768964767456  1.1785569190979004  0.007076538788446762  0.01415342719333327
1.1785569190979004  1.1788370609283447           0.0  0.014202092008330123
1.1788370609283447  1.1791173219680786           0.0  0.01418930457191883
1.1791173219680786  1.179397702217102           0.0  0.014252095000532095
1.179397702217102  1.1796783208847046           0.0  0.014233214201444985
1.1796783208847046  1.1799589395523071           0.0  0.014317529452539344
1.1799589395523071  1.1802397966384888           0.0  0.014298569615238187
1.1802397966384888  1.1805206537246704           0.0  0.014404836411487367
1.1805206537246704  1.1808017492294312           0.0  0.014385768749816234
1.1808017492294312  1.1810829639434814  0.007272155276442487  0.014543928917461518
1.1810829639434814  1.1813642978668213  0.007265231046715462  0.014530843385487567
1.1813642978668213  1.1816457509994507  -0.0009134514145144738  0.015233922589964482
1.1816457509994507  1.1819274425506592  -0.00091258118576101  0.01521394076024739
1.1819274425506592  1.1822091341018677  0.0075553612535920675  0.015113512997977314
1.1822091341018677  1.1824910640716553  0.007548160947058835  0.015093535091954846
1.1824910640716553  1.1827731132507324  0.007731399036755674  0.015459111627065897
1.1827731132507324  1.1830551624298096  0.007724027901617454  0.015451740491927676
1.1830551624298096  1.1833374500274658           0.0  0.01570831720854473
1.1833374500274658  1.1836198568344116           0.0  0.015694195039472898
1.1836198568344116  1.1839025020599365           0.0  0.01573473509464688
1.1839025020599365  1.1841851472854614           0.0  0.015727223857481508
1.1841851472854614  1.1844680309295654           0.0  0.015562283434755993
1.1844680309295654  1.1847509145736694           0.0  0.015554851804360078
1.1847509145736694  1.1850340366363525           0.0  0.015288167512041146
1.1850340366363525  1.1853172779083252           0.0  0.015274431668606309
1.1853172779083252  1.1856006383895874  0.0074818620752561404  0.014963294001477655
1.1856006383895874  1.1858841180801392  0.007474711327092896  0.014949852416815883
1.1858841180801392  1.1861677169799805  0.007307874123052355  0.014618393871989968
1.1861677169799805  1.1864515542984009  0.007300885718593681  0.014599129297790198
1.1864515542984009  1.1867353916168213  0.0071292815697754  0.014261137844980072
1.1867353916168213  1.1870194673538208  0.007122461407671847  0.014242351501600333
1.1870194673538208  1.1873036623001099  0.0069329265204023695  0.013865440900822248
1.1873036623001099  1.1875879764556885  0.006926290253170302  0.013852992276296933
1.1875879764556885  1.1878724098205566           0.0  0.013415015610043579
1.1878724098205566  1.188157081604004           0.0  0.013397359942978616
1.188157081604004  1.1884417533874512           0.0  0.012926964176727888
1.1884417533874512  1.1887266635894775           0.0  0.012909957779518203
1.1887266635894775  1.189011573791504           0.0  0.012459906881968952
1.189011573791504  1.1892967224121094           0.0  0.012443521173946532
1.1892967224121094  1.1895819902420044  -0.0007459145782261825  0.012437247761329373
1.1895819902420044  1.189867377281189  -0.000745199261619815  0.012426067613578345
1.189867377281189  1.1901530027389526           0.0  0.011803172331563206
1.1901530027389526  1.1904386281967163           0.0  0.0117975083915212
1.1904386281967163  1.190724492073059           0.0  0.011662522782292562
1.190724492073059  1.1910104751586914           0.0  0.011652064145007704
1.1910104751586914  1.1912965774536133  0.0057964680063070885  0.011592565971992447
1.1912965774536133  1.1915827989578247  0.005790901198272716  0.011582172105389636
1.1915827989578247  1.1918691396713257           0.0  0.011548774669169981
1.1918691396713257  1.1921555995941162           0.0  0.011538422192607296
1.1921555995941162  1.1924422979354858  0.005756337258841917  0.011512298957587146
1.1924422979354858  1.192729115486145  0.005750802827005708  0.011501980877506427
1.192729115486145  1.1930159330368042  0.0057395207360106055  0.011481049980615676
1.1930159330368042  1.1933029890060425  0.005734001766948623  0.011465997658573975
1.1933029890060425  1.1935902833938599  0.00572325290877139  0.011443751333381996
1.1935902833938599  1.1938775777816772  0.005717745266126517  0.011438243690737124
1.1938775777816772  1.1941649913787842  0.011414623688562194  0.011416608035077288
1.1941649913787842  1.1944526433944702  0.01140363507603606  0.01140264415938145
1.1944526433944702  1.1947404146194458           0.0  0.01138283635044319
1.1947404146194458  1.195028305053711           0.0  0.011372641478998764
1.195028305053711  1.1953163146972656  0.011352029733089842  0.011351836256830157
1.1953163146972656  1.1956044435501099  0.011341091878344029  0.011341478481090163
1.1956044435501099  1.1958928108215332  0.022642250683347787  0.016010212610137867
1.1958928108215332  1.196181297302246  0.02262041753704593  0.015995326770887445
1.196181297302246  1.196469783782959           0.0  0.011292467521856385
1.196469783782959  1.196758508682251           0.0  0.011277700747804468
1.196758508682251  1.1970473527908325  0.01689016037348089  0.013791938454417185
1.1970473527908325  1.1973364353179932  0.016873860071224312  0.013776270238759125
1.1973364353179932  1.1976255178451538  0.011229950996693813  0.01123186852290353
1.1976255178451538  1.1979148387908936  0.011219108500553064  0.011218150949260498
1.1979148387908936  1.1982042789459229  0.011200036951259082  0.011199836907513368
1.1982042789459229  1.1984938383102417  0.01118921744625075  0.011189617172236264
1.1984938383102417  1.19878351688385  0.005585061969563338  0.011169722113990936
1.19878351688385  1.199073314666748  0.005579665171333557  0.011159731808406632
1.199073314666748  1.199363350868225  0.0055702026093976545  0.011139999617646019
1.199363350868225  1.1996535062789917  0.005564816130847891  0.01113003750012995
1.1996535062789917  1.1999437808990479  0.016666679207108213  0.013608037155946941
1.1999437808990479  1.2002341747283936  0.016650556790038823  0.013595371894102396
1.2002341747283936  1.2005246877670288  0.011081966851443258  0.011081762340374762
1.2005246877670288  1.2008153200149536  0.011071243208485864  0.011071651861221039
1.2008153200149536  1.2011061906814575           0.0  0.011052379057619811
1.2011061906814575  1.201397180557251           0.0  0.011042500728035644
1.201397180557251  1.201688289642334           0.0  0.011023414288442333
1.201688289642334  1.2019795179367065           0.0  0.011013563459588059
1.2019795179367065  1.2022708654403687  0.005497497294406914  0.010996826306415563
1.2022708654403687  1.2025624513626099  0.0054921690627441596  0.01098250879272391
1.2025624513626099  1.202854037284851  0.027414943568114934  0.01734017333975771
1.202854037284851  1.2031458616256714  0.027388362396093633  0.017320482446498097
1.2031458616256714  1.2034378051757812  0.005468426487711112  0.010938663028170103
1.2034378051757812  1.2037299871444702  0.005463120574285831  0.010924433450433866
1.2037299871444702  1.2040221691131592  0.016361849125196955  0.013360496554249542
1.2040221691131592  1.2043145895004272  0.01634596768903894  0.013345325387208395
1.2043145895004272  1.2046071290969849  0.005439521758781889  0.010878617156043411
1.2046071290969849  1.204899787902832  0.005434239299005051  0.010868904578869113
1.204899787902832  1.2051925659179688           0.0  0.010849579207531877
1.2051925659179688  1.205485463142395           0.0  0.010839894204270551
1.205485463142395  1.2057785987854004  0.00541044282552751  0.010820454292762592
1.2057785987854004  1.2060718536376953  0.005405183219042398  0.010810797411404859
1.2060718536376953  1.2063652276992798           0.0  0.010791499114483495
1.2063652276992798  1.2066587209701538           0.0  0.010781869406296657
1.2066587209701538  1.206952452659607  0.005381573539982547  0.010760528328776425
1.206952452659607  1.20724618434906  0.0053763373119272515  0.010755292100721129
1.20724618434906  1.2075401544570923  0.00536730389733502  0.010734170072808746
1.2075401544570923  1.207834243774414  0.005362078617735524  0.010724594566858906
1.207834243774414  1.2081284523010254  0.01070653330258291  0.010708261609940026
1.2081284523010254  1.2084228992462158  0.010696104549198733  0.01069524148106416
1.2084228992462158  1.2087173461914062  0.005339330909339951  0.010680381285928745
1.2087173461914062  1.2090120315551758  0.0053341285466976494  0.010666539854520832
1.2090120315551758  1.2093068361282349  0.005325333136035777  0.010650222303063011
1.2093068361282349  1.2096017599105835  0.005320141708365708  0.010640726989914908
1.2096017599105835  1.2098969221115112  0.005311411433965105  0.010622375582000639
1.2098969221115112  1.2101922035217285  0.005306229891083003  0.010612906669379554
1.2101922035217285  1.2104874849319458  0.01059526678469031  0.010596957178069518
1.2104874849319458  1.2107830047607422  0.010584929614683679  0.010584085478282825
1.2107830047607422  1.2110787630081177  0.005284013607102502  0.010565447020260493
1.2110787630081177  1.2113745212554932  0.005278854479127119  0.010560287892285114
1.2113745212554932  1.2116705179214478  0.01581235238740694  0.012910454034138527
1.2116705179214478  1.211966633796692  0.01579690540964318  0.012898396629497988
1.211966633796692  1.2122628688812256  0.026290215610155317  0.016627032763780296
1.2122628688812256  1.2125592231750488  0.02626452666909517  0.016611504397323167
1.2125592231750488  1.2128558158874512  0.015737222769030244  0.012849108054834682
1.2128558158874512  1.213152527809143  0.01572183420251519  0.012837104145685313
1.213152527809143  1.2134493589401245  0.005233927310380769  0.010467395061700972
1.2134493589401245  1.2137463092803955  0.005228807518026628  0.010458074185891383
1.2137463092803955  1.214043378829956  0.005222782886821912  0.01044719899102223
1.214043378829956  1.2143406867980957  0.0052176711596462885  0.010433711210467631
1.2143406867980957  1.214638113975525  0.005212996361325385  0.010425528188453749
1.214638113975525  1.2149356603622437  0.005207891792581096  0.010416247705845243
1.2149356603622437  1.215233325958252  -0.0006435124997147086  0.010731754009767634
1.215233325958252  1.2155312299728394  -0.0006428820441101328  0.01071800785814715
1.2155312299728394  1.2158292531967163  -0.0006437007304197742  0.010732803629592823
1.2158292531967163  1.2161273956298828  -0.0006430697829041261  0.010723224769708327
1.2161273956298828  1.2164256572723389  0.005230524877262886  0.010462663384825361
1.2164256572723389  1.216724157333374  0.005225395448145083  0.010449179345600084
1.216724157333374  1.2170226573944092  0.01059017812529531  0.01059180749411353
1.2170226573944092  1.2173213958740234  0.010579789136025352  0.010578975469901166
1.2173213958740234  1.2176202535629272           0.0  0.010815402321476424
1.2176202535629272  1.2179193496704102           0.0  0.010801475632253098
1.2179193496704102  1.218218445777893  0.005542890797948992  0.011087475643376378
1.218218445777893  1.218517780303955  0.005537447788015683  0.0110732037091516
1.218517780303955  1.2188172340393066           0.0  0.0113571824672866
1.2188172340393066  1.2191169261932373           0.0  0.011342570725861902
1.2191169261932373  1.219416618347168  0.005798848321957083  0.011599456858780083
1.219416618347168  1.2197165489196777  0.005793147984786071  0.011584538018636731
1.2197165489196777  1.220016598701477           0.0  0.011806539980318496
1.220016598701477  1.220316767692566           0.0  0.011796046120967052
1.220316767692566  1.2206171751022339  0.005999233959437362  0.011995515689568588
1.2206171751022339  1.2209175825119019  0.005993330953620219  0.011989612683751445
1.2209175825119019  1.221218228340149           0.0  0.012184422267401827
1.221218228340149  1.221519112586975           0.0  0.012168772229758184
1.221519112586975  1.2218199968338013  0.011581918957256306  0.01272237143833065
1.2218199968338013  1.2221211194992065  0.011570511801314081  0.01270704296686315
1.2221211194992065  1.2224223613739014           0.0  0.01247183337517647
1.2224223613739014  1.2227237224578857           0.0  0.012460755794117186
1.2227237224578857  1.2230252027511597  0.006273080060054548  0.012548025456114881
1.2230252027511597  1.2233269214630127  0.006266895399288914  0.012531927855572757
1.2233269214630127  1.2236287593841553  -0.0007729242899371512  0.012887373527976465
1.2236287593841553  1.2239307165145874  -0.0007721618481522333  0.012875893237912783
1.2239307165145874  1.2242329120635986           0.0  0.012338169374504248
1.2242329120635986  1.2245352268218994           0.0  0.012327215662506668
1.2245352268218994  1.2248375415802002  -0.0007482769712633305  0.012481183519030464
1.2248375415802002  1.2251402139663696  -0.0007475381313824796  0.012460529555476852
1.2251402139663696  1.225442886352539           0.0  0.011882486727394977
1.225442886352539  1.2257457971572876           0.0  0.01186726834106175
1.2257457971572876  1.2260488271713257  0.011688078347029932  0.011687782932716172
1.2260488271713257  1.2263519763946533  0.01167652669428178  0.011677116991195658
1.2263519763946533  1.22665536403656           0.0  0.011541818490410534
1.22665536403656  1.2269587516784668           0.0  0.011536110645565438
1.2269587516784668  1.2272623777389526           0.0  0.011435165828326349
1.2272623777389526  1.2275662422180176           0.0  0.011420538856635217
1.2275662422180176  1.2278701066970825  0.005666270060975697  0.011334178896804254
1.2278701066970825  1.2281742095947266  0.005660661703060852  0.011319686726648159
1.2281742095947266  1.2284784317016602  0.01687052242794585  0.013774367105193058
1.2284784317016602  1.2287827730178833  0.01685381640825079  0.013761439923009797
1.2287827730178833  1.2290873527526855  0.011179245327244538  0.011178953550690778
1.2290873527526855  1.2293920516967773  0.011168167654789993  0.011168750682905675
1.2293920516967773  1.2296968698501587  0.0055574247148429436  0.01111426675573068
1.2296968698501587  1.2300018072128296  0.005551916064919121  0.011104414287270237
1.2300018072128296  1.2303069829940796  0.005526869763220966  0.01105315567045879
1.2303069829940796  1.2306122779846191  0.005521387870705357  0.011043359079912862
1.2306122779846191  1.2309176921844482  0.005500033469995339  0.011001628641597047
1.2309176921844482  1.2312233448028564  0.00549457556474295  0.01098759142048912
1.2312233448028564  1.2315289974212646  0.016422420918357997  0.013409799825256145
1.2315289974212646  1.231834888458252  0.016406118937117065  0.013394591867298024
1.231834888458252  1.2321410179138184           0.0  0.010898060254238619
1.2321410179138184  1.2324471473693848           0.0  0.010892646282120503
1.2324471473693848  1.2327535152435303  0.005429524388597039  0.010858461802672059
1.2327535152435303  1.2330600023269653  0.005424128543302202  0.010848843541193257
1.2330600023269653  1.2333667278289795           0.0  0.010816548510618827
1.2333667278289795  1.2336734533309937           0.0  0.010811169921562733
1.2336734533309937  1.233980417251587  0.010783940458288328  0.010785443334741072
1.233980417251587  1.2342876195907593  0.01077321140482654  0.010772460897249907
1.2342876195907593  1.2345948219299316  0.005376548049212014  0.01075459069192153
1.2345948219299316  1.234902262687683  0.005371197202809321  0.010740901714514006
1.234902262687683  1.2352098226547241  0.00536060816911083  0.010720623686563078
1.2352098226547241  1.2355175018310547  0.0053552709405443105  0.010711134008143988
1.2355175018310547  1.2358254194259644  0.010687071503847028  0.01068677403211522
1.2358254194259644  1.2361334562301636  0.010676423550101835  0.010677017958707747
1.2361334562301636  1.2364416122436523  0.010652759404118653  0.01065422300787676
1.2364416122436523  1.2367500066757202  0.010642140394092706  0.010641409497430072
1.2367500066757202  1.2370585203170776  0.01592933576220545  0.013005882212193912
1.2370585203170776  1.2373671531677246  0.015913450029655673  0.012993643179967845
1.2373671531677246  1.2376759052276611  0.010587520997286158  0.010588965267933721
1.2376759052276611  1.2379848957061768  0.010576957574869403  0.010576236332212883
1.2379848957061768  1.238294005393982           0.0  0.010557515075079526
1.238294005393982  1.2386032342910767           0.0  0.010548176821826634
1.2386032342910767  1.2389127016067505  0.021060421207193  0.014891540232420132
1.2389127016067505  1.2392222881317139  0.021039384855518695  0.014877517731828157
1.2392222881317139  1.2395319938659668  0.010501226741925569  0.010500924916261898
1.2395319938659668  1.2398418188095093  0.010490734921512018  0.010491338030399443
1.2398418188095093  1.2401518821716309  0.005235293805139476  0.010469981694452325
1.2401518821716309  1.240462064743042  0.005230059664340846  0.010460724708790654
1.240462064743042  1.2407724857330322  0.005218621855880653  0.0104346331371516
1.2407724857330322  1.2410829067230225  0.0052134020125806915  0.010429413293851638
1.2410829067230225  1.2413935661315918  0.005202561730662098  0.010406509984459937
1.2413935661315918  1.2417044639587402  0.005197354411505808  0.010393324056717885
1.2417044639587402  1.2420153617858887           0.0  0.010379611708946348
1.2420153617858887  1.2423264980316162           0.0  0.010366464817214191
1.2423264980316162  1.2426377534866333  0.010353847070128043  0.010355216784243866
1.2426377534866333  1.2429492473602295  0.010343474583059965  0.010342790570445787
1.2429492473602295  1.2432608604431152           0.0  0.010331463911470058
1.2432608604431152  1.2435725927352905           0.0  0.010322336298164432
1.2435725927352905  1.2438844442367554           0.0  0.010316463493633896
1.2438844442367554  1.2441965341567993           0.0  0.010303412394579584
1.2441965341567993  1.2445087432861328           0.0  0.010303275247518395
1.2445087432861328  1.2448211908340454           0.0  0.01029024651205546
1.2448211908340454  1.245133638381958  0.005145598397296067  0.01029253850520066
1.245133638381958  1.2454463243484497  0.005140434331102024  0.010279528647529334
1.2454463243484497  1.2457592487335205           0.0  0.010280627555746444
1.2457592487335205  1.2460721731185913           0.0  0.01027546403612195
1.2460721731185913  1.2463853359222412  0.015419378305427715  0.012590682830986405
1.2463853359222412  1.2466987371444702  0.015403883068575024  0.012576405668468703
1.2466987371444702  1.2470121383666992  0.02055615366726495  0.014536331902147325
1.2470121383666992  1.2473257780075073  0.02053549203995762  0.014519850549296913
1.2473257780075073  1.2476396560668945  0.0051373805288127605  0.010272176809116199
1.2476396560668945  1.2479535341262817  0.00513221333174461  0.010267009612048048
1.2479535341262817  1.248267650604248  0.015406672667790808  0.012579105784403716
1.248267650604248  1.248581886291504  0.015391169619609063  0.01256722678719698
1.248581886291504  1.2488963603973389           0.0  0.010269591654147989
1.2488963603973389  1.2492109537124634           0.0  0.010260530703713678
1.2492109537124634  1.2495256662368774  0.020546243779890838  0.014529308645591134
1.2495256662368774  1.2498406171798706  0.020525546490061285  0.014512833871565723
1.2498406171798706  1.2501556873321533  0.010275920395916578  0.010275597083349592
1.2501556873321533  1.2504708766937256  0.010265564320150213  0.010266210364758053
1.2504708766937256  1.2507861852645874  0.005135951159967366  0.01027319412654969
1.2507861852645874  1.2511017322540283  0.0051307728903092304  0.010260255600963214
1.2511017322540283  1.2514175176620483           0.0  0.010258308675160012
1.2514175176620483  1.2517333030700684           0.0  0.010253132773579542
1.2517333030700684  1.2520493268966675  0.005124157091065322  0.010247659558123295
1.2520493268966675  1.2523654699325562  0.005118985231081485  0.010238624509008282
1.2523654699325562  1.252681851387024           0.0  0.010240218211401966
1.252681851387024  1.2529983520507812           0.0  0.01023119110164704
1.2529983520507812  1.2533149719238281           0.0  0.01024140594533395
1.2533149719238281  1.253631830215454           0.0  0.010228529119803341
1.253631830215454  1.2539488077163696  0.005121704554277032  0.010242745115362526
1.2539488077163696  1.2542659044265747  0.005116527554368459  0.010233718516772823
1.2542659044265747  1.2545832395553589  0.010249708426836862  0.010249374329603784
1.2545832395553589  1.2549006938934326  0.010239341664965417  0.01024000925976874
1.2549006938934326  1.255218267440796  0.010256605897740472  0.010257858761189046
1.255218267440796  1.2555360794067383  0.010246227347432206  0.010245601683332484
1.2555360794067383  1.2558540105819702  0.015398382289046301  0.012572313086207468
1.2558540105819702  1.2561720609664917  0.015382794343164908  0.01256041201317381
1.2561720609664917  1.2564903497695923  0.0051407454114367835  0.010280810928902474
1.2564903497695923  1.2568087577819824  0.005135537952662002  0.010271755200418684
1.2568087577819824  1.2571274042129517  0.010299248894903017  0.010297943858065591
1.2571274042129517  1.257446050643921  0.010288811907140896  0.010291420492710732
1.257446050643921  1.2577650547027588  0.005161044025884178  0.01031947074812947
1.2577650547027588  1.2580840587615967  0.005155810745911176  0.010314237468156469
1.2580840587615967  1.2584033012390137           0.0  0.010362980428214817
1.2584033012390137  1.2587226629257202           0.0  0.010353856517508973
1.2587226629257202  1.2590422630310059           0.0  0.010419958160795939
1.2590422630310059  1.259361982345581           0.0  0.010410785433582051
1.259361982345581  1.2596818208694458           0.0  0.01049975981197777
1.2596818208694458  1.2600018978118896           0.0  0.010486610177279925
1.2600018978118896  1.260322093963623           0.0  0.010622381747104934
1.260322093963623  1.260642409324646           0.0  0.01061303357454594
1.260642409324646  1.260962963104248           0.0  0.010801350441529857
1.260962963104248  1.2612836360931396           0.0  0.010791845854948958
1.2612836360931396  1.2616045475006104  0.011030415739287315  0.011030036787466196
1.2616045475006104  1.2619255781173706  0.011019196611548985  0.01101995383537183
1.2619255781173706  1.2622467279434204           0.0  0.011269885887328954
1.2622467279434204  1.2625681161880493           0.0  0.011255794370234495
1.2625681161880493  1.2628896236419678  0.005706320688159343  0.011411850863950355
1.2628896236419678  1.2632112503051758  0.005700511528330241  0.011401812873685389
1.2632112503051758  1.263533115386963  0.005695651900739762  0.0113905106750465
1.263533115386963  1.2638550996780393  0.005689850125519897  0.011380492679915264
1.2638550996780393  1.2641773223876953           0.0  0.011238372688554663
1.2641773223876953  1.264499545097351           0.0  0.011232645112120715
1.264499545097351  1.2648221254348755           0.0  0.011023253954954815
1.2648221254348755  1.2651447057724           0.0  0.01101763264544588
1.2651447057724  1.2654675245285034  0.010778340843512417  0.010779569146575952
1.2654675245285034  1.265790581703186  0.010767344584260184  0.010766731181627695
1.265790581703186  1.2661137580871582           0.0  0.010521470936705619
1.2661137580871582  1.26643705368042           0.0  0.010512222624856488
1.26643705368042  1.2667604684829712           0.0  0.01026141155214604
1.2667604684829712  1.2670841217041016           0.0  0.01024861593545724
1.2670841217041016  1.267408013343811  0.00996987067617313  0.009968596998345037
1.267408013343811  1.2677319049835205  0.00995968450753125  0.009962230398911776
1.2677319049835205  1.2680561542510986  0.008449771948545709  0.010218563891760908
1.2680561542510986  1.2683804035186768  0.008441133745212732  0.010211890160657362
1.2683804035186768  1.268704891204834  0.013932321113031195  0.011375282167824857
1.268704891204834  1.2690294981002808  0.013918071961758779  0.011364468179890707
1.2690294981002808  1.2693543434143066           0.0  0.008953020953136175
1.2693543434143066  1.269679307937622           0.0  0.008945156434097616
1.269679307937622  1.2700045108795166  0.0043474943283890516  0.008692762749703615
1.2700045108795166  1.2703297138214111  0.004343043653899365  0.008688312075213927
1.2703297138214111  1.270655274391174  0.008535242490699259  0.008534149273439874
1.270655274391174  1.2709808349609375  0.008526499552770883  0.008528684727232746
1.2709808349609375  1.2713067531585693  0.004226417319228377  0.008450668185288267
1.2713067531585693  1.2716326713562014  0.0042220855234081376  0.008446336389465148
1.2716326713562014  1.271958827972412           0.0  0.008409711118465923
1.271958827972412  1.2722851037979126           0.0  0.00840232768448876
1.2722851037979126  1.2726116180419922  0.004190795001355524  0.008380968956222975
1.2726116180419922  1.2729382514953613  0.004186495561068607  0.008373611623432278
1.2729382514953613  1.2732651233673096  0.012535567753061014  0.010233934669819917
1.2732651233673096  1.2735919952392578  0.012522701865480873  0.010226055954926712
1.2735919952392578  1.2739192247390747           0.0  0.00833203767215066
1.2739192247390747  1.2742464542388916           0.0  0.008327758298233474
1.2742464542388916  1.2745740413665771  0.008312200002194002  0.008311132019927756
1.2745740413665771  1.2749016284942627  0.008303658888148343  0.008305793617856997
1.2749016284942627  1.2752294540405273  0.004145520325680546  0.008291922405452594
1.2752294540405273  1.275557518005371  0.004141258204048076  0.008281635747876728
1.275557518005371  1.2758855819702148  0.004135241728923647  0.008272861861486179
1.2758855819702148  1.2762140035629272  0.004130988539586139  0.008259602487532651
1.2762140035629272  1.2765424251556396  0.008250060294442009  0.008250930578057307
1.2765424251556396  1.2768710851669312  0.008241571182164276  0.008241136568338277
1.2768710851669312  1.2771999835968018  0.004114860722151336  0.008229092991509344
1.2771999835968018  1.277529001235962  0.004110623527949763  0.008221874957454259
1.277529001235962  1.2778581380844116  0.008209655615255407  0.008210512744058259
1.2778581380844116  1.2781875133514404  0.008201198344816354  0.008200770300112634
1.2781875133514404  1.2785170078277588  0.020474299305724024  0.012948586008343733
1.2785170078277588  1.2788466215133667  0.020453200209366553  0.01293623701660632
1.2788466215133667  1.2791765928268433  0.0040849469645274274  0.008167786999158582
1.2791765928268433  1.2795065641403198  0.004080734191445094  0.008163574226076248
1.2795065641403198  1.2798367738723755  0.004075194008227483  0.008149755734127353
1.2798367738723755  1.2801671028137207  0.004070989581340876  0.008142610890691127
1.2801671028137207  1.280497670173645  0.00406562953469233  0.008130625496167344
1.280497670173645  1.2808283567428589  0.004061432652171906  0.008123498322181155
1.2808283567428589  1.2811592817306519  0.008112560606354428  0.008112243160681248
1.2811592817306519  1.2814903259277344  0.008104181700811869  0.008104816023296366
1.2814903259277344  1.2818214893341064           0.0  0.008095157341149415
1.2818214893341064  1.2821528911590576           0.0  0.008085153088145549
1.2821528911590576  1.2824844121932983  0.004038213934904253  0.008077242553714238
1.2824844121932983  1.2828161716461182  0.004034039196522611  0.008067264715520581
1.2828161716461182  1.2831480503082275           0.0  0.008059526794437291
1.2831480503082275  1.283480167388916           0.0  0.008049574523537842
1.283480167388916  1.283812403678894  0.004020627001300516  0.008042056587142953
1.283812403678894  1.2841448783874512  0.004016465541529134  0.008032129489225036
1.2841448783874512  1.2844774723052979           0.0  0.008023265739770068
1.2844774723052979  1.284810185432434           0.0  0.008016237467403847
1.284810185432434  1.2851431369781494  0.008006512434968669  0.008006191645946551
1.2851431369781494  1.2854762077331543  0.007998217777302039  0.007998858780566869
1.2854762077331543  1.2858095169067383           0.0  0.007990019763452059
1.2858095169067383  1.2861430644989014           0.0  0.007980168544148984
1.2861430644989014  1.2864766120910645  0.007972121640187416  0.007972902232333072
1.2864766120910645  1.2868103981018066  0.007963854993041804  0.007963465168481168
1.2868103981018066  1.2871444225311282  0.003977482238076216  0.007954319044508293
1.2871444225311282  1.2874785661697388  0.00397335489402032  0.007947354654578246
1.2874785661697388  1.2878128290176394  0.007937713607489261  0.00793848249032735
1.2878128290176394  1.2881473302841187  0.007929473634530219  0.007929089657280574
1.2881473302841187  1.2884820699691772           0.0  0.00791988206930533
1.2884820699691772  1.2888169288635254           0.0  0.007912949138816209
1.2888169288635254  1.289151906967163  0.011855204429489332  0.009680197619346891
1.289151906967163  1.2894871234893799  0.011842884318558754  0.009669211366449462
1.2894871234893799  1.2898224592208862  0.003943242073806972  0.007887235703970848
1.2898224592208862  1.2901580333709717  0.003939142080930942  0.007877533530002586
1.2901580333709717  1.2904937267303467  0.015739003084247027  0.011129683187953371
1.2904937267303467  1.2908296585083008  0.015722629174866772  0.01111705095319969
1.2908296585083008  1.2911657094955444  0.00392617268211325  0.007851693836978214
1.2911657094955444  1.2915018796920776  0.003922086585296699  0.007844824127798734
1.2915018796920776  1.2918384075164795  0.011752244848863577  0.009594418131181682
1.2918384075164795  1.2921749353408813  0.011740005244836184  0.009586922935072668
1.2921749353408813  1.2925117015838623  0.011725474213683598  0.009574255838419973
1.2925117015838623  1.2928487062454224  0.01171325633823226  0.009563388045800697
1.2928487062454224  1.2931857109069824           0.0  0.007800914940082748
1.2931857109069824  1.2935230731964111           0.0  0.007788582837394522
1.2935230731964111  1.2938605546951294  0.00778024233217339  0.007779914438303948
1.2938605546951294  1.2941981554031372  0.007772127862534239  0.00777278306295912
1.2941981554031372  1.294535994529724  0.0038806994213509273  0.007760742119207298
1.294535994529724  1.2948739528656006  0.003876649711411156  0.007753955572030941
1.2948739528656006  1.2952121496200562  0.007742631373354494  0.0077433372233951326
1.2952121496200562  1.2955505847930906  0.007734546074601611  0.007734193574362504
1.2955505847930906  1.2958890199661255           0.0  0.007726152560977651
1.2958890199661255  1.2962278127670288           0.0  0.007713964624318234
1.2962278127670288  1.2965666055679321  0.019264124901037294  0.01218532361347424
1.2965666055679321  1.296905755996704  0.019243990589453454  0.012169349397433133
1.296905755996704  1.297244906425476  0.0038436154873466993  0.00768927160091449
1.297244906425476  1.2975844144821167  0.0038395958584985074  0.007677154306538082
1.2975844144821167  1.2979239225387573  0.007668783111506681  0.007669468230919649
1.2979239225387573  1.298263669013977  0.007660760424824839  0.007660418276978891
1.298263669013977  1.2986036539077759  0.015300730198646893  0.010818781804573213
1.2986036539077759  1.2989437580108643  0.015284712200135374  0.01080839149171605
1.2989437580108643  1.2992841005325317  0.003344499500249939  0.007863950929070152
1.2992841005325317  1.2996245622634888  0.003340996493866513  0.007857039851302759
1.2996245622634888  1.299965262413025           0.0  0.0076141313699190595
1.299965262413025  1.3003060817718506           0.0  0.007607478745733021
1.3003060817718506  1.3006471395492554  0.00759735359513132  0.00759702110400175
1.3006471395492554  1.3009883165359497  0.007589387753102336  0.0075900521398927405
1.3009883165359497  1.3013297319412231  0.007579491206616017  0.007579158283718625
1.3013297319412231  1.3016712665557861  0.0075715396887343425  0.007572204938272961
1.3016712665557861  1.3020129203796387  0.007561190333272148  0.007563161006823343
1.3020129203796387  1.3023549318313599  0.007553253899332474  0.007552270045527658
1.3023549318313599  1.302696943283081  0.007542720582811881  0.007544681285392787
1.302696943283081  1.303039312362671  0.007534799734354627  0.00753382085785469
1.303039312362671  1.3033816814422607  0.007524225503977886  0.0075261762650421895
1.3033816814422607  1.3037244081497192  0.007516320008647971  0.007515346094793502
1.3037244081497192  1.3040671348571777  0.003752867627200783  0.0075076761111472845
1.3040671348571777  1.3044102191925049  0.0037489223060373396  0.007495906797888428
1.3044102191925049  1.3047533035278318  0.01123087009808665  0.009171149443962122
1.3047533035278318  1.3050967454910278  0.01121905765912501  0.009159141512246279
1.3050967454910278  1.3054401874542236  0.018671886591944856  0.011810656677692686
1.3054401874542236  1.305783987045288  0.018652236906446133  0.01179519389050927
1.305783987045288  1.3061277866363525           0.0  0.007452176768372665
1.3061277866363525  1.3064719438552856           0.0  0.007440512823659753
1.3064719438552856  1.3068162202835083  0.014863483067624018  0.010509594687823873
1.3068162202835083  1.3071606159210205  0.014847826331117055  0.01049947322996514
1.3071606159210205  1.3075052499771118  0.01853281664024589  0.01172065085165475
1.3075052499771118  1.3078500032424927  0.018513284188112916  0.011709360069542055
1.3078500032424927  1.3081949949264526  0.022183714690380073  0.012808296341366012
1.3081949949264526  1.3085402250289917  0.022160318511731697  0.012793743780007274
1.3085402250289917  1.3088855743408203  0.014752559520359844  0.01043205803370726
1.3088855743408203  1.309231162071228  0.014736992529028693  0.010420204692522108
1.309231162071228  1.3095768690109253  0.007358109393089756  0.007357772248819528
1.3095768690109253  1.3099226951599123  0.007350342680140484  0.007351016364985553
1.3099226951599123  1.3102687597274778  0.007339899698775681  0.0073404879979938305
1.3102687597274778  1.310615062713623  0.007332146907452003  0.007331853109748465
1.310615062713623  1.3109614849090576  0.018304539658046654  0.011577268475949625
1.3109614849090576  1.3113081455230713  0.018285195273550624  0.011564112339520836
1.3113081455230713  1.3116549253463745  0.010956039302970252  0.008945922755286514
1.3116549253463745  1.3120019435882568  0.010944455294582744  0.008935756620669063
1.3120019435882568  1.3123492002487183  0.010929763091378358  0.008922933737603471
1.3123492002487183  1.3126964569091797  0.010918200847939166  0.008915853338447162
1.3126964569091797  1.3130440711975098  0.010903976517549246  0.008902644040537935
1.3130440711975098  1.3133918046951292  0.01089243396350487  0.008894050212023125
1.3133918046951292  1.3137396574020386  0.0036262511493032963  0.007254307678288673
1.3137396574020386  1.3140878677368164  0.0036224107442542363  0.007243018918260302
1.3140878677368164  1.3144360780715942  0.003617884802355853  0.007236328454409188
1.3144360780715942  1.3147845268249512  0.00361405180946445  0.007227545447528536
1.3147845268249512  1.3151332139968872  0.003609447588685622  0.007218214724589264
1.3151332139968872  1.3154820203781128  0.0036056209489547654  0.007211921757460752
1.3154820203781128  1.3158310651779175  0.007202102431055746  0.007202650244633557
1.3158310651779175  1.3161803483963013  0.00719446206656908  0.007194188486770909
1.3161803483963013  1.3165297508239746  0.007185499277925697  0.007185158419758826
1.3165297508239746  1.3168792724609375  0.007177874057582361  0.0071785551635649
1.3168792724609375  1.3172290325164795  0.007168970931564369  0.007169509346625106
1.3172290325164795  1.3175790309906008  0.007161358279383123  0.0071610893930612535
1.3175790309906008  1.3179291486740112  0.017881284516484536  0.011309539277608244
1.3179291486740112  1.318279504776001  0.017862287195126392  0.011296680881521779
1.318279504776001  1.3186299800872803  0.0035680944922010056  0.007136718119022199
1.3186299800872803  1.3189806938171387  0.0035643018360899266  0.007128075178369496
1.3189806938171387  1.3193315267562866  0.0106801611601875  0.008721376403688525
1.3193315267562866  1.3196827173233032  0.010668801452646186  0.008709980091870805
1.3196827173233032  1.3200339078903198  0.007104329495654412  0.007104849508310619
1.3200339078903198  1.3203853368759153  0.007096770728050873  0.007096511031626229
1.3203853368759153  1.3207370042800906  0.0035444486025723444  0.007088210723605347
1.3207370042800906  1.3210887908935547  0.003540674946535127  0.0070820357765761415
1.3210887908935547  1.3214408159255981  0.010611005627965938  0.00866416189984374
1.3214408159255981  1.3217930793762207  0.010599701250754765  0.008654308111854964
1.3217930793762207  1.3221454620361326  0.003529835901322211  0.007058983907837734
1.3221454620361326  1.3224979639053345  0.0035260740097154387  0.007052835315059965
1.3224979639053345  1.3228507041931152  0.007045756886902914  0.007046257848560215
1.3228507041931152  1.323203682899475  0.007038243151136007  0.007037992968554518
1.323203682899475  1.3235567808151245  0.003516185787421735  0.007032868279388103
1.3235567808151245  1.323910117149353  0.003512434279019678  0.007024372453522359
1.323910117149353  1.3242636919021606  0.013606347115439265  0.010079618538849734
1.3242636919021606  1.3246173858642578  0.013591820541934925  0.010069848979437511
1.3246173858642578  1.324971318244934  0.01402057793157218  0.009913556058491214
1.324971318244934  1.3253253698349  0.014005602583889675  0.009903945784222268
1.3253253698349  1.3256796598434448  0.010509359237146467  0.008580430786648977
1.3256796598434448  1.3260340690612793  0.010498128483042771  0.008572110719608804
1.3260340690612793  1.326388716697693  0.0070166999029097465  0.007017180953838963
1.326388716697693  1.3267436027526855  0.007009196967747666  0.007008956728299201
1.3267436027526855  1.3270986080169678  0.01059736734296389  0.008653008792600583
1.3270986080169678  1.327453851699829  0.010586030312209853  0.0086431633104865
1.327453851699829  1.32780921459198           0.0  0.007176710791565781
1.32780921459198  1.32816481590271           0.0  0.007168060134029246
1.32816481590271  1.328520655632019           0.0  0.007337109370618994
1.328520655632019  1.3288766145706177           0.0  0.007330723337157208
1.3288766145706177  1.3292328119277954  -0.0004636318162286035  0.007729991429243207
1.3292328119277954  1.3295891284942627  -0.0004631350496380064  0.007723219170260358
1.3295891284942627  1.329945683479309  0.007623119388157399  0.007623622833840032
1.329945683479309  1.3303024768829346  0.0076149462368183905  0.007614694812920357
1.3303024768829346  1.3306593894958496  0.011485294065072607  0.009378010835208348
1.3306593894958496  1.3310165405273435  0.01147297408863339  0.009367336976375772
1.3310165405273435  1.3313738107681274  0.03039926290744512  0.015200126371361224
1.3313738107681274  1.3317313194274905  0.030366639994472068  0.015182825659006001
1.3317313194274905  1.332089066505432  0.015008620015054768  0.010612155664482549
1.332089066505432  1.3324469327926636  0.014992503202316335  0.010601841507197611
1.3324469327926636  1.3328050374984741  0.007409093903719324  0.007408714910743947
1.3328050374984741  1.3331632614135742  0.0074011340959362305  0.00740189140314316
1.3331632614135742  1.3335217237472534  0.0036626867164854526  0.007325838980327185
1.3335217237472534  1.3338804244995117  0.0036587492036712784  0.007317033419567991
1.3338804244995117  1.3342392444610596  0.00726386221561353  0.007264320550726749
1.3342392444610596  1.3345983028411865  0.007256049951396196  0.007255821055583635
1.3345983028411865  1.3349575996398926  0.007221829760195843  0.007221456693554167
1.3349575996398926  1.3353170156478882  0.007214057500299053  0.0072148029653629885
1.3353170156478882  1.335676670074463  0.003592793845908956  0.007184843255001281
1.335676670074463  1.3360364437103271  0.003588925673750232  0.0071785951369363575
1.3360364437103271  1.3363964557647705  0.007152641494072756  0.007153081672459055
1.3363964557647705  1.3367567062377932  0.007144935911137436  0.0071447160827223044
1.3367567062377932  1.337117075920105  0.024929798135483593  0.013325944642964351
1.337117075920105  1.337477684020996  0.02490292715753303  0.013310767932389037
1.337477684020996  1.3378385305404663  0.007091053026672556  0.007090682139449439
1.3378385305404663  1.338199496269226  0.007083405300011718  0.007084146410120392
1.338199496269226  1.338560700416565  0.007061300465864589  0.00706172409808034
1.338560700416565  1.338922142982483  0.007053680283692584  0.007053468718377363
1.338922142982483  1.3392837047576904  0.007037527082901423  0.007037156991236932
1.3392837047576904  1.3396453857421875  0.007029930349961951  0.007030669870407169
1.3396453857421875  1.3400074243545532  0.010519738594459012  0.008588877062393852
1.3400074243545532  1.3403695821762083  0.010508373930776858  0.008580504499641388
1.3403695821762083  1.3407319784164429  0.017033097239850945  0.011180811460892247
1.3407319784164429  1.3410944938659668  0.01701468796365881  0.011169910078738776
1.3410944938659668  1.3414572477340698  0.006960400598547964  0.006960804384456125
1.3414572477340698  1.341820240020752  0.006952873408729783  0.0069526717545809556
1.341820240020752  1.3421833515167236  -0.0004287360482184582  0.007149283472881413
1.3421833515167236  1.3425467014312742  -0.0004282721944975193  0.007140750358638134
1.3425467014312742  1.3429101705551147  0.017290226723308003  0.010936507719017795
1.3429101705551147  1.3432739973068237  0.017271508874166213  0.010922254864112337
1.3432739973068237  1.3436379432678223  0.010340540991686051  0.008442564007617961
1.3436379432678223  1.3440020084381104  0.010329341316906972  0.008434323808227671
1.3440020084381104  1.3443663120269775  0.017175585437094847  0.01086309843608047
1.3443663120269775  1.3447308540344236  0.017156972301343148  0.01085071798991084
1.3447308540344236  1.3450956344604492  0.020123544607063112  0.011983608765735145
1.3450956344604492  1.3454605340957642  0.020101723670831656  0.011971905639860168
1.3454605340957642  1.3458256721496584  0.010245986734612102  0.00836536081822124
1.3458256721496584  1.3461909294128418  0.010234871756007333  0.008357189696452404
1.3461909294128418  1.3465564250946045  0.0034058842585532926  0.006812140004295742
1.3465564250946045  1.3469221591949463  0.003402187205689928  0.0068040033679067965
1.3469221591949463  1.3472881317138672           0.0  0.006790525127500414
1.3472881317138672  1.3476542234420779           0.0  0.006784626483889335
1.3476542234420779  1.3480205535888674  0.003384980864580543  0.006769223089460965
1.3480205535888674  1.3483870029449463  0.0033813026832423963  0.006763343364604905
1.3483870029449463  1.3487536907196045  0.013496275937349545  0.009543561296280216
1.3487536907196045  1.3491206169128418  0.013481602311255052  0.009532679650576859
1.3491206169128418  1.349487781524658  0.003363750858847278  0.00672676305274358
1.349487781524658  1.3498550653457642  0.003360091568025387  0.006720921159504236
1.3498550653457642  1.3502225875854492  0.006707780113560773  0.0067074109325399945
1.3502225875854492  1.3505902290344238  0.006700479710460049  0.006701217411010535
1.3505902290344238  1.3509581089019775  0.006688339267330079  0.006688684005736716
1.3509581089019775  1.3513262271881101  0.006681055645919068  0.00668088347995577
1.3513262271881101  1.3516945838928223  0.013338480696932163  0.009431207805742506
1.3516945838928223  1.3520630598068237  0.013323946604267544  0.009421974859367344
1.3520630598068237  1.352431774139404  0.019950405428054374  0.011518662721987165
1.352431774139404  1.352800726890564  0.019928653020093254  0.01150552274711767
1.352800726890564  1.3531697988510132  0.006633830428413283  0.006634162526793342
1.3531697988510132  1.3535391092300415  0.006626594683156181  0.0066264288296116304
1.3535391092300415  1.3539086580276491  0.009929410732907616  0.008106877038913215
1.3539086580276491  1.354278326034546  0.009918573963801615  0.008098934185819077
1.354278326034546  1.3546483516693115  0.026005316754852206  0.013306504127817836
1.3546483516693115  1.3550183773040771  0.02597691859797171  0.01329560447794768
1.3550183773040771  1.3553887605667114  0.006586714164277667  0.006586343988880002
1.3553887605667114  1.3557592630386353  0.0065795171674741994  0.00658025685481931
1.3557592630386353  1.3561300039291382  0.002878987744829021  0.006770275473706614
1.3561300039291382  1.3565009832382202  0.002875840162884314  0.006762243639668132
1.3565009832382202  1.3568720817565918  0.013108307567685183  0.009269193534641777
1.3568720817565918  1.3572434186935425  0.013093970509200267  0.009258615232778393
1.3572434186935425  1.3576149940490723  0.006542430529547082  0.006542059748785943
1.3576149940490723  1.3579866886138916  0.00653527062497871  0.006536011521911971
1.3579866886138916  1.3583586215972898  0.01305994762022  0.00923499229474367
1.3583586215972898  1.3587307929992678  0.013045646730288726  0.009224450747551204
1.3587307929992678  1.3591032028198242  0.013030952306725508  0.009213749435925938
1.3591032028198242  1.3594757318496704  0.013016675247598888  0.009204704155779566
1.3594757318496704  1.3598484992980957  0.009756204572299847  0.00796608883185604
1.3598484992980957  1.3602215051651  0.009745509385256307  0.007956994147654889
1.3602215051651  1.360594630241394  0.0032482528557770916  0.006496798473014559
1.360594630241394  1.3609679937362669  0.0032446904347100255  0.0064890884553917266
1.3609679937362669  1.3613415956497192  0.009338454585003512  0.008114786476083945
1.3613415956497192  1.3617154359817503  0.009328205834001822  0.008105520334031406
1.3617154359817503  1.3620893955230713  0.01298097073772788  0.009179134554302316
1.3620893955230713  1.3624635934829712  0.012966718462534086  0.009168652670574293
1.3624635934829712  1.3628380298614504  0.019449473629211976  0.011228509668810433
1.3628380298614504  1.3632125854492185  0.019428107781351327  0.01121747182337264
1.3632125854492185  1.3635873794555664  0.0064736007324395625  0.006473879231066352
1.3635873794555664  1.3639624118804932  0.0064664850540802786  0.006466345968298721
1.3639624118804932  1.364337682723999  0.0064634274338493895  0.006463051634296573
1.364337682723999  1.3647130727767942  0.006456319085055935  0.006457070010379454
1.3647130727767942  1.365088701248169  0.019356836273679887  0.011175909350903256
1.365088701248169  1.3654645681381226  0.019335535240175516  0.011163142031270602
1.3654645681381226  1.3658406734466553  0.009661451631649876  0.007888080960015946
1.3658406734466553  1.3662168979644775  0.009650814276809881  0.007880317697191322
1.3662168979644775  1.366593360900879  0.003215350285789576  0.006430964197427866
1.366593360900879  1.3669700622558594  0.0032118080664866188  0.006423352819139333
1.3669700622558594  1.367347002029419           0.0  0.006424060821920988
1.367347002029419  1.367724061012268           0.0  0.0064184895615460955
1.367724061012268  1.3681013584136963  0.0032107813258655154  0.0064218194416768865
1.3681013584136963  1.3684788942337036  0.0032072402451328347  0.006414224004039349
1.3684788942337036  1.3688565492630005  0.012827111369145999  0.00907103205839265
1.3688565492630005  1.369234561920166  0.012812956762418797  0.009059235239086272
1.369234561920166  1.369612693786621  0.016001872475318177  0.010119873054592969
1.369612693786621  1.3699909448623657  0.015984207567693715  0.010109899661153991
1.3699909448623657  1.370369553565979  0.012384334096319746  0.009174254319305174
1.370369553565979  1.3707482814788818  0.012370653577445778  0.009165209717087673
1.3707482814788818  1.3711272478103638  0.009574182755444062  0.007817435971372248
1.3711272478103638  1.3715064525604248  0.009563600371277107  0.007808498690706013
1.3715064525604248  1.371885895729065  0.015553397757144082  0.010209442045369771
1.371885895729065  1.3722654581069949  0.015536198087065415  0.010199371422347638
1.3722654581069949  1.3726452589035034  0.01912056347496999  0.011039466675315912
1.3726452589035034  1.3730252981185913  0.019099406057788353  0.011026843260119957
1.3730252981185913  1.3734055757522583  0.006364841893075556  0.006364459353569518
1.3734055757522583  1.3737859725952148  0.006357795493239688  0.006358559886041401
1.3737859725952148  1.3741666078567505  0.015904634926503732  0.010059155444791598
1.3741666078567505  1.3745474815368652  0.01588701673413086  0.010047650730846756
1.3745474815368652  1.374928593635559  0.006363643294265761  0.006363258780490834
1.374928593635559  1.3753098249435425  0.006356590516988084  0.006357358854719739
1.3753098249435425  1.3756914138793945  0.009543359434514205  0.007791648009015118
1.3756914138793945  1.3760731220245361  0.009532775072208944  0.007783950154995131
1.3760731220245361  1.3764550685882568  0.0031827039698656386  0.006364634646873793
1.3764550685882568  1.376837134361267  0.003179172700536517  0.006359118023669685
1.376837134361267  1.377219557762146  0.0159449219383734  0.010083839571661798
1.377219557762146  1.3776021003723145  0.01592721880973114  0.010073871592191641
1.3776021003723145  1.377984881401062  0.0031973351773130023  0.006393889430894447
1.377984881401062  1.3783677816390991  0.003193783761491128  0.0063883477698778056
1.3783677816390991  1.378751039505005  0.016068926737071526  0.010162259082280698
1.378751039505005  1.3791344165802002  0.016051066631130113  0.010152207834697153
1.3791344165802002  1.3795180320739746  0.002843603937422423  0.006686965810824672
1.3795180320739746  1.3799018859863281  0.0028404418060794614  0.006679108413489063
1.3799018859863281  1.3802859783172607  0.006571502441721973  0.006571097824872332
1.3802859783172607  1.3806701898574827  0.006564190826003214  0.00656499933356176
1.3806701898574827  1.3810547590255737  0.026636724876431966  0.013317539859508024
1.3810547590255737  1.381439447402954  0.026607068300813864  0.013304355965551731
1.381439447402954  1.381824254989624  0.016786642857242223  0.010617791901311869
1.381824254989624  1.3822094202041628  0.016767945886510673  0.010603994748601495
1.3822094202041628  1.3825948238372805  0.010018582738286215  0.008179630752313821
1.3825948238372805  1.3829803466796875  0.010007416162039628  0.008171528407958793
1.3829803466796875  1.3833661079406738  0.016340819950832617  0.010334996924047607
1.3833661079406738  1.3837521076202393  0.016322597812933114  0.010323162515521657
1.3837521076202393  1.3841382265090945  0.015425509210999938  0.010127030485014829
1.3841382265090945  1.384524703025818  0.0154082990606524  0.010113872689146089
1.384524703025818  1.384911298751831  0.024443534822911984  0.012221944795875015
1.384911298751831  1.3852981328964233  0.024416248130707367  0.012207946886666217
1.3852981328964233  1.3856852054595947  0.008913006070244154  0.007277542539372967
1.3856852054595947  1.3860725164413452  0.008903049996636188  0.007269206444943486
1.3860725164413452  1.3864599466323855  0.020436496206611126  0.010924759590468102
1.3864599466323855  1.386847734451294  0.020413654743840135  0.010910565940262365
1.386847734451294  1.3872356414794922  0.020254018596768245  0.010826377233960894
1.3872356414794922  1.3876237869262695  0.0202313694540873  0.010813973118247375
1.3876237869262695  1.388012170791626  0.0057602565804815015  0.0057604117874027316
1.388012170791626  1.3884007930755615  0.005753811295477595  0.005753733782504246
1.3884007930755615  1.3887895345687866  0.0025162092788437425  0.005917036595164795
1.3887895345687866  1.3891785144805908  0.0025133927147878445  0.0059101084292645205
1.3891785144805908  1.3895677328109741  0.005726341897261364  0.005726490779605946
1.3895677328109741  1.3899571895599365  0.005719927678917893  0.005719853324512081
1.3899571895599365  1.390346884727478  0.011423014012622983  0.008077393408529481
1.390346884727478  1.3907368183135984  0.011410210148502643  0.00806813435122874
1.3907368183135984  1.3911268711090088  0.008545905317045212  0.0069783225602648045
1.3911268711090088  1.3915172815322876  0.008536321802983263  0.006969258338332622
1.3915172815322876  1.391907811164856  0.0056833977235542866  0.00568353697054737
1.391907811164856  1.3922985792160034  0.005677020869892088  0.005676951327495815
1.3922985792160034  1.39268958568573  0.025513528967543657  0.012026420925188842
1.39268958568573  1.393080711364746  0.025484887603352303  0.012014462481414223
1.393080711364746  1.3934721946716309  0.00848400851964318  0.0069267180436857236
1.3934721946716309  1.3938637971878052  0.008474478367998159  0.006919828102921756
1.3938637971878052  1.3942556381225586  0.014106016158533345  0.008921530602837702
1.3942556381225586  1.3946477174758911  0.014090163242085885  0.008911299160197445
1.3946477174758911  1.3950400352478027  0.019701099077509204  0.010530798663856589
1.3950400352478027  1.3954325914382935  0.019678943527261968  0.01051871965933612
1.3954325914382935  1.3958253860473633  0.005615488153672524  0.00561512394792192
1.3958253860473633  1.3962182998657227  0.005609169821939827  0.0056098975790610335
1.3962182998657227  1.396611452102661  0.011204546399723191  0.007923496080033572
1.396611452102661  1.3970049619674683  0.011191931458551498  0.007913206237460255
1.3970049619674683  1.397398591041565  0.027945592305720315  0.012496834488512451
1.397398591041565  1.397792339324951  0.02791411763663979  0.012484386480265936
1.397792339324951  1.398186445236206  0.002787946659199156  0.005576007260109625
1.398186445236206  1.39858078956604  0.002784804156842774  0.005569494505057716
1.39858078956604  1.3989752531051636  0.011125219023350834  0.007867390543356653
1.3989752531051636  1.3993700742721555  0.011112673123014692  0.007857174723618783
1.3993700742721555  1.3997650146484375  0.002774627702947393  0.005549363714969867
1.3997650146484375  1.4001601934432981  0.002771497058759425  0.005542885934873106
1.4001601934432981  1.4005556106567383  0.016607421373553987  0.009588390158706007
1.4005556106567383  1.4009512662887573  0.01658867105969562  0.009577382848954612
1.4009512662887573  1.4013471603393555  0.019328106735856134  0.010330625729615893
1.4013471603393555  1.4017431735992432  0.019306274068961623  0.01032031882385296
1.4017431735992432  1.4021395444869995  0.0027544159355108724  0.005508102712704258
1.4021395444869995  1.4025360345840454  0.0027513026238990814  0.005503333774807391
1.4025360345840454  1.4029327630996702  0.010990673865948448  0.007771648102058152
1.4029327630996702  1.4033297300338745  0.0109782453815794  0.007762723751983778
1.4033297300338745  1.4037269353866577  0.002740911064224855  0.005481915212882082
1.4037269353866577  1.40412437915802  0.0027378095576395113  0.005475526139334881
1.40412437915802  1.4045220613479612  0.008202593629276441  0.006697444710866247
1.4045220613479612  1.404919981956482  0.008193306108549826  0.006689751429999105
1.404919981956482  1.405318021774292  0.010573066207217317  0.007833590520911015
1.405318021774292  1.405716419219971  0.010561088513537606  0.007823420034469519
1.405716419219971  1.406114935874939  0.008162654204329428  0.006664831039954224
1.406114935874939  1.4065136909484863  0.008153403006672418  0.006657173946953398
1.4065136909484863  1.4069128036499023  0.005428449627303586  0.005428084868080898
1.4069128036499023  1.407312035560608  0.005422292554696747  0.005423021417117802
1.407312035560608  1.4077115058898926  0.00812278563556215  0.0066317803015130536
1.4077115058898926  1.4081110954284668  0.008113569507796261  0.0066251477433373175
1.4081110954284668  1.4085110425949097  0.0027009902288456515  0.00540205575610817
1.4085110425949097  1.4089112281799316  0.0026979233893829964  0.00539577156794345
1.4089112281799316  1.4093115329742432  0.008083259634755428  0.006600489589795054
1.4093115329742432  1.4097121953964233  0.008074076589410856  0.006591920933043421
1.4097121953964233  1.410112977027893  0.002687881163512782  0.005376631286105145
1.410112977027893  1.4105141162872314  0.0026848258055352384  0.005368783920264547
1.4105141162872314  1.4109153747558596  0.010725345880027387  0.007584012278355633
1.4109153747558596  1.4113168716430664  0.010713148234765574  0.007575292343526124
1.4113168716430664  1.4117186069488525           0.0  0.00534960581088177
1.4117186069488525  1.4121205806732178           0.0  0.0053433900759010805
1.4121205806732178  1.412522792816162  0.016009386628801373  0.009243076663762966
1.412522792816162  1.4129252433776855  0.015991157268322176  0.009232446030697072
1.4129252433776855  1.4133278131484985  0.015641424736830306  0.009315740992558991
1.4133278131484985  1.4137307405471802  0.015623606127639513  0.009303648983334105
1.4137307405471802  1.414133906364441  0.005310485797497061  0.0053101212175562735
1.414133906364441  1.4145371913909912  0.005304432296374974  0.005305160800124065
1.4145371913909912  1.4149408340454102  0.005297503283433318  0.005297138670586515
1.4149408340454102  1.4153445959091187  0.005291460785025885  0.005292189354450061
1.4153445959091187  1.4157485961914062  0.010569040799452019  0.007473476066534007
1.4157485961914062  1.4161528348922732  0.010556980214634294  0.007464876693202607
1.4161528348922732  1.4165574312210085  0.013179002188511844  0.008334556257793925
1.4165574312210085  1.4169621467590332  0.013163951389994558  0.008326189924108015
1.4169621467590332  1.4173671007156374  0.010517731552431695  0.007437190904438355
1.4173671007156374  1.4177722930908203  0.0105057147972236  0.007428630609821733
1.4177722930908203  1.4181777238845825  0.012791561743482689  0.008397074302896398
1.4181777238845825  1.4185833930969238  0.012776938398030362  0.008387407821503523
1.4185833930969238  1.418989300727844  0.018318527033905685  0.009790982775691659
1.418989300727844  1.4193953275680542  0.018297575471313606  0.009781146645877453
1.4193953275680542  1.4198017120361328  0.007832513613090916  0.006395242792617859
1.4198017120361328  1.4202083349227905  0.007823548540381833  0.006387878452134286
1.4202083349227905  1.4206150770187378  0.010419716301951407  0.007368415730210733
1.4206150770187378  1.4210221767425537  0.010407784780202564  0.007358852294803172
1.4210221767425537  1.4214295148849487  0.007797386332867826  0.006366092697698337
1.4214295148849487  1.4218369722366333  0.007788452207791116  0.0063596907638423785
1.4218369722366333  1.4222447872161865  0.028206375182908142  0.012231197529838993
1.4222447872161865  1.4226527214050293  0.02817403712017172  0.012218893135043488
1.4226527214050293  1.4230610132217407  0.012618260280762933  0.008282692921731808
1.4230610132217407  1.4234694242477415  0.012603785358135212  0.008274358015027503
1.4234694242477415  1.4238780736923218  0.010327712269340686  0.007303344095233625
1.4238780736923218  1.4242870807647705  0.010315858149003924  0.007293865288811846
1.4242870807647705  1.4246962070465086  0.015457548498750555  0.00892443781140073
1.4246962070465086  1.4251055717468262  0.015439797850623932  0.008914153441463376
1.4251055717468262  1.4255151748657224  0.009964700540132784  0.0073827901597350335
1.4255151748657224  1.4259251356124878  0.009953249097635355  0.00737320788854316
1.4259251356124878  1.4263352155685425  0.01250788838467952  0.008210835393113035
1.4263352155685425  1.4267455339431763  0.012493508645805331  0.008201370978768529
1.4267455339431763  1.4271560907363894  0.0025593645115408064  0.0051187419094706615
1.4271560907363894  1.427566885948181  0.0025564202821540542  0.00511282769280805
1.427566885948181  1.427977919578552           0.0  0.00510747178506628
1.427977919578552  1.4283891916275024           0.0  0.005101572540555064
1.4283891916275024  1.4288007020950317  0.007329489429091949  0.0063693909353801665
1.4288007020950317  1.42921257019043  0.007321046609155288  0.006361123949375339
1.42921257019043  1.4296245574951172  0.007627861809392862  0.006228126220280301
1.4296245574951172  1.4300367832183838  0.007619071254705338  0.006220942499805195
1.4300367832183838  1.4304492473602295  0.01268550012042245  0.008023016752163459
1.4304492473602295  1.4308619499206545  0.012670873183345133  0.008013761818451103
1.4308619499206545  1.4312748908996584  0.012657618827068447  0.008005381066870926
1.4312748908996584  1.4316880702972412  0.012643015295068163  0.007996144947654337
1.4316880702972412  1.432101488113403  0.010103456740142878  0.007144221006766543
1.432101488113403  1.4325151443481445  0.010091793447677777  0.007135977346761141
1.4325151443481445  1.4329290390014648  0.007560338022910073  0.006172987081935565
1.4329290390014648  1.4333431720733643  0.007551605581717597  0.006165863198880586
1.4333431720733643  1.4337575435638428  0.002514322566964747  0.005028637642682949
1.4337575435638428  1.4341721534729004  0.0025114168292130444  0.005022841141037487
1.4341721534729004  1.434587001800537  0.007525851046458512  0.006145266588627543
1.434587001800537  1.4350022077560425  0.007517147330262397  0.0061372907481101555
1.4350022077560425  1.4354175329208374  0.005006133554457333  0.005006127346881388
1.4354175329208374  1.4358330965042116  0.005000341190545092  0.0050003535913858066
1.4358330965042116  1.4362488985061646  0.00999072690413878  0.007064500239998137
1.4362488985061646  1.4366649389266968  0.009979160640497718  0.007056342650234686
1.4366649389266968  1.437081217765808  0.004985203359527253  0.004985899265343971
1.437081217765808  1.4374978542327883  0.004979428078315039  0.004979080613386533
1.4374978542327883  1.4379146099090576           0.0  0.004976430234928367
1.4379146099090576  1.438331604003906           0.0  0.004970701894318073
1.438331604003906  1.4387488365173338  0.014913092684546495  0.00861067338172576
1.4387488365173338  1.4391664266586304  0.014895796098803305  0.008599497395346392
1.4391664266586304  1.4395841360092163  0.004973633871230117  0.004974318412666808
1.4395841360092163  1.440002202987671  0.004967862038764175  0.004967520247569495
1.440002202987671  1.440420389175415  0.00499718583451538  0.0049978703673618455
1.440420389175415  1.4408389329910278  0.0049913833962807325  0.004991041609210417
1.4408389329910278  1.44125759601593  0.02024534645442246  0.01012336323983732
1.44125759601593  1.4416766166687012  0.020221826590547467  0.010110224225175619
1.4416766166687012  1.4420957565307617  0.0077520982200988565  0.0063299910978928745
1.4420957565307617  1.442515254020691  0.007743087465941521  0.006321775622000453
1.442515254020691  1.4429349899291992  0.007940405234884091  0.006482830945194477
1.4429349899291992  1.443354845046997  0.007931170339408638  0.006476255791415083
1.443354845046997  1.4437750577926636  0.013538181799378662  0.008562265751010512
1.4437750577926636  1.4441955089569092  0.013522425053236977  0.008552364715975997
1.4441955089569092  1.4446161985397339  0.013457018123583317  0.00883384531569463
1.4446161985397339  1.4450371265411377  0.0134413476624909  0.00882362912081534
1.4450371265411377  1.4454582929611204  0.00559433545320849  0.0055943117076172316
1.4454582929611204  1.4458796977996826  0.005587817303604996  0.005587864740158646
1.4458796977996826  1.4463013410568237  0.014069807514496217  0.008899116082982213
1.4463013410568237  1.4467233419418335  0.014053402863803561  0.008887564702059267
1.4467233419418335  1.4471454620361328  0.008405701192488279  0.006863193863939833
1.4471454620361328  1.4475678205490112  0.008395896407540869  0.006855253093250188
1.4475678205490112  1.4479905366897583           0.0  0.005531672759226134
1.4479905366897583  1.4484133720397951           0.0  0.005526884945753797
1.4484133720397951  1.4488365650177002  0.02455681239368374  0.011575316695670291
1.4488365650177002  1.449259877204895  0.02452813358628032  0.011563547917933755
1.449259877204895  1.4496835470199583  0.024037602506825493  0.011567770833672582
1.4496835470199583  1.450107455253601  0.024009511479315165  0.011554379944811398
1.450107455253601  1.4505316019058228  0.010871972116285246  0.007687600958258906
1.4505316019058228  1.4509559869766235  0.010859259955901188  0.007678700552546147
1.4509559869766235  1.4513806104660034  0.011046603014301442  0.007811081092842264
1.4513806104660034  1.4518054723739624  0.01103367992341924  0.007802036649019291
1.4518054723739624  1.4522305727005007  0.019772476459958842  0.01056876740259826
1.4522305727005007  1.4526559114456175  0.019749332471519093  0.010556527996884441
1.4526559114456175  1.4530816078186035  0.011563732391426045  0.008176168116814887
1.4530816078186035  1.4535074234008787  0.011550187314298025  0.0081678406576606
1.4535074234008787  1.4539335966110232  0.011814548538658078  0.008354090759107652
1.4539335966110232  1.454360008239746  0.011800700298601906  0.008344411767899804
1.454360008239746  1.454786539077759  0.008651855459785753  0.007518461723653795
1.454786539077759  1.4552134275436401  0.008641710685799109  0.007508701721928924
1.4552134275436401  1.4556405544281008  0.018316636772278964  0.010575038540277424
1.4556405544281008  1.4560679197311401  0.018295144769005362  0.01056278329984327
1.4560679197311401  1.4564955234527588  0.012373030816114268  0.008749597777626135
1.4564955234527588  1.456923484802246  0.012358503419283276  0.008738238529093063
1.456923484802246  1.457351565361023  0.006259349776414023  0.00626012399840628
1.457351565361023  1.4577800035476687  0.00625199650493716  0.006251609932382366
1.4577800035476687  1.4582085609436033  0.009476204345268116  0.007737764553864966
1.4582085609436033  1.4586374759674072  0.009465066447296616  0.007727718934053815
1.4586374759674072  1.45906662940979  0.0031753154455557834  0.006350526045259122
1.45906662940979  1.459496021270752  0.0031715807850195236  0.006343266296034556
1.459496021270752  1.4599256515502927  0.006324984142223189  0.006324930470919857
1.4599256515502927  1.460355520248413  0.006317541239769997  0.006317648459246007
1.460355520248413  1.4607857465744016  0.003112894984468272  0.006224818682355867
1.4607857465744016  1.4612160921096804  0.0031092294971322167  0.006219429439937269
1.4612160921096804  1.4616467952728271  0.009141038927307547  0.007463043664829516
1.4616467952728271  1.4620776176452637  0.009130269071492256  0.007455416294614559
1.4620776176452637  1.4625087976455688  0.008952386678580403  0.007309525472726593
1.4625087976455688  1.4629402160644533  0.008941832524048003  0.0073010432467224785
1.4629402160644533  1.4633718729019165  0.017584073364076646  0.010152773508884919
1.4633718729019165  1.4638038873672485  0.01756332936397671  0.01013958973770069
1.4638038873672485  1.4642360210418701  0.01733326073613094  0.010007955111225085
1.4642360210418701  1.4646685123443601  0.017312802800783626  0.009994959802364176
1.4646685123443601  1.4651011228561401  0.011424671051513385  0.008078938104867189
1.4651011228561401  1.4655340909957886  0.011411179761803655  0.008068447505112425
1.4655340909957886  1.4659672975540161  0.011312680995844428  0.007999191505659671
1.4659672975540161  1.4664007425308228  0.011299313601636546  0.007989903116065258
1.4664007425308228  1.466834545135498  0.008415357983336607  0.006870566894105873
1.466834545135498  1.467268466949463  0.00840540748271972  0.0068635300832760645
1.467268466949463  1.4677027463912964  0.01671015878099028  0.009646849220792064
1.4677027463912964  1.4681371450424194  0.016690389828644993  0.009636965786518889
1.4681371450424194  1.4685719013214111  0.008292273917545027  0.006770538831294491
1.4685719013214111  1.469006896018982  0.008282457421043233  0.006762672550753851
1.469006896018982  1.4694422483444216  0.010982603299352403  0.007765254330219809
1.4694422483444216  1.4698777198791504  0.010969593894364645  0.0077572925820886774
1.4698777198791504  1.470313549041748  0.013319296739387006  0.008742775112239771
1.470313549041748  1.4707494974136353  0.01330351118015233  0.00873380831030362
1.4707494974136353  1.4711858034133911  0.010873268514958904  0.007688471564788348
1.4711858034133911  1.4716223478317259  0.010860374218247388  0.007679534487801423
1.4716223478317259  1.4720592498779297  0.03247366914838405  0.013256256607231492
1.4720592498779297  1.4724962711334229  0.032435133608581065  0.01324265014816663
1.4724962711334229  1.4729336500167847  0.010779667989680611  0.007621763850613569
1.4729336500167847  1.4733711481094358  0.010766870333331565  0.007613938929047141
1.4733711481094358  1.473809003829956  0.021481811198338533  0.01074077139847308
1.473809003829956  1.4742470979690552  0.02145629115434999  0.010728279623467394
1.4742470979690552  1.474685549736023  0.021080047871770438  0.010786925315449947
1.474685549736023  1.47512412071228  0.02105499011293783  0.010775842395252769
1.47512412071228  1.4755630493164062  0.015997890279863907  0.009236266058883072
1.4755630493164062  1.4760022163391113  0.015978861412049263  0.009225519999966217
1.4760022163391113  1.4764416217803953  0.004983406288693789  0.005473246121864847
1.4764416217803953  1.4768812656402588  0.00497747601463599  0.005466945776038236
1.4768812656402588  1.4773212671279907  0.0052932563315712415  0.005293184709600485
1.4773212671279907  1.4777615070343015  0.005286952379943253  0.0052870954600657515
1.4777615070343015  1.4782018661499023  0.010560270172098669  0.007468146318012347
1.4782018661499023  1.4786427021026611  0.010547687525297236  0.007457435118784523
1.4786427021026611  1.4790836572647095  0.010215351311284352  0.007567826682437688
1.4790836572647095  1.479524850845337  0.010203173220254231  0.007559015979171069
1.479524850845337  1.479966402053833  0.013144424484516679  0.008313145406188315
1.479966402053833  1.4804081916809084  0.01312874269371121  0.00830346438333171
1.4804081916809084  1.4808502197265625  0.01311520846064937  0.008294666029910783
1.4808502197265625  1.481292486190796  0.013099554902436058  0.008285005941876266
1.481292486190796  1.481735110282898  0.010477769531879332  0.0074087924270410215
1.481735110282898  1.482177972793579  0.01046525406794474  0.007400161453042145
1.482177972793579  1.4826210737228394  0.015694243815683056  0.009060940061040445
1.4826210737228394  1.4830644130706787  0.015675487699865803  0.009050382717638902
1.4830644130706787  1.483508110046387  0.015673800257963527  0.009048527193344705
1.483508110046387  1.4839519262313845  0.015655057848722308  0.009039196760499968
1.4839519262313845  1.4843961000442505  0.010438022096332319  0.00738068181935006
1.4843961000442505  1.4848405122756958  0.010425533018810577  0.0073720793506749024
1.4848405122756958  1.4852852821350095  0.0052199507792931935  0.005219518890982874
1.4852852821350095  1.4857301712036133  0.005213701009442532  0.005214564001782649
1.4857301712036133  1.4861754179000854  0.010157465092207793  0.007524927594052854
1.4861754179000854  1.4866209030151365  0.010145297051111887  0.007516153738970972
1.4866209030151365  1.4870667457580566  0.01588822112759015  0.009172306642111331
1.4870667457580566  1.4875127077102661  0.015869175968721904  0.009162834396443267
1.4875127077102661  1.4879590272903442  0.013521985686899815  0.008551913496702051
1.4879590272903442  1.4884055852890015  0.013505766802233483  0.008541937921160885
1.4884055852890015  1.4888523817062376  0.016727943568077375  0.009658364873748352
1.4888523817062376  1.4892995357513428  0.016707867990079544  0.009645810580682293
1.4892995357513428  1.4897469282150269  0.011524659318560724  0.008149026174349341
1.4897469282150269  1.49019455909729  0.011510819835201849  0.008139517183803546
1.49019455909729  1.4906424283981325  0.008913773021092978  0.007278423744673581
1.4906424283981325  1.4910906553268433  0.008903062389687419  0.007268961934927472
1.4910906553268433  1.4915391206741335  0.006102222670220002  0.006102115861682149
1.4915391206741335  1.4919878244400022  0.0060948858737325945  0.006095099247044696
1.4919878244400022  1.4924367666244507  0.012048605058408348  0.008926512467797848
1.4924367666244507  1.4928860664367676  0.012034110814594183  0.008914907375671624
1.4928860664367676  1.4933356046676636  0.00625446219636183  0.006254349625126618
1.4933356046676636  1.4937853813171387  0.006246933630167424  0.0062471585157979695
1.4937853813171387  1.4942353963851929           0.0  0.006205870386357457
1.4942353963851929  1.4946857690811157           0.0  0.0061972071230835145
1.4946857690811157  1.4951363801956177  0.006106433135438227  0.006106320218295503
1.4951363801956177  1.4955872297286987  0.006099073961975727  0.006099299538696148
1.4955872297286987  1.4960384368896484  0.024066548208003014  0.012033048185828163
1.4960384368896484  1.4964898824691772  0.024037523193547083  0.012018987255192301
1.4964898824691772  1.4969415664672854  0.00894272033055468  0.007301561972529656
1.4969415664672854  1.4973934888839722  0.008931930383482138  0.007293029061411127
1.4973934888839722  1.497845768928528  0.0118635261209003  0.00838861816941751
1.497845768928528  1.4982982873916626  0.01184920219016976  0.008378812633988713
1.4982982873916626  1.4987511634826658  0.014796876873100436  0.009357568410337214
1.4987511634826658  1.499204158782959  0.01477900025606469  0.009347857934448542
1.499204158782959  1.4996575117111208  0.008884050157122127  0.00725365331040584
1.4996575117111208  1.5001111030578613  0.008873310694235213  0.007245170946317653
1.5001111030578613  1.5005650520324707  0.01188445512976749  0.008403410485877321
1.5005650520324707  1.501019239425659  0.011870078854463246  0.00839358138478156
1.501019239425659  1.501473665237427  0.02656864246851785  0.012785611394179292
1.501473665237427  1.5019283294677732  0.026536489417793293  0.012770655243535059
1.5019283294677732  1.5023833513259888  0.009088365151797449  0.007420466847903555
1.5023833513259888  1.502838611602783  0.00907735897814173  0.0074117846192784855
1.502838611602783  1.5032941102981567  0.015406947504009403  0.009744644259774388
1.5032941102981567  1.503749966621399  0.015388278590884971  0.009731967429564078
1.503749966621399  1.5042060613632202  0.0031518211908284125  0.0063033776972211296
1.5042060613632202  1.5046623945236206  0.003147999703025947  0.006296263791768373
1.5046623945236206  1.5051190853118896  0.006435970474923093  0.00643583357375281
1.5051190853118896  1.5055760145187378  0.0064281617394634895  0.006428435229962017
1.5055760145187378  1.506033182144165  0.006491856977580415  0.006492423799978262
1.506033182144165  1.506490707397461  0.006483976282996221  0.006483693259085364
1.506490707397461  1.506948471069336  0.006452631546325616  0.00645249120988558
1.506948471069336  1.50740647315979  0.006444793961363723  0.006445074314669602
1.50740647315979  1.5078648328781126  0.018964458588340196  0.010948894135489618
1.5078648328781126  1.5083234310150146  0.018941408182719544  0.010936067971472398
1.5083234310150146  1.5087822675704956  0.01835789083659048  0.010599385452984264
1.5087822675704956  1.509241461753845  0.018335564688907086  0.010585591579962398
1.509241461753845  1.5097008943557741  0.01177814081692829  0.008328215875943224
1.5097008943557741  1.5101605653762817  0.011763808119265027  0.008318455643814431
1.5101605653762817  1.5106205940246582  0.010979551480251218  0.008133896603310393
1.5106205940246582  1.5110808610916138  0.010966181775149566  0.008124362011651615
1.5110808610916138  1.511541485786438  0.005488750647333029  0.005488269361047644
1.511541485786438  1.5120022296905515  0.005482063332597759  0.005483025027544616
1.5120022296905515  1.5124633312225344  0.013521416570517095  0.008552048178230392
1.5124633312225344  1.5129247903823853  0.013504931425322381  0.008540915597119234
1.5129247903823853  1.5133864879608154  0.005427102188869179  0.0054269745929467405
1.5133864879608154  1.513848423957825  0.005420481901056664  0.005420736802579336
1.513848423957825  1.5143107175827026  0.013791257040259738  0.008722149383293855
1.5143107175827026  1.5147732496261597  0.01377442177539172  0.008711916439501203
1.5147732496261597  1.5152360200881956  0.011272569165632657  0.007971231824146453
1.5152360200881956  1.5156991481781006  0.011258800920437198  0.007960853184995715
1.5156991481781006  1.5161625146865845  0.002859172897648883  0.005718068497976305
1.5161625146865845  1.5166261196136475  0.0028556789295837133  0.005711634844489323
1.5166261196136475  1.5170900821685793  0.014283189816231799  0.009033260961045911
1.5170900821685793  1.51755428314209  0.014265723089363294  0.009022656685100812
1.51755428314209  1.5180188417434692  0.005632753441998047  0.0056326138500152135
1.5180188417434692  1.5184836387634277  0.005625860671776371  0.0056261395382943055
1.5184836387634277  1.5189486742019653  0.019294313075729166  0.01031364687992135
1.5189486742019653  1.5194140672683716  0.01927069008905424  0.010300214940631911
1.5194140672683716  1.519879698753357  0.016137056617479623  0.009316498797877305
1.519879698753357  1.5203455686569214  0.016117288792187007  0.009305555936619241
1.5203455686569214  1.5208117961883543  0.020972937628835148  0.010486871015335946
1.5208117961883543  1.5212783813476562  0.02094722603760929  0.010473211357177326
1.5212783813476562  1.521745204925537  0.01786307227790894  0.00954796766965822
1.521745204925537  1.5222122669219973  0.017841160469338747  0.00953674721859641
1.5222122669219973  1.5226795673370361  0.009901370696452191  0.007001590662962097
1.5226795673370361  1.5231472253799438  0.009889219200183841  0.006992470010886949
1.5231472253799438  1.5236152410507202  0.009264742603664493  0.006863067013460337
1.5236152410507202  1.5240833759307861  0.009253364843088988  0.006855871760818251
1.5240833759307861  1.52455198764801  0.009198953216552572  0.006504056087134824
1.52455198764801  1.525020718574524  0.009187648439037075  0.006497234064509567
1.525020718574524  1.5254898071289065  0.013284851666581684  0.007670294312370687
1.5254898071289065  1.5259592533111572  0.013268515489864  0.007660299740586599
1.5259592533111572  1.5264289379119873  0.004292062775728025  0.004291946815424829
1.5264289379119873  1.5268988609313963  0.004286781958544623  0.00428701361570895
1.5268988609313963  1.5273691415786743  0.010516299810224625  0.006650910559603016
1.5273691415786743  1.5278396606445312  0.010503352337774606  0.0066430845142775715
1.5278396606445312  1.5283104181289673  0.01223583682476742  0.007287117599868823
1.5283104181289673  1.5287815332412718  0.012220765500186201  0.007277621008878733
1.5287815332412718  1.5292530059814455  0.010368247321272835  0.006557273086214809
1.5292530059814455  1.5297247171401978  0.010355465780196773  0.006549553699554247
1.5297247171401978  1.5301966667175293  0.018379479817138344  0.00884523516208712
1.5301966667175293  1.5306689739227293  0.018356810626808107  0.008833705337891616
1.5306689739227293  1.5311415195465088  0.01008686285028537  0.006621767149928175
1.5311415195465088  1.5316144227981565  0.010074413314959492  0.006613134569944311
1.5316144227981565  1.5320875644683836  0.020411067212834314  0.009299598195865622
1.5320875644683836  1.5325610637664793  0.020385858927020235  0.009287473465132106
1.5325610637664793  1.5330348014831543  0.016525373885095528  0.008262449297437854
1.5330348014831543  1.5335087776184082  0.016504954960406243  0.008252714852157582
1.5335087776184082  1.5339831113815308  0.014446750277313156  0.007722373489392226
1.5339831113815308  1.534457802772522  0.01442888583031694  0.007712303593548678
1.534457802772522  1.5349326133728027  0.01649005187820735  0.008245819185322641
1.5349326133728027  1.5354079008102417  0.016469650452960297  0.008234033190265368
1.5354079008102417  1.5358834266662598  0.008234925241849895  0.005822799531472163
1.5358834266662598  1.536359190940857  0.008224730428177439  0.00581593441114192
1.536359190940857  1.536835312843323  0.008224179981123951  0.005815200227195716
1.536835312843323  1.5373116731643677  0.008213992343412475  0.005808342694696834
1.5373116731643677  1.5377883911132812  0.01643115162149644  0.008215329026761914
1.5377883911132812  1.5382653474807741  0.01641078465864426  0.008205638829624952
1.5382653474807741  1.538742661476135  0.012312653261386926  0.007108498336950823
1.538742661476135  1.5392202138900757  0.012297381166887274  0.007100111417429784
1.5392202138900757  1.5396980047225954  0.010252621898757279  0.006484937970535995
1.5396980047225954  1.540176272392273  0.0102398972368266  0.006475670052001935
1.540176272392273  1.5406546592712402  0.008200673606481546  0.005798934646728651
1.5406546592712402  1.541133403778076  0.008190490367386285  0.005791368794890518
1.541133403778076  1.5416125059127808  0.008198394398148914  0.00579696027816812
1.5416125059127808  1.5420918464660645  0.008188207017556797  0.005790116496561501
1.5420918464660645  1.5425715446472168  0.008188541277360255  0.005789991832343534
1.5425715446472168  1.543051481246948  0.008178359350707695  0.005783154380416419
1.543051481246948  1.5435317754745486  0.01022440561806635  0.006466277874094463
1.5435317754745486  1.5440123081207275  0.010211684083729331  0.006458639876382078
1.5440123081207275  1.5444930791854856  0.01610087004260099  0.00824044156639462
1.5444930791854856  1.5449743270874021  0.016080825245550323  0.008228666529840747
1.5449743270874021  1.5454556941986084  0.012267605702957084  0.007082917041877491
1.5454556941986084  1.5459374189376829  0.012252325475478014  0.007073672106987991
1.5459374189376829  1.5464195013046265  0.006142419002557068  0.0050151021308273295
1.5464195013046265  1.546901822090149  0.006134762369237405  0.0050091742964344975
1.546901822090149  1.54738450050354  0.01641706412702176  0.008208771259703301
1.54738450050354  1.5478675365447998  0.016396585664272417  0.008198053955197035
1.5478675365447998  1.5483506917953491  0.016206243767084558  0.008294358636026025
1.5483506917953491  1.5488343238830566  0.016186018725551417  0.00828250802689697
1.5488343238830566  1.549318194389343  0.01652681404552413  0.008263133999263889
1.549318194389343  1.549802303314209  0.01650617484876109  0.008253360133949554
1.549802303314209  1.5502867698669434  0.008311316190500935  0.0058771536058046196
1.5502867698669434  1.5507715940475464  0.008300929524132234  0.005869478210633342
1.5507715940475464  1.5512566566467285  0.014677076514596602  0.007844964330414209
1.5512566566467285  1.5517419576644897  0.014658726328594319  0.007835681567858542
1.5517419576644897  1.5522277355194092  0.014937443889794247  0.007983639965503652
1.5522277355194092  1.5527136325836182  0.014918754130844905  0.007975168424197028
1.5527136325836182  1.5531998872756958  0.013193935853778465  0.007617729700111106
1.5531998872756958  1.553686499595642  0.013177417694610331  0.007607778646353236
1.553686499595642  1.554173469543457  0.01827593049910509  0.009137651518005161
1.554173469543457  1.554660677909851  0.018253032876751965  0.009126829809130753
1.554660677909851  1.5551481246948242  0.004731740073823597  0.004731991568071246
1.5551481246948242  1.555635929107666  0.004725809055370135  0.004725683477544935
1.555635929107666  1.5561240911483765  0.007258481450196744  0.005926318936682733
1.5561240911483765  1.556612491607666  0.007249376905861872  0.005919297570320678
1.556612491607666  1.5571012496948242  0.01917534752793406  0.009812714163681157
1.5571012496948242  1.5575902462005615  0.019151280333653285  0.009801085376180822
1.5575902462005615  1.5580796003341675  0.016871816559411553  0.00901859565285882
1.5580796003341675  1.558569312095642  0.0168506258176482  0.009006808314123571
1.558569312095642  1.5590592622756958  0.02095075404466552  0.010081964098533637
1.5590592622756958  1.5595494508743286  0.020924427865906363  0.010070011180792255
1.5595494508743286  1.5600401163101196  0.011535721684330577  0.007295569446042712
1.5600401163101196  1.5605310201644897  0.011521214455803874  0.00728691706670696
1.5605310201644897  1.561022162437439  0.004519232859700378  0.004519455226038099
1.561022162437439  1.5615136623382568  0.004513546719591317  0.004513435685874986
1.5615136623382568  1.5620055198669434  0.008874891386972446  0.006275267911924997
1.5620055198669434  1.562497615814209  0.008863717208408542  0.006267822252466645
1.562497615814209  1.5629900693893433  0.017510642324950546  0.008755001023477003
1.5629900693893433  1.5634827613830566  0.01748858248200041  0.008744611011765869
1.5634827613830566  1.5639758110046387  0.00434382111610434  0.004344026021546486
1.5639758110046387  1.5644692182540894  0.004338344984440058  0.004338242669324363
1.5644692182540894  1.5649628639221191  0.006492333643287487  0.005301091606156427
1.5649628639221191  1.5654568672180176  0.0064841444399148995  0.005294158545498506
1.5654568672180176  1.5659512281417847  0.002157404564954846  0.004314486881918727
1.5659512281417847  1.5664458274841309  0.002154681252811565  0.004309684394917493
1.5664458274841309  1.5669407844543457  0.01261006521838232  0.007509440402733029
1.5669407844543457  1.5674359798431396  0.012594138705586512  0.007500519704490028
1.5674359798431396  1.5679315328598022  0.010654528129306978  0.006738665320644115
1.5679315328598022  1.5684274435043335  0.01064106218253821  0.006729848779678963
1.5684274435043335  1.5689235925674438  0.006349112518893092  0.005184142520418497
1.5689235925674438  1.5694200992584229  0.006341083490980234  0.005177359284419935
1.5694200992584229  1.569916844367981  0.003948054394314931  0.004336364902646911
1.569916844367981  1.5704139471054077  0.003943058908195699  0.004330602177212929
1.5704139471054077  1.5709114074707031  0.014650145533815672  0.007830998749292549
1.5709114074707031  1.5714092254638672  0.014631592760423027  0.00782074895601086
1.5714092254638672  1.5719072818756104  0.006245650290044682  0.00509965902914232
1.5719072818756104  1.5724056959152222  0.006237736712723033  0.00509298391920715
1.5724056959152222  1.572904348373413  0.006213134526272478  0.005073107923144063
1.572904348373413  1.5734033584594727  0.006205257933829189  0.005066467200527943
1.5734033584594727  1.5739027261734009  0.020587109228593872  0.009206472907632747
1.5739027261734009  1.5744023323059082  0.020560992156252393  0.009195517043855107
1.5744023323059082  1.5749022960662842  0.014308797210791197  0.007648526627232144
1.5749022960662842  1.5754026174545288  0.014290632355426602  0.007638511703602249
1.5754026174545288  1.5759031772613525  0.007862216866746444  0.005824752837116789
1.5759031772613525  1.576404094696045  0.00785223035208967  0.005817125362636395
1.576404094696045  1.576905369758606  0.008048793213638321  0.0056914660862282165
1.576905369758606  1.5774070024490356  0.008038561857721494  0.005684011922040625
1.5774070024490356  1.5779088735580444  0.009984055343608335  0.006314216377064147
1.5779088735580444  1.5784109830856323  0.009971357745623398  0.006306694732142743
1.5784109830856323  1.5789135694503784  0.005945763007187802  0.0048544979525423715
1.5789135694503784  1.5794163942337036  0.005938195570965067  0.0048487133674101545
1.5794163942337036  1.5799195766448975  0.01747639698024635  0.008409982333102582
1.5799195766448975  1.5804229974746704  0.017454141997007143  0.008399959109113597
1.5804229974746704  1.580926775932312  0.007842488306122322  0.0055455766124530735
1.580926775932312  1.5814309120178223  0.007832495004516399  0.005538310514243926
1.5814309120178223  1.5819354057312012  0.017625084707465443  0.008308200884670767
1.5819354057312012  1.5824401378631592  0.017602610217619736  0.008298293364373297
1.5824401378631592  1.5829452276229858  0.017644610587595408  0.008317893530225629
1.5829452276229858  1.5834506750106812  0.017622097032989562  0.008306992067196357
1.5834506750106812  1.5839563608169556  0.019628518130550013  0.008778289900328888
1.5839563608169556  1.5844624042510986  0.0196034584859109  0.008766783619704144
1.5844624042510986  1.5849688053131104  0.00933075130343681  0.006359924089633226
1.5849688053131104  1.5854755640029907  0.009318830046486733  0.006351586512212571
1.5854755640029907  1.5859825611114502  0.01571268540808118  0.007856471477925855
1.5859825611114502  1.5864899158477783  0.015692599978520995  0.007846171386309924
1.5864899158477783  1.586997628211975  0.01573430922559591  0.007866819283529933
1.586997628211975  1.587505578994751  0.015714182809662285  0.007857426347995222
1.587505578994751  1.5880138874053955  0.025357032819403998  0.010089091664811138
1.5880138874053955  1.5885225534439087  0.025324576668997425  0.010075861020733769
1.5885225534439087  1.5890315771102905  0.017728036649179355  0.008356716147054901
1.5890315771102905  1.5895408391952515  0.01770533001536224  0.008346732670341871
1.5895408391952515  1.590050458908081  0.01156649190211617  0.006888343007871156
1.590050458908081  1.5905604362487793  0.011551668075538077  0.006879307461863155
1.5905604362487793  1.5910707712173462  0.02161976190985023  0.009218295136167863
1.5910707712173462  1.5915813446044922  0.021592034397423944  0.00920727625591693
1.5915813446044922  1.5920922756195068  0.019617239847743086  0.008773222806634652
1.5920922756195068  1.5926035642623901  0.019592065448840595  0.008761711759824263
1.5926035642623901  1.5931150913238525  0.019575977441358302  0.00875527645719963
1.5931150913238525  1.5936270952224731  0.019550840048796442  0.008742769223318543
1.5936270952224731  1.5941393375396729  0.013673009670304154  0.007308631651809741
1.5941393375396729  1.5946519374847412  0.013655440727281863  0.007299039667152691
1.5946519374847412  1.5951647758483887  0.009744192332427196  0.006163209151488992
1.5951647758483887  1.5956780910491943  0.00973166338085788  0.006154404196696712
1.5956780910491943  1.596191644668579  0.005832606782513892  0.004762365929458807
1.596191644668579  1.5967055559158325  0.005825102916670568  0.004756114264148751
1.5967055559158325  1.5972198247909546  0.01745279804707894  0.008226956451167566
1.5972198247909546  1.5977343320846558  0.017430329081828042  0.008217106948772184
1.5977343320846558  1.5982491970062256  0.01716306472878413  0.008260118722707517
1.5982491970062256  1.5987645387649536  0.017140952904047418  0.008248317404719046
1.5987645387649536  1.5992799997329712  0.015417950739958785  0.007709514529434576
1.5992799997329712  1.599795937538147  0.01539807697989417  0.007698500138424792
1.599795937538147  1.6003122329711914  0.00960314423315695  0.006073282768145828
1.6003122329711914  1.600828766822815  0.00959075672377489  0.006066005751956898
1.600828766822815  1.6013456583023071  0.016991372281011396  0.008177006769069746
1.6013456583023071  1.601862907409668  0.016969440736015657  0.008166265125079878
1.601862907409668  1.602380394935608  0.019081812024151462  0.008534232142230386
1.602380394935608  1.602898359298706  0.019057167030204658  0.008522038687394573
1.602898359298706  1.6034165620803833  0.009276458785790316  0.006089611858760379
1.6034165620803833  1.6039351224899292  0.009264470421710604  0.006081610334402564
1.6039351224899292  1.6044540405273438  0.015170993798420252  0.0075855763069234096
1.6044540405273438  1.604973316192627  0.015151373348224624  0.007575607371586501
1.604973316192627  1.6054928302764893  0.013230606765681014  0.007072534138475482
1.6054928302764893  1.6060128211975098  0.013213485240493518  0.007062428317400889
1.6060128211975098  1.6065330505371094  0.018829921664019564  0.008421079795704556
1.6065330505371094  1.6070536375045776  0.018805539260976643  0.008410010112550359
1.6070536375045776  1.6075745820999146  0.009142825355682919  0.006001535952226011
1.6075745820999146  1.6080957651138306  0.009130979221836416  0.005994331440771069
1.6080957651138306  1.6086174249649048  0.007464986366878978  0.00527828939907773
1.6086174249649048  1.609139323234558  0.007455307158746785  0.005271951038396242
1.609139323234558  1.60966157913208  0.025774983388936586  0.009872176732431855
1.60966157913208  1.6101841926574707  0.025741543807067068  0.009859194313929238
1.6101841926574707  1.61070716381073  0.016639199260396823  0.007843860455299658
1.61070716381073  1.611230492591858  0.016617595972474627  0.007833543252798123
1.611230492591858  1.6117541790008545  0.01472345194844964  0.0073613674551896565
1.6117541790008545  1.6122781038284302  0.014704324730856859  0.007352520471031638
1.6122781038284302  1.6128023862838745  0.007330735213867814  0.005183653432189491
1.6128023862838745  1.6133270263671875  0.007321205837771494  0.005176833497038337
1.6133270263671875  1.6138520240783691  0.014606322813998497  0.007303216420538208
1.6138520240783691  1.6143773794174194  0.014587321821993593  0.007293605970265122
1.6143773794174194  1.6149030923843384  0.014557776282188694  0.0072789404452472195
1.6149030923843384  1.615429162979126  0.014538825822003448  0.0072693606760613734
1.615429162979126  1.6159554719924927  0.012701200651734086  0.0067895083088335756
1.6159554719924927  1.6164822578430176  0.012684657307304826  0.006779804184779295
1.6164822578430176  1.6170092821121216  0.012670505150768292  0.006772714377348588
1.6170092821121216  1.6175366640090942  0.012653991580463448  0.006763798575907265
1.6175366640090942  1.6180644035339355  0.01806452344307293  0.008078750769680237
1.6180644035339355  1.6185925006866455  0.01804096376597054  0.008068114048879383
1.6185925006866455  1.6191209554672241  0.023443519529080473  0.009195358969402457
1.6191209554672241  1.6196497678756714  0.023412922593819458  0.009183249773072054
1.6196497678756714  1.6201788187026978  0.01620591816003383  0.007640015881435426
1.6201788187026978  1.6207083463668823  0.016184755383899237  0.007629094763702194
1.6207083463668823  1.621238112449646  0.017983973513234  0.008042719854510516
1.621238112449646  1.6217682361602783  0.01796047487797468  0.008032126204853661
1.6217682361602783  1.6222988367080688  0.014372244976111392  0.0071857541471202204
1.6222988367080688  1.6228296756744385  0.014353450074682526  0.007177092953164251
1.6228296756744385  1.6233608722686768  0.01794936999106873  0.008027239140220341
1.6233608722686768  1.6238924264907837  0.017925883695504186  0.008016662099148574
1.6238924264907837  1.6244243383407593  0.01950618459250799  0.008459143976417671
1.6244243383407593  1.6249566078186035  0.01948064343824947  0.008447995847651634
1.6249566078186035  1.6254891157150269  0.019709786649865817  0.008404784652975785
1.6254891157150269  1.6260221004486084  0.01968396490816566  0.008392768201043453
1.6260221004486084  1.6265554428100586  0.01968686274845658  0.008394067876048007
1.6265554428100586  1.627089023590088  0.0196610531825231  0.0083839393447795
1.627089023590088  1.6276230812072754  0.0069277344054922635  0.005132067509296621
1.6276230812072754  1.628157377243042  0.006918645820990211  0.0051258730253194535
1.628157377243042  1.6286921501159668  0.01070696453211266  0.006181342636615541
1.6286921501159668  1.6292271614074707  0.010692908460469849  0.00617387941960327
1.6292271614074707  1.6297625303268433  0.010472118492814533  0.006236519116491473
1.6297625303268433  1.6302982568740845  0.010458362464403756  0.006228293995021385
1.6302982568740845  1.6308344602584839  0.008679323522710758  0.005697251928163048
1.6308344602584839  1.6313709020614624  0.008667913650056702  0.005690368815529949
1.6313709020614624  1.6319077014923096  0.01577999639291511  0.00759396657912982
1.6319077014923096  1.6324448585510254  0.015759240162014496  0.007583947885074571
1.6324448585510254  1.6329823732376099  0.01598003320501411  0.007533072274148749
1.6329823732376099  1.633520245552063  0.01595899952318431  0.007523132159971365
1.633520245552063  1.6340584754943848  0.017512041470697612  0.007978492991423483
1.6340584754943848  1.6345970630645752  0.017488976205949035  0.007967963540703138
1.6345970630645752  1.6351360082626343  0.008632519554064666  0.0056668365847546125
1.6351360082626343  1.635675311088562  0.008621142032568673  0.005659356676431556
1.635675311088562  1.6362149715423584  0.017669547207292354  0.007901630923619497
1.6362149715423584  1.6367548704147339  0.01764624655225887  0.007892071683795946
1.6367548704147339  1.6372952461242676  0.014106243863308329  0.007053124211022013
1.6372952461242676  1.63783597946167  0.014087627048772054  0.007043811248028597
1.63783597946167  1.638377070426941  0.01583323897321362  0.007463860395842323
1.638377070426941  1.6389185190200806  0.01581232919828924  0.0074540035031588235
1.6389185190200806  1.6394603252410889  0.017547522460991616  0.007847488009226994
1.6394603252410889  1.6400024890899658  0.017524333715095014  0.007837122888701318
1.6400024890899658  1.6405450105667114  0.008749023893736366  0.0055333649217821825
1.6405450105667114  1.6410878896713257  0.008737454852453773  0.005526055292229371
1.6410878896713257  1.641631007194519  0.017445836522075382  0.007802435854129121
1.641631007194519  1.6421746015548706  0.017422754375708394  0.007791272675654165
1.6421746015548706  1.6427185535430908  0.012174977649713271  0.006507790785260533
1.6427185535430908  1.6432628631591797  0.012158857388152576  0.006499191148931213
1.6432628631591797  1.6438075304031372  0.022328287754308646  0.008883856128640042
1.6438075304031372  1.6443525552749634  0.02229870377556326  0.00887211435878099
1.6443525552749634  1.6448979377746582  0.01901923130210846  0.008110254340262329
1.6448979377746582  1.6454437971115112  0.0189940126998277  0.008098647997470402
1.6454437971115112  1.6459898948669434  0.01703090003233395  0.007759256926591383
1.6459898948669434  1.6465363502502441  0.017008305534408626  0.007748998167202951
1.6465363502502441  1.6470831632614136  0.012040987709888934  0.00643616194685971
1.6470831632614136  1.6476303339004517  0.012025003407056204  0.006427651378622144
1.6476303339004517  1.648177981376648  0.027449261998429016  0.00970422303573653
1.648177981376648  1.6487258672714233  0.027412796261691606  0.009692443033268749
1.6487258672714233  1.6492741107940674  0.01689000946267617  0.007695477842175856
1.6492741107940674  1.6498228311538696  0.016867556306687074  0.007684462823176488
1.6498228311538696  1.6503719091415405  0.011928030919555653  0.006375431871865787
1.6503719091415405  1.6509212255477905  0.011912164446143203  0.006367688143187987
1.6509212255477905  1.6514710187911987  0.015278915257803609  0.0072025213232878174
1.6514710187911987  1.6520211696624756  0.01525857604991584  0.0071929900953149
1.6520211696624756  1.652571678161621  0.01183944880040305  0.0063280823554423965
1.652571678161621  1.6531224250793457  0.011823680063718332  0.006320391632863039
1.6531224250793457  1.6536736488342285  0.018537890433329707  0.007904973800586947
1.6536736488342285  1.6542253494262695  0.018513178587446798  0.007893655692121209
1.6542253494262695  1.6547772884368896  0.008189927055590959  0.005376264187634005
1.6547772884368896  1.6553295850753784  0.008179004249174339  0.0053691464480893685
1.6553295850753784  1.6558822393417358  0.021762498546967476  0.008536369620074985
1.6558822393417358  1.6564353704452515  0.021733451716547735  0.008524146314623447
1.6564353704452515  1.6569887399673462  0.016276327242766533  0.007555532456554721
1.6569887399673462  1.6575425863265991  0.01625458953803145  0.007544713191064531
1.6575425863265991  1.6580967903137207  0.019764473636227516  0.00819461257136434
1.6580967903137207  1.658651351928711  0.01973805897047855  0.008183757292391004
1.658651351928711  1.6592062711715698  0.01328071284165511  0.006640315164685795
1.6592062711715698  1.6597615480422974  0.013262951732345126  0.0066315170679079145
1.6597615480422974  1.6603171825408936  0.00994094016596701  0.005739367038803077
1.6603171825408936  1.6608731746673584  0.009927637534707694  0.005731761595724627
1.6608731746673584  1.6614296436309814  0.014891515475301835  0.0070195036567829985
1.6614296436309814  1.6619863510131836  0.014871573705517772  0.007010950644649019
1.6619863510131836  1.662543535232544  0.02150004425105608  0.008432950341641376
1.662543535232544  1.663101077079773  0.021471232137002208  0.008421770872521821
1.663101077079773  1.6636589765548706  0.019868065314702837  0.008111042695914443
1.6636589765548706  1.664217233657837  0.01984142390302404  0.008100288311989598
1.664217233657837  1.6647758483886719  0.021628568213882537  0.008483808132064221
1.6647758483886719  1.665334939956665  0.0215995455329397  0.008471653632735533
1.665334939956665  1.6658943891525269  0.00842355147857809  0.005327194495817972
1.6658943891525269  1.6664540767669678  0.008412241599002208  0.00532069559313869
1.6664540767669678  1.667014241218567  0.025813376083238613  0.00942563202836611
1.667014241218567  1.6675747632980347  0.02577869200976432  0.00941312752115101
1.6675747632980347  1.668135643005371  0.00529522492848793  0.0043237244318953824
1.668135643005371  1.6686969995498657  0.005288105080811967  0.004317528618233991
1.6686969995498657  1.6692585945129395  0.009045415217469507  0.005721074001910792
1.6692585945129395  1.6698206663131714  0.009033245194355936  0.005712875158173509
1.6698206663131714  1.670383095741272  0.024021873519289  0.009422064554902004
1.670383095741272  1.6709458827972412  0.023989531933702943  0.009409557887221835
1.6709458827972412  1.671509027481079  0.013139208249858503  0.007023504739229727
1.671509027481079  1.6720726490020752  0.013121506311252522  0.007013438081582858
1.6720726490020752  1.67263662815094  0.009459576010808516  0.0059823845281696715
1.67263662815094  1.6732008457183838  0.009446823797457718  0.005975072184710447
1.6732008457183838  1.6737655401229858  0.012973563295235337  0.007121653404781512
1.6737655401229858  1.674330711364746  0.012956059669954586  0.007111444039229511
1.674330711364746  1.6748961210250854  0.02422340126296572  0.009501597678085668
1.6748961210250854  1.675462007522583  0.024190700410578046  0.009487975921960413
1.675462007522583  1.6760282516479492  0.012616322313997909  0.00692518130464715
1.6760282516479492  1.676594853401184  0.01259927881786453  0.006915980006065878
1.676594853401184  1.6771618127822876  0.01969050458072368  0.008538943141195011
1.6771618127822876  1.6777291297912598  0.01966388841594113  0.008527595785139631
1.6777291297912598  1.6782969236373901  0.014333381359391086  0.007166606137236683
1.6782969236373901  1.6788650751113892  0.01431399088110048  0.007157079871626404
1.6788650751113892  1.6794335842132568  0.01955791782270534  0.008339860054310847
1.6794335842132568  1.6800025701522827  0.019531441724993114  0.008327899355795677
1.6800025701522827  1.6805717945098877  0.017676170880500688  0.007905339451457587
1.6805717945098877  1.6811414957046509  0.017652228368350457  0.007894001464974357
1.6811414957046509  1.6817115545272827  0.012303582499493279  0.00657680107923858
1.6817115545272827  1.6822820901870728  0.012286904078910301  0.006567367267717813
1.6822820901870728  1.682852864265442  0.020759282962015835  0.008607461152464753
1.682852864265442  1.6834241151809692  0.020731126574398812  0.008595114241725715
1.6834241151809692  1.6839957237243652  0.015651521535136444  0.0073780990914678645
1.6839957237243652  1.6845676898956299  0.015630278873311473  0.007368282909277058
1.6845676898956299  1.6851401329040527  0.013840599335067667  0.006920204396646076
1.6851401329040527  1.6857129335403442  0.013821799736117782  0.006910995013470366
1.6857129335403442  1.6862860918045044  0.018935115321261815  0.008074266181699145
1.6862860918045044  1.6868597269058228  0.018909378045504816  0.008062680460596935
1.6868597269058228  1.6874336004257202  0.011997271163399189  0.00641305185035713
1.6874336004257202  1.6880079507827759  0.011980955051416312  0.006403849538063008
1.6880079507827759  1.6885826587677002  0.015362259444210604  0.007242107199578946
1.6885826587677002  1.6891578435897827  0.015341350601754  0.007231713776191585
1.6891578435897827  1.6897333860397339  0.015300429781987443  0.007212583126845103
1.6897333860397339  1.6903092861175537  0.015279591740575195  0.007202977121717978
1.6903092861175537  1.6908855438232422  0.009951953398508131  0.0059269418519638795
1.6908855438232422  1.6914622783660889  0.009938389941370534  0.005918434236538359
1.6914622783660889  1.6920393705368042  0.013497810229552326  0.006748799121072503
1.6920393705368042  1.6926168203353882  0.013479402336549155  0.006739807022414745
1.6926168203353882  1.6931947469711304  0.010086382307402292  0.00582328202345365
1.6931947469711304  1.6937730312347412  0.010072616271096381  0.005815521109302094
1.6937730312347412  1.6943516731262207  0.008170384547198368  0.005363650062298523
1.6943516731262207  1.6949307918548584  0.008159226598010215  0.005355949104537451
1.6949307918548584  1.6955102682113647  0.018372918400969246  0.007834107927350578
1.6955102682113647  1.6960901021957397  0.018347810531372022  0.007823663327393274
1.6960901021957397  1.6966702938079834  0.014983858591402482  0.007063701188868309
1.6966702938079834  1.6972509622573853  0.014963368146974392  0.007053557237330893
1.6972509622573853  1.6978321075439453  0.014936265780997299  0.0070405399994649225
1.6978321075439453  1.6984134912490845  0.014915825252518672  0.0070318701068849505
1.6984134912490845  1.6989953517913818  0.011380412603519463  0.006246741539252841
1.6989953517913818  1.6995775699615479  0.011364828676047153  0.006238408055231846
1.6995775699615479  1.700160264968872  0.026414564479285516  0.009338790480257077
1.700160264968872  1.700743317604065  0.026378366655262178  0.009326329100106345
1.700743317604065  1.7013267278671265  0.017904528393308666  0.0077647832623585445
1.7013267278671265  1.7019106149673462  0.017879976046817122  0.007753628045169934
1.7019106149673462  1.7024948596954346  0.021327128702793446  0.008365032068045456
1.7024948596954346  1.7030794620513916  0.02129786507608545  0.008353865806971523
1.7030794620513916  1.7036645412445068  0.02290125428000159  0.008655696053834592
1.7036645412445068  1.7042499780654907  0.022869807391902884  0.008644138933603839
1.7042499780654907  1.7048357725143433  0.014289736551593256  0.007021184442158613
1.7048357725143433  1.705422043800354  0.014270101780385746  0.007011094677719669
1.705422043800354  1.706008791923523  0.013040295200954765  0.0065196883959017645
1.706008791923523  1.706595778465271  0.01302236338425697  0.006511640362158533
1.706595778465271  1.7071832418441772  0.016270354790733414  0.007276547358590678
1.7071832418441772  1.7077711820602417  0.016247965602042422  0.007266087951987711
1.7077711820602417  1.7083594799041748  0.01765069576271601  0.0076542959820522566
1.7083594799041748  1.7089481353759766  0.017626392742680973  0.007644067296555904
1.7089481353759766  1.709537148475647  0.011328841619767084  0.006056008074495014
1.709537148475647  1.7101267576217651  0.011313231046187169  0.0060466896351763
1.7101267576217651  1.7107166051864624  0.0076699936513618455  0.005228004004122067
1.7107166051864624  1.7113069295883179  0.007659418028021957  0.0052204869027247195
1.7113069295883179  1.711897611618042  0.011261778650893672  0.006019849334099397
1.711897611618042  1.7124887704849243  0.011246239457380161  0.006011192668497556
1.7124887704849243  1.7130802869796753  0.02246695870812609  0.008491956218250871
1.7130802869796753  1.7136722803115845  0.02243593723311673  0.008479743540692461
1.7136722803115845  1.7142646312713623  0.0076102280536184085  0.005186999644725589
1.7142646312713623  1.7148573398590088  0.007599713606630309  0.005180060403724674
1.7148573398590088  1.7154505252838135  0.015782720778660733  0.007190444247201932
1.7154505252838135  1.7160440683364868  0.015760899430658358  0.0071808224790914634
1.7160440683364868  1.7166380882263184  0.022348403228262773  0.008446711521432127
1.7166380882263184  1.7172324657440186  0.022317481437236265  0.008435405786412152
1.7172324657440186  1.717827320098877  0.018940943320809676  0.007853032207447968
1.717827320098877  1.718422532081604  0.018914718283412846  0.007842518921267767
1.718422532081604  1.7190182209014893  0.015932121160359754  0.007124895384875472
1.7190182209014893  1.7196142673492432  0.01591004603843778  0.007115354478436822
1.7196142673492432  1.7202106714248657  0.01751358088908016  0.0074680129834485305
1.7202106714248657  1.7208075523376465  0.017489300876355376  0.007457266239034612
1.7208075523376465  1.7214049100875854  0.014321756989640558  0.006751179404574816
1.7214049100875854  1.722002625465393  0.01430188498915148  0.006742134613111654
1.722002625465393  1.7226006984710693  0.019093282555026233  0.007794999343547762
1.7226006984710693  1.7231992483139038  0.019066773724966346  0.007783778688859124
1.7231992483139038  1.723798155784607  0.012531877235479237  0.0064133980933414984
1.723798155784607  1.7243975400924683  0.012514466307511492  0.0064041652521347955
1.7243975400924683  1.7249974012374878  0.02226273594717025  0.008414313551147566
1.7249974012374878  1.725597620010376  0.022231780112049192  0.008403032487039051
1.725597620010376  1.7261981964111328  0.019072389751296243  0.007786460381382007
1.7261981964111328  1.7267992496490479  0.01904585468448654  0.007775248023042906
1.7267992496490479  1.7274006605148315  0.0127078478376433  0.006354076347306033
1.7274006605148315  1.7280025482177734  0.012690155802878645  0.006344925696121963
1.7280025482177734  1.7286049127578735  0.022222176647868495  0.008398975726794515
1.7286049127578735  1.7292076349258423  0.022191213968867203  0.008387707765966496
1.7292076349258423  1.7298107147216797  0.026764532003395323  0.009281160473956338
1.7298107147216797  1.7304142713546753  0.026727218725140143  0.009267791262672659
1.7304142713546753  1.731018304824829  0.025147928900539837  0.008994654419873448
1.731018304824829  1.7316226959228516  0.0251128412568966  0.008982581633724307
1.7316226959228516  1.7322275638580322  0.01246378378571205  0.00637821810822408
1.7322275638580322  1.7328327894210815  0.012446382334672735  0.006369655452869345
1.7328327894210815  1.733438491821289  0.014046218485179354  0.006759405985430905
1.733438491821289  1.7340445518493652  0.01402659459814558  0.006750329636157196
1.7340445518493652  1.7346510887145996  0.018991272814304953  0.007752941310269508
1.7346510887145996  1.7352579832077026  0.018964721327553197  0.00774252813030796
1.7352579832077026  1.7358653545379639  0.026702281628182615  0.009259555119138922
1.7358653545379639  1.7364732027053833  0.026664922458354955  0.009246208441775004
1.7364732027053833  1.7370814085006714  0.01265729323780099  0.006328778200244475
1.7370814085006714  1.7376900911331177  0.012639571810207237  0.006319654516181446
1.7376900911331177  1.7382991313934326  0.015433929730045863  0.00716428864084527
1.7382991313934326  1.7389086484909058  0.015412306047630978  0.007153959165826483
1.7389086484909058  1.7395185232162476  0.015840401016995912  0.007084184522991029
1.7395185232162476  1.7401288747787476  0.01581819369571333  0.007073969654299375
1.7401288747787476  1.7407397031784058  0.014283247189927286  0.006732990864940393
1.7407397031784058  1.7413508892059326  0.014263207681552263  0.00672393675560596
1.7413508892059326  1.7419625520706177  0.022049527795121374  0.008445362707317406
1.7419625520706177  1.742574691772461  0.022018567978847773  0.008433181003767123
1.742574691772461  1.7431871891021729  0.02386242377854012  0.008713065490296353
1.7431871891021729  1.7438000440597534  0.023828899844675448  0.008701343331859472
1.7438000440597534  1.7444134950637817  0.020743358929282196  0.008135969206076982
1.7444134950637817  1.7450273036956787  0.02071419170711198  0.00812501967705633
1.7450273036956787  1.7456414699554443  0.020635800854802808  0.008210620289878973
1.7456414699554443  1.7462561130523682  0.02060676892707834  0.008198773155990253
1.7462561130523682  1.7468712329864502  0.02579382133263584  0.009119212049067214
1.7468712329864502  1.7474867105484009  0.025757504924139144  0.009106933768977081
1.7474867105484009  1.7481026649475098  0.02745156108237093  0.009519345170467812
1.7481026649475098  1.7487190961837769  0.02741288313366043  0.009505605583079791
1.7487190961837769  1.7493360042572021  0.024295934284965532  0.009094003691434158
1.7493360042572021  1.749953269958496  0.02426167658826511  0.009081752970932297
1.749953269958496  1.7505708932876587  0.018425681172354092  0.007857244904362815
1.7505708932876587  1.751189112663269  0.018399683019860197  0.007845143962561748
1.751189112663269  1.751807689666748  0.017047086170987744  0.007623443913061987
1.751807689666748  1.7524266242980957  0.017023018962480783  0.007613169980695143
1.7524266242980957  1.7530461549758911  0.018905153999229464  0.00806092293807867
1.7530461549758911  1.7536660432815552  0.01887844089005148  0.008050055711223891
1.7536660432815552  1.754286289215088  0.013461130101869095  0.006889221219594965
1.754286289215088  1.7549071311950684  0.013442097791290368  0.00687861033101532
1.7549071311950684  1.7555283308029175  0.01342439897070567  0.006711977371542191
1.7555283308029175  1.7561498880386353  0.013405406301780956  0.006702924972478264
1.7561498880386353  1.7567720413208008  0.013041879040398203  0.006520721344860652
1.7567720413208008  1.757394552230835  0.013023412068146195  0.006511923922350856
1.757394552230835  1.7580175399780273  0.012201142017030086  0.006391381753948465
1.7580175399780273  1.7586408853530884  0.012183854479709776  0.006382756936339059
1.7586408853530884  1.7592648267745972  0.018203156608725325  0.007431153959191278
1.7592648267745972  1.7598891258239746  0.018177343759577757  0.0074211227886923515
1.7598891258239746  1.7605137825012207  0.01320731744129776  0.0062263686192658915
1.7605137825012207  1.7611390352249146  0.013188577132057878  0.006216776020654312
1.7611390352249146  1.761764645576477  0.019880727790622228  0.0076146254235669375
1.761764645576477  1.7623907327651978  0.01985249827684157  0.007603617572134711
1.7623907327651978  1.763017177581787  0.022620401570814925  0.007997999633485039
1.763017177581787  1.7636442184448242  0.022588258330047864  0.007985676126935726
1.7636442184448242  1.76427161693573  0.02107472698406299  0.007695495044614307
1.76427161693573  1.764899492263794  0.021044759014212027  0.0076843668185550005
1.764899492263794  1.7655277252197266  0.01785410742938871  0.007206331979326342
1.7655277252197266  1.7661564350128174  0.017828704163247864  0.007195910283463215
1.7661564350128174  1.766785740852356  0.01256236512843747  0.005921461705346929
1.766785740852356  1.7674152851104736  0.01254447637730225  0.005914016303262417
1.7674152851104736  1.768045425415039  0.01096207778416828  0.005609681433279722
1.768045425415039  1.7686759233474731  0.010946456740783338  0.005602095514696377
1.7686759233474731  1.769307017326355  0.008329227796250081  0.004808705117702479
1.769307017326355  1.7699384689331055  0.008317349111846737  0.004802200308614209
1.7699384689331055  1.7705702781677246  0.013510567633333836  0.006271712588545403
1.7705702781677246  1.7712026834487915  0.013491288080679325  0.006262046021974572
1.7712026834487915  1.771835446357727  0.016593014953707057  0.0067741356656936405
1.771835446357727  1.7724686861038208  0.016569319468473537  0.006764330765649675
1.7724686861038208  1.7731024026870728  0.020703750985938258  0.0075600110465265016
1.7731024026870728  1.773736596107483  0.02067416203269227  0.007549066617445168
1.773736596107483  1.7743711471557617  0.012059193333529455  0.005925363036946411
1.7743711471557617  1.7750062942504883  0.012041946667552567  0.005916228183694985
1.7750062942504883  1.7756417989730835  0.011004097000302993  0.005502095234587879
1.7756417989730835  1.776277780532837  0.010988348963400707  0.005494127815335088
1.776277780532837  1.776914119720459  0.023360318247984093  0.008012963134240188
1.776914119720459  1.7775510549545288  0.02332686388364133  0.008000608928122118
1.7775510549545288  1.7781883478164673  0.01787292246596513  0.007010718554840167
1.7781883478164673  1.7788262367248535  0.017847306487690614  0.006999908551579451
1.7788262367248535  1.7794644832611084  0.017952975964043886  0.007041787945846585
1.7794644832611084  1.7801032066345215  0.017927227670762196  0.007031585858691306
1.7801032066345215  1.7807422876358032  0.020976814095485102  0.007660059570093944
1.7807422876358032  1.7813819646835327  0.02094670764229373  0.0076482467814141955
1.7813819646835327  1.7820221185684204  0.018570167154731258  0.007283527204545154
1.7820221185684204  1.7826626300811768  0.018543495441471495  0.007273648549973298
1.7826626300811768  1.7833036184310913  0.01757108255170466  0.007173408328961697
1.7833036184310913  1.783945083618164  0.01754582907140423  0.007163010871464795
1.783945083618164  1.784587025642395  0.013492586094460881  0.00636050238793067
1.784587025642395  1.7852294445037842  0.01347317896125038  0.0063512812187619455
1.7852294445037842  1.7858723402023315  0.01682535489508849  0.007174061199217738
1.7858723402023315  1.7865155935287476  0.016801137322768153  0.0071643228721771125
1.7865155935287476  1.7871594429016113  0.01862952944462742  0.007605159024503905
1.7871594429016113  1.7878036499023438  0.018602695286811657  0.007594832658199696
1.7878036499023438  1.788448452949524  0.01564094199419768  0.006994550243318499
1.788448452949524  1.7890936136245728  0.015618395703692039  0.006985050177508673
1.7890936136245728  1.7897392511367798  0.018706580588599725  0.007636961097286634
1.7897392511367798  1.790385365486145  0.01867959672786863  0.0076258819250434075
1.790385365486145  1.7910319566726685  0.023081307910840863  0.00842813338012453
1.7910319566726685  1.79167902469635  0.023047988658703056  0.008415904194181648
1.79167902469635  1.7923264503479004  0.019697871445374857  0.0077265222331813245
1.7923264503479004  1.7929744720458984  0.019669418507218473  0.007714599886859725
1.7929744720458984  1.7936229705810547  0.01495877920984484  0.006689481798975854
1.7936229705810547  1.7942718267440796  0.014937154812301791  0.006680385967144901
1.7942718267440796  1.7949212789535522  0.014628097443807714  0.00666426941461931
1.7949212789535522  1.7955710887908936  0.01460693566492642  0.006655205329674495
1.7955710887908936  1.7962214946746826  0.026459425733803558  0.008819423419613608
1.7962214946746826  1.7968722581863403  0.026421119444777035  0.008807424466031432
1.7968722581863403  1.7975234985351562  0.01753416555517963  0.007158632977907803
1.7975234985351562  1.79817533493042  0.017508762019320164  0.007147582837960162
1.79817533493042  1.7988275289535522  0.018892680234681682  0.007410328981173636
1.7988275289535522  1.7994801998138428  0.018865291181603006  0.007399565883180095
1.7994801998138428  1.8001333475112915  0.024226363271817163  0.008493275106854674
1.8001333475112915  1.8007869720458984  0.024191215055305165  0.008480936468422923
1.8007869720458984  1.8014410734176638  0.021589085061841436  0.007883582502845472
1.8014410734176638  1.8020957708358765  0.02155773734483966  0.007871410019267598
1.8020957708358765  1.802750825881958  0.024343402905324246  0.008349719724618601
1.802750825881958  1.8034063577651978  0.024308033213489046  0.008337585196490371
1.8034063577651978  1.8040623664855957  0.012648198599032523  0.006086806579387127
1.8040623664855957  1.8047188520431519  0.012629808696103256  0.006077959404039029
1.8047188520431519  1.8053758144378662  0.026959030670710073  0.00874665908867313
1.8053758144378662  1.8060332536697388  0.02691980456332722  0.008733943344483327
1.8060332536697388  1.806691288948059  0.016957797518397322  0.0069226711448426926
1.806691288948059  1.807349681854248  0.016933102513050163  0.00691323043276109
1.807349681854248  1.8080085515975952  0.01688971126579849  0.0068951860280105064
1.8080085515975952  1.8086678981781006  0.016865100131733764  0.006885158005835653
1.8086678981781006  1.8093277215957642  0.00964283096271398  0.005293300772775652
1.8093277215957642  1.8099881410598755  0.009628768828318996  0.005285123717940674
1.8099881410598755  1.8106489181518555  0.03493895748799423  0.009882653047376398
1.8106489181518555  1.8113102912902832  0.034887970053308334  0.009867385214629983
1.8113102912902832  1.8119720220565796  0.014980458763421446  0.006607826483061124
1.8119720220565796  1.8126343488693237  0.014958581842017628  0.006597617130638507
1.8126343488693237  1.8132970333099365  0.016673587189268018  0.006807249023887444
1.8132970333099365  1.8139603137969968  0.016649220380431016  0.006796730653094534
1.8139603137969968  1.8146240711212158  0.019407490271776195  0.007334987720102112
1.8146240711212158  1.8152881860733032  0.01937910817934822  0.007324968056649085
1.8152881860733032  1.8159528970718384  0.02213047290847379  0.007824273923471774
1.8159528970718384  1.8166180849075317  0.022098082194923502  0.007812881651087145
1.8166180849075317  1.8172837495803833  0.017945062934809065  0.007038603249371276
1.8172837495803833  1.817949891090393  0.017918780444873533  0.007028353417405012
1.817949891090393  1.8186166286468506  0.0096476786800126  0.0051566469655755
1.8186166286468506  1.8192837238311768  0.009633537171036712  0.00514959608722046
1.8192837238311768  1.8199512958526611  0.017724000811228196  0.0070522187837438206
1.8199512958526611  1.8206194639205933  0.01769800407572232  0.007041316815866621
1.8206194639205933  1.8212881088256836  0.020443886237107623  0.007557978509395943
1.8212881088256836  1.8219572305679321  0.02041387540629819  0.007546965315318395
1.8219572305679321  1.8226267099380493  0.01920512014202666  0.007259457092986421
1.8226267099380493  1.8232969045639038  0.019176908256567825  0.007247587081450525
1.8232969045639038  1.823967456817627  0.02467286811585386  0.008224238647559955
1.823967456817627  1.8246384859085083  0.024636598845806015  0.008212250266032017
1.8246384859085083  1.8253101110458374  0.021937404734196943  0.007755648764343863
1.8253101110458374  1.8259820938110352  0.021905131980049338  0.007745028222291901
1.8259820938110352  1.8266546726226807  0.027450324287382078  0.008680494073865966
1.8266546726226807  1.8273277282714844  0.027409910120556005  0.008667835208090054
1.8273277282714844  1.8280012607574463  0.010828227732016917  0.005541346589905675
1.8280012607574463  1.8286752700805664  0.010812275044848534  0.005533264284634133
1.8286752700805664  1.8293498754501343  0.01790051341113279  0.007020794394361128
1.8293498754501343  1.8300248384475708  0.017874121354014297  0.007011171337025019
1.8300248384475708  1.830700397491455  0.02190640379564591  0.00783540280347619
1.830700397491455  1.8313764333724976  0.021874080828540355  0.007823969570836833
1.8313764333724976  1.8320529460906982  0.03166948851720621  0.009414805657379247
1.8320529460906982  1.8327300548553467  0.0316227235197855  0.009400236642788225
1.8327300548553467  1.8334075212478638  0.023497090898266702  0.008148203338163887
1.8334075212478638  1.8340855836868286  0.02346237136220839  0.008135593631272427
1.8340855836868286  1.8347641229629517  0.01111153581451227  0.00568631821186836
1.8347641229629517  1.835443139076233  0.011095104980402245  0.005678015963511218
1.835443139076233  1.836122751235962  0.014556033349287666  0.006509307155928341
1.836122751235962  1.8368027210235596  0.014534492990746578  0.006500371263353319
1.8368027210235596  1.837483286857605  0.026236546437739993  0.009097766988684787
1.837483286857605  1.8381643295288086  0.026197690742496966  0.009084477896989275
1.8381643295288086  1.83884596824646  0.029467529532508537  0.010106730844109853
1.83884596824646  1.83952796459198  0.029423856191427657  0.010092847089735513
1.83952796459198  1.8402105569839478  0.031190992484558023  0.011027560402263095
1.8402105569839478  1.840893626213074  0.031144732339015716  0.011011446289078911
1.840893626213074  1.841577172279358  0.027156021360483618  0.010651811275358046
1.841577172279358  1.8422613143920898  0.02711571541854559  0.010635315796111542
1.8422613143920898  1.8429459333419798  0.03829330785322555  0.012896586913230553
1.8429459333419798  1.8436310291290285  0.03823642945785262  0.012877733541653695
1.8436310291290285  1.8443166017532349  0.01777513260924888  0.008887844653319031
1.8443166017532349  1.8450027704238892  0.017748711358033745  0.008874077770175775
1.8450027704238892  1.8456894159317017  0.021575279554360872  0.01017055691347298
1.8456894159317017  1.8463765382766726  0.021543186257106182  0.010155682614890624
1.8463765382766726  1.8470642566680908  0.02301164593966385  0.010847653455127277
1.8470642566680908  1.8477524518966675  0.02297738810871626  0.010831784898418337
1.8477524518966675  1.8484411239624023  0.014856835659331203  0.00884763304855265
1.8484411239624023  1.8491302728652954  0.014834703438337898  0.008834687887228052
1.8491302728652954  1.8498200178146362  0.02165427410320012  0.010207782566416582
1.8498200178146362  1.8505102396011353  0.02162198936035498  0.010192843470072816
1.8505102396011353  1.8512009382247925  0.01598407584481776  0.008774115343765739
1.8512009382247925  1.8518922328948975  0.015960228611120703  0.008760516569249522
1.8518922328948975  1.8525840044021606  0.02275380240930458  0.010176100096459516
1.8525840044021606  1.8532763719558716  0.022719827206489664  0.010160325762741612
1.8532763719558716  1.8539690971374514  0.015653858482118064  0.008367574568514998
1.8539690971374514  1.8546624183654785  0.015630469770349868  0.008354602645090357
1.8546624183654785  1.8553563356399536  0.01739834467878015  0.008903533595076148
1.8553563356399536  1.856050729751587  0.017372327056755163  0.008890491851740109
1.856050729751587  1.8567456007003784  0.021938960816457007  0.009811247633778761
1.8567456007003784  1.8574409484863281  0.021906132495821646  0.009796873968359918
1.8574409484863281  1.8581368923187256  0.021866299041070243  0.009778748772819848
1.8581368923187256  1.8588333129882812  0.021833553957066276  0.009764419381118879
1.8588333129882812  1.8595303297042844  0.021559021577529782  0.009822123653242875
1.8595303297042844  1.8602278232574463  0.02152671015992841  0.009807726707993328
1.8602278232574463  1.8609259128570557  0.019640844909135122  0.009258231565683082
1.8609259128570557  1.8616243600845337  0.019611387984567293  0.009245447742823782
1.8616243600845337  1.862323522567749  0.013109534890499167  0.0075683400479038794
1.862323522567749  1.863023042678833  0.013089858073229916  0.007557885933093438
1.863023042678833  1.8637231588363647  0.015307057201069634  0.008182169487991145
1.8637231588363647  1.8644238710403442  0.01528406395699113  0.008169472896838739
1.8644238710403442  1.865125060081482  0.026192689567063047  0.010692927356282238
1.865125060081482  1.8658267259597778  0.02615331743518187  0.01067724023478354
1.8658267259597778  1.8665289878845215  0.026017473749798438  0.01062139278497973
1.8665289878845215  1.8672317266464233  0.02597833472748303  0.010605806852590357
1.8672317266464233  1.8679349422454834  0.023277541539587346  0.010095270007788412
1.8679349422454834  1.8686388731002808  0.023242497034621837  0.010078744612585138
1.8686388731002808  1.8693431615829468  0.02947911724710535  0.011142315622817398
1.8693431615829468  1.8700480461120605  0.029434706103194094  0.011125016977025743
1.8700480461120605  1.8707534074783325  0.018669263650339392  0.008800973867824326
1.8707534074783325  1.8714593648910522  0.018641116209832484  0.008787308183514543
1.8714593648910522  1.8721659183502197  0.026415189609308262  0.010509736016066371
1.8721659183502197  1.8728729486465454  0.026375330275424165  0.010494299172217928
1.8728729486465454  1.8735804557800293  0.014292728806699767  0.007639950196793423
1.8735804557800293  1.874288558959961  0.014271146243689081  0.007628083503115906
1.874288558959961  1.8749971389770508  0.018431343576270288  0.008688802658558944
1.8749971389770508  1.8757063150405884  0.01840349178170414  0.008675305541454096
1.8757063150405884  1.8764159679412842  0.0020679135482529897  0.004135998431631433
1.8764159679412842  1.8771262168884277  0.002064786334641233  0.004129401607432673
1.8771262168884277  1.8778369426727295  0.0249526070649299  0.010345952010822064
1.8778369426727295  1.878548264503479  0.024914844037620457  0.010329876110417477
1.878548264503479  1.8792600631713867  0.03632489704366553  0.012459583544249567
1.8792600631713867  1.8799724578857422  0.03626988108097541  0.012440220318156354
1.8799724578857422  1.8806854486465452  0.02800837846321744  0.010985542927679844
1.8806854486465452  1.8813989162445068  0.027965923297452965  0.010969384171353189
1.8813989162445068  1.8821128606796265  0.01903486280802109  0.00916049361561916
1.8821128606796265  1.8828274011611936  0.019005990839581176  0.009146253589030956
1.8828274011611936  1.883542537689209  0.029499927610458134  0.011149665226546703
1.883542537689209  1.8842581510543823  0.02945514616464912  0.011133257788432244
1.8842581510543823  1.8849743604660034  0.01228306760612569  0.007091464660517472
1.8849743604660034  1.8856910467147825  0.012264407394977452  0.007081026396369083
1.8856910467147825  1.8864083290100098  0.017768669771585324  0.008376029891952165
1.8864083290100098  1.887126088142395  0.017741655933498916  0.008363697888548788
1.887126088142395  1.887844443321228  0.013302479695554818  0.0071105954507196326
1.887844443321228  1.8885633945465088  0.013282238958045362  0.007099534586005407
1.8885633945465088  1.8892828226089478  0.021825561549245216  0.009049370213666637
1.8892828226089478  1.8900028467178345  0.021792328295266537  0.00903529164216603
1.8900028467178345  1.8907233476638794  0.01415371615483446  0.007243335683324705
1.8907233476638794  1.891444444656372  0.014132149105008023  0.007232065368058485
1.891444444656372  1.8921661376953127  0.014024910965065222  0.0071771183503081355
1.8921661376953127  1.8928883075714111  0.014003523389221761  0.0071665409901821445
1.8928883075714111  1.8936110734939575  0.022938201629504888  0.009126678563127207
1.8936110734939575  1.8943344354629514  0.022903193958409923  0.009112473345606092
1.8943344354629514  1.895058274269104  0.01431387528595125  0.007157042988514139
1.895058274269104  1.895782709121704  0.014292013753131926  0.007145901696565876
1.895782709121704  1.8965076208114626  0.010785258719151857  0.006226960932452417
1.8965076208114626  1.8972331285476685  0.010768774435011749  0.0062172660509156276
1.8972331285476685  1.8979592323303223  0.01442865680152929  0.007214131995629531
1.8979592323303223  1.8986858129501345  0.014406586506971502  0.007203489374214318
1.8986858129501345  1.8994129896163938  0.026655619820564063  0.009977684677204602
1.8994129896163938  1.9001407623291016  0.02661481486239627  0.009962144958215303
1.9001407623291016  1.9008691310882568  0.02529861596822887  0.009561709960271727
1.9008691310882568  1.9015979766845705  0.02525985794983815  0.00954759660211562
1.9015979766845705  1.9023274183273315  0.028862466337915813  0.010204132897311665
1.9023274183273315  1.903057336807251  0.02881821614060623  0.01018906754486745
1.903057336807251  1.9037878513336182  0.016177341796080463  0.0076261632827228166
1.9037878513336182  1.904518961906433  0.016152521063063297  0.007614280368866924
1.904518961906433  1.9052506685256958  0.028619640844516656  0.010118275408344316
1.9052506685256958  1.9059828519821167  0.02857569551254242  0.010103329258725544
1.9059828519821167  1.9067156314849854  0.026687393781152858  0.009744965899299809
1.9067156314849854  1.9074490070343018  0.026646383401784247  0.009729776162838568
1.9074490070343018  1.908182978630066  0.014160976026609434  0.007080275462708362
1.908182978630066  1.9089174270629883  0.014139197890861361  0.007069811188259994
1.9089174270629883  1.9096524715423584  0.0156493129144573  0.007531137710990129
1.9096524715423584  1.9103881120681763  0.015625227638277766  0.007519394781719095
1.9103881120681763  1.9111242294311523  0.03876552251604194  0.011688357981563289
1.9111242294311523  1.9118609428405764  0.03870581964771842  0.011670130738042763
1.9118609428405764  1.912598371505737  0.019525522682391536  0.00832511465193457
1.912598371505737  1.9133361577987669  0.019495425022638034  0.00831347256414304
1.9133361577987669  1.9140746593475342  0.019848012473255894  0.008462953468006032
1.9140746593475342  1.9148136377334595  0.01981739462732404  0.008450432561451199
1.9148136377334595  1.915553331375122  0.010824262141790523  0.00644600969363028
1.915553331375122  1.9162935018539429  0.01080755075247846  0.006436470112416197
1.9162935018539429  1.9170341491699219  0.026053663068629978  0.009979306024120855
1.9170341491699219  1.9177755117416384  0.02601341147318119  0.009962931131415295
1.9177755117416384  1.9185173511505127  0.024686506770634366  0.009682915986337059
1.9185173511505127  1.919259786605835  0.02464833756541546  0.009667802123280458
1.919259786605835  1.920002818107605  0.026553833084190223  0.010036474679560054
1.920002818107605  1.9207464456558228  0.026512742423457636  0.01002080567502791
1.9207464456558228  1.9214906692504883  0.020656545152565615  0.008808036896262604
1.9214906692504883  1.9222354888916016  0.02062455427758302  0.00879428313315251
1.9222354888916016  1.922980785369873  0.011134951319982114  0.006428805662704611
1.922980785369873  1.9237266778945923  0.011117695565285272  0.006418766067072809
1.9237266778945923  1.9244731664657593  0.025709830016838874  0.009717455930428373
1.9244731664657593  1.925220251083374  0.025669955531916526  0.009702277721813687
1.925220251083374  1.9259679317474367  0.01457613699966421  0.0072881052068505805
1.9259679317474367  1.9267162084579468  0.014553511198732699  0.007276718949880089
1.9267162084579468  1.9274649620056152  0.01994393127248478  0.008504498272562718
1.9274649620056152  1.928214430809021  0.019912950291138556  0.008490533765990379
1.928214430809021  1.928964376449585  0.02708961180542956  0.009891768687475572
1.928964376449585  1.9297149181365967  0.02704750034460967  0.009876309725353033
1.9297149181365967  1.930466055870056  0.01619561908096631  0.007634716125315654
1.930466055870056  1.9312177896499634  0.016170422189116428  0.00762278209349603
1.9312177896499634  1.9319701194763184  0.023120229080936916  0.009198993876330398
1.9319701194763184  1.932723045349121  0.023084230194533522  0.009184611876681365
1.932723045349121  1.9334765672683716  0.007166104337036684  0.0050672148372407
1.9334765672683716  1.93423068523407  0.007154937664326938  0.005059291097301139
1.93423068523407  1.9349853992462158  0.017851096722221436  0.007982956375482171
1.9349853992462158  1.93574059009552  0.017823259748808103  0.007971100419335584
1.93574059009552  1.9364964962005615  0.012447202868213785  0.006653059769422702
1.9364964962005615  1.9372528791427612  0.012427777146038134  0.006643175970834417
1.9372528791427612  1.9380099773406982  0.028339991523054366  0.010019319522662096
1.9380099773406982  1.9387675523757935  0.02829572791095886  0.010004430560820935
1.9387675523757935  1.939525842666626  0.019410447847447686  0.00827632508039184
1.939525842666626  1.9402846097946167  0.019380106281533523  0.008264022315796571
1.9402846097946167  1.941043972969055  0.017373787439395005  0.007915808033914583
1.941043972969055  1.941804051399231  0.017346607931696248  0.007902797547738977
1.941804051399231  1.942564606666565  0.019292411349856098  0.008226311928322785
1.942564606666565  1.9433257579803467  0.01926220938335099  0.008213433590092675
1.9433257579803467  1.9440876245498657  0.02622438717789452  0.009575413243524908
1.9440876245498657  1.944849967956543  0.02618329815947141  0.009561167171480088
1.944849967956543  1.945612907409668  0.022669087183473335  0.00889188637810551
1.945612907409668  1.9463765621185303  0.022633541203821425  0.008877266973728719
1.9463765621185303  1.9471406936645508  0.017407283149688098  0.007785066325299189
1.9471406936645508  1.9479055404663086  0.017379967554383778  0.007772265631786132
1.9479055404663086  1.9486708641052246  0.017381329893971332  0.007773455229694028
1.9486708641052246  1.949436902999878  0.017354033258618316  0.007760671901368238
1.949436902999878  1.9502034187316895  0.032967344303926796  0.010696409945636578
1.9502034187316895  1.9509706497192383  0.032915530561519156  0.01067881788950285
1.9509706497192383  1.9517384767532349  0.0173121754635206  0.007742218667253995
1.9517384767532349  1.9525068998336792  0.01728494404735718  0.007730083509402147
1.9525068998336792  1.9532759189605713  0.025695653429768053  0.009499545038428512
1.9532759189605713  1.9540455341339111  0.02565520282698225  0.00948465206371427
1.9540455341339111  1.9548157453536987  0.02372074998687092  0.009206933890108392
1.9548157453536987  1.955586552619934  0.023683379768739955  0.009192496841468768
1.955586552619934  1.9563579559326172  0.017232434614473113  0.007706547183438643
1.9563579559326172  1.957129955291748  0.017205266994755084  0.007694461124145387
1.957129955291748  1.9579026699066162  0.021953346600196415  0.008860393891612384
1.9579026699066162  1.9586758613586428  0.021918706004029925  0.008847176695135907
1.9586758613586428  1.959449768066406  0.025569302653206605  0.009452816352352709
1.959449768066406  1.9602242708206177  0.025528922791307068  0.009437984166238353
1.9602242708206177  1.960999369621277  0.02230465645335228  0.008748557660541209
1.960999369621277  1.9617750644683838  0.022269406961880626  0.008734828352604985
1.9617750644683838  1.962551474571228  0.02571481406988668  0.009389305843422544
1.962551474571228  1.9633283615112305  0.02567414036469815  0.009375286586565047
1.9633283615112305  1.9641059637069702  0.013712803866992909  0.006856095080817596
1.9641059637069702  1.9648840427398682  0.01369109849769148  0.006845855656960681
1.9648840427398682  1.9656628370285034  0.013495628848397136  0.006906392482831198
1.9656628370285034  1.9664422273635864  0.013474249235186518  0.006895546786826166
1.9664422273635864  1.9672223329544067  0.020331344938306496  0.008429310541855859
1.9672223329544067  1.9680029153823853  0.020299111364844396  0.008416713694037556
1.9680029153823853  1.968784213066101  0.018796810793942683  0.008014924163930135
1.968784213066101  1.9695661067962646  0.018766985472429748  0.008002332283814126
1.9695661067962646  1.970348596572876  0.011931136594251879  0.006377407951230909
1.970348596572876  1.971131682395935  0.011912191190882089  0.006367386756572806
1.971131682395935  1.9719154834747314  0.01869337403720433  0.007970811529925596
1.9719154834747314  1.9726998805999754  0.018663665049232035  0.007958283349061261
1.9726998805999754  1.9734848737716675  0.020111730431847167  0.008338562273862775
1.9734848737716675  1.9742704629898074  0.020079744504584718  0.008325453835082344
1.9742704629898074  1.9750567674636843  0.014982400373179959  0.0072097742966838515
1.9750567674636843  1.9758435487747192  0.014958553230167499  0.007198983369708498
1.9758435487747192  1.9766310453414917  0.01999556703057916  0.008290705295163198
1.9766310453414917  1.9774192571640017  0.01996371267790701  0.008277039532937075
1.9774192571640017  1.9782079458236694  0.02352501668137847  0.008891862267825991
1.9782079458236694  1.9789973497390747  0.02348751260699256  0.00887720399454657
1.9789973497390747  1.9797873497009275  0.020140832903648338  0.008222679637601664
1.9797873497009275  1.980578064918518  0.020108696442511745  0.008209122276909878
1.980578064918518  1.9813693761825562  0.018444544340977528  0.00786468949808173
1.9813693761825562  1.982161283493042  0.018415091759375758  0.007852312002724711
1.982161283493042  1.9829537868499756  0.014871677581602466  0.007157016331597122
1.9829537868499756  1.9837470054626465  0.014847911672224948  0.007145212953923404
1.9837470054626465  1.9845408201217651  0.023453083866786538  0.008864322308292415
1.9845408201217651  1.9853352308273315  0.023415575336583557  0.008850365596055823
1.9853352308273315  1.9861303567886353  0.02010250144708608  0.008206705913846323
1.9861303567886353  1.9869260787963867  0.020070323883691572  0.008193781185073957
1.9869260787963867  1.987722396850586  0.021572029779865817  0.008583180807216881
1.987722396850586  1.9885194301605225  0.021537473961359285  0.008569019378402645
1.9885194301605225  1.989317059516907  0.013409089572188197  0.006704452233597703
1.989317059516907  1.990115284919739  0.013387592727934886  0.006693888771914794
1.990115284919739  1.990914225578308  0.03019182149259694  0.010064171746595157
1.990914225578308  1.9917138814926147  0.030143376153029592  0.01004756118892
1.9917138814926147  1.9925140142440796  0.018473800610680095  0.00787743234001579
1.9925140142440796  1.9933148622512817  0.01844413755267309  0.007864429682207737
1.9933148622512817  1.9941164255142212  0.020181736783153218  0.008238728130213086
1.9941164255142212  1.9949184656143188  0.020149303918202466  0.008226349663119255
1.9949184656143188  1.9957213401794434  0.02356736147688998  0.00890715530115129
1.9957213401794434  1.996524691581726  0.023529456577683544  0.008893768033537818
1.996524691581726  1.9973287582397459  0.021901440735186017  0.008590631480440055
1.9973287582397459  1.9981335401535036  0.02186618686400555  0.008576444757843802
1.9981335401535036  1.9989389181137085  0.033732673946202926  0.01066703133409781
1.9989389181137085  1.9997448921203613  0.03367833309624848  0.010650200551862969
1.9997448921203613  2.000551700592041  0.011617974937255714  0.006376908621995721
2.000551700592041  2.001358985900879  0.0115992426466829  0.006367314363158829
2.001358985900879  2.002166986465454  0.016933489590582478  0.0075724752233647516
2.002166986465454  2.0029754638671875  0.016906168124442567  0.007561079176852853
2.0029754638671875  2.0037848949432373  0.022059265078714852  0.008651881486575716
2.0037848949432373  2.0045948028564453  0.022023639645137733  0.008638855625747061
2.0045948028564453  2.0054054260253906  0.02019588673844249  0.008373069783075579
2.0054054260253906  2.006216526031494  0.020163249280099296  0.008360460691600898
2.006216526031494  2.007028579711914  0.028988343752784012  0.009942367046797062
2.007028579711914  2.007841110229492  0.028941452600485175  0.009927388375388006
2.007841110229492  2.0086543560028076  0.019884407860428343  0.008504556553222457
2.0086543560028076  2.0094680786132812  0.019852222312838598  0.008491741028799011
2.0094680786132812  2.0102827548980713  0.020372719242661937  0.008446372724281202
2.0102827548980713  2.0110979080200195  0.020339711441283662  0.008433639241521429
2.0110979080200195  2.011913776397705  0.008404286936878592  0.005517096883491904
2.011913776397705  2.012730360031128  0.008390659458901139  0.005507972212183141
2.012730360031128  2.013547420501709  0.03096850567605302  0.010430755026872669
2.013547420501709  2.0143654346466064  0.03091825128678136  0.010411982830153224
2.0143654346466064  2.015183925628662  0.015685851788741885  0.007394493863098213
2.015183925628662  2.016003131866455  0.01566037767011822  0.007382260601248191
2.016003131866455  2.0168228149414062  0.015804251432734666  0.007450846567513772
2.0168228149414062  2.017643451690674  0.015778564742966867  0.007437436985415603
2.017643451690674  2.0184645652770996  0.028298801661005957  0.010005279214200974
2.0184645652770996  2.0192863941192627  0.028252770179572215  0.009988720990323566
2.0192863941192627  2.020108938217163  0.019622017630741378  0.008366970383524578
2.020108938217163  2.020932197570801  0.019590070880779627  0.008353120527563252
2.020932197570801  2.0217559337615967  0.015594030928372693  0.007823972259969099
2.0217559337615967  2.022580623626709  0.015568622975359747  0.007809889814256699
2.022580623626709  2.0234057903289795  0.018359124542964362  0.008210553655580825
2.0234057903289795  2.0242316722869873  0.0183291875624113  0.008196958486666685
2.0242316722869873  2.0250582695007324  0.035041030323950235  0.0115926618312789
2.0250582695007324  2.0258853435516357  0.034983848217226866  0.01157513258424288
2.0258853435516357  2.0267133712768555  0.015198959189718038  0.007599020544745324
2.0267133712768555  2.0275418758392334  0.015174133702770246  0.007587525234767839
2.0275418758392334  2.0283710956573486  0.009318080769084835  0.006116936380972262
2.0283710956573486  2.029201030731201  0.009302849467745802  0.006106802639024388
2.029201030731201  2.030031681060791  0.018889826869165082  0.008447876084137768
2.030031681060791  2.030863046646118  0.018858921341231037  0.008433877476552673
2.030863046646118  2.0316948890686035  0.016571484520895994  0.007812510380748193
2.0316948890686035  2.0325276851654053  0.016544351527819117  0.007798445642310718
2.0325276851654053  2.0333609580993652  0.019431105457520553  0.00842662913393427
2.0333609580993652  2.0341949462890625  0.019399265659870445  0.008412661221966423
2.0341949462890625  2.035029649734497  0.01917203520356024  0.008175056536439039
2.035029649734497  2.035865068435669  0.01914059234622639  0.008161502863832814
2.035865068435669  2.036701202392578  0.027500291496719793  0.009722903091219514
2.036701202392578  2.0375380516052246  0.027455150136235916  0.009706779765981001
2.0375380516052246  2.0383753776550293  0.04453001618128916  0.012351381001119826
2.0383753776550293  2.0392136573791504  0.04445686473773424  0.012329140988141505
2.0392136573791504  2.0400524139404297  0.022332251666398826  0.008759494929506935
2.0400524139404297  2.0408918857574463  0.022295539615779684  0.00874496507108692
2.0408918857574463  2.0417320728302  0.022464273500115924  0.008811273746640357
2.0417320728302  2.0425729751586914  0.02242731217213458  0.008796654919103952
2.0425729751586914  2.04341459274292  0.02784899036259036  0.009846167517752434
2.04341459274292  2.0442569255828857  0.027803127471963732  0.009829827540551424
2.0442569255828857  2.045099973678589  0.022382963700067548  0.009034230275522317
2.045099973678589  2.0459437370300293  0.022346071482359273  0.00901923495745025
2.0459437370300293  2.046787977218628  0.030136073263636168  0.010337372436406738
2.046787977218628  2.047633171081543  0.030086364888046394  0.010318754909749936
2.047633171081543  2.048478841781616  0.030511376727202336  0.010466103366433456
2.048478841781616  2.049325466156006  0.030461006279914944  0.010447252948020501
2.049325466156006  2.0501725673675537  0.02552056701536595  0.009645909336149167
2.0501725673675537  2.051020383834839  0.02547840415695413  0.009629889996397772
2.051020383834839  2.0518689155578613  0.016727095418356427  0.007885811446422013
2.0518689155578613  2.0527184009552  0.016699433164560677  0.007871606335214299
2.0527184009552  2.0535683631896973  0.02092725706803616  0.008923441447076472
2.0535683631896973  2.0544190406799316  0.02089262386797896  0.008908615748213004
2.0544190406799316  2.0552704334259033  0.021468191136552822  0.009154092410514503
2.0552704334259033  2.0561225414276123  0.021432633237679306  0.009138880608682681
2.0561225414276123  2.0569753646850586  0.017998833208394932  0.008484749991363219
2.0569753646850586  2.057828903198242  0.01796899596176994  0.008470647313528121
2.057828903198242  2.058682918548584  0.014056556403235951  0.007716372671608125
2.058682918548584  2.059537887573242  0.014033237687585652  0.007702470530588798
2.059537887573242  2.0603935718536377  0.027146040287012455  0.010647565224827375
2.0603935718536377  2.0612499713897705  0.02710096401901156  0.010629860450139835
2.0612499713897705  2.0621070861816406  0.014958102956829065  0.007995447338176833
2.0621070861816406  2.062964916229248  0.014933243319701894  0.007982149326729575
2.062964916229248  2.0638232231140137  0.028536904045201907  0.011193873412649134
2.0638232231140137  2.0646824836730957  0.028489445682738042  0.011173702664060122
2.0646824836730957  2.065542459487915  0.01814038084270186  0.009070186649565123
2.065542459487915  2.0664031505584717  0.01811018263279931  0.009055095081911284
2.0664031505584717  2.0672645568847656  0.02587383584813532  0.011031867906049854
2.0672645568847656  2.0681264400482178  0.02583073396429126  0.011015033614516685
2.0681264400482178  2.0689892768859863  0.01951773936257375  0.009758855538864171
2.0689892768859863  2.069852828979492  0.01948519551047439  0.009742611874140225
2.069852828979492  2.0707170963287354  0.03027874872461552  0.012361223135714297
2.0707170963287354  2.071582078933716  0.0302282186611986  0.012340642820339759
2.071582078933716  2.0724477767944336  0.028344174648313254  0.012291785724973277
2.0724477767944336  2.0733141899108887  0.02829683437568931  0.012271316816322318
2.0733141899108887  2.074181318283081  0.048508934576245166  0.01616959657087947
2.074181318283081  2.0750491619110107  0.048427848627301116  0.016142664416684757
2.0750491619110107  2.0759177207946777  0.02786626527179157  0.012462129126177435
2.0759177207946777  2.076786994934082  0.027819649007262925  0.01244136874484872
2.076786994934082  2.0776569843292236  0.017203230628305668  0.009932929684091278
2.0776569843292236  2.0785279273986816  0.01717442450393359  0.009915019955447114
2.0785279273986816  2.079399347305298  0.02631523382126339  0.0124050642643153
2.079399347305298  2.0802714824676514  0.026271140266411492  0.01238439011967121
2.0802714824676514  2.0811445713043213  0.03214521747062624  0.013939165332709202
2.0811445713043213  2.0820181369781494  0.032091304059041995  0.013917827529816781
2.0820181369781494  2.082892656326294  0.02897803563328628  0.013450988220939361
2.082892656326294  2.083767890930176  0.028929390892922433  0.01342855949978639
2.083767890930176  2.084643840789795  0.017881059398894884  0.010322869575974987
2.084643840789795  2.0855202674865723  0.017851022320345085  0.010307056308228929
2.0855202674865723  2.086397647857666  0.03582045642225269  0.014623543197167879
2.086397647857666  2.087275743484497  0.035760229824318104  0.01459914943222398
2.087275743484497  2.0881547927856445  0.014918854564839448  0.009434804829173317
2.0881547927856445  2.08903431892395  0.014893747007632243  0.009420338928171245
2.08903431892395  2.089914560317993  0.023784242921162473  0.01189283508259942
2.089914560317993  2.0907957553863525  0.02374418491248156  0.011871380164351969
2.0907957553863525  2.09167742729187  0.026572749731271307  0.01252725848449444
2.09167742729187  2.092560052871704  0.026527960581702315  0.012504657800878604
2.092560052871704  2.0934433937072754  0.02048731625465675  0.01095083572302361
2.0934433937072754  2.094327449798584  0.020452751854278056  0.010932551011982315
2.094327449798584  2.09521222114563  0.01741449090590179  0.010054168450736822
2.09521222114563  2.096097707748413  0.01738508855316614  0.01003737796391447
2.096097707748413  2.0969841480255127  0.034616773170058644  0.014131150795133187
2.0969841480255127  2.0978710651397705  0.0345582740414404  0.014109442384420516
2.0978710651397705  2.0987589359283447  0.034503505932382876  0.014085852330931329
2.0987589359283447  2.0996475219726562  0.03444514513257535  0.0140623163553691
2.0996475219726562  2.100536823272705  0.028722067734326596  0.012844760743798242
2.100536823272705  2.101426839828491  0.02867344944831522  0.012823294631163391
2.101426839828491  2.1023175716400146  0.028725593468276384  0.012847189801262367
2.1023175716400146  2.1032092571258545  0.028676925093997094  0.012823998243973315
2.1032092571258545  2.1041016578674316  0.020122548842649208  0.010755827296336664
2.1041016578674316  2.104994773864746  0.020088426254758356  0.010737842778081775
2.104994773864746  2.105888605117798  0.008633853892572901  0.007049425240567297
2.105888605117798  2.106783151626587  0.008619202114834464  0.007037635855703422
2.106783151626587  2.1076784133911133  0.030990956560601662  0.013670153614310437
2.1076784133911133  2.108574628829956  0.030938316741478088  0.013645469177610092
2.108574628829956  2.109471559524536  0.017317837202304367  0.009998324011754394
2.109471559524536  2.1103692054748535  0.017288397175512227  0.009981594499565047
2.1103692054748535  2.111267566680908  0.01444836975765437  0.009137824611436808
2.111267566680908  2.1121666431427  0.014423789631407708  0.009122532105533689
2.1121666431427  2.1130666732788086  0.028938621586737844  0.012941557929897261
2.1130666732788086  2.1139674186706543  0.028889339478172585  0.012919892147879659
2.1139674186706543  2.1148688793182373  0.019965758350373074  0.010959292919797933
2.1148688793182373  2.1157710552215576  0.019931731931796745  0.010940942303915945
2.1157710552215576  2.1166741847991943  0.02629204707917071  0.012393180689820977
2.1166741847991943  2.1175777912139893  0.02624720130861129  0.012374057043978365
2.1175777912139893  2.1184823513031006  0.014727640276430469  0.009315041748916751
2.1184823513031006  2.1193878650665283  0.014702494799555115  0.00929821085018514
2.1193878650665283  2.1202938556671143  0.02081655663438242  0.011127465705591276
2.1202938556671143  2.1212007999420166  0.020780989499160494  0.011107358992155286
2.1212007999420166  2.1221084594726562  0.018031727503451472  0.010410445603600644
2.1221084594726562  2.123016834259033  0.018000891716433827  0.010392996508735207
2.123016834259033  2.1239261627197266  0.014822312854306956  0.009729959455793007
2.1239261627197266  2.1248362064361572  0.014796940672064773  0.009713645769207843
2.1248362064361572  2.125746965408325  0.01845923891377887  0.010657254226190054
2.125746965408325  2.1266584396362305  0.01842761925540492  0.010639382948292923
2.1266584396362305  2.127570867538452  0.024921798721601336  0.01245985440904963
2.127570867538452  2.128483772277832  0.02487907289043853  0.012440579868008703
2.128483772277832  2.1293978691101074  0.0409872491536619  0.016075166463079535
2.1293978691101074  2.130312442779541  0.04091691056699281  0.016050286065624676
2.130312442779541  2.131227970123291  0.012736347419902585  0.00900578078944002
2.131227970123291  2.1321442127227783  0.012714472317754194  0.008990666140486912
2.1321442127227783  2.133061170578003  0.03805370931682402  0.015778372322934036
2.133061170578003  2.133979082107544  0.03798829893752035  0.01574983892863919
2.133979082107544  2.1348977088928223  0.025320885217498416  0.012957793278839396
2.1348977088928223  2.135817050933838  0.02527732459310012  0.012936035703342346
2.135817050933838  2.13673734664917  0.028216287119113195  0.013863188071479921
2.13673734664917  2.1376583576202393  0.02816769870594193  0.013839902734774902
2.1376583576202393  2.138580083847046  0.012557416614982405  0.009303425429160773
2.138580083847046  2.139502763748169  0.012535775440044854  0.009286594905481477
2.139502763748169  2.1404261589050293  0.026147237420747347  0.013073328306325684
2.1404261589050293  2.141350269317627  0.026102138141406866  0.013051358993176826
2.141350269317627  2.142275333404541  0.026074549632918283  0.013343447774853075
2.142275333404541  2.1432011127471924  0.026029534584589422  0.013321018195148594
2.1432011127471924  2.144127607345581  0.03693511391566042  0.015749831822685002
2.144127607345581  2.145055055618286  0.03687129607290884  0.015721328335895526
2.145055055618286  2.1459832191467285  0.03403502269722049  0.015221539415201163
2.1459832191467285  2.1469123363494873  0.03397616168257859  0.015193988022601614
2.1469123363494873  2.1478421688079834  0.01379939426902702  0.009757408095244955
2.1478421688079834  2.148772716522217  0.01377550994364324  0.009740993270871587
2.148772716522217  2.1497042179107666  0.003500200964620395  0.007000054002569755
2.1497042179107666  2.1506364345550537  0.003494136971416631  0.0069886213012598656
2.1506364345550537  2.151569366455078  0.017751435678118727  0.011227426122436145
2.151569366455078  2.152503252029419  0.017720658667186785  0.01120709697867748
2.152503252029419  2.153437852859497  0.025135725593158843  0.013436119167826326
2.153437852859497  2.1543734073638916  0.0250921049101439  0.01341178649039035
2.1543734073638916  2.1553096771240234  0.01807595032113294  0.011431933308440358
2.1553096771240234  2.1562466621398926  0.01804455653758958  0.01141268057444633
2.1562466621398926  2.157184600830078  0.018119436129168748  0.011459429263350168
2.157184600830078  2.158123254776001  0.018087938720790224  0.011440124749755063
2.158123254776001  2.1590628623962402  0.018109837850233634  0.011453352807262299
2.1590628623962402  2.160003185272217  0.018078328162051325  0.011434052460294459
2.160003185272217  2.1609444618225098  0.014454381965779283  0.010220505559316754
2.1609444618225098  2.16188645362854  0.014429209580593962  0.010203277414128683
2.16188645362854  2.1628291606903076  0.028803297691318955  0.014402149136462592
2.1628291606903076  2.1637728214263916  0.028753099167220967  0.014376050216758234
2.1637728214263916  2.164717435836792  0.02105183158619466  0.012535927357688114
2.164717435836792  2.1656625270843506  0.021015109027238462  0.012516364445721712
2.1656625270843506  2.1666088104248047  0.014241575550840935  0.010070016897660667
2.1666088104248047  2.167555809020996  0.014216708162805554  0.010053028003652978
2.167555809020996  2.168503522872925  0.024766336835726637  0.013237766855587427
2.168503522872925  2.169451951980591  0.02472306389213076  0.013215429886430992
2.169451951980591  2.1704015731811523  0.042247868440676545  0.017246010758716616
2.1704015731811523  2.171351671218872  0.042173973966691605  0.01721905971692174
2.171351671218872  2.1723029613494873  0.021063681719063247  0.012159982586032113
2.1723029613494873  2.1732547283172607  0.021026808159409546  0.012140971400423256
2.1732547283172607  2.1742074489593506  0.01710232421328086  0.01122719474065826
2.1742074489593506  2.175161123275757  0.017072359249821496  0.011206830547081896
2.175161123275757  2.1761155128479004  0.021055081691099733  0.012156525320441189
2.1761155128479004  2.1770708560943604  0.021018158749518463  0.012134472052787998
2.1770708560943604  2.1780269145965576  0.014061814806283835  0.009943499580749669
2.1780269145965576  2.1789839267730713  0.014037134334725409  0.009925458445001293
2.1789839267730713  2.1799416542053223  0.010573704710245147  0.008633644474070399
2.1799416542053223  2.1809003353118896  0.010555130525834257  0.008617977717421394
2.1809003353118896  2.1818597316741943  0.024746631423381918  0.013228006824093612
2.1818597316741943  2.1828200817108154  0.024703122969753046  0.013203999411588991
2.1828200817108154  2.183781385421753  0.03545364233245799  0.015854808004231148
2.183781385421753  2.1847434043884277  0.035391247549262435  0.015827989022865866
2.1847434043884277  2.18570613861084  0.028421585984826775  0.014211179280053473
2.18570613861084  2.1866698265075684  0.028371530937943795  0.014185379893090305
2.1866698265075684  2.1876344680786133  0.04268449898103192  0.017425259367788562
2.1876344680786133  2.1885998249053955  0.04260925008799625  0.01739576685868995
2.1885998249053955  2.189566135406494  0.02092221507122365  0.012460212421430614
2.189566135406494  2.190533399581909  0.02088529608768812  0.012437582608700048
2.190533399581909  2.1915013790130615  0.02495339887322769  0.013337669007916525
2.1915013790130615  2.192470073699951  0.024909335002486797  0.013315082551965592
2.192470073699951  2.1934397220611572  0.02856980015781572  0.01428525176111458
2.1934397220611572  2.1944103240966797  0.02851930009900355  0.01425929901485604
2.1944103240966797  2.1953818798065186  0.03580205451207567  0.016010567178283325
2.1953818798065186  2.1963541507720947  0.03573870949699255  0.015983434127334963
2.1963541507720947  2.197327136993408  0.02514541042297457  0.0134411018593977
2.197327136993408  2.198301076889038  0.025100890180339255  0.013416676121193388
2.198301076889038  2.1992759704589844  0.025256306860046093  0.013500370215378471
2.1992759704589844  2.200251817703247  0.025211542390177324  0.013475830482924687
2.200251817703247  2.201228380203247  0.036286222337755455  0.016228050457376977
2.201228380203247  2.2022058963775635  0.03622185531883506  0.01619854831386262
2.2022058963775635  2.203184127807617  0.036539617677483205  0.01634136503149597
2.203184127807617  2.2041633129119873  0.036474747801204806  0.016311652523534677
2.2041633129119873  2.205143451690674  0.03314208655051796  0.015622705321994801
2.205143451690674  2.2061243057250977  0.03308319314698027  0.015596189883690686
2.2061243057250977  2.207106113433838  0.01856010283360844  0.011738676727748799
2.207106113433838  2.2080888748168945  0.01852709154004106  0.011717324957364234
2.2080888748168945  2.2090723514556885  0.044918160394115586  0.018338121611796803
2.2090723514556885  2.210056781768799  0.04483820104677584  0.01830476016560675
2.210056781768799  2.2110421657562256  0.030230943874130348  0.015114844488976667
2.2110421657562256  2.2120282649993896  0.030177080269162538  0.015089166542729225
2.2120282649993896  2.21301531791687  0.015287099097296477  0.010809809373511382
2.21301531791687  2.214003324508667  0.015259836808765099  0.010790136513980739
2.214003324508667  2.214992046356201  0.003873615217428224  0.007748437921494306
2.214992046356201  2.215981960296631  0.0038667007406261566  0.007732196525610859
2.215981960296631  2.216972589492798  0.03934162550415865  0.01759335224612365
2.216972589492798  2.217963933944702  0.039271344488375465  0.017563435461552434
2.217963933944702  2.218956232070923  0.004002173235506189  0.00800557014094898
2.218956232070923  2.219949722290039  0.003995016425188824  0.007988811742001136
2.219949722290039  2.2209436893463135  0.012227843999144967  0.009984749160499176
2.2209436893463135  2.2219388484954834  0.012205960942644123  0.009965370558629781
2.2219388484954834  2.2229347229003906  0.03737525861665352  0.017619133418671048
2.2229347229003906  2.2239315509796143  0.03730831050103311  0.017587039183611927
2.2239315509796143  2.2249293327331543  0.021177306089126078  0.013393099559925405
2.2249293327331543  2.2259278297424316  0.021139338127109466  0.01337029516916058
2.2259278297424316  2.2269275188446045  0.017344310536229098  0.012263718794513326
2.2269275188446045  2.2279279232025146  0.017313182864995853  0.012242828878759743
2.2279279232025146  2.228929281234741  0.02677558971785979  0.015458179778189135
2.228929281234741  2.229931354522705  0.02672750007200704  0.015431842330640797
2.229931354522705  2.2309346199035645  0.03680863330895592  0.018403456039721093
2.2309346199035645  2.231938600540161  0.03674245622766137  0.01837208730184636
2.231938600540161  2.232943534851074  0.02835195215772011  0.016368234124512805
2.232943534851074  2.2339491844177246  0.028300941828590567  0.01634032818728652
2.2339491844177246  2.2349560260772705  0.028383451766484862  0.01690250282400482
2.2349560260772705  2.2359635829925537  0.028332333463461645  0.016873674395397314
2.2359635829925537  2.2369723320007324           0.0  0.009860396893656396
2.2369723320007324  2.2379817962646484           0.0  0.009844524490192606
2.2379817962646484  2.2389919757843018  0.005025691696102927  0.010052773189021825
2.2389919757843018  2.2400033473968506  0.005016624579793387  0.010031862253709526
2.2400033473968506  2.241015672683716  0.04009985278421527  0.02052024161726568
2.241015672683716  2.2420287132263184  0.04002743601104652  0.020485206425455926
2.2420287132263184  2.2430427074432373  0.025568278465393352  0.016170942765390516
2.2430427074432373  2.2440576553344727  0.025522064810815464  0.016141427736527176
2.2440576553344727  2.2450735569000244  0.01467604318065299  0.012752783375121325
2.2450735569000244  2.2460904121398926  0.014649491222579183  0.012729501733426829
2.2460904121398926  2.247107982635498  0.010144132656712336  0.0101454750131083
2.247107982635498  2.248126745223999  0.01012576404445444  0.010125094236710331
2.248126745223999  2.2491462230682373  0.035243972459393785  0.018838827787855693
2.2491462230682373  2.250166654586792  0.03518010028767972  0.01880442274012835
2.250166654586792  2.251188039779663  0.03994334570612972  0.01997179981852134
2.251188039779663  2.2522103786468506  0.03987088821969077  0.019935317377122088
2.2522103786468506  2.2532336711883545  0.02964504793037418  0.017115674053633234
2.2532336711883545  2.254257917404175  0.02959122002380386  0.01708440137447792
2.254257917404175  2.2552831172943115  0.004880655264997056  0.009760275745765738
2.2552831172943115  2.2563090324401855  0.004871785559176424  0.009744604241088625
2.2563090324401855  2.257336139678955  0.024130476811658155  0.01526063637486216
2.257336139678955  2.258363962173462  0.024086582952570365  0.015234508456012373
2.258363962173462  2.2593929767608643  0.019147237432412298  0.013538409200897907
2.2593929767608643  2.260422706604004  0.01911237526719036  0.013515221169968202
2.260422706604004  2.26145339012146  0.04758110213597166  0.021278984446708518
2.26145339012146  2.2624850273132324  0.047494399838276316  0.021240072760975625
2.2624850273132324  2.2635178565979004  0.009454585256126037  0.00945406382565
2.2635178565979004  2.2645514011383057  0.009437338571561626  0.009438379731140475
2.2645514011383057  2.2655858993530273  0.014050740251231143  0.01147240373995853
2.2655858993530273  2.2666213512420654  0.014025089275633357  0.011451415116396642
2.2666213512420654  2.26765775680542  0.04624483829652827  0.020681347580546294
2.26765775680542  2.268695116043091  0.0461603341535093  0.020643501883388697
2.268695116043091  2.269733428955078  0.03134952257473625  0.017208159948302992
2.269733428955078  2.270772695541382  0.03129218324607902  0.017176662266082453
2.270772695541382  2.271812915802002  0.027018247280691597  0.01559899311444001
2.271812915802002  2.2728540897369385  0.026968785034090982  0.015570434526665632
2.2728540897369385  2.2738962173461914  0.017864488920835656  0.012632093943741611
2.2738962173461914  2.2749392986297607  0.017831754545558725  0.012608961860841443
2.2749392986297607  2.2759833335876465  0.02665635595612376  0.015390035735540791
2.2759833335876465  2.2770283222198486  0.02660746714715425  0.015361846837248446
2.2770283222198486  2.278074264526367  0.030933297869655832  0.016534512960530864
2.278074264526367  2.279121160507202  0.030876513662869948  0.016504220969217078
2.279121160507202  2.2801690101623535  0.02631410578880052  0.01519241881980505
2.2801690101623535  2.2812178134918213  0.026265756433774094  0.015164578720199134
2.2812178134918213  2.2822675704956055  0.021708110990178678  0.013729372725590883
2.2822675704956055  2.283318281173706  0.021668189044176004  0.013704208113143015
2.283318281173706  2.284370183944702  0.021454564307844266  0.013568238601195288
2.284370183944702  2.2854228019714355  0.021415070310411573  0.013544897609386255
2.2854228019714355  2.2864763736724854  0.02543822403932307  0.01468753201836142
2.2864763736724854  2.2875311374664307  0.025391354364588305  0.014658940288017747
2.2875311374664307  2.2885866165161133  0.025169698547125766  0.014532480273673728
2.2885866165161133  2.2896432876586914  0.02512328227642158  0.014504187237927879
2.2896432876586914  2.290700912475586  0.029137608421294033  0.01557461915520085
2.290700912475586  2.291759490966797  0.02908382240044076  0.015546044499112855
2.291759490966797  2.292819023132324  0.020722225320270786  0.013105804297503578
2.292819023132324  2.293879508972168  0.020683939639157566  0.013081753641888134
2.293879508972168  2.294940948486328  0.053811365782598417  0.02110640973810773
2.294940948486328  2.2960033416748047  0.05371186037556957  0.0210676691012373
2.2960033416748047  2.2970669269561768  0.04093356558630851  0.018648139644056882
2.2970669269561768  2.298131227493286  0.04085779920909724  0.018615987515909944
2.298131227493286  2.299196720123291  0.036899962822082015  0.01775756091567274
2.299196720123291  2.3002631664276123  0.036831595483428764  0.017724949053067342
2.3002631664276123  2.30133056640625  0.02921643770028482  0.015616706222087677
2.30133056640625  2.302398920059204  0.029162258349234887  0.015588019142975758
2.302398920059204  2.3034684658050537  0.02934689739147445  0.01568555528750492
2.3034684658050537  2.3045387268066406  0.029292423982814515  0.015658478726854292
2.3045387268066406  2.305610179901123  0.01684431263174689  0.011910608089542907
2.305610179901123  2.306682586669922  0.016813016428893  0.011888717307251601
2.306682586669922  2.307755947113037  0.042283419563452565  0.01890951902130476
2.307755947113037  2.3088302612304688  0.04220479194348897  0.018874757456577452
2.3088302612304688  2.309905767440796  0.029730025930223936  0.015890307846312676
2.309905767440796  2.3109819889068604  0.029674687854614464  0.01586284555638403
2.3109819889068604  2.3120594024658203  0.03848439118368801  0.01814149988820065
2.3120594024658203  2.3131377696990967  0.038412691675838155  0.018108132212526933
2.3131377696990967  2.3142170906066895  0.030244542144895414  0.016167077271962996
2.3142170906066895  2.3152976036071777  0.03018814040563865  0.016135551682974963
2.3152976036071777  2.3163790702819824  0.04319591327053036  0.01967978989169376
2.3163790702819824  2.3174614906311035  0.04311528555085788  0.01964357422231437
2.3174614906311035  2.318544864654541  0.022102691670992602  0.013978777252520346
2.318544864654541  2.319629192352295  0.022061401095229145  0.013953047183285522
2.319629192352295  2.3207147121429443  0.030656582997691986  0.016827541979078618
2.3207147121429443  2.32180118560791  0.030599253138721385  0.01679655842535692
2.32180118560791  2.3228886127471924  0.04492393382216494  0.020091391943775617
2.3228886127471924  2.32397723197937  0.04483984433894372  0.020052191621874306
2.32397723197937  2.3250668048858643  0.027097819077118782  0.015644687677597545
2.3250668048858643  2.326157331466675  0.02704704941329335  0.015615866272222714
2.326157331466675  2.3272488117218018  0.03160209088612608  0.01689267457343452
2.3272488117218018  2.328341484069824  0.031542828559067405  0.016859705895685126
2.328341484069824  2.329435110092163  0.004482561998729309  0.008964820439433254
2.329435110092163  2.3305296897888184  0.004474148304545696  0.008948599617863082
2.3305296897888184  2.331625461578369  0.026572868111666027  0.015341582600405737
2.331625461578369  2.3327221870422363  0.026522940129714064  0.015313296087595915
2.3327221870422363  2.33381986618042  0.021830884630162802  0.013807561665152818
2.33381986618042  2.334918737411499  0.021789829803201127  0.013780601479614454
2.334918737411499  2.3360185623168945  0.02958421562359946  0.016238843328634896
2.3360185623168945  2.3371193408966064  0.029528529189219808  0.016208887111175997
2.3371193408966064  2.338221311569214  0.03813453452600468  0.017976441762304864
2.338221311569214  2.3393242359161377  0.03806268122705696  0.017943269575937924
2.3393242359161377  2.340428352355957  0.037541665633479285  0.01769600045306696
2.340428352355957  2.3415331840515137  0.03747086719987524  0.017665244459864938
2.3415331840515137  2.342639207839966  0.008221285518313278  0.00822183011130909
2.342639207839966  2.3437464237213135  0.008205765711489113  0.008205493960523575
2.3437464237213135  2.3448545932769775  0.012182093849519236  0.009946425662439619
2.3448545932769775  2.345963716506958  0.012159077007372817  0.009928056730414872
2.345963716506958  2.347074031829834  0.016080372376582663  0.011370290264589092
2.347074031829834  2.3481853008270264  0.016049960444795747  0.011349285498683886
2.3481853008270264  2.3492977619171143  0.02389775074649289  0.013797060443434412
2.3492977619171143  2.3504111766815186  0.02385250873808048  0.013771564153649763
2.3504111766815186  2.3515255451202393  0.03155620726050077  0.01577858048821591
2.3515255451202393  2.3526411056518555  0.03149641505555728  0.015747731616506153
2.3526411056518555  2.353757619857788  0.015612745469799754  0.011040203631221034
2.353757619857788  2.354875326156616  0.01558313348406889  0.011018614568097789
2.354875326156616  2.3559939861297607  0.027031299783996716  0.01444925271240625
2.3559939861297607  2.357113838195801  0.026979981919636353  0.014420992562369095
2.357113838195801  2.3582346439361572  0.034428692612041026  0.016230295742175275
2.3582346439361572  2.359356641769409  0.03436326868996189  0.0161985467112455
2.359356641769409  2.3604795932769775  0.015184432545809114  0.010736738840365526
2.3604795932769775  2.3616034984588623  0.015155553520125818  0.010716870543621446
2.3616034984588623  2.3627285957336426  0.02261396346562829  0.013056524256089497
2.3627285957336426  2.3638548851013184  0.022570909178887346  0.013030974815462792
2.3638548851013184  2.3649821281433105  0.03738627623861359  0.016719199542402613
2.3649821281433105  2.366110324859619  0.03731503434683697  0.01668824132926541
2.366110324859619  2.3672397136688232  0.01805391225041946  0.011851816182836752
2.3672397136688232  2.368370294570923  0.01801947347266446  0.011828615135016233
2.368370294570923  2.369501829147339  0.03294610932692595  0.015531322989983002
2.369501829147339  2.3706345558166504  0.03288320437420236  0.015500913838798992
2.3706345558166504  2.3717682361602783  0.03617257886543766  0.01617725120766281
2.3717682361602783  2.3729031085968018  0.036103448539271256  0.016145571633825965
2.3729031085968018  2.3740389347076416  0.021457332746565076  0.012388680583168145
2.3740389347076416  2.375175952911377  0.021416286008906583  0.012364415308685787
2.375175952911377  2.376314163208008  0.024787664030618394  0.013249163484646961
2.376314163208008  2.377453327178955  0.024740198541027932  0.013224591905440345
2.377453327178955  2.3785934448242188  0.049192093546441  0.01859326296980352
2.3785934448242188  2.379734754562378  0.049097818792573134  0.018556832740363932
2.379734754562378  2.3808772563934326  0.031438992286602664  0.014820789254259028
2.3808772563934326  2.382020950317383  0.03137867337662223  0.014791742931262723
2.382020950317383  2.3831655979156494  0.02434073748354364  0.013010254491631987
2.3831655979156494  2.3843111991882324  0.024293998603294065  0.012986104681031186
2.3843111991882324  2.38545823097229  0.024247202469484305  0.012959577875975339
2.38545823097229  2.386605978012085  0.024200595669954382  0.01293685769083002
2.386605978012085  2.3877551555633545  0.03451386419517614  0.015434554463817265
2.3877551555633545  2.3889052867889404  0.034447456543502834  0.015405884794984719
2.3889052867889404  2.390056610107422  0.03437863490294813  0.01537407082650598
2.390056610107422  2.3912088871002197  0.03431242983154312  0.015345506259783677
2.3912088871002197  2.392362594604492  0.02737924429171206  0.013688441498967797
2.392362594604492  2.393517017364502  0.027326464621997594  0.013664410986884758
2.393517017364502  2.3946728706359863  0.017025154569341217  0.010767273625532538
2.3946728706359863  2.395829677581787  0.01699230186182699  0.010747254187709452
2.395829677581787  2.3969876766204834  0.019895748086328647  0.011848169747679533
2.3969876766204834  2.398146629333496  0.019857322233444188  0.011826134539763423
2.398146629333496  2.3993070125579834  0.03701033961376684  0.015780685304753187
2.3993070125579834  2.400468349456787  0.036938781038737996  0.015751324637571545
2.400468349456787  2.4016306400299072  0.022983709325273074  0.012616872709505874
2.4016306400299072  2.402794361114502  0.0229392320642874  0.012590810632917076
2.402794361114502  2.403959035873413  0.026558373186716163  0.013279364399830131
2.403959035873413  2.4051249027252197  0.02650692828436937  0.013253286687260992
2.4051249027252197  2.4062917232513428  0.036264557937317296  0.015464244710952662
2.4062917232513428  2.4074599742889404  0.03619424240085225  0.015432293664065492
2.4074599742889404  2.4086291790008545  0.029459370251522798  0.013887445977398657
2.4086291790008545  2.409799575805664  0.02940219523240932  0.013860162419997829
2.409799575805664  2.41097092628479  0.022744824591459194  0.012158374670100348
2.41097092628479  2.4121437072753906  0.022700639590984315  0.012133249329249446
2.4121437072753906  2.4133174419403076  0.025796145573142547  0.012898207950705417
2.4133174419403076  2.41449236869812  0.025745984287861942  0.012872857246867974
2.41449236869812  2.415668487548828  0.028789363584926914  0.013571567902865204
2.415668487548828  2.4168457984924316  0.028733322316726127  0.013544886539526612
2.4168457984924316  2.4180240631103516  0.028553016369900836  0.013460142691648946
2.4180240631103516  2.419203519821167  0.028497389052647173  0.013433676577878587
2.419203519821167  2.420384407043457  0.03146650353450804  0.014070944675888613
2.420384407043457  2.4215660095214844  0.031405136069169996  0.014046105145712019
2.4215660095214844  2.4227490425109863  0.01873153090130054  0.010814735668138538
2.4227490425109863  2.423933267593384  0.01869496114639615  0.010793459750895237
2.423933267593384  2.4251184463500977  0.018592952760487804  0.010735258916595143
2.4251184463500977  2.426305055618286  0.01855661985947277  0.010713058137650803
2.426305055618286  2.427492618560791  0.03385461258998445  0.01443574334329968
2.427492618560791  2.4286813735961914  0.03378839612914288  0.014407332661221633
2.4286813735961914  2.4298713207244873  0.0489412663229185  0.017303443131742004
2.4298713207244873  2.4310624599456787  0.048845441265958495  0.017269379073817186
2.4310624599456787  2.4322547912597656  0.030044463399597737  0.013688314290220844
2.4322547912597656  2.433448314666748  0.029985578797643794  0.013661360821458761
2.433448314666748  2.434642791748047  0.01210774837553166  0.008561931340683093
2.434642791748047  2.4358386993408203  0.012083996425045712  0.008544216433737976
2.4358386993408203  2.43703556060791  0.03615960720915503  0.014762879141558398
2.43703556060791  2.4382338523864746  0.036088600459420195  0.01473232978628062
2.4382338523864746  2.4394330978393555  0.030007742674032105  0.013419903497129522
2.4394330978393555  2.440633535385132  0.029948763544929508  0.013393461287777172
2.440633535385132  2.4418351650238037  0.03287725017228745  0.014019625032625391
2.4418351650238037  2.44303822517395  0.0328125584087462  0.013990604984766874
2.44303822517395  2.444242238998413  0.053588568647408005  0.01786287380143622
2.444242238998413  2.4454474449157715  0.05348303088849358  0.017827659411882767
2.4454474449157715  2.4466538429260254  0.026689191585006777  0.012581408732859603
2.4466538429260254  2.447861433029175  0.026636577226961857  0.012556599765998497
2.447861433029175  2.449070453643799  0.03839903195737522  0.015060589364244363
2.449070453643799  2.4502804279327393  0.03832325177341743  0.015032364795794801
2.4502804279327393  2.451491594314575  0.03236157851999174  0.013799006804541488
2.451491594314575  2.4527039527893066  0.03229765816293436  0.013771784322262677
2.4527039527893066  2.4539175033569336  0.04687487623820282  0.01657355219687006
2.4539175033569336  2.455132484436035  0.04678218778229458  0.01653922199456511
2.455132484436035  2.456348419189453  0.031723830883579496  0.013757411097771692
2.456348419189453  2.4575655460357666  0.03166104793077786  0.013730257357408076
2.4575655460357666  2.4587841033935547  0.02032427436953165  0.010863213337146375
2.4587841033935547  2.460003614425659  0.020284007614060923  0.010842825375714026
2.460003614425659  2.4612245559692383  0.017341517994345773  0.010012088206083458
2.4612245559692383  2.462446689605713  0.017307124283518324  0.009992314657567277
2.462446689605713  2.463669776916504  0.025899265770086687  0.012209566455968792
2.463669776916504  2.4648942947387695  0.025847855814838783  0.01218426173033777
2.4648942947387695  2.4661200046539307  0.028665205225569274  0.012819397637045704
2.4661200046539307  2.4673469066619873  0.028608244597705237  0.01279406764352502
2.4673469066619873  2.4685752391815186  0.022855479914579722  0.011427113011040593
2.4685752391815186  2.469804525375366  0.022810017359225474  0.011405634481781342
2.469804525375366  2.4710350036621094  0.01709063566636484  0.009867691115538564
2.4710350036621094  2.472266912460327  0.017056607832381963  0.009847229973416463
2.472266912460327  2.4735000133514404  0.036927655928958296  0.014484105149126675
2.4735000133514404  2.474734306335449  0.03685405603751497  0.014455463017446813
2.474734306335449  2.4759697914123535  0.01416507024113512  0.00895870077769122
2.4759697914123535  2.4772064685821533  0.014136811783851727  0.00894098092578966
2.4772064685821533  2.4784445762634277  0.03954730931929292  0.014946620335475842
2.4784445762634277  2.4796836376190186  0.03946833335313598  0.014918483841426173
2.4796836376190186  2.480924129486084  0.025334508004571123  0.01194268223356308
2.480924129486084  2.482165813446045  0.025283864515417507  0.011919047172393171
2.482165813446045  2.4834089279174805  0.030838515849468427  0.013148816026865576
2.4834089279174805  2.4846529960632324  0.030776806787281865  0.013124044414460585
2.4846529960632324  2.485898494720459  0.027915884177292398  0.012484219781098326
2.485898494720459  2.487145185470581  0.027859967756030817  0.012459499222250307
2.487145185470581  2.4883930683135986  0.025020981572828165  0.011795423035269426
2.4883930683135986  2.489642381668091  0.024970812232058402  0.01177093545195858
2.489642381668091  2.4908926486968994  0.027692139256237657  0.012384731744958058
2.4908926486968994  2.4921443462371826  0.027636564591148927  0.012359017745923436
2.4921443462371826  2.4933974742889404  0.03586272312812137  0.014065656540530424
2.4933974742889404  2.4946515560150146  0.03579067321566533  0.014039116208807512
2.4946515560150146  2.4959070682525635  0.041225329199954364  0.01505314545076107
2.4959070682525635  2.497163772583008  0.041142424873442884  0.015023305401438924
2.497163772583008  2.4984219074249268  0.027383113152675654  0.012245915083714176
2.4984219074249268  2.499681234359741  0.02732798615454611  0.012221631986374971
2.499681234359741  2.500941753387451  0.03001329445565016  0.012797509419659297
2.500941753387451  2.5022034645080566  0.029952816729983962  0.012772125905879035
2.5022034645080566  2.5034666061401367  0.027187506707546584  0.012158421155655744
2.5034666061401367  2.5047309398651123  0.027132665260238  0.012134297861828947
2.5047309398651123  2.5059967041015625  0.027093501437029557  0.012116372247489984
2.5059967041015625  2.507263660430908  0.02703879177598747  0.012092324819913328
2.507263660430908  2.5085318088531494  0.04591577640762075  0.015749437164865113
2.5085318088531494  2.5098013877868652  0.045822970531993766  0.015716694401647656
2.5098013877868652  2.5110721588134766  0.013469763859936366  0.008518867021601203
2.5110721588134766  2.5123441219329834  0.013442512448018916  0.008501950694951516
2.5123441219329834  2.513617515563965  0.018486263393560493  0.010147145325408748
2.513617515563965  2.514892101287842  0.01844882335397896  0.010126989126844285
2.514892101287842  2.5161681175231934  0.018787874456907758  0.010042338133144401
2.5161681175231934  2.5174453258514404  0.018749783779868526  0.010022383784910804
2.5174453258514404  2.518723964691162  0.03452040724896655  0.013734523790300745
2.518723964691162  2.5200037956237793  0.03445034721701484  0.013707224238089696
2.5200037956237793  2.521284818649292  0.03182108231930287  0.013193847759345123
2.521284818649292  2.5225672721862793  0.03175644061542694  0.01316639165427914
2.5225672721862793  2.523851156234741  0.018097220266945654  0.01020275617160944
2.523851156234741  2.5251362323760986  0.018060416457691665  0.010182464287970863
2.5251362323760986  2.5264225006103516  0.026506393519990054  0.012076587375063218
2.5264225006103516  2.5277101993560787  0.026452438838495698  0.012051446440613707
2.5277101993560787  2.528999090194702  0.018835591587523744  0.010068272247516876
2.528999090194702  2.5302894115448  0.018797210709565554  0.010047307183247402
2.5302894115448  2.531581163406372  0.015866981111108108  0.009449093947414904
2.531581163406372  2.53287410736084  0.015834614966804748  0.009430283979189231
2.53287410736084  2.534168243408203  0.040697984345587294  0.014861110546541203
2.534168243408203  2.535463809967041  0.0406148900742398  0.014830153791274964
2.535463809967041  2.5367608070373535  0.026995803497185507  0.012298961768608452
2.5367608070373535  2.5380589962005615  0.026940623762039116  0.012274462864739722
2.5380589962005615  2.539358615875244  0.041123996243699466  0.015202962240267863
2.539358615875244  2.5406594276428223  0.04103985655469914  0.015172670275359899
2.5406594276428223  2.541961669921875  0.03934610787790644  0.014871701361991816
2.541961669921875  2.543265342712403  0.039265518161571845  0.014840701015048044
2.543265342712403  2.544570207595825  0.020114802375966547  0.010752001002048792
2.544570207595825  2.5458765029907227  0.020073561943611498  0.010729583707773337
2.5458765029907227  2.5471839904785156  0.04996045115656837  0.017136577492496367
2.5471839904785156  2.548492908477783  0.04985791933428328  0.01710084172551694
2.548492908477783  2.5498032569885254  0.03850340110984357  0.01510251332727514
2.5498032569885254  2.551115036010742  0.03842429037236658  0.015071010247774633
2.551115036010742  2.5524280071258545  0.026235715100534945  0.012367258296891776
2.5524280071258545  2.5537421703338623  0.026181763688332676  0.012342577432899784
2.5537421703338623  2.555058002471924  0.02834525426145781  0.01267598727993698
2.555058002471924  2.556375026702881  0.02828689675649637  0.01265067981983538
2.556375026702881  2.5576932430267334  0.01382819055396932  0.008746226875012461
2.5576932430267334  2.5590131282806396  0.013799694149943358  0.00872718278740778
2.5590131282806396  2.5603342056274414  0.04077610673094327  0.01488951411213134
2.5603342056274414  2.5616567134857178  0.040691989576413  0.0148584289863733
2.5616567134857178  2.5629806518554688  0.023831318661723642  0.011468179847494214
2.5629806518554688  2.5643057823181152  0.023782106383048247  0.011445262167497028
2.5643057823181152  2.5656323432922363  0.03654269952154495  0.01418383002765662
2.5656323432922363  2.566960334777832  0.03646715983596246  0.014154204569542788
2.566960334777832  2.5682897567749023  0.013162833440457822  0.008324616668379978
2.5682897567749023  2.569620370864868  0.013135595997321043  0.008307969943205134
2.569620370864868  2.5709524154663086  0.025801555170904232  0.011755815899469951
2.5709524154663086  2.5722861289978027  0.025748105597049584  0.01173020045011046
2.5722861289978027  2.5736207962036133  0.038959330977557306  0.014226689686804465
2.5736207962036133  2.5749571323394775  0.03887854963771257  0.014195687355750134
2.5749571323394775  2.5762946605682373  0.023262361097943954  0.010966552493299345
2.5762946605682373  2.577633857727051  0.02321407196612278  0.01094264943599655
2.577633857727051  2.5789742469787598  0.02057263837405828  0.010286387688355169
2.5789742469787598  2.5803160667419434  0.020529889976997034  0.010264876630878772
2.5803160667419434  2.5816593170166016  0.020451564874582422  0.010225388776972748
2.5816593170166016  2.5830037593841553  0.020409026207999142  0.01020490599089061
2.5830037593841553  2.5843498706817627  0.020319872294225754  0.010159986543052217
2.5843498706817627  2.5856974124908447  0.020277558401522185  0.010138728910514096
2.5856974124908447  2.5870461463928223  0.027760146972901686  0.011837016262115713
2.5870461463928223  2.5883963108062744  0.02770228638356362  0.011812244887200727
2.5883963108062744  2.589747905731201  0.020066356320796695  0.010033653705439743
2.589747905731201  2.591101169586181  0.020024482704941594  0.010011766867244377
2.591101169586181  2.5924556255340576  0.032426609829503045  0.012718794975503834
2.5924556255340576  2.593811511993408  0.03235887829804701  0.012692164181197892
2.593811511993408  2.5951688289642334  0.034751986649670503  0.013134462691946713
2.5951688289642334  2.596527338027954  0.03467932745636538  0.013108106266824864
2.596527338027954  2.5978875160217285  0.02471960627633365  0.011054953576761865
2.5978875160217285  2.5992491245269775  0.02466786374149299  0.011031794482622878
2.5992491245269775  2.600612163543701  0.019394086371091537  0.009924999044372227
2.600612163543701  2.6019766330718994  0.01935344799763336  0.009904201423748088
2.6019766330718994  2.6033425331115723  0.026972052327997268  0.011500912734919785
2.6033425331115723  2.6047098636627197  0.026915477698676863  0.011476807254822592
2.6047098636627197  2.606078624725342  0.03142313856426684  0.012502465599074702
2.606078624725342  2.6074488162994385  0.03135715764933927  0.012476253509508468
2.6074488162994385  2.6088204383850098  0.04126614738049793  0.014154137512473863
2.6088204383850098  2.6101934909820557  0.04117940763318913  0.014124454488017826
2.6101934909820557  2.611567974090576  0.03831819240509384  0.013705579361085378
2.611567974090576  2.6129438877105713  0.0382375666713867  0.013676829767518325
2.6129438877105713  2.614321231842041  0.021591193660273664  0.010178145139903184
2.614321231842041  2.6157000064849854  0.021545717168571517  0.010156789551577302
2.6157000064849854  2.6170804500579834  0.04053233624795015  0.013902407950541235
2.6170804500579834  2.618462324142456  0.04044686308064977  0.013873228127285012
2.618462324142456  2.6198453903198247  0.023403091181545918  0.010662842065898749
2.6198453903198247  2.621230125427246  0.023353694447880102  0.010639540820877546
2.621230125427246  2.6226162910461426  0.027971596408418092  0.011597386945281347
2.6226162910461426  2.6240038871765137  0.027912492488495505  0.01157303313523744
2.6240038871765137  2.6253929138183594  0.04917128848204313  0.0151751278194197
2.6253929138183594  2.6267836093902583  0.049067274079370476  0.015141951974852375
2.6267836093902583  2.628175735473633  0.04193472426874857  0.013977528955070937
2.628175735473633  2.6295690536499023  0.04184593132472546  0.013949354842897155
2.6295690536499023  2.6309640407562256  0.013646484427524818  0.008127218949529237
2.6309640407562256  2.6323606967926025  0.01361755538117059  0.008109444397638749
2.6323606967926025  2.633758544921875  0.03712254155554614  0.013125230611108124
2.633758544921875  2.6351580619812016  0.03704376952809364  0.013096521095324283
2.6351580619812016  2.636559009552002  0.023210502336543534  0.010379941476844465
2.636559009552002  2.6379613876342773  0.023161198077606176  0.010358113163142797
2.6379613876342773  2.6393654346466064  0.023215198046017835  0.01038159237904566
2.6393654346466064  2.6407706737518306  0.02316583033544982  0.010360632986344626
2.6407706737518306  2.6421775817871094  0.041750420955669575  0.013917224314006018
2.6421775817871094  2.6435861587524414  0.041661536717622946  0.013886762503020903
2.6435861587524414  2.644995927810669  0.03934501314062127  0.013495621277328595
2.644995927810669  2.64640736579895  0.0392611707885217  0.013466078249236044
2.64640736579895  2.647820234298706  0.03922575828577801  0.013454703234295746
2.647820234298706  2.6492347717285156  0.0391420749908793  0.013425242661795116
2.6492347717285156  2.6506507396698  0.03190794347837852  0.012220896662429688
2.6506507396698  2.6520681381225586  0.03183980071963992  0.012195158451303116
2.6520681381225586  2.653487205505371  0.029781657348645327  0.011681144356755194
2.653487205505371  2.654907703399658  0.029717985861641087  0.011656535398165512
2.654907703399658  2.65632963180542  0.03651290431586007  0.012909589662449613
2.65632963180542  2.6577532291412354  0.03643476165535525  0.0128813057056912
2.6577532291412354  2.6591782569885254  0.0338158888661121  0.012501899417284263
2.6591782569885254  2.660604953765869  0.033743437255973535  0.012474502045288903
2.660604953765869  2.662033081054687  0.024626514664063882  0.010679411947084688
2.662033081054687  2.663462638854981  0.024573698069532156  0.010656893158993992
2.663462638854981  2.664893865585327  0.036087243345132185  0.012758525885777583
2.664893865585327  2.6663265228271484  0.03600976332438295  0.012731614769327642
2.6663265228271484  2.6677608489990234  0.03145676400623942  0.01188930443052869
2.6677608489990234  2.669196605682373  0.03138915218010157  0.011864218670837057
2.669196605682373  2.6706340312957764  0.026863225863871226  0.010966640376757077
2.6706340312957764  2.6720728874206543  0.026805424677131852  0.010943493986464582
2.6720728874206543  2.6735134124755864  0.03012480563171578  0.012009235084834582
2.6735134124755864  2.674955368041992  0.030059917689378053  0.011983880481459224
2.674955368041992  2.676398992538452  0.019730770797231914  0.009495399182212998
2.676398992538452  2.677844285964966  0.01968822179349199  0.009474562521759702
2.677844285964966  2.679290771484375  0.04430830500528856  0.014012347531299105
2.679290771484375  2.6807391643524165  0.04421266117979077  0.013980441792927737
2.6807391643524165  2.6821889877319336  0.03311967272036961  0.012093802481581978
2.6821889877319336  2.683640480041504  0.033048100288936504  0.012067252549818545
2.683640480041504  2.6850934028625484  0.03300552079421899  0.012052108553677237
2.6850934028625484  2.6865479946136475  0.032934118324066196  0.012025643733295354
2.6865479946136475  2.6880040168762207  0.0372758317418904  0.012785701709764447
2.6880040168762207  2.689461708068847  0.03719510818623667  0.012757620389532057
2.689461708068847  2.6909210681915283  0.012841411730739485  0.007647295751144639
2.6909210681915283  2.6923818588256836  0.012813571441447983  0.0076311186293675955
2.6923818588256836  2.6938443183898926  0.015248396030564125  0.008150720824078649
2.6938443183898926  2.6953084468841557  0.015215300110314543  0.008132809947506101
2.6953084468841557  2.6967740058898926  0.036925757479442024  0.01266559055453805
2.6967740058898926  2.6982412338256836  0.03684553172455563  0.012637753244894512
2.6982412338256836  2.6997101306915283  0.03899664670507703  0.012998507479492048
2.6997101306915283  2.7011804580688477  0.038911826814592425  0.012970982910961541
2.7011804580688477  2.7026524543762203  0.03890446161459005  0.012968294026447641
2.7026524543762203  2.7041261196136475  0.038819748019089766  0.012939776161164013
2.7041261196136475  2.705601453781128  0.04313295878272886  0.01363942334708685
2.705601453781128  2.707078218460083  0.043038934686635964  0.013610521149628602
2.707078218460083  2.708556652069092  0.03013192013483195  0.011388897590777299
2.708556652069092  2.7100367546081543  0.030066166599475287  0.011363840763854351
2.7100367546081543  2.7115185260772705  0.02363031382375566  0.010076080561941085
2.7115185260772705  2.7130019664764404  0.02357868820173125  0.010053905717263955
2.7130019664764404  2.714486837387085  0.04503697582386166  0.013898812125279646
2.714486837387085  2.715973377227783  0.04493848462399583  0.01386821801773698
2.715973377227783  2.7174615859985356  0.029723195987212733  0.011384367076654505
2.7174615859985356  2.718951463699341  0.029658119302651047  0.011359300444583314
2.718951463699341  2.7204430103302  0.029967653264551326  0.011326316240008485
2.7204430103302  2.7219359874725337  0.029901971173618827  0.011302273991400668
2.7219359874725337  2.7234308719635005  0.03852477571220831  0.012841136565679295
2.7234308719635005  2.7249271869659424  0.038440243947884985  0.01281386903690851
2.7249271869659424  2.726425170898437  0.023294721713154724  0.010102091311986649
2.726425170898437  2.7279248237609863  0.02324355430813911  0.010079831158771565
2.7279248237609863  2.7294261455535884  0.038626817222811964  0.012875638931566449
2.7294261455535884  2.730929136276245  0.038541877231417075  0.012847259293085209
2.730929136276245  2.732433795928955  0.04522702648457965  0.013957386477347278
2.732433795928955  2.7339401245117188  0.045127462175053284  0.013926614142176972
2.7339401245117188  2.735448122024536  0.041157195903094475  0.013353167425410003
2.735448122024536  2.7369577884674072  0.041066488740356406  0.013323718543162126
2.7369577884674072  2.738469123840332  0.03494083814507435  0.012352963155109106
2.738469123840332  2.7399818897247314  0.03486375431403295  0.012326686167650236
2.7399818897247314  2.7414965629577637  0.019554248950039856  0.009410259273824348
2.7414965629577637  2.7430129051208496  0.01951105846409746  0.009389494865036282
2.7430129051208496  2.7445309162139897  0.02877743141358358  0.011287414678564204
2.7445309162139897  2.7460505962371826  0.0287138008301419  0.011262501815591599
2.7460505962371826  2.7475719451904297  0.036985748948286656  0.012966408609745713
2.7475719451904297  2.7490949630737305  0.036903877681358666  0.012937781439897529
2.7490949630737305  2.750619649887085  0.036949883674487045  0.012813297937190622
2.750619649887085  2.7521462440490723  0.03686799633154997  0.012784000854987215
2.7521462440490723  2.753674268722534  0.03903769447365376  0.01301301041717875
2.753674268722534  2.755204200744629  0.03895108724520571  0.012983251190015043
2.755204200744629  2.7567355632781982  0.03629285285901988  0.012585431406211855
2.7567355632781982  2.7582688331604004  0.03621224885819135  0.012556644581414686
2.7582688331604004  2.7598037719726562  0.03843163534013385  0.012810461030341058
2.7598037719726562  2.7613403797149654  0.03834618588083829  0.012782145858016875
2.7613403797149654  2.762878894805908  0.03369071906984051  0.01204991547571254
2.762878894805908  2.7644188404083256  0.03361572535220254  0.012024204324574935
2.7644188404083256  2.765960693359375  0.03772301261999985  0.012704562692835684
2.765960693359375  2.7675042152404785  0.03763894700131145  0.012676463874913552
2.7675042152404785  2.769049406051636  0.054259702175604614  0.01515656945002813
2.769049406051636  2.7705962657928467  0.05413865746296396  0.015123038471965692
2.7705962657928467  2.7721450328826904  0.02704692617377389  0.010608568589089868
2.7721450328826904  2.773695468902588  0.026986516337490794  0.010585090998570907
2.773695468902588  2.775247573852539  0.028888351406106284  0.010919067798580123
2.775247573852539  2.776801586151123  0.028823758213579596  0.010894059989014588
2.776801586151123  2.7783570289611816  0.0327796370984601  0.011589656415213385
2.7783570289611816  2.779914379119873  0.03270626839601271  0.011563108214101704
2.779914379119873  2.781473636627197  0.024444478065301978  0.009979286627905483
2.781473636627197  2.783034563064575  0.024389697446076372  0.009957181755096477
2.783034563064575  2.784597158432007  0.020275445926250732  0.009067329417843597
2.784597158432007  2.786161422729492  0.020229961386209305  0.009047239146878137
2.786161422729492  2.7877275943756104  0.02801297969834182  0.010729106691821042
2.7877275943756104  2.7892954349517822  0.02795006510012405  0.010705326827412612
2.7892954349517822  2.790865182876587  0.035911538094123445  0.012094395945774434
2.790865182876587  2.7924365997314453  0.035830790943435616  0.012067581182024214
2.7924365997314453  2.7940099239349365  0.031949848101649254  0.011295361802997155
2.7940099239349365  2.795584678649902  0.03187793251491148  0.011271165163353736
2.795584678649902  2.79716157913208  0.051564283395034015  0.014301107735009541
2.79716157913208  2.798740148544311  0.051448075884409805  0.014269379664782748
2.798740148544311  2.8003203868865962  0.02561580449903066  0.010047538518786776
2.8003203868865962  2.8019025325775146  0.025558013475643848  0.010024484731512944
2.8019025325775146  2.8034863471984863  0.030874762207055796  0.01117268819616145
2.8034863471984863  2.805072069168091  0.030805028580788877  0.01114704683299737
2.805072069168091  2.806659460067749  0.03316088417934711  0.011374285648918462
2.806659460067749  2.80824875831604  0.03308590255676426  0.011348175195836072
2.80824875831604  2.809839963912964  0.034945220291052494  0.011648159556522965
2.809839963912964  2.811432838439942  0.034866110147819686  0.011622283379169722
2.811432838439942  2.8130273818969727  0.030914853763257123  0.010930626174352788
2.8130273818969727  2.814624071121216  0.030844789314347913  0.010904706430755246
2.814624071121216  2.8162221908569336  0.026923942859104558  0.010176818201060565
2.8162221908569336  2.8178224563598633  0.026862856797194943  0.010152682456348953
2.8178224563598633  2.8194243907928467  0.01722964786297268  0.008122241338407511
2.8194243907928467  2.821028232574463  0.017190510609870993  0.008103577220348965
2.821028232574463  2.822633743286133  0.022869403860225738  0.009336509456451753
2.822633743286133  2.8242411613464355  0.02281739924482544  0.009315050072346016
2.8242411613464355  2.825850486755371  0.0187339779104899  0.008534976545275852
2.825850486755371  2.8274614810943604  0.018691328333631185  0.008515984866342523
2.8274614810943604  2.8290743827819824  0.02642280783623724  0.009986984886238092
2.8290743827819824  2.8306891918182373  0.02636258478949445  0.009964018456306985
2.8306891918182373  2.8323056697845463  0.03191653548196598  0.010947785892637542
2.8323056697845463  2.8339242935180664  0.03184370817185928  0.010921798478153204
2.8339242935180664  2.8355445861816406  0.014939489161524181  0.007469806121485746
2.8355445861816406  2.8371667861938477  0.014905360833277133  0.007452619018018371
2.8371667861938477  2.8387906551361084  0.03343594326723962  0.01114580403262451
2.8387906551361084  2.840416669845581  0.03335947634622746  0.01111933702262313
2.840416669845581  2.8420443534851074  0.03511072914627099  0.011391496038682688
2.8420443534851074  2.8436739444732666  0.0350303420764731  0.011365272632626528
2.8436739444732666  2.8453054428100586  0.02206336845514202  0.009007379573262538
2.8453054428100586  2.846938848495483  0.02201279274728462  0.00898663799658744
2.846938848495483  2.848574161529541  0.04002502573901366  0.012169831162629843
2.848574161529541  2.8502111434936523  0.039933176056755636  0.012142685184576783
2.8502111434936523  2.8518502712249756  0.026864222711289236  0.010055301531562501
2.8518502712249756  2.8534910678863525  0.026802500498673786  0.010032863208624482
2.8534910678863525  2.855133771896362  0.021754063728067683  0.008881079442733114
2.855133771896362  2.856778383255005  0.021704027861889942  0.008860612202091585
2.856778383255005  2.85842514038086  0.03588507221491821  0.011453246359638243
2.85842514038086  2.8600735664367676  0.03580242953351893  0.011427668761532492
2.8600735664367676  2.861723899841309  0.04136991794582756  0.012199326359474598
2.861723899841309  2.8633761405944824  0.04127454028842714  0.012171194822523651
2.8633761405944824  2.865030288696289  0.03405815191745992  0.011049915390066946
2.865030288696289  2.8666863441467285  0.033979542003091445  0.011024427387481594
2.8666863441467285  2.868344306945801  0.028590512863426776  0.010108617958928447
2.868344306945801  2.870004415512085  0.028524442379939292  0.010084568953951212
2.870004415512085  2.8716661930084233  0.026728640397794677  0.009759892905128714
2.8716661930084233  2.8733298778533936  0.026666806585964226  0.009737367554239297
2.8733298778533936  2.8749957084655766  0.024665877807185207  0.00944691694404
2.8749957084655766  2.876663208007812  0.02460874859021413  0.009425781616375448
2.876663208007812  2.8783328533172607  0.03170952763326688  0.010679347153008178
2.8783328533172607  2.880004405975342  0.03163599627182869  0.010654684490061019
2.880004405975342  2.8816778659820557  0.038957847663751655  0.011746165503832302
2.8816778659820557  2.8833532333374023  0.038867404342115816  0.011719030714953164
2.8833532333374023  2.885030508041382  0.0263085373536335  0.009726091056051572
2.885030508041382  2.886709690093994  0.02624739343152623  0.00970361696515711
2.886709690093994  2.8883910179138184  0.03710525533048066  0.011450841453466079
2.8883910179138184  2.8900742530822754  0.037018911798337314  0.01142437294388337
2.8900742530822754  2.8917593955993652  0.028262139644270403  0.009992440883882833
2.8917593955993652  2.893446683883667  0.028196296734223695  0.009968631365199151
2.893446683883667  2.8951356410980225  0.040639349141441405  0.01198419636766187
2.8951356410980225  2.8968267440795903  0.04054456631801417  0.011955634976961598
2.8968267440795903  2.89851975440979  0.026533523519641885  0.009688909550281188
2.89851975440979  2.900214910507202  0.026471565089776036  0.009665812815559355
2.900214910507202  2.901911973953247  0.04431773871903727  0.012534802164586467
2.901911973953247  2.903610944747925  0.04421413169898623  0.012505791865796706
2.903610944747925  2.905311822891235  0.033745362042120836  0.010948685212620577
2.905311822891235  2.9070148468017574  0.033666382764236245  0.010922573461601526
2.9070148468017574  2.908720016479492  0.03015200532366712  0.010341548990145472
2.908720016479492  2.9104268550872803  0.030081350579245155  0.010318320534827116
2.9104268550872803  2.9121358394622803  0.026231745720210923  0.009697961695119753
2.9121358394622803  2.913846969604492  0.02617020274559533  0.009674820324942506
2.913846969604492  2.9155600070953374  0.019240674790473457  0.008204122200528964
2.9155600070953374  2.9172749519348145  0.019195483801115788  0.008185110593708836
2.9172749519348145  2.918992042541504  0.0399174190684121  0.011770807654644114
2.918992042541504  2.920711040496826  0.03982355160087905  0.0117435212942
2.920711040496826  2.922432184219361  0.03253220176750164  0.010658258509150512
2.922432184219361  2.9241552352905273  0.03245561027599951  0.01063354275801787
2.9241552352905273  2.9258804321289067  0.042813688886313525  0.012109730650695368
2.9258804321289067  2.927607774734497  0.0427127665340465  0.012080804447388122
2.927607774734497  2.9293370246887203  0.04726326420834903  0.012800025343318346
2.9293370246887203  2.931068181991577  0.04715173115871991  0.012770323358177951
2.931068181991577  2.9328014850616455  0.033894892672721735  0.010718652112338129
2.9328014850616455  2.934536933898926  0.033814810125929226  0.0106930362920573
2.934536933898926  2.936274290084839  0.030159941931451863  0.010157643288485474
2.936274290084839  2.938013792037964  0.03008860034658032  0.010133361579052803
2.938013792037964  2.939755439758301  0.04346161120963726  0.012140134101891598
2.939755439758301  2.9414989948272705  0.043358681848565506  0.012111933921099377
2.9414989948272705  2.9432446956634517  0.025078688258062858  0.009157537068239878
2.9432446956634517  2.9449925422668457  0.025019222645383143  0.00913563375016304
2.9449925422668457  2.9467422962188716  0.026423625622085566  0.009451271578045725
2.9467422962188716  2.9484941959381104  0.026360901309189767  0.009428660521325497
2.9484941959381104  2.95024824142456  0.021339334067867168  0.008490460083020923
2.95024824142456  2.9520044326782227  0.02128861570514237  0.008470141571490414
2.9520044326782227  2.9537625312805176  0.03466627900796604  0.010698684558435033
2.9537625312805176  2.955523014068603  0.03458378797005805  0.01067235117866021
2.955523014068603  2.9572854042053223  0.034333837722416966  0.010689404907058764
2.9572854042053223  2.959049701690674  0.03425204529297267  0.010664531075861313
2.959049701690674  2.960816383361817  0.03768389085342788  0.011112053757608886
2.960816383361817  2.962584972381592  0.037594008834509834  0.011086187078474677
2.962584972381592  2.964355945587158  0.03427269046372123  0.010576467092397528
2.964355945587158  2.9661288261413574  0.03419084328794635  0.01055183740009718
2.9661288261413574  2.967903852462769  0.0341333295638924  0.010533803857607686
2.967903852462769  2.9696810245513916  0.03405171957522861  0.010508559212557682
2.9696810245513916  2.9714603424072266  0.03560750645311266  0.01073608565665555
2.9714603424072266  2.973241806030273  0.0355222698995434  0.010710348895351177
2.973241806030273  2.9750254154205322  0.03686441000514304  0.01095878677294734
2.9750254154205322  2.976811170578003  0.03677605835328732  0.010932508296822362
2.976811170578003  2.9785990715026855  0.03048124905515831  0.009889418684343936
2.9785990715026855  2.98038911819458  0.03040810735037793  0.009865697160803497
2.98038911819458  2.9821813106536865  0.03493730445076386  0.010623206935647958
2.9821813106536865  2.9839756488800044  0.034853370779757586  0.010597717888860625
2.9839756488800044  2.985772132873535  0.04928465753932047  0.012518283085284269
2.985772132873535  2.9875707626342773  0.04916611237181437  0.012488237400881013
2.9875707626342773  2.9893715381622314  0.026908482449570472  0.009229499573730685
2.9893715381622314  2.9911744594573975  0.026843684018172654  0.009207341340458914
2.9911744594573975  2.9929797649383545  0.047286430719381746  0.01220884294305139
2.9929797649383545  2.9947869777679443  0.047172420716039845  0.012180326565039533
2.9947869777679443  2.996596574783325  0.036107694297287635  0.010647515829305232
2.996596574783325  2.998408317565918  0.036020527591508665  0.010621936279835657
2.998408317565918  3.0002222061157227  0.02502249014712634  0.008847015326831159
3.0002222061157227  3.002038478851318  0.024962010996946307  0.008825175101241246
3.002038478851318  3.0038566589355464  0.02883522355374521  0.009729717298106628
3.0038566589355464  3.005677223205566  0.028765449291060226  0.009705692869828607
3.005677223205566  3.007499933242798  0.02484082865570856  0.008782479549868433
3.007499933242798  3.009324789047241  0.024780646828929283  0.008761361163168542
3.009324789047241  3.0111520290374756  0.03229204907428657  0.010053896214707423
3.0111520290374756  3.012981414794922  0.03221371736540688  0.010029712447183634
3.012981414794922  3.01481294631958  0.03833427783883336  0.010923575343057728
3.01481294631958  3.0166468620300293  0.03824117751140545  0.010896582282257958
3.0166468620300293  3.01848292350769  0.02149247985937617  0.00812329378707596
3.01848292350769  3.0203211307525635  0.021440218582197034  0.008103740714694378
3.0203211307525635  3.0221617221832275  0.027531053469997104  0.009176894742563247
3.0221617221832275  3.024004459381103  0.02746402741181845  0.009154798590001199
3.024004459381103  3.0258495807647705  0.04267267020380234  0.01140458542333307
3.0258495807647705  3.02769684791565  0.04256865356387768  0.01137711623305891
3.02769684791565  3.0295464992523193  0.03170735844916483  0.009871803621558003
3.0295464992523193  3.031398296356201  0.031629973580449305  0.009848017599758127
3.031398296356201  3.033252239227295  0.02725050952843931  0.009083643936807946
3.033252239227295  3.03510856628418  0.027183926256183433  0.009061168341858532
3.03510856628418  3.0369672775268555  0.02848914305931673  0.009333664272037127
3.0369672775268555  3.038828134536743  0.028419443460840924  0.00931115966461654
3.038828134536743  3.0406911373138428  0.0315972310886595  0.009751557253505723
3.0406911373138428  3.0425567626953125  0.031519833382319416  0.009726792859087639
3.0425567626953125  3.0444245338439946  0.03431330479546797  0.010200203237361044
3.0444245338439946  3.0462944507598877  0.03422915591857087  0.010175593235151627
3.0462944507598877  3.0481667518615723  0.04335933744705243  0.011386843211173232
3.0481667518615723  3.050041437149048  0.043252867749492954  0.01135863650865543
3.050041437149048  3.0519185066223145  0.02943678093139099  0.009483076462118453
3.0519185066223145  3.0537977218627925  0.029364408324449226  0.00946017924016374
3.0537977218627925  3.0556793212890625  0.035464120756112244  0.010316829259601177
3.0556793212890625  3.0575630664825435  0.03537682796499394  0.010291910991417892
3.0575630664825435  3.0594494342803955  0.030906498395778925  0.009622379711778288
3.0594494342803955  3.0613379478454585  0.030830325495170306  0.009599129598628044
3.0613379478454585  3.063228845596313  0.039845076018408525  0.010844523143853384
3.063228845596313  3.0651221275329585  0.03974675308155072  0.010817629132763414
3.0651221275329585  3.0670175552368164  0.032366838755295745  0.009759324879018743
3.0670175552368164  3.068915605545044  0.03228687124619021  0.009734503073363834
3.068915605545044  3.0708158016204834  0.03520468608335913  0.010162757023368774
3.0708158016204834  3.072718381881714  0.03511760292898518  0.010137539320527257
3.072718381881714  3.0746233463287354  0.02632748965776422  0.008775853698650535
3.0746233463287354  3.0765306949615483  0.026262282872435587  0.008754070537254431
3.0765306949615483  3.0784404277801514  0.035004205106863306  0.010104859212806764
3.0784404277801514  3.080352544784546  0.03491739639476742  0.010079768550501245
3.080352544784546  3.082266807556152  0.046542132883173035  0.011635900141072025
3.082266807556152  3.084183692932129  0.04642657709138306  0.011606278298186869
3.084183692932129  3.086102962493896  0.026107293805700746  0.008702424477440287
3.086102962493896  3.088024616241455  0.026042390206699097  0.008680803509825887
3.088024616241455  3.0899486541748042  0.03326687318025034  0.009809543410176515
3.0899486541748042  3.0918748378753658  0.03318407135613108  0.009785770320865651
3.0918748378753658  3.093803644180298  0.03011394422334834  0.009376114772784166
3.093803644180298  3.0957350730895996  0.030038889705039516  0.009352226911906771
3.0957350730895996  3.0976686477661133  0.03417638508586306  0.010019707156046711
3.0976686477661133  3.099604606628418  0.03409110722469228  0.009994790109828913
3.099604606628418  3.1015431880950928  0.029965911174334274  0.009329427948093513
3.1015431880950928  3.1034839153289795  0.029891045370058687  0.00930679203644543
3.1034839153289795  3.1054272651672363  0.03562453435633006  0.010151135606820462
3.1054272651672363  3.107372999191284  0.03553541656368732  0.010125874627171471
3.107372999191284  3.109321355819702  0.04000515183883152  0.010691417062652045
3.109321355819702  3.111271858215332  0.03990495142010608  0.010665455396949882
3.111271858215332  3.113224983215332  0.03136013282943348  0.009455351817740178
3.113224983215332  3.115180492401123  0.03128148708578584  0.009431807021008024
3.115180492401123  3.117138624191284  0.03253653867749377  0.009671830847935665
3.117138624191284  3.1190989017486572  0.03245484170161273  0.009648326215627553
3.1190989017486572  3.1210620403289795  0.028388111107773634  0.008976735870989122
3.1210620403289795  3.1230273246765137  0.028316737332889145  0.00895491078211188
3.1230273246765137  3.124995231628418  0.02480719663386065  0.008618462278349087
3.124995231628418  3.1269655227661133  0.024744749826954796  0.008596979592697656
3.1269655227661133  3.1289384365081787  0.038219533254533575  0.010401898704729457
3.1289384365081787  3.130913734436035  0.03812320157505253  0.010375961601999805
3.130913734436035  3.1328916549682617  0.02829485273449312  0.00894748661700138
3.1328916549682617  3.1348719596862793  0.028223445316042903  0.008925168188626209
3.1348719596862793  3.136854887008667  0.04526998016070718  0.011317315654375224
3.136854887008667  3.1388401985168457  0.04515558829600238  0.011289076015024357
3.1388401985168457  3.1408278942108154  0.03397244373707193  0.0098074207775183
3.1408278942108154  3.1428184509277344  0.03388649088198745  0.009781767426361386
3.1428184509277344  3.1448113918304443  0.04234088825995599  0.010999986511321844
3.1448113918304443  3.1468067169189453  0.0422336315903361  0.01097251999499182
3.1468067169189453  3.1488046646118164  0.03121601203840927  0.009412080439033951
3.1488046646118164  3.1508052349090576  0.031136832128323497  0.009388009697316804
3.1508052349090576  3.15280818939209  0.03957188907459934  0.010646757708613876
3.15280818939209  3.1548140048980713  0.03947138753590569  0.010618890194120129
3.1548140048980713  3.1568219661712646  0.03671590148705271  0.010256474597910901
3.1568219661712646  3.1588327884674072  0.03662253813346633  0.010229622597317078
3.1588327884674072  3.160845994949341  0.04518977029543562  0.011363204641130152
3.160845994949341  3.1628618240356445  0.04507471355900548  0.011334118974452065
3.1628618240356445  3.1648802757263184  0.03098977062346321  0.009422966996483442
3.1648802757263184  3.1669013500213623  0.030910763677246766  0.009398839675825145
3.1669013500213623  3.1689248085021973  0.05097202198495929  0.012014626188085811
3.1689248085021973  3.1709511280059814  0.0508419056050787  0.011983147760397168
3.1709511280059814  3.1729798316955566  0.03661924301240247  0.010229119329058954
3.1729798316955566  3.175011157989502  0.03652565084642798  0.010202912542923808
3.175011157989502  3.1770451068878174  0.0379955885278783  0.010412414136062956
3.1770451068878174  3.179081678390503  0.037898351504133045  0.010385728837210386
3.179081678390503  3.1811208724975586  0.04074960817292875  0.010770058757780816
3.1811208724975586  3.1831626892089844  0.040645189378762325  0.010742448204978139
3.1831626892089844  3.1852071285247803  0.03219463898919788  0.009570578606382326
3.1852071285247803  3.1872541904449463  0.03211203476536665  0.009546034843620273
3.1872541904449463  3.1893038749694824  0.02647200004715289  0.008672941970936271
3.1893038749694824  3.1913561820983887  0.02640399188925698  0.008650692984944868
3.1913561820983887  3.193411111831665  0.03914165801390384  0.010461015792469665
3.193411111831665  3.1954686641693115  0.03904097564954227  0.010434171893522436
3.1954686641693115  3.1975290775299072  0.036344599333199716  0.01007984297058613
3.1975290775299072  3.199591875076294  0.03625098639917977  0.010054549024764476
3.199591875076294  3.20165753364563  0.029582548382589537  0.009129321574107176
3.20165753364563  3.203725814819336  0.029506254293538214  0.00910587869141961
3.203725814819336  3.205796718597412  0.021486767172095612  0.007845804718140226
3.205796718597412  3.2078702449798584  0.021431283360648364  0.007825651412528153
3.2078702449798584  3.209946632385254  0.03217326490899835  0.00970052609550493
3.209946632385254  3.2120256423950195  0.03209007187464862  0.009675598784695195
3.2120256423950195  3.2141072750091553  0.031335736809867315  0.009670328779789052
3.2141072750091553  3.216191530227661  0.03125461125021531  0.009645471752791243
3.216191530227661  3.218278646469116  0.04230803599447217  0.011382350599259228
3.218278646469116  3.2203683853149414  0.04219836094153449  0.011353082981591529
3.2203683853149414  3.222460985183716  0.03339540588977232  0.010240445660772448
3.222460985183716  3.2245562076568604  0.03330871877240364  0.01021410416417041
3.2245562076568604  3.226654052734375  0.029298886507481775  0.009505960534005823
3.226654052734375  3.228754758834839  0.029222737591032815  0.009480961909846311
3.228754758834839  3.230858325958252  0.039855293724054344  0.011053712058540765
3.230858325958252  3.232964515686035  0.03975156738322426  0.011025258276643534
3.232964515686035  3.2350733280181885  0.03924347045699408  0.010884319638630078
3.2350733280181885  3.237185001373291  0.039141208555421456  0.010855679144200842
3.237185001373291  3.2392995357513428  0.03690064978865251  0.010514655289980988
3.2392995357513428  3.2414166927337646  0.03680436364864269  0.010487569593930176
3.2414166927337646  3.2435364723205566  0.042381542931093925  0.011130364327744705
3.2435364723205566  3.245659351348877  0.04227081484171833  0.01110043509832512
3.245659351348877  3.2477848529815674  0.041857731614202226  0.010992476045511868
3.2477848529815674  3.249913215637207  0.04174822678577891  0.010963524537969793
3.249913215637207  3.252044200897217  0.031435034629624714  0.00947809123914754
3.252044200897217  3.254178047180176  0.03135269235728975  0.009453120937045215
3.254178047180176  3.256314754486084  0.019828262740267836  0.007494425466664819
3.256314754486084  3.2584543228149414  0.019776252787536638  0.007474674496658993
3.2584543228149414  3.260596513748169  0.02808337912973305  0.008881034820871563
3.260596513748169  3.262741804122925  0.028009620197574095  0.008857129837209661
3.262741804122925  3.264889717102051  0.0459896873994075  0.011321919353471245
3.264889717102051  3.267040491104126  0.04586874306688894  0.011292063084951788
3.267040491104126  3.2691941261291504  0.037382522539705094  0.010174257279495849
3.2691941261291504  3.271350622177124  0.037284083163302235  0.010147418870767852
3.271350622177124  3.2735097408294678  0.03420712529297432  0.009747590646622927
3.2735097408294678  3.27567195892334  0.034116931892925174  0.009721333294097261
3.27567195892334  3.277837038040161  0.03961039685144732  0.010402196329732733
3.277837038040161  3.2800049781799316  0.03950581117261866  0.010374737775086025
3.2800049781799316  3.2821757793426514  0.03259127579595256  0.009408017669730413
3.2821757793426514  3.284349203109741  0.03250511670228946  0.009383691497695565
3.284349203109741  3.2865257263183594  0.043048182763940596  0.010824585859546517
3.2865257263183594  3.2887051105499268  0.042934224457008896  0.01079599417359529
3.2887051105499268  3.2908875942230225  0.0360993416711282  0.009892431116306352
3.2908875942230225  3.2930727005004883  0.036003648347869587  0.009866830696580266
3.2930727005004883  3.2952606678009033  0.041432409233549274  0.010524070566265665
3.2952606678009033  3.2974517345428467  0.041322436982048995  0.010495682012478236
3.2974517345428467  3.2996456623077393  0.03825134479706318  0.0101746745599297
3.2996456623077393  3.301842451095581  0.03814968230668805  0.010147772090767065
3.301842451095581  3.304042339324951  0.043712215268494344  0.010760824232363592
3.304042339324951  3.3062448501586914  0.04359588156945132  0.010732942426963493
3.3062448501586914  3.308450698852539  0.03430335783691105  0.009513692347577873
3.308450698852539  3.310659170150757  0.034211941067463524  0.009489031638129836
3.310659170150757  3.312870740890503  0.05256851292754502  0.011754549957956195
3.312870740890503  3.3150851726531982  0.05242823686619815  0.011723436703103624
3.3150851726531982  3.317302703857422  0.03224573711222136  0.009326065629594524
3.317302703857422  3.3195230960845947  0.03215957687002318  0.009301371849422785
3.3195230960845947  3.321746349334717  0.023482587594742824  0.007827634076133672
3.321746349334717  3.323972702026367  0.02341976041859527  0.00780648221311517
3.323972702026367  3.326202154159546  0.04273842983554145  0.010580631340023045
3.326202154159546  3.328434467315674  0.04262392595146399  0.01055259490117082
3.328434467315674  3.33066987991333  0.029309362666269215  0.008854858252786204
3.33066987991333  3.3329081535339355  0.029230734285926565  0.008831386467988204
3.3329081535339355  3.3351495265960693  0.039987489165022566  0.010156925991050449
3.3351495265960693  3.3373939990997314  0.0398800659410285  0.010129453546268053
3.3373939990997314  3.3396413326263428  0.035962447872968345  0.009611444010077469
3.3396413326263428  3.3418917655944824  0.035865711407203  0.009585439248368955
3.3418917655944824  3.3441452980041504  0.03583337222863167  0.009576680425363998
3.3441452980041504  3.3464016914367676  0.035736853307651056  0.009551266431989055
3.3464016914367676  3.348661422729492  0.03061775030439693  0.008838394939786789
3.348661422729492  3.350924015045166  0.030535163807387227  0.008814930276519098
3.350924015045166  3.353189706802368  0.02415776515267351  0.0078376371434958
3.353189706802368  3.3554582595825195  0.024092520770351112  0.007816822295623383
3.3554582595825195  3.3577301502227783  0.03911452048153882  0.00999475525005427
3.3577301502227783  3.3600051403045654  0.039008728224870656  0.009967676914573379
3.3600051403045654  3.3622829914093018  0.021133062402380477  0.007409019646476031
3.3622829914093018  3.3645641803741455  0.021075829693252793  0.007388554212920745
3.3645641803741455  3.3668482303619385  0.037549341017045976  0.009755335563351432
3.3668482303619385  3.3691353797912598  0.03744751689678077  0.009728889562441162
3.3691353797912598  3.3714258670806885  0.04385987115431426  0.010484495116552235
3.3714258670806885  3.3737194538116455  0.043740762427909925  0.010456061521409571
3.3737194538116455  3.3760159015655518  0.03357386193272125  0.009200864579554026
3.3760159015655518  3.3783156871795654  0.033482568629168125  0.009175428316809949
3.3783156871795654  3.3806185722351074  0.03736920988798914  0.009648644286961041
3.3806185722351074  3.3829245567321777  0.037267456564759306  0.009622460005775163
3.3829245567321777  3.3852336406707764  0.029666761323577977  0.008630696323918871
3.3852336406707764  3.3875460624694824  0.029585869298353298  0.008606821853156603
3.3875460624694824  3.389861583709717  0.029450718686515182  0.008634226611762642
3.389861583709717  3.3921802043914795  0.02937030685448149  0.008610778433298182
3.3921802043914795  3.3945019245147705  0.030815057798438027  0.008780891757247467
3.3945019245147705  3.396826982498169  0.030730806960880912  0.00875658758455883
3.396826982498169  3.3991551399230957  0.042101990452295075  0.010211390435706414
3.3991551399230957  3.40148663520813  0.04198671860078992  0.010183117612507966
3.40148663520813  3.4038212299346924  0.04073179545686218  0.01008388738152325
3.4038212299346924  3.406158924102783  0.04062012654009639  0.010056472658110402
3.406158924102783  3.4084999561309814  0.04348869486420462  0.010395652706177684
3.4084999561309814  3.410844087600708  0.04336930461895346  0.010367380118147291
3.410844087600708  3.413191556930542  0.03597073321448085  0.009568214620037284
3.413191556930542  3.4155423641204834  0.03587184123287704  0.009541697610190226
3.4155423641204834  3.417896270751953  0.04268220070261314  0.010523107813928585
3.417896270751953  3.4202535152435303  0.04256469703709459  0.010493935126742179
3.4202535152435303  3.4226138591766357  0.02597945576981114  0.008215492840803633
3.4226138591766357  3.4249775409698486  0.025907837864498823  0.008192710297796744
3.4249775409698486  3.427344560623169  0.03337962789585529  0.009441010810016621
3.427344560623169  3.4297146797180176  0.03328748214280537  0.009415294956256409
3.4297146797180176  3.4320881366729736  0.03553644936145649  0.009926676844449679
3.4320881366729736  3.434464931488037  0.0354382158647865  0.009899131226162879
3.434464931488037  3.436845064163208  0.013565863774705837  0.006416218540975121
3.436845064163208  3.4392285346984863  0.013528310086715645  0.006398407702773681
3.4392285346984863  3.441615104675293  0.04870150439610973  0.011876797211033551
3.441615104675293  3.444005250930786  0.04856650373040301  0.01184322655745863
3.444005250930786  3.4463984966278076  0.030506870994042336  0.009498199936899463
3.4463984966278076  3.4487950801849365  0.03042219167539156  0.009471816775353709
3.4487950801849365  3.451195240020752  0.043047654484840873  0.011304581627765584
3.451195240020752  3.4535984992980957  0.042927991707291724  0.011273728426730323
3.4535984992980957  3.456005096435547  0.043754457652820704  0.011490745473524024
3.456005096435547  3.4584152698516846  0.04363266438099109  0.011458237817801456
3.4584152698516846  3.4608285427093506  0.03679567584484643  0.010622222851235116
3.4608285427093506  3.463245391845703  0.0366931112674585  0.010592163304465572
3.463245391845703  3.465665578842163  0.03736555675409744  0.01078645480171733
3.465665578842163  3.4680891036987305  0.03726125727378374  0.010756450636870724
3.4680891036987305  3.4705159664154053  0.037929897858624176  0.010949618057556202
3.4705159664154053  3.4729464054107666  0.03782387334211728  0.010918612608959814
3.4729464054107666  3.4753801822662354  0.04313539366799114  0.011820826902968744
3.4753801822662354  3.4778172969818115  0.0430146513479092  0.01178792142532296
3.4778172969818115  3.480257749557495  0.02935826258956471  0.00978623643182179
3.480257749557495  3.4827017784118652  0.029275969789566154  0.009758508118713012
3.4827017784118652  3.485149383544922  0.03978029517246373  0.011483180258545377
3.485149383544922  3.487600088119507  0.03966863153767241  0.011451748267110453
3.487600088119507  3.4900546073913574  0.02842936710741528  0.009857889479043015
3.4900546073913574  3.4925122261047363  0.02834945211759623  0.009830894181871178
3.4925122261047363  3.4949734210968018  0.044513318504581983  0.0123459046423943
3.4949734210968018  3.4974381923675537  0.0443880172596771  0.012310889928194008
3.4974381923675537  3.499906539916992  0.0361560326021854  0.011356986544797732
3.499906539916992  3.502378225326538  0.03605411061188241  0.011325312240358126
3.502378225326538  3.5048532485961914  0.03199093167975975  0.010663981579746558
3.5048532485961914  3.5073320865631104  0.03190062443222617  0.010633204776158145
3.5073320865631104  3.5098142623901367  0.025405305085069226  0.009602131009716981
3.5098142623901367  3.5122997760772705  0.025333491166609615  0.009575330900402548
3.5122997760772705  3.51478910446167  0.04082231293239276  0.012308152092256617
3.51478910446167  3.5172817707061768  0.040706751398351934  0.01227378505529941
3.5172817707061768  3.519778251647949  0.0400563696096352  0.012361406429382901
3.519778251647949  3.522278070449829  0.039942812550981636  0.012326876459601411
3.522278070449829  3.5247814655303955  0.029646644243227757  0.010825440335857806
3.5247814655303955  3.5272884368896484  0.029562480851900705  0.010794675327457273
3.5272884368896484  3.529798984527588  0.03721539358085917  0.012404837260844948
3.529798984527588  3.5323128700256348  0.03710959805709837  0.012370159137054422
3.5323128700256348  3.5348305702209473  0.030330638828621696  0.01146388651219484
3.5348305702209473  3.5373518466949463  0.03024428915002181  0.011431284169342512
3.5373518466949463  3.539876937866211  0.024616753693730398  0.010496339338037237
3.539876937866211  3.542405366897583  0.024546568186176815  0.0104669707732197
3.542405366897583  3.5449373722076416  0.033945227319822954  0.012395279569593114
3.5449373722076416  3.547473192214966  0.03384831054198067  0.012359421074935224
3.547473192214966  3.5500125885009766  0.033574793376492516  0.012259706592021538
3.5500125885009766  3.552555561065674  0.033478796390092665  0.012224802314117818
3.552555561065674  3.5551021099090576  0.04124504358569628  0.013381870529396886
3.5551021099090576  3.557652473449707  0.04112694884498133  0.013343133432716616
3.557652473449707  3.560206413269043  0.03537168865583552  0.012132278716109095
3.560206413269043  3.5627639293670654  0.035270265709048294  0.012097711420896457
3.5627639293670654  3.5653252601623535  0.02185850627209485  0.009320399318208132
3.5653252601623535  3.567890167236328  0.021795739862752378  0.009293833496282152
3.567890167236328  3.5704588890075684  0.03434311794101186  0.011447566882629634
3.5704588890075684  3.573031187057495  0.03424436180798799  0.011414925972107418
3.573031187057495  3.5756072998046875  0.04831738178720099  0.013400956874137403
3.5756072998046875  3.5781872272491455  0.04817823341696074  0.013362111837448813
3.5781872272491455  3.58077073097229  0.038693826602862365  0.01194126792915783
3.58077073097229  3.5833580493927  0.03858223578461073  0.011906642940075382
3.5833580493927  3.585948944091797  0.0536232216809302  0.014082236546420827
3.585948944091797  3.588543653488159  0.053468358454471  0.014041390464996382
3.588543653488159  3.591142177581787  0.033565735222308844  0.011188630717356103
3.591142177581787  3.5937445163726807  0.033468654120307625  0.011156165882208587
3.5937445163726807  3.59635066986084  0.030151606213931433  0.010659992015290352
3.59635066986084  3.5989603996276855  0.030064273811773692  0.010629535937829001
3.5989603996276855  3.601573944091797  0.032388672048290545  0.011109492690276392
3.601573944091797  3.604191541671753  0.03229472156683995  0.01107672908644503
3.604191541671753  3.6068127155303955  0.038296518834651835  0.01222332147437169
3.6068127155303955  3.6094377040863037  0.03818527436966955  0.012187816354621126
3.6094377040863037  3.6120665073394775  0.021443820150687586  0.009143867507144503
3.6120665073394775  3.614699363708496  0.02138143766325841  0.009116884351169897
3.614699363708496  3.617335796356201  0.03874116971067868  0.012597870177628253
3.617335796356201  3.619976282119751  0.0386283033578071  0.012560682249539644
3.619976282119751  3.6226205825805664  0.05401154090299349  0.014700008331561643
3.6226205825805664  3.6252686977386475  0.05385395497637596  0.014657260990373075
3.6252686977386475  3.6279206275939937  0.036004577899654513  0.01225182747680659
3.6279206275939937  3.6305763721466064  0.035899380787792624  0.012216186690583112
3.6305763721466064  3.6332361698150635  0.03289429383041605  0.01162979602143697
3.6332361698150635  3.635899782180786  0.03279804247666415  0.0115959519457549
3.635899782180786  3.6385674476623535  0.045898578899330154  0.013838809314173438
3.6385674476623535  3.6412389278411865  0.04576407493938587  0.01379852030659464
3.6412389278411865  3.6439144611358643  0.05085132973068014  0.014679350101502219
3.6439144611358643  3.6465938091278076  0.05070209311336544  0.014636597429734235
3.6465938091278076  3.6492769718170166  0.025827368893180765  0.010544078857529634
3.6492769718170166  3.6519641876220703  0.025751463869047364  0.01051289173748266
3.6519641876220703  3.6546554565429688  0.03688125731720602  0.01278886602056238
3.6546554565429688  3.657350540161133  0.036772704731556305  0.01275159053507757
3.657350540161133  3.6600496768951416  0.02626872141644318  0.010891490795296489
3.6600496768951416  3.662752866744995  0.026191289565115954  0.010859253204421765
3.662752866744995  3.6654601097106934  0.026398653905407094  0.010945104300090523
3.6654601097106934  3.6681711673736572  0.02632072339503594  0.010913176291538387
3.6681711673736572  3.670886278152466  0.03738182489305221  0.012821896430232833
3.670886278152466  3.673605442047119  0.037271309745048366  0.012783917611082577
3.673605442047119  3.676328659057617  0.04053719549034353  0.013152018244670742
3.676328659057617  3.67905592918396  0.040417174251137646  0.013113047613165498
3.67905592918396  3.681787252426148  0.04105934394026105  0.012984098259325921
3.681787252426148  3.6845226287841797  0.04093759569885812  0.012945610764153551
3.6845226287841797  3.687262058258057  0.03760549503212177  0.012200807666035615
3.687262058258057  3.6900055408477783  0.0374938233267763  0.012164628557106268
3.6900055408477783  3.692753076553345  0.06148352382044644  0.015371155749629054
3.692753076553345  3.695504903793335  0.06130066924082466  0.015324893347632526
3.695504903793335  3.698260545730591  0.04327266220393798  0.012760618506338426
3.698260545730591  3.7010204792022705  0.04314378078030461  0.012722200914021629
3.7010204792022705  3.703784465789795  0.024080664675403096  0.009445350211263023
3.703784465789795  3.706552743911743  0.0240088336310049  0.009416903298784734
3.706552743911743  3.709324836730957  0.05121606091401042  0.013688536583152854
3.709324836730957  3.712101459503174  0.05106306455325614  0.013646710958559608
3.712101459503174  3.7148818969726562  0.032641493501749136  0.010880618096941878
3.7148818969726562  3.7176666259765625  0.03254384066360328  0.010847826988606282
3.7176666259765625  3.7204556465148926  0.030637136567904795  0.01050832454041541
3.7204556465148926  3.7232487201690674  0.030545340077781574  0.010477091445297716
3.7232487201690674  3.726046085357666  0.03916141282690468  0.011907718175587697
3.726046085357666  3.7288477420806885  0.03904389655637693  0.011871805491062808
3.7288477420806885  3.7316534519195557  0.044302362569863966  0.012624021471207832
3.7316534519195557  3.7344634532928467  0.04416922350286249  0.012585935303904162
3.7344634532928467  3.7372777462005615  0.033745772931931546  0.010948388374308528
3.7372777462005615  3.740096092224121  0.033644207799500996  0.01091580796347155
3.740096092224121  3.7429187297821045  0.04235208856395123  0.012321175383275351
3.7429187297821045  3.745745897293091  0.042224422732211296  0.012283456481880192
3.745745897293091  3.748577117919922  0.023093520975840828  0.009058030818832332
3.748577117919922  3.7514126300811768  0.023023806351298103  0.009030673197882946
3.7514126300811768  3.7542524337768555  0.03744866213280354  0.011556896707103794
3.7542524337768555  3.757096529006958  0.037335441240165614  0.011521978607394926
3.757096529006958  3.7599449157714844  0.03946656530412437  0.011899833655716303
3.7599449157714844  3.7627978324890137  0.03934705660350003  0.011863368124012083
3.7627978324890137  3.7656548023223873  0.03058937870290898  0.010607434176926075
3.7656548023223873  3.7685163021087646  0.030496613762540835  0.0105749186172755
3.7685163021087646  3.771382093429565  0.04751367561979778  0.013272218073677502
3.771382093429565  3.77425217628479  0.047369368873141714  0.013232070349895075
3.77425217628479  3.7771267890930176  0.0335112342861933  0.011170323584682007
3.7771267890930176  3.780005693435669  0.03340929770252969  0.011136520146415587
3.780005693435669  3.782888889312744  0.043479701029642694  0.012925468138891363
3.782888889312744  3.7857766151428223  0.043347244517758975  0.012885805993835132
3.7857766151428223  3.788668870925903  0.031157805648561174  0.011144375673956276
3.788668870925903  3.791565418243408  0.031062736799395377  0.011110623123503941
3.791565418243408  3.794466257095337  0.061469339817481615  0.01587143514769825
3.794466257095337  3.797371625900269  0.06128150825887425  0.01582269791008141
3.797371625900269  3.800281524658203  0.036517285625912055  0.01252539742250935
3.800281524658203  3.803195953369141  0.036405523192264526  0.012486919872295625
3.803195953369141  3.806114673614502  0.028942284548922285  0.01135214321575202
3.806114673614502  3.809037923812866  0.028853574572742426  0.011317257959314838
3.809037923812866  3.8119657039642334  0.03385127011396942  0.012360763193659875
3.8119657039642334  3.8148980140686035  0.03374735060036816  0.012322763170489635
3.8148980140686035  3.8178348541259766  0.02886281763317792  0.011483802200616733
3.8178348541259766  3.8207762241363525  0.028774075954080058  0.011448484923636933
3.8207762241363525  3.823721885681153  0.04403264843803708  0.013924608851083924
3.823721885681153  3.8266723155975337  0.043897063256699995  0.013881208268705293
3.8266723155975337  3.829627275466919  0.03230579171942416  0.011796607575954502
3.829627275466919  3.8325870037078857  0.03220615632313974  0.01175982583308632
3.8325870037078857  3.835551023483277  0.0252611039491481  0.010312752011231354
3.835551023483277  3.83851957321167  0.025183081031716285  0.010281000115838558
3.83851957321167  3.8414928913116455  0.028823681557815527  0.010894472491458054
3.8414928913116455  3.844470977783203  0.028734511460921607  0.010860480054204945
3.844470977783203  3.8474533557891846  0.03827515996721448  0.012418244562267582
3.8474533557891846  3.850440502166748  0.03815657314271111  0.012379484614470915
3.850440502166748  3.8534324169158936  0.02957037192753304  0.010797462182905095
3.8534324169158936  3.856428861618042  0.029478608651274597  0.010764176583254846
3.856428861618042  3.8594298362731934  0.030859704001289606  0.01091063837539711
3.8594298362731934  3.8624355792999268  0.030763793998265523  0.010876558549958315
3.8624355792999268  3.865446090698242  0.03210095967462707  0.011010603759047147
3.865446090698242  3.86846137046814  0.0320010337476572  0.010976198799253909
3.86846137046814  3.87148118019104  0.02035181162112443  0.008678077487049506
3.87148118019104  3.8745057582855225  0.020288362036759405  0.008650950898526319
3.8745057582855225  3.877535104751587  0.030816870693881285  0.010570123443035402
3.877535104751587  3.8805692195892334  0.030720642306665186  0.010537069457628315
3.8805692195892334  3.883608102798462  0.028212439039351753  0.010090811827569223
3.883608102798462  3.8866515159606934  0.0281242083474654  0.010059639374366805
3.8866515159606934  3.889699935913086  0.04703597312253952  0.012801552270518941
3.889699935913086  3.8927531242370605  0.04688863672172379  0.012761488607002632
3.8927531242370605  3.895811080932617  0.04379204511092667  0.012408951264351872
3.895811080932617  3.898873805999756  0.04365465877802838  0.012370101602388899
3.898873805999756  3.9019412994384766  0.050320002085528594  0.01299275480911204
3.9019412994384766  3.9050137996673584  0.05016188533100509  0.012951557554400047
3.9050137996673584  3.9080910682678223  0.03785155137692157  0.01116173628644748
3.9080910682678223  3.911173105239868  0.03773242937867731  0.011126763425134516
3.911173105239868  3.914259910583496  0.048438772713336124  0.012506969267996531
3.914259910583496  3.9173517227172856  0.04828609562594691  0.012467284768155232
3.9173517227172856  3.9204485416412354  0.04715333907656172  0.012326432144216814
3.9204485416412354  3.9235501289367676  0.04700447027749851  0.012287776999308673
3.9235501289367676  3.926656723022461  0.04352452398677362  0.011632273568439995
3.926656723022461  3.9297680854797363  0.043386899949180914  0.011595781076700255
3.9297680854797363  3.932884454727173  0.04114461235351007  0.011198199059446029
3.932884454727173  3.9360058307647705  0.04101430577564322  0.011162626360603806
3.9360058307647705  3.9391322135925293  0.026885256665260863  0.008961607686066806
3.9391322135925293  3.94226336479187  0.026799974115115845  0.0089334687892161
3.94226336479187  3.9453997611999507  0.03658928124422263  0.010348825462493026
3.9453997611999507  3.9485409259796147  0.036473031051592344  0.010316316545684942
3.9485409259796147  3.9516870975494385  0.03283148808736996  0.009760078542543252
3.9516870975494385  3.9548385143280034  0.03272701195845549  0.009728669175613661
3.9548385143280034  3.9579946994781494  0.029210005541182867  0.009175452569325318
3.9579946994781494  3.961156129837036  0.029116906942232557  0.00914591419962024
3.961156129837036  3.964322566986084  0.0357038213731632  0.009973330349925837
3.964322566986084  3.967494010925293  0.035589843351140585  0.009941585598576944
3.967494010925293  3.970670461654663  0.03787536055278411  0.010122738994350337
3.970670461654663  3.9738521575927734  0.03775425556241741  0.010090126532026357
3.9738521575927734  3.977038860321045  0.04095036320423486  0.010463747123294731
3.977038860321045  3.980230569839478  0.04081922281009275  0.010430414523612682
3.980230569839478  3.9834277629852295  0.025854424221406554  0.008251867066016242
3.9834277629852295  3.9866297245025635  0.025771489966747628  0.008225874850299731
3.9866297245025635  3.9898369312286377  0.020415179000219365  0.007217901059484865
3.9898369312286377  3.993049383163452  0.020349588689858568  0.007194620920494536
3.993049383163452  3.9962670803070073  0.03629087948815679  0.009530316541030716
3.9962670803070073  3.9994897842407227  0.03617409428064263  0.009499917454957233
3.9994897842407227  4.002717971801758  0.03650636371261484  0.009542960423496954
4.002717971801758  4.005950927734375  0.036388698050636194  0.009512859174024876
4.005950927734375  4.009189605712891  0.02992280058576263  0.008526184318217047
4.009189605712891  4.012433052062988  0.02982619762748908  0.00849927696409143
4.012433052062988  4.015682220458984  0.029472876741699884  0.008335869695172879
4.015682220458984  4.0189361572265625  0.02937757375281246  0.008309550358923298
4.0189361572265625  4.022195816040039  0.026443880850212095  0.007861013663398217
4.022195816040039  4.025460720062256  0.026358228092239082  0.007835607574422006
4.025460720062256  4.028730869293213  0.029345826547093033  0.008197312572988179
4.028730869293213  4.03200626373291  0.029250623354121312  0.008170809019606927
4.03200626373291  4.035286903381348  0.03782259625710601  0.009173258878997021
4.035286903381348  4.038572788238525  0.03769970045494455  0.009143588338332771
4.038572788238525  4.041864395141602  0.0283811246552583  0.007871433299437423
4.041864395141602  4.045161247253418  0.028288749857741706  0.00784596171669226
4.045161247253418  4.048463344573975  0.04390619155222452  0.00969714543241541
4.048463344573975  4.0517706871032715  0.043763065967432735  0.00966575400809201
4.0517706871032715  4.055083751678467  0.032395694436722425  0.008277794772134568
4.055083751678467  4.058402061462402  0.03228991075752877  0.008250985011610182
4.058402061462402  4.061726093292236  0.025687860398459723  0.0072655127210599765
4.061726093292236  4.0650553703308105  0.02560384205622166  0.007241971169436559
4.0650553703308105  4.068389892578125  0.03822453140669781  0.008769470922332252
4.068389892578125  4.071730136871338  0.03809931189790633  0.008740420140850875
4.071730136871338  4.075076103210449  0.04030711142543056  0.008902180167705142
4.075076103210449  4.078427314758301  0.040174843503332655  0.008873309487984701
4.078427314758301  4.081783771514893  0.026879903117630773  0.007184059259783085
4.081783771514893  4.085145950317383  0.026791559276446587  0.007160242777749795
4.085145950317383  4.0885138511657715  0.04297529969673826  0.008997283377005149
4.0885138511657715  4.091887474060059  0.042833809722854076  0.008967442937147459
4.091887474060059  4.095266342163086  0.04271045393017697  0.00884542085029728
4.095266342163086  4.098650932312012  0.04256961343916548  0.008816073895686498
4.098650932312012  4.102040767669678  0.03420161501747144  0.007819544733200161
4.102040767669678  4.1054368019104  0.03408864482216599  0.007793043176833301
4.1054368019104  4.108838081359863  0.029701482809651056  0.007137785691119813
4.108838081359863  4.112245082855225  0.029603216569165626  0.007114085494666483
4.112245082855225  4.115657806396484  0.03287051638392694  0.007349843238964208
4.115657806396484  4.119075775146484  0.032761589061702234  0.007325940955950205
4.119075775146484  4.122499942779541  0.030161560378364583  0.006987471894642443
4.122499942779541  4.125929832458496  0.030061432976828256  0.006964250896417556
4.125929832458496  4.129364967346191  0.04319230078898781  0.008236732075722723
4.129364967346191  4.132806301116943  0.04304868922506602  0.008208780423603377
4.132806301116943  4.1362528800964355  0.03581682635290758  0.007468565286362672
4.1362528800964355  4.139705657958984  0.03569753765837932  0.0074432112470563345
4.139705657958984  4.143164157867432  0.03547464169704039  0.00745686025754905
4.143164157867432  4.146628379821777  0.035356291323367164  0.007432048690495472
4.146628379821777  4.1500983238220215  0.03528472936806194  0.0074469462892710805
4.1500983238220215  4.153573989868164  0.03516682151003645  0.007422157706251987
4.153573989868164  4.157055854797363  0.03453545618091915  0.007340694128949912
4.157055854797363  4.160542964935303  0.03441985794001676  0.007316749094312968
4.160542964935303  4.164036273956299  0.03774583877713379  0.007625989455900524
4.164036273956299  4.167535781860352  0.03761927589445411  0.00760006362608677
4.167535781860352  4.1710405349731445  0.03835993771256793  0.0077006627760638595
4.1710405349731445  4.174551486968994  0.038231109973428254  0.007674474206868695
4.174551486968994  4.1780686378479  0.034464056666001636  0.007295561740653589
4.1780686378479  4.181591510772705  0.03434810996468423  0.007271233453279799
4.181591510772705  4.185120105743408  0.033745088383038226  0.007194598386500937
4.185120105743408  4.188654899597168  0.03363137489552137  0.007170112265106146
4.188654899597168  4.192195415496826  0.028150755528938864  0.006611007585272715
4.192195415496826  4.195742130279541  0.02805573497616106  0.006588499186323727
4.195742130279541  4.1992950439453125  0.036720582995710814  0.007495399684452835
4.1992950439453125  4.202853679656982  0.036596420315009655  0.007470370423251803
4.202853679656982  4.206418514251709  0.029707026742475592  0.006759458726208906
4.206418514251709  4.209989547729492  0.02960640532952938  0.006736425614948513
4.209989547729492  4.213566303253174  0.0389293559289424  0.007709223667033497
4.213566303253174  4.217149257659912  0.03879728312432748  0.007682944682808745
4.217149257659912  4.220738410949707  0.043463358798174194  0.008141211013369978
4.220738410949707  4.2243332862854  0.04331565572493901  0.008113986999308306
4.2243332862854  4.227934837341309  0.034276974265266186  0.0072260083436935605
4.227934837341309  4.231542110443115  0.03416028478784088  0.00720183198060458
4.231542110443115  4.2351555824279785  0.029675876213324286  0.0067204940716236285
4.2351555824279785  4.238775730133057  0.029574677080229497  0.006697114892417902
4.238775730133057  4.242401599884033  0.026604914306421645  0.006359786746066805
4.242401599884033  4.246033668518066  0.026514038232054143  0.006338071593969343
4.246033668518066  4.2496724128723145  0.041671932516184174  0.007973082986549288
4.2496724128723145  4.253316879272461  0.041529339459765724  0.007946366961872656
4.253316879272461  4.256967544555664  0.02882884067338618  0.006613971932701478
4.256967544555664  4.260624885559082  0.028730029196797367  0.0065909390791604626
4.260624885559082  4.264288425445557  0.034108519706247585  0.007190655054629062
4.264288425445557  4.267958164215088  0.03399140751685882  0.007166070001480791
4.267958164215088  4.271634101867676  0.03474224483081737  0.0072736942424707395
4.271634101867676  4.2753167152404785  0.034622752351665335  0.007248344542784426
4.2753167152404785  4.279005527496338  0.0249689095003391  0.006146849066772537
4.279005527496338  4.282700538635254  0.0248828851883311  0.006125814161723889
4.282700538635254  4.286402225494385  0.041577325378786306  0.007928375030413945
4.286402225494385  4.290110111236572  0.04143382971995041  0.007901230770415678
4.290110111236572  4.293824672698975  0.029362031196875055  0.006680783674402976
4.293824672698975  4.297545433044434  0.02926051774684746  0.006657899944679507
4.297545433044434  4.301272869110107  0.033202065120277485  0.007078574960099523
4.301272869110107  4.305006504058838  0.03308707869923183  0.007054317548729319
4.305006504058838  4.308746814727783  0.03383352943515021  0.0071620481030578356
4.308746814727783  4.312493324279785  0.0337161563081821  0.007137493327463423
4.312493324279785  4.316246509552002  0.03389672579405173  0.007146122383638583
4.316246509552002  4.320006370544434  0.03377892603543504  0.007121157972344511
4.320006370544434  4.32377290725708  0.02859874433492824  0.00656083912545497
4.32377290725708  4.327545642852783  0.028499184536844507  0.006538323574499808
4.327545642852783  4.331325054168701  0.03431129264255169  0.007241807087887921
4.331325054168701  4.335111618041992  0.03419163128875243  0.007216031869734522
4.335111618041992  4.338903903961182  0.025546515343689877  0.006196148598414623
4.338903903961182  4.342703342437744  0.025457275255392844  0.0061740883831879565
4.342703342437744  4.3465094566345215  0.035199196042230936  0.007289749550293359
4.3465094566345215  4.350322246551514  0.035076013118093934  0.007264240079825614
4.350322246551514  4.354141712188721  0.03593753897754528  0.007364101902916719
4.354141712188721  4.357967853546143  0.035811551369484655  0.007338320690265577
4.357967853546143  4.361800670623779  0.032092065672668646  0.006981117219179652
4.361800670623779  4.365640163421631  0.03197936642361434  0.006956666565024513
4.365640163421631  4.3694868087768555  0.0342606654480893  0.007230586875197745
4.3694868087768555  4.373339653015137  0.03414013559545525  0.00720569673431752
4.373339653015137  4.377199649810791  0.041117738235665335  0.007894093115317691
4.377199649810791  4.381066799163818  0.04097282368519954  0.007865933224722484
4.381066799163818  4.384940147399902  0.04035546822206911  0.007820115543290323
4.384940147399902  4.388820648193359  0.040212998870186284  0.00779220920736685
4.388820648193359  4.3927083015441895  0.03451307971528219  0.00719615397004968
4.3927083015441895  4.396602153778076  0.03439101992253118  0.007171342900840751
4.396602153778076  4.400503635406494  0.026898919358524478  0.006372786010231943
4.400503635406494  4.404411792755127  0.026803612538632112  0.006350413006208124
4.404411792755127  4.408326625823975  0.02838289347471604  0.006543423334755602
4.408326625823975  4.412248611450195  0.028282157494436275  0.006520044231817552
4.412248611450195  4.416177749633789  0.032025223518967375  0.00696646428929375
4.416177749633789  4.420113563537598  0.03191135632601798  0.006941984007519958
4.420113563537598  4.424056529998779  0.026024968911641987  0.006287538031893858
4.424056529998779  4.428006649017334  0.02593227063146283  0.006265054021867235
4.428006649017334  4.431963920593262  0.027698640379639053  0.006439639253325503
4.431963920593262  4.435927867889404  0.027599805859222705  0.006416987777501918
4.435927867889404  4.439899444580078  0.029935071696572987  0.006693499648645556
4.439899444580078  4.443877696990967  0.029828063133322646  0.006669942905156783
4.443877696990967  4.4478631019592285  0.03507428935469633  0.007263881182538485
4.4478631019592285  4.451855659484863  0.03494869285574057  0.0072378722676551144
4.451855659484863  4.455855846405029  0.03357499281373343  0.007107234745200704
4.455855846405029  4.45986270904541  0.033454543680496836  0.007082196378786186
4.45986270904541  4.463877201080322  0.02899313021706733  0.006628208398715926
4.463877201080322  4.467898368835449  0.028888934166434482  0.006604845610586708
4.467898368835449  4.471927165985107  0.03291844274658015  0.0070183906872764625
4.471927165985107  4.475963592529297  0.03279991841322554  0.006992811558446854
4.475963592529297  4.480006694793701  0.026931190426114446  0.00634786716554219
4.480006694793701  4.484057426452637  0.026834055206346935  0.00632472321786425
4.484057426452637  4.488115310668945  0.043384360190528874  0.008056411197047291
4.488115310668945  4.492180824279785  0.04322759516745766  0.008027025648152242
4.492180824279785  4.496253490447998  0.04029671869031488  0.007781674257975579
4.496253490447998  4.500333309173584  0.04015085315734117  0.0077537329625568365
4.500333309173584  4.504420757293701  0.035153020251773213  0.0072516018626950125
4.504420757293701  4.50851583480835  0.035025537934306565  0.007225129646658842
4.50851583480835  4.512618064880371  0.03365938906561662  0.007096090190212859
4.512618064880371  4.516727924346924  0.03353710507789972  0.007070174876583503
4.516727924346924  4.520845413208008  0.02908329965288862  0.0066173249327856455
4.520845413208008  4.524970054626465  0.028977447618538515  0.006593528968752973
4.524970054626465  4.529102802276611  0.031427310308221  0.006857834458140147
4.529102802276611  4.533242702484131  0.03131271223169981  0.006833160297453556
4.533242702484131  4.537390232086182  0.026945856967971287  0.00635121206100818
4.537390232086182  4.541545391082764  0.026847424759153776  0.0063279860825095876
4.541545391082764  4.545708179473877  0.038094021416499445  0.007571220120845726
4.545708179473877  4.5498785972595215  0.037954608583119165  0.007543519690096642
4.5498785972595215  4.554056644439697  0.023220873985381675  0.005898089988629068
4.554056644439697  4.558242321014404  0.023135738373967877  0.005876501259771364
4.558242321014404  4.562435626983643  0.032882049078194114  0.00704005234642367
4.562435626983643  4.566636562347412  0.03276127405954814  0.0070142718645559215
4.566636562347412  4.570845603942871  0.02530871285437495  0.006205604549574459
4.570845603942871  4.575062274932861  0.025215578348070786  0.006182868403738926
4.575062274932861  4.579286575317383  0.03891992967541596  0.007660233387668713
4.579286575317383  4.583518981933594  0.03877644463039044  0.007631724031509489
4.583518981933594  4.587759017944336  0.030685131355032907  0.00680785277271426
4.587759017944336  4.592006683349609  0.030571801544737934  0.006782886680756295
4.592006683349609  4.596262454986572  0.02920208695410667  0.0066445799800037095
4.596262454986572  4.600526332855225  0.029094028795128585  0.006619829321311426
4.600526332855225  4.604797840118408  0.028471335036723784  0.006563798476074616
4.604797840118408  4.609077453613281  0.028365789166950622  0.006539338529244607
4.609077453613281  4.613365173339844  0.02689714606222937  0.00640529637747024
4.613365173339844  4.6176605224609375  0.02679724887660784  0.006381770704342626
4.6176605224609375  4.621963977813721  0.032283790250957706  0.006992630606646394
4.621963977813721  4.626275539398193  0.032163664017422294  0.006966548861837799
4.626275539398193  4.6305952072143555  0.03457107176893774  0.007237704467963361
4.6305952072143555  4.634922981262207  0.03444219325775116  0.007210696241065125
4.634922981262207  4.63925838470459  0.030922706516221272  0.006829865956630628
4.63925838470459  4.64360237121582  0.030807219461145816  0.006803994600309249
4.64360237121582  4.64795446395874  0.03463769664973003  0.007251614920126778
4.64795446395874  4.65231466293335  0.03450808771894057  0.007224529481058532
4.65231466293335  4.656682968139648  0.037620857906455356  0.007580177669594455
4.656682968139648  4.661059379577637  0.037479829119683825  0.007551852249797134
4.661059379577637  4.665444374084473  0.032479237629531685  0.007034871865000194
4.665444374084473  4.669837474822998  0.03235724807860596  0.007008570628677439
4.669837474822998  4.674238681793213  0.035660457417314655  0.007356307013193899
4.674238681793213  4.678648471832275  0.03552626983589305  0.007328394018150539
4.678648471832275  4.683066368103027  0.03001166940711548  0.006836744666367984
4.683066368103027  4.687492847442627  0.029898524517820525  0.0068107917438613875
4.687492847442627  4.691927433013916  0.04182426952569574  0.007975657972372195
4.691927433013916  4.696370601654053  0.04166629314942058  0.00794536795575391
4.696370601654053  4.700822353363037  0.0295898570428325  0.00673260052563883
4.700822353363037  4.705282211303711  0.02947788001022493  0.0067073788731846756
4.705282211303711  4.709750652313232  0.028856581080091075  0.006652581200000203
4.709750652313232  4.714227676391602  0.028747170975140512  0.006627292809870122
4.714227676391602  4.718713283538818  0.03337014813715421  0.00717462937554738
4.718713283538818  4.723206996917725  0.03324338906481846  0.00714772401649999
4.723206996917725  4.727709770202637  0.03493679260978632  0.007343637514144639
4.727709770202637  4.732220649719238  0.03480382712979367  0.007316083153171279
4.732220649719238  4.736740589141846  0.03584032742579521  0.00742250427900685
4.736740589141846  4.741269111633301  0.03570365992407754  0.007394249112786463
4.741269111633301  4.7458062171936035  0.03675103784272749  0.007501729376395833
4.7458062171936035  4.750351905822754  0.03661063431299481  0.007473159074785517
4.750351905822754  4.75490665435791  0.03833964821693465  0.007667662500000536
4.75490665435791  4.759469509124756  0.03819289543531337  0.007638845235720659
4.759469509124756  4.764041900634766  0.033789698822260614  0.007203717952957038
4.764041900634766  4.768622398376465  0.03366011138585296  0.007176628896076947
4.768622398376465  4.77321195602417  0.025381647637384926  0.006248603335418649
4.77321195602417  4.777810573577881  0.02528411895667856  0.006224446453456651
4.777810573577881  4.7824177742004395  0.0338975237787497  0.007227041247759847
4.7824177742004395  4.787034034729004  0.033767025551866316  0.007199089392982079
4.787034034729004  4.791659355163574  0.038584900454093116  0.007716828820997517
4.791659355163574  4.796293258666992  0.03843606635335271  0.0076873639658582285
4.796293258666992  4.800936698913574  0.036238919073634863  0.007504909118292007
4.800936698913574  4.805588722229004  0.036098860216825235  0.007476237969825344
4.805588722229004  4.8102498054504395  0.03020689291531693  0.006840517619596417
4.8102498054504395  4.814919948577881  0.030089926066381726  0.0068140230665466
4.814919948577881  4.819599151611328  0.02920032516696745  0.0067979331114470165
4.819599151611328  4.824287414550781  0.02908703725174145  0.006771590737303963
4.824287414550781  4.82898473739624  0.02565445191759959  0.0063158169735650325
4.82898473739624  4.833691596984863  0.025554725496192587  0.006291011529134031
4.833691596984863  4.838407039642334  0.03582405870300817  0.00746996196338627
4.838407039642334  4.843132019042969  0.035684534695281135  0.007440610999591443
4.843132019042969  4.847866535186768  0.026431808631871435  0.006445657955380633
4.847866535186768  4.852610111236572  0.026328656659093636  0.006420642482091358
4.852610111236572  4.857362747192383  0.03283932607690728  0.007166210453211263
4.857362747192383  4.862124919891357  0.03271092472438662  0.007138027304509786
4.862124919891357  4.866896629333496  0.02184628815219315  0.005877385364855985
4.866896629333496  4.871677398681641  0.021760699223314743  0.005854551894458418
4.871677398681641  4.876467704772949  0.0297522094963724  0.006858893210182395
4.876467704772949  4.881267070770264  0.029635423110268008  0.006832233041574283
4.881267070770264  4.8860764503479  0.029919907105031503  0.006863945699773652
4.8860764503479  4.890894889831543  0.029802226636616278  0.006837250854062401
4.890894889831543  4.89572286605835  0.035423123581874015  0.007498877158416674
4.89572286605835  4.9005608558654785  0.03528352283656164  0.0074689601240453705
4.9005608558654785  4.905407905578613  0.02918690424106755  0.006820068927390065
4.905407905578613  4.91026496887207  0.029071655238742413  0.006792848312385048
4.91026496887207  4.915131092071533  0.023615999762520146  0.006173676595053445
4.915131092071533  4.920007228851318  0.023522566725246916  0.006149025094834059
4.920007228851318  4.924893379211426  0.027862359226579862  0.0066601552945052545
4.924893379211426  4.929788589477539  0.027751903807995307  0.006634195498916149
4.929788589477539  4.934693813323975  0.027549497739873828  0.006727040302935371
4.934693813323975  4.939609050750732  0.027440064049092508  0.0067001537861414925
4.939609050750732  4.944533824920654  0.0295316796470395  0.00690054881637066
4.944533824920654  4.949468612670898  0.02941414000319864  0.006872955921631373
4.949468612670898  4.954412937164307  0.02550911924770752  0.00645174211362667
4.954412937164307  4.959367275238037  0.0254073893206761  0.006425931478095758
4.959367275238037  4.96433162689209  0.027204459115391266  0.006670510397849281
4.96433162689209  4.969305992126465  0.027095748572666795  0.0066438113405945295
4.969305992126465  4.974290370941162  0.03872272658397498  0.00793484655036336
4.974290370941162  4.979284763336182  0.0385676768805903  0.007903071031014652
4.979284763336182  4.984288692474365  0.03328669662862928  0.0073519562791955154
4.984288692474365  4.989303112030029  0.03315315426290502  0.007322152604129819
4.989303112030029  4.994327545166016  0.03504757808610132  0.007558690284062223
4.994327545166016  4.999362468719482  0.03490667936962258  0.007528033424396267
4.999362468719482  5.004406929016113  0.028433720736644272  0.006869537136772959
5.004406929016113  5.009461879730225  0.028319186731031423  0.006841662959818678
5.009461879730225  5.014527320861816  0.035922511994315745  0.007723487724212944
5.014527320861816  5.0196027755737305  0.035777513964531674  0.00769249490332348
5.0196027755737305  5.024688243865967  0.02965104189982943  0.006988877736154705
5.024688243865967  5.029784202575684  0.029531122601298292  0.006960492456622879
5.029784202575684  5.034890651702881  0.029741793187577865  0.007010245969934441
5.034890651702881  5.040007591247559  0.029621256731184663  0.006981759234867261
5.040007591247559  5.045134544372559  0.030463489529608957  0.007154214776296949
5.045134544372559  5.050272464752197  0.030339778677689586  0.007124797586316087
5.050272464752197  5.055420398712157  0.03483800980705496  0.007635919560379835
5.055420398712157  5.0605788230896  0.034696250762290944  0.007604859542725686
5.0605788230896  5.06574821472168  0.03925675511838146  0.008097832271452186
5.06574821472168  5.070927619934082  0.039096689365254574  0.008065248328858767
5.070927619934082  5.076117992401123  0.02684257782306202  0.006710597496110244
5.076117992401123  5.0813188552856445  0.02673290342767044  0.006683272625685212
5.0813188552856445  5.086530685424806  0.033706238015853235  0.007536867556720065
5.086530685424806  5.091753005981445  0.033568236102488186  0.007506161860748477
5.091753005981445  5.096985816955566  0.029526388969015153  0.007095894091059743
5.096985816955566  5.102230072021484  0.029405253174432933  0.007066326273225287
5.102230072021484  5.107484340667725  0.03125859829791948  0.0073409677179254885
5.107484340667725  5.112750053405762  0.031130095491534636  0.007310365397714348
5.112750053405762  5.118026256561279  0.03588277073189793  0.00783028702569992
5.118026256561279  5.1233134269714355  0.035734956206754195  0.0077979823515069695
5.1233134269714355  5.1286115646362305  0.03089579098022552  0.007282207104877612
5.1286115646362305  5.133920669555664  0.03076825435960767  0.007252147764104147
5.133920669555664  5.139240741729736  0.032656680046244724  0.007528760534712785
5.139240741729736  5.1445722579956055  0.03252159233231512  0.0074973313609886265
5.1445722579956055  5.149914264678955  0.0329218184283491  0.0075529024171931474
5.149914264678955  5.155267715454102  0.03278535530639588  0.007521357565783914
5.155267715454102  5.160632133483887  0.029498239735673296  0.007193445786489679
5.160632133483887  5.1660075187683105  0.029375716393271918  0.007163705995115925
5.1660075187683105  5.1713948249816895  0.022757734371591197  0.006311638680376261
5.1713948249816895  5.176792621612549  0.022663007902926302  0.00628580774832827
5.176792621612549  5.182202339172362  0.024421834493540302  0.006614042007454689
5.182202339172362  5.187623023986816  0.02431996737353677  0.00658666675646177
5.187623023986816  5.193054676055908  0.03362432421827847  0.00771413825694847
5.193054676055908  5.198498249053955  0.0334837872779936  0.007681519195458181
5.198498249053955  5.203953266143799  0.02402621587387004  0.006539102828575318
5.203953266143799  5.2094197273254395  0.023925580199751814  0.006511722998830749
5.2094197273254395  5.214897632598877  0.036472612486353646  0.00812867502976689
5.214897632598877  5.220386981964111  0.03631952582086371  0.008094621679959788
5.220386981964111  5.225887775421143  0.030386138981594975  0.00745057709071406
5.225887775421143  5.231400012969971  0.030258336976889386  0.007419348483132632
5.231400012969971  5.236924648284912  0.03623068417509794  0.008101166448078415
5.236924648284912  5.242460250854492  0.03607797036851704  0.008067539169746474
5.242460250854492  5.248007774353027  0.032702085552422655  0.007747833789397611
5.248007774353027  5.253567218780517  0.03256395524337729  0.0077149914015180576
5.253567218780517  5.259138107299805  0.03555462063199946  0.008128739967625085
5.259138107299805  5.264721393585205  0.03540412494291951  0.008093919525485906
5.264721393585205  5.270316123962403  0.02562894056463412  0.006941074012464001
5.270316123962403  5.275922775268555  0.02552022948466983  0.006911621110201938
5.275922775268555  5.281541347503661  0.036249088988273295  0.008208954402265271
5.281541347503661  5.287172317504883  0.03609499918615497  0.008173756172388346
5.287172317504883  5.2928147315979  0.031460068008781934  0.007756382831942854
5.2928147315979  5.298469543457031  0.03132605509378219  0.007723109155896345
5.298469543457031  5.304136276245117  0.030129797934372905  0.007532536801084927
5.304136276245117  5.309815406799316  0.030001174189249507  0.00750020660560153
5.309815406799316  5.315506458282471  0.0254708455644679  0.006980143418781096
5.315506458282471  5.321209907531738  0.02536187929744006  0.006950169000824549
5.321209907531738  5.326925277709962  0.03911748262723716  0.008639646953385139
5.326925277709962  5.332653045654297  0.03894978043825744  0.008602527213773114
5.332653045654297  5.338393211364746  0.02785984011885051  0.007316360967518344
5.338393211364746  5.344145774841309  0.027740141636623927  0.0072849096118513725
5.344145774841309  5.349910736083984  0.02515491408876632  0.006976845557888566
5.349910736083984  5.355688571929932  0.02504660061210086  0.006946550026494266
5.355688571929932  5.361478328704833  0.03216355764970993  0.007918237439824677
5.361478328704833  5.367280960083008  0.03202477274849938  0.007883837654161771
5.367280960083008  5.373095989227295  0.03720159507942311  0.00857631486069735
5.373095989227295  5.378923416137694  0.037040728669356704  0.008539387528827264
5.378923416137694  5.384763717651367  0.026730884375703284  0.007275280581452108
5.384763717651367  5.390616893768311  0.02661503821946301  0.007243640794805459
5.390616893768311  5.396482467651367  0.03393105368163197  0.008229522855024179
5.396482467651367  5.402360916137695  0.033783691393393565  0.008193715312004976
5.402360916137695  5.408252239227295  0.041104936545913594  0.009119731292099821
5.408252239227295  5.414156436920166  0.040926025320602216  0.009080028391349748
5.414156436920166  5.420073509216309  0.0263333432517159  0.007303679555566932
5.420073509216309  5.426003932952881  0.026218472090829826  0.007271572133870975
5.426003932952881  5.431946754455566  0.027539848252039943  0.007495497703881753
5.431946754455566  5.437902927398682  0.027419457477558386  0.00746253114512328
5.437902927398682  5.4438719749450675  0.03493375664409411  0.008472762876188963
5.4438719749450675  5.449854373931885  0.03478070634928189  0.008435478343265699
5.449854373931885  5.455849647521973  0.024850242379804606  0.007173690700327079
5.455849647521973  5.46185827255249  0.02474113216585636  0.007142106213771948
5.46185827255249  5.4678802490234375  0.036405282311722166  0.008748794501240872
5.4678802490234375  5.4739155769348145  0.03624508036199203  0.008710253709370739
5.4739155769348145  5.479963779449463  0.03473278171285576  0.00855077759264166
5.479963779449463  5.486025810241699  0.034579609457807796  0.008512754257121601
5.486025810241699  5.492101192474365  0.03396363224117511  0.008490866416856133
5.492101192474365  5.498189926147461  0.03381351638772319  0.008453420556918634
5.498189926147461  5.5042924880981445  0.02569111489229212  0.0074163223532657755
5.5042924880981445  5.510408401489258  0.02557730864090963  0.007383596430118442
5.510408401489258  5.516537666320801  0.031179319463151767  0.008240700832215861
5.516537666320801  5.522680759429931  0.031040901923536975  0.008203998419757767
5.522680759429931  5.528837680816651  0.034849427217894  0.008712386758268598
5.528837680816651  5.535008430480957  0.03469436502901562  0.008673561437045499
5.535008430480957  5.541192531585693  0.039542011947166764  0.009320318475543767
5.541192531585693  5.547390937805176  0.03936568364553239  0.009278404537032077
5.547390937805176  5.553603172302246  0.031023480422395538  0.008291181797174569
5.553603172302246  5.559828758239746  0.03088483149008748  0.008254509683986071
5.559828758239746  5.56606912612915  0.030180307825994217  0.008213818755824342
5.56606912612915  5.572322845458984  0.030045122049745444  0.008177466133104586
5.572322845458984  5.5785908699035645  0.03834056784176903  0.009299023102406531
5.5785908699035645  5.584873199462891  0.03816844340169634  0.009257138074076184
5.584873199462891  5.591169357299804  0.03512543431883129  0.008975624052160862
5.591169357299804  5.597480297088622  0.03496738804697928  0.008934835417070189
5.597480297088622  5.603805065155029  0.03644382043173043  0.009217276562829819
5.603805065155029  5.610144138336182  0.03627947587365025  0.009175713970924121
5.610144138336182  5.61649751663208  0.03126885883090179  0.008510430753722037
5.61649751663208  5.622865676879884  0.031127530585103338  0.00847171602497185
5.622865676879884  5.629248142242432  0.03856758867730954  0.009494609595519487
5.629248142242432  5.635644912719727  0.03839287849382083  0.009451747370348181
5.635644912719727  5.642056465148926  0.02712778054085714  0.007999452778106448
5.642056465148926  5.648482322692871  0.02700461273561697  0.007963318713683163
5.648482322692871  5.654922962188721  0.034372306182610037  0.009084569429436739
5.654922962188721  5.661378383636475  0.03421589185669419  0.009043175109896591
5.661378383636475  5.667848587036133  0.028534437485707238  0.008365649212316023
5.667848587036133  5.674333572387695  0.028404291883086685  0.008327508955132918
5.674333572387695  5.680833339691162  0.02667361515442889  0.008042358827791864
5.680833339691162  5.687347888946533  0.026551680910894594  0.008005671577866965
5.687347888946533  5.693877696990966  0.02447318380059946  0.007739032501675513
5.693877696990966  5.700422286987305  0.02436104950008916  0.007703707691542321
5.700422286987305  5.706982135772705  0.03442617832491966  0.009261833739972759
5.706982135772705  5.71355676651001  0.034268081334797904  0.009219533475571607
5.71355676651001  5.720147132873535  0.02741998925488585  0.008267300602941667
5.720147132873535  5.726752281188965  0.02729377279821268  0.008229518735737212
5.726752281188965  5.733372688293457  0.0363213593139626  0.009599822092843472
5.733372688293457  5.74000883102417  0.03615378574388774  0.009555236518797795
5.74000883102417  5.746659755706787  0.027924118436583614  0.008419534669397943
5.746659755706787  5.753326416015624  0.027794991800345496  0.008380409624820489
5.753326416015624  5.760008811950684  0.029301969465403806  0.008710581607235601
5.760008811950684  5.766706466674805  0.029166152035261104  0.008670389704114601
5.766706466674805  5.773419380187988  0.031028501909325747  0.008957344943890409
5.773419380187988  5.780148506164551  0.030884353698476266  0.00891535786690867
5.780148506164551  5.786893367767334  0.019578940949131166  0.007149086170414917
5.786893367767334  5.793653488159181  0.01948776973425504  0.007116059013664396
5.793653488159181  5.800429821014404  0.027676133216396077  0.008540997964774163
5.800429821014404  5.80722188949585  0.027546954847696727  0.008501216806083694
5.80722188949585  5.814029693603515  0.030603676302064925  0.009024608466304667
5.814029693603515  5.8208537101745605  0.030460502730307138  0.008982235909365253
5.8208537101745605  5.827693939208984  0.03325450907886414  0.009546449818040724
5.827693939208984  5.834549903869629  0.033098566337997105  0.009501931811801024
5.834549903869629  5.841422080993652  0.03798793548579614  0.010152704544439999
5.841422080993652  5.848310470581055  0.03780938050172877  0.01010498026814122
5.848310470581055  5.855215549468994  0.027404948135886738  0.008666021293950962
5.855215549468994  5.862136363983154  0.02727583149088843  0.008625558635176984
5.862136363983154  5.869073867797852  0.030445342363200352  0.009179541197481019
5.869073867797852  5.876027584075928  0.03030156335821702  0.009136339673561436
5.876027584075928  5.882997989654541  0.029003321204108784  0.009110425430107464
5.882997989654541  5.889985084533691  0.02886602508514517  0.009067212596884431
5.889985084533691  5.896988391876221  0.03104463119377337  0.009360472360312309
5.896988391876221  5.904008865356445  0.03089732425734633  0.009315730699646217
5.904008865356445  5.911046028137206  0.029916256662357657  0.009232166655098533
5.911046028137206  5.918099403381348  0.029773968519028724  0.009188635861132907
5.918099403381348  5.925169944763184  0.02859769881575009  0.009127774267533185
5.925169944763184  5.932257652282715  0.02846135579857803  0.009084095746938047
5.932257652282715  5.939362049102783  0.03781045295273158  0.010486780439431733
5.939362049102783  5.946483612060546  0.037629761098547244  0.010436570557463056
5.946483612060546  5.953622341156006  0.02794019344180171  0.009064997515440217
5.953622341156006  5.96077823638916  0.027806347172658865  0.00902156857610815
5.96077823638916  5.967951297760009  0.025100225377967036  0.008703789644231436
5.967951297760009  5.975141525268555  0.02497969657879905  0.008662066169832543
5.975141525268555  5.982348918914795  0.028586718371811527  0.009274831305263033
5.982348918914795  5.989573955535889  0.028449119773140196  0.009230038496775953
5.989573955535889  5.996816635131836  0.02111784352032653  0.008088385291698804
5.996816635131836  6.004076957702636  0.021015944398222203  0.008049298102749144
6.004076957702636  6.011354446411132  0.027696201108659592  0.009232060591700302
6.011354446411132  6.018649578094482  0.027562244657853143  0.009187421299314245
6.018649578094482  6.025962829589844  0.026443625747931906  0.00907004206655884
6.025962829589844  6.033293724060059  0.02631541162804  0.009026158234471492
6.033293724060059  6.040642261505127  0.02654403020920116  0.009204544768421131
6.040642261505127  6.048008918762206  0.026415020646935537  0.009159686432114005
6.048008918762206  6.0553936958313  0.0397713829336764  0.011249070017427278
6.0553936958313  6.062796592712402  0.03957760710728068  0.011194213675891438
6.062796592712402  6.07021713256836  0.02575143665440988  0.009104632948554381
6.07021713256836  6.077656269073486  0.025625668407394064  0.009059917361554516
6.077656269073486  6.085113525390625  0.02768488413941926  0.009495772625875943
6.085113525390625  6.092588901519775  0.027549341864659842  0.009449410282931147
6.092588901519775  6.100082874298096  0.022870014777135912  0.008759496174005642
6.100082874298096  6.107595443725585  0.022757768185442253  0.008716424071547985
6.107595443725585  6.115126132965087  0.026490763356461854  0.009475347685098608
6.115126132965087  6.122675895690917  0.026360427690084672  0.009428429322912098
6.122675895690917  6.130244255065917  0.02872892465513577  0.009853895335822885
6.130244255065917  6.137831211090088  0.028587227980845387  0.009805382610931408
6.137831211090088  6.145436763763428  0.03595042310749682  0.011094614687086014
6.145436763763428  6.153061389923097  0.03577267293509772  0.011039613654584023
6.153061389923097  6.160705089569092  0.019077248371099774  0.008134455268830203
6.160705089569092  6.168367385864258  0.01898269054401088  0.008094356668943394
6.168367385864258  6.17604923248291  0.028118466953049405  0.009941198643998983
6.17604923248291  6.1837496757507315  0.027978750177547345  0.009892161787372634
6.1837496757507315  6.191470146179199  0.024939825426390613  0.009426153396600249
6.191470146179199  6.199209213256836  0.024815591127806534  0.009379625346354266
6.199209213256836  6.206967830657959  0.017836579813351048  0.008126369622034498
6.206967830657959  6.214745998382568  0.017747508627514823  0.008085733955161309
6.214745998382568  6.222543716430664  0.023805096661461387  0.009337114568813519
6.222543716430664  6.230360984802246  0.023685921397188503  0.009290395199343793
6.230360984802246  6.2381978034973145  0.035288531209387033  0.011449215918800713
6.2381978034973145  6.246054649353027  0.035111422686351736  0.011391545745805842
6.246054649353027  6.253931045532227  0.030149305262378252  0.010659435445387581
6.253931045532227  6.26182746887207  0.029997612273061205  0.010605711416786665
6.26182746887207  6.269743919372559  0.032506334873515265  0.011149575701242777
6.269743919372559  6.277680397033691  0.032342367401880054  0.011093345649768376
6.277680397033691  6.285636901855469  0.032992440770153536  0.011316254663200055
6.285636901855469  6.293613433837891  0.032825603929943346  0.011259148124378822
6.293613433837891  6.301610469818115  0.031283447375337586  0.011189495169167717
6.301610469818115  6.309628009796143  0.031124846344711857  0.011132659024198004
6.309628009796143  6.3176655769348145  0.04003674255620968  0.012660729833043036
6.3176655769348145  6.325723648071289  0.039833256761285935  0.012596381623788998
6.325723648071289  6.333802700042725  0.030530513943289254  0.011148112774592121
6.333802700042725  6.341902256011963  0.03037494118830921  0.011091414714718384
6.341902256011963  6.350022315979004  0.030807197415115926  0.011389348357001998
6.350022315979004  6.358163356781006  0.0306498188261531  0.011331054230179945
6.358163356781006  6.366325378417969  0.03161398476132828  0.011543794565910594
6.366325378417969  6.374508380889893  0.03145206795792453  0.011484671889667704
6.374508380889893  6.382712364196777  0.0364642934462408  0.012507087428806065
6.382712364196777  6.390937328338623  0.03627705863134996  0.01244299017887428
6.390937328338623  6.399183750152588  0.05457927256296719  0.015437418938907169
6.399183750152588  6.407451629638672  0.05429829590075145  0.015357808211436593
6.407451629638672  6.415740489959717  0.04890923459535103  0.014746893473612762
6.415740489959717  6.424051284790039  0.048656799379394405  0.014670373678597028
6.424051284790039  6.432383060455322  0.045315703303284785  0.014330209709103411
6.432383060455322  6.440736770629883  0.04508121745020071  0.014255807251325187
6.440736770629883  6.449112415313721  0.036980564876458996  0.013074466345815501
6.449112415313721  6.457509517669678  0.03678870637702558  0.013006908917109072
6.457509517669678  6.46592903137207  0.0259575877377809  0.011068180315517076
6.46592903137207  6.474370002746582  0.025822565329380372  0.011010950250160322
6.474370002746582  6.482833385467529  0.02381929887815892  0.010851997036031137
6.482833385467529  6.491318702697754  0.023695077886400528  0.010795542964575045
6.491318702697754  6.499826431274414  0.017270140873166015  0.009231171662788619
6.499826431274414  6.508356094360352  0.017179840651311357  0.00918311747397371
6.508356094360352  6.516908645629883  0.03283679603684606  0.012879615119064504
6.516908645629883  6.52548360824585  0.03266464811770355  0.012812164839942821
6.52548360824585  6.534080982208252  0.010353904599918983  0.007321359431650319
6.534080982208252  6.542701244354248  0.010299481989934293  0.007282790508741471
6.542701244354248  6.55134391784668  0.02920561643177771  0.012453496626424941
6.55134391784668  6.560009956359863  0.0290516994204585  0.012387507274924357
6.560009956359863  6.568698406219482  0.027255713123313048  0.0121892370920305
6.568698406219482  6.5774102210998535  0.027111696253239146  0.012124608126160242
6.5774102210998535  6.586145401000977  0.01680042864112268  0.009699636794339956
6.586145401000977  6.594903469085693  0.016711419525523904  0.009648437264109954
6.594903469085693  6.603684902191162  0.017274043257677455  0.009973158828943632
6.603684902191162  6.612489700317383  0.01718228264093958  0.009920210125907781
6.612489700317383  6.621318340301514  0.026668108569043853  0.012571381296932912
6.621318340301514  6.6301703453063965  0.026526066119362944  0.012504592676507885
6.6301703453063965  6.6390461921691895  0.027474064043294298  0.012951241351102956
6.6390461921691895  6.647945404052734  0.027327341995539104  0.012882388370425647
6.647945404052734  6.656868934631348  0.005906743523952478  0.006487401380586419
6.656868934631348  6.665816307067871  0.0058751141887429135  0.006452740311144543
6.665816307067871  6.674787998199463  0.029251203702483942  0.013789019110426492
6.674787998199463  6.683783531188965  0.029094149969849343  0.013715243680591712
6.683783531188965  6.692803382873535  0.02688167264460889  0.013440991345952844
6.692803382873535  6.701848030090332  0.026736951614275094  0.013368321623414373
6.701848030090332  6.710916519165039  0.020868570649720353  0.012048705577587353
6.710916519165039  6.720010280609131  0.020755920249547873  0.011983206706479668
6.720010280609131  6.729128360748291  0.032437569083490804  0.015291025155803814
6.729128360748291  6.7382707595825195  0.03226199860178049  0.015208642514621892
6.7382707595825195  6.747438907623291  0.03364643613285705  0.015860796165150137
6.747438907623291  6.756631374359131  0.033463821837079764  0.01577528129680656
6.756631374359131  6.7658491134643555  0.022809307745964135  0.013583750392869768
6.7658491134643555  6.775092124938965  0.02268517544014821  0.013509761425868601
6.775092124938965  6.784360408782959  0.028245195799468176  0.015097643433815089
6.784360408782959  6.793653964996338  0.028091061025269547  0.015015352227809179
6.793653964996338  6.80297327041626  0.029401971662381347  0.015715876126558306
6.80297327041626  6.812317848205566  0.02924108513411446  0.015630155495558185
6.812317848205566  6.821688175201416  0.021888538943991113  0.013843679384634698
6.821688175201416  6.831084728240967  0.021768436708497377  0.013767417216762315
6.831084728240967  6.8405070304870605  0.02684698424748211  0.015988173862344027
6.8405070304870605  6.849955081939697  0.026699271458137986  0.015900441446727615
6.849955081939697  6.859429359436035  0.038201663583677554  0.019100822610992448
6.859429359436035  6.868929862976074  0.037990898658753304  0.01899545845958389
6.868929862976074  6.878457069396973  0.029989234054280896  0.017314184156310235
6.878457069396973  6.888010501861572  0.02982331574845418  0.017218606976619737
6.888010501861572  6.897590160369873  0.04713112991226102  0.022218114301741667
6.897590160369873  6.907196998596191  0.04686965683946737  0.02209428313190924
6.907196998596191  6.916830539703369  0.0329457386965661  0.019021129522032144
6.916830539703369  6.926490783691406  0.03276245382482478  0.018915512554644614
6.926490783691406  6.936178207397461  0.02305260730510352  0.016300673385423868
6.936178207397461  6.945892810821533  0.02292400106211299  0.01620969826990608
6.945892810821533  6.955634593963623  0.042395700922823125  0.02266134832015871
6.955634593963623  6.9654035568237305  0.04215852506299833  0.022534785974357225
6.9654035568237305  6.975200176239014  0.01274734339333267  0.012747382571007744
6.975200176239014  6.985024452209473  0.01267582961893069  0.012675810140093106
6.985024452209473  6.994876384735107  0.020147471487583835  0.016450467571501787
6.994876384735107  7.004756450653076  0.02003412244782983  0.01635766720467005
7.004756450653076  7.014664173126221  0.03542727963379644  0.022405947795539845
7.014664173126221  7.024599552154541  0.035227413096853885  0.022280002188913236
7.024599552154541  7.0345635414123535  0.014970187684159595  0.014970414627038292
7.0345635414123535  7.044556140899658  0.014885489821734156  0.014885376995283204
7.044556140899658  7.054576873779297  0.01583201258897686  0.01583184906162027
7.054576873779297  7.0646257400512695  0.01574218757686819  0.01574251278775005
7.0646257400512695  7.074703693389893  0.05028099815760006  0.029029957798769792
7.074703693389893  7.084810733795166  0.049994901859630576  0.028864361268701077
7.084810733795166  7.094946384429932  0.03552289269722683  0.025118506105411536
7.094946384429932  7.105111122131348  0.0353201936030508  0.024975120776374832
7.105111122131348  7.115304946899414  0.009417844182269871  0.01883549935070113
7.115304946899414  7.125527858734131  0.009363951442419763  0.018728090820835805
7.125527858734131  7.135780334472656  0.009990706279666821  0.019981430122979486
7.135780334472656  7.14606237411499  0.009933371074764837  0.01986672468670973
7.14606237411499  7.156374454498291  0.05299339438589481  0.03351577072983096
7.156374454498291  7.1667160987854  0.052688392703136966  0.0333232590325551
7.1667160987854  7.177087306976318  0.056236631417293924  0.03556755874704104
7.177087306976318  7.187489032745361  0.05591203570878681  0.03536148845148045
7.187489032745361  7.197920799255371  0.023898248239778232  0.023898467991042827
7.197920799255371  7.208383083343506  0.02375990643161795  0.023759797193789834
7.208383083343506  7.218875408172607           0.0  0.025417800805205126
7.218875408172607  7.229398727416992           0.0  0.025269266786771678
7.229398727416992  7.239952564239502  0.04056025995777088  0.033117419277949894
7.239952564239502  7.250537395477295  0.04032410095425704  0.03292438547368663
7.250537395477295  7.261152744293213  0.01438248822980159  0.02876543818742933
7.261152744293213  7.271799564361572  0.014298504657795481  0.028596550298665206
7.271799564361572  7.282477855682373           0.0  0.0306078010523638
7.282477855682373  7.293187618255615           0.0  0.030428361547421914
7.293187618255615  7.303928375244141           0.0  0.03258307171946647
7.303928375244141  7.314701080322266           0.0  0.032390896047266846
7.314701080322266  7.32550573348999  0.017344098923152695  0.03468816819299031
7.32550573348999  7.3363423347473145  0.017241923636469397  0.034483876751614545
7.3363423347473145  7.347210884094238  0.018462250313156032  0.036924795484212736
7.347210884094238  7.35811185836792  0.018353167469072007  0.03670604182707074
7.35811185836792  7.369045257568359           0.0  0.03929359397424778
7.369045257568359  7.380011081695557           0.0  0.03906115213853299
7.380011081695557  7.39100980758667           0.0  0.04179096258224032
7.39100980758667  7.402040958404541           0.0  0.041544109054910267
7.402040958404541  7.413105487823486  0.022216143071642692  0.044431834097821
7.413105487823486  7.424202919006348  0.02208370629817593  0.044167861956187535
7.424202919006348  7.435333251953125           0.0  0.04723892713175216
7.435333251953125  7.446497440338135           0.0  0.04695467218960864
7.446497440338135  7.457695484161377  0.02511539634290313  0.050230008186814
7.457695484161377  7.468926906585693  0.024964778003146896  0.049930335824962986
7.468926906585693  7.480192184448242           0.0  0.05343081907113009
7.480192184448242  7.491491794586182           0.0  0.053108029911347755
7.491491794586182  7.5028252601623535           0.0  0.056851030903270205
7.5028252601623535  7.514193058013916           0.0  0.05650809802224503
7.514193058013916  7.525595664978027  0.030262830985603423  0.060524798888479975
7.525595664978027  7.537032604217529  0.03007969733445349  0.06016025255320856
7.537032604217529  7.54850435256958  0.03223795896389651  0.0644767894398061
7.54850435256958  7.560011386871338  0.03204228093676029  0.06408369567482941
7.560011386871338  7.5715532302856445           0.0  0.06870746360291055
7.5715532302856445  7.583130836486816           0.0  0.06828639855901167
7.583130836486816  7.594743251800538           0.0  0.07321983201309086
7.594743251800538  7.606391906738282           0.0  0.07276882277399754
7.606391906738282  7.618075847625732           0.0  0.07798021280906582
7.618075847625732  7.629796028137207           0.0  0.07750063109395078
7.629796028137207  7.641552448272705  0.04146624669145047  0.08293065708809809
7.641552448272705  7.6533446311950675  0.04121146534193531  0.08242475577673705
7.6533446311950675  7.6651740074157715  0.044057774628564965  0.08811235393091862
7.6651740074157715  7.67703914642334  0.04378623272259456  0.0875756413079332
7.67703914642334  7.688941955566406           0.0  0.09359145743016337
7.688941955566406  7.700881004333496           0.0  0.09301849202335259
7.700881004333496  7.712857723236084           0.0  0.09936930339339306
7.712857723236084  7.7248711585998535           0.0  0.09875794800202833
7.7248711585998535  7.73692274093628           0.0  0.10541317252075369
7.73692274093628  7.749011516571045           0.0  0.1047614698891626
7.749011516571045  7.761138439178467  0.11171794667462087  0.11171715411094399
7.761138439178467  7.773303031921387  0.11102080139834201  0.11102237667325655
7.773303031921387  7.785506248474121           0.0  0.11831624955572798
7.785506248474121  7.797747611999512           0.0  0.11757780466443109
7.797747611999512  7.810027599334717           0.0  0.12524496476858107
7.810027599334717  7.822346210479736           0.0  0.12445965273662567
7.822346210479736  7.834703445434571           0.0  0.13253037317838812
7.834703445434571  7.847100257873535           0.0  0.13169052215736593
7.847100257873535  7.859536170959473  0.07011248507530321  0.1402255233657011
7.859536170959473  7.872011661529541  0.06966943808536162  0.13933832645578112
7.872011661529541  7.88452672958374           0.0  0.14836256100724657
7.88452672958374  7.897081851959229           0.0  0.14741975666717544
7.897081851959229  7.909677028656007           0.0  0.15707421335368504
7.909677028656007  7.922312259674072           0.0  0.15607762167988354
7.922312259674072  7.934988021850586           0.0  0.1664212935164952
7.934988021850586  7.947704315185547           0.0  0.16536085009909254
7.947704315185547  7.960461139678956           0.0  0.1765219550878806
7.960461139678956  7.973259449005127           0.0  0.1753858329965427
7.973259449005127  7.986098766326904           0.0  0.18738642161072516
7.986098766326904  7.998979568481445           0.0  0.18618232306623125
7.998979568481445  8.01190185546875           0.0  0.19896967195119464
8.01190185546875  8.024866104125977           0.0  0.19768590687605778
8.024866104125977  8.037872314453125           0.0  0.21130535047332688
8.037872314453125  8.050921440124512           0.0  0.20992881719957351
8.050921440124512  8.06401252746582           0.0  0.2244525304256988
8.06401252746582  8.077145576477051           0.0  0.2230089710505891
8.077145576477051  8.090322494506836           0.0  0.23839142382432604
8.090322494506836  8.103541374206543           0.0  0.236860630097426
8.103541374206543  8.116804122924805           0.0  0.2530002048527337
8.116804122924805  8.130110740661621           0.0  0.251342028830353
8.130110740661621  8.143460273742676           0.0  0.26820793921996605
8.143460273742676  8.156854629516602           0.0  0.2664339866892483
8.156854629516602  8.170291900634766           0.0  0.28410542212968914
8.170291900634766  8.183774948120117           0.0  0.2822094703686884
8.183774948120117  8.197301864624023           0.0  0.3008177296543672
8.197301864624023  8.210873603820801           0.0  0.29883470969927617
8.210873603820801  8.224490165710449           0.0  0.3183130480127743
8.224490165710449  8.238151550292969           0.0  0.31621812922421794
8.238151550292969  8.251859664916992           0.0  0.33705912801653615
8.251859664916992  8.265612602233887           0.0  0.33484442728138747
8.265612602233887  8.279411315917969           0.0  0.3569718539768166
8.279411315917969  8.293256759643555           0.0  0.35458113839895455
8.293256759643555  8.307147979736328           0.0  0.3781622050644091
8.307147979736328  8.321085929870605           0.0  0.37563383903519304
8.321085929870605  8.335071563720703           0.0  0.40053216947150627
8.335071563720703  8.349102973937988           0.0  0.3978857973241111
8.349102973937988  8.36318302154541           0.0  0.42363808979034473
8.36318302154541  8.377309799194336           0.0  0.4208150474871683
8.377309799194336  8.391484260559082           0.0  0.4470138826090163
8.391484260559082  8.405707359313965           0.0  0.44398024857474555
8.405707359313965  8.419979095458984           0.0  0.4703080635276282
8.419979095458984  8.434298515319824           0.0  0.4671529649016704
8.434298515319824  8.448666572570801           0.0  0.49326949590297164
8.448666572570801  8.46308422088623           0.0  0.48990083337373275
8.46308422088623  8.477551460266113           0.0  0.5155672931830121
8.477551460266113  8.492067337036133           0.0  0.5120861064806125
8.492067337036133  8.506633758544922           0.0  0.5366690220472771
8.506633758544922  8.521249771118164           0.0  0.5330164689675888
8.521249771118164  8.535916328430176           0.0  0.5577175339389607
8.535916328430176  8.550633430480957           0.0  0.5538921231283304
8.550633430480957  8.565401077270508           0.0  0.5781744491366051
8.565401077270508  8.580220222473145           0.0  0.5741784478306659
8.580220222473145  8.595090866088867           0.0  0.5984757834006543
8.595090866088867  8.610013008117676           0.0  0.5943466239866991
8.610013008117676  8.62498664855957           0.0  0.6194739696064289
8.62498664855957  8.640012741088867           0.0  0.6151681400396759
8.640012741088867  8.655091285705566           0.0  0.6419255040694465
8.655091285705566  8.670223236083984           0.0  0.6374311007036074
8.670223236083984  8.685406684875488           0.0  0.6663659087645353
8.685406684875488  8.700644493103027           0.0  0.6616671173117304
8.700644493103027  8.715935707092285           0.0  0.6933051223329081
8.715935707092285  8.731280326843262           0.0  0.6884679532881768
8.731280326843262  8.746679306030273           0.0  0.7237614055329212
8.746679306030273  8.762133598327637           0.0  0.7186315496201324
8.762133598327637  8.777641296386719           0.0  0.7583532533018494
8.777641296386719  8.793204307556152           0.0  0.7529878435491171
8.793204307556152  8.808823585510254           0.0  0.7959760096764145
8.808823585510254  8.824497222900391           0.0  0.7904025414999128
8.824497222900391  8.840227127075195           0.0  0.8396307216310375
8.840227127075195  8.856013298034668           0.0  0.8336606497681199
8.856013298034668  8.871855735778809           0.0  0.8882770293563929
8.871855735778809  8.887755393981934           0.0  0.8819192224972102
8.887755393981934  8.903711318969727           0.0  0.9415629031279865
8.903711318969727  8.91972541809082           0.0  0.9347800201995586
8.91972541809082  8.935796737670898           0.0  0.9988594384072486
8.935796737670898  8.951927185058594           0.0  0.9916181071861168
8.951927185058594  8.968114852905273           0.0  1.059464640018553
8.968114852905273  8.98436164855957           0.0  1.0517980184378868
8.98436164855957  9.000666618347168           0.0  1.1222716214323911
9.000666618347168  9.017031669616699           0.0  1.1141001655282556
9.017031669616699  9.033455848693848           0.0  1.186090639904641
9.033455848693848  9.04994010925293           0.0  1.177470330885351
9.04994010925293  9.066485404968262  -0.07727352438473167  1.288464017963089
9.066485404968262  9.083090782165527  -0.07671049984479911  1.2791153930841472
9.083090782165527  9.099757194519043           0.0  1.3143413425130943
9.099757194519043  9.116484642028809           0.0  1.3047486777919166
9.116484642028809  9.133273124694824           0.0  1.377507798040073
9.133273124694824  9.150124549865723           0.0  1.367317206592188
9.150124549865723  9.167037963867188           0.0  1.4364590688212895
9.167037963867188  9.184013366699219           0.0  1.425932402284377
9.184013366699219  9.201052665710449           0.0  1.501535665940466
9.201052665710449  9.218154907226562           0.0  1.4904686693318978
9.218154907226562  9.235321044921875           0.0  1.5694117030597923
9.235321044921875  9.252551078796387           0.0  1.5577790484471787
9.252551078796387  9.269845962524414           0.0  1.6406110208725344
9.269845962524414  9.287204742431641           0.0  1.628472941414927
9.287204742431641  9.304629325866699           0.0  1.7156288315813697
9.304629325866699  9.322118759155273           0.0  1.7028656696926245
9.322118759155273  9.339674949645996           0.0  1.7937751169288738
9.339674949645996  9.357296943664551           0.0  1.7803584505790593
9.357296943664551  9.374985694885254           0.0  1.8731076363884096
9.374985694885254  9.392741203308105           0.0  1.8590233665419154
9.392741203308105  9.410564422607422           0.0  1.9505275687464134
9.410564422607422  9.428455352783203           0.0  1.9357850419193277
9.428455352783203  9.446413993835449           0.0  2.022149252102374
9.446413993835449  9.464441299438477           0.0  2.006787679766382
9.464441299438477  9.482538223266602           0.0  2.0850995991438763
9.482538223266602  9.500703811645508           0.0  2.069289683340001
9.500703811645508  9.518939018249512           0.0  2.138970717512546
9.518939018249512  9.53724479675293           0.0  2.1225609876878377
9.53724479675293  9.555621147155762           0.0  2.1840740754572394
9.555621147155762  9.574068069458008           0.0  2.167350385675562
9.574068069458008  9.592586517333984           0.0  2.2223823963376255
9.592586517333984  9.611177444458008           0.0  2.205170851762536
9.611177444458008  9.629839897155762           0.0  2.24627582563173
9.629839897155762  9.648574829101562           0.0  2.2289129615773464
9.648574829101562  9.667383193969727           0.0  2.2821332545363395
9.667383193969727  9.686264038085938           0.0  2.2645269964552464
9.686264038085938  9.705220222473145           0.0  2.3246842824916953
9.705220222473145  9.724249839782715           0.0  2.3066677143151404
9.724249839782715  9.743354797363281           0.0  2.3789540269892373
9.743354797363281  9.762534141540527           0.0  2.3604342468661126
9.762534141540527  9.781789779663086           0.0  2.4488761458545376
9.781789779663086  9.801121711730957           0.0  2.429608257464721
9.801121711730957  9.820529937744141           0.0  2.5363000985616577
9.820529937744141  9.840014457702637           0.0  2.516383404889318
9.840014457702637  9.859577178955078           0.0  2.6413783705214935
9.859577178955078  9.879218101501465           0.0  2.6204215762170078
9.879218101501465  9.898937225341797           0.0  2.7612088667951027
9.898937225341797  9.918734550476074           0.0  2.7393445734058415
9.918734550476074  9.93861198425293           0.0  2.8925555128140132
9.93861198425293  9.958569526672363           0.0  2.869420954365288
9.958569526672363  9.978606224060059           0.0  3.0322195949941757
9.978606224060059  9.998724937438965           0.0  3.0077305464000013
9.998724937438965  10.01892375946045           0.0  3.176053702927792
10.01892375946045  10.039205551147461           0.0  3.150306712887445
10.039205551147461  10.059568405151367           0.0  3.318782419855195
10.059568405151367  10.080015182495117           0.0  3.291779358748783
10.080015182495117  10.100544929504395           0.0  3.455528309576966
10.100544929504395  10.1211576461792           0.0  3.427629084994375
10.1211576461792  10.141855239868164           0.0  3.5854617168284775
10.141855239868164  10.162637710571289           0.0  3.5562437158013056
10.162637710571289  10.18350601196289           0.0  3.710441035091493
10.18350601196289  10.204460144042969           0.0  3.680097876149846
10.204460144042969  10.225500106811523           0.0  3.8345527733800293
10.225500106811523  10.246626853942871           0.0  3.803086185093774
10.246626853942871  10.267841339111328           0.0  3.9310572683976175
10.267841339111328  10.289144515991211           0.0  3.8985144298699224
10.289144515991211  10.310535430908203           0.0  4.066983568514941
10.310535430908203  10.332015037536621           0.0  4.033385140736621
10.332015037536621  10.353585243225098           0.0  4.21403655834443
10.353585243225098  10.375246047973633           0.0  4.1789254589130955
10.375246047973633  10.39699649810791           0.0  4.369441525613744
10.39699649810791  10.418839454650879           0.0  4.332731938358686
10.418839454650879  10.440773963928223           0.0  4.525010493845284
10.440773963928223  10.462800025939941           0.0  4.487268667828176
10.462800025939941  10.484920501708984           0.0  4.669975632586259
10.484920501708984  10.507134437561033           0.0  4.630705902557524
10.507134437561033  10.52944278717041           0.0  4.7916926105362085
10.52944278717041  10.55184555053711           0.0  4.751280418476251
10.55184555053711  10.574344635009766           0.0  4.88103133984059
10.574344635009766  10.596939086914062           0.0  4.839746559539771
10.596939086914062  10.619630813598633           0.0  4.936606500660566
10.619630813598633  10.642419815063477           0.0  4.89452792412282
10.642419815063477  10.665306091308594           0.0  4.966789413188433
10.665306091308594  10.688291549682617           0.0  4.924133394557328
10.688291549682617  10.711377143859863           0.0  4.987186768342337
10.711377143859863  10.734561920166016           0.0  4.9444472419019885
10.734561920166016  10.757846832275389  2.5082828662505325  5.016652041647753
10.757846832275389  10.781233787536623  2.486613198530693  4.973140836504585
10.781233787536623  10.80472183227539           0.0  5.070947396286696
10.80472183227539  10.828312873840332           0.0  5.026856932584015
10.828312873840332  10.852007865905762           0.0  5.161014667873453
10.852007865905762  10.875805854797363           0.0  5.116238128382796
10.875805854797363  10.89970874786377           0.0  5.290687235017063
10.89970874786377  10.92371654510498           0.0  5.244465830924429
10.92371654510498  10.947831153869629           0.0  5.455725928276072
10.947831153869629  10.972051620483398           0.0  5.407952198037733
10.972051620483398  10.996379852294922           0.0  5.647711030125714
10.996379852294922  11.020816802978516           0.0  5.597705646724418
11.020816802978516  11.045361518859862           0.0  5.788929595453576
11.045361518859862  11.070016860961914           0.0  5.737342088498537
11.070016860961914  11.094781875610352           0.0  5.996806862305944
11.094781875610352  11.119657516479492           0.0  5.943486012528242
11.119657516479492  11.144645690917969           0.0  6.1980148153686985
11.144645690917969  11.169746398925781           0.0  6.14255801513994
11.169746398925781  11.194960594177244           0.0  6.375078238677166
11.194960594177244  11.220288276672363           0.0  6.317925162871198
11.220288276672363  11.245731353759767           0.0  6.522577989633055
11.245731353759767  11.271289825439453           0.0  6.463748265616341
11.271289825439453  11.296964645385742           0.0  6.656863305945313
11.296964645385742  11.32275676727295           0.0  6.59646722016488
11.32275676727295  11.34866714477539           0.0  6.791837036740616
11.34866714477539  11.374695777893066           0.0  6.730107855023955
11.374695777893066  11.40084457397461           0.0  6.9316793085700095
11.40084457397461  11.42711353302002           0.0  6.868320323994043
11.42711353302002  11.45350456237793           0.0  7.077943779879867
11.45350456237793  11.48001766204834           0.0  7.01288835077294
11.48001766204834  11.506652832031248           0.0  7.230156487867128
11.506652832031248  11.53341293334961           0.0  7.16308546651055
11.53341293334961  11.560297012329102           0.0  7.385452395960255
11.560297012329102  11.587306976318361           0.0  7.316840557343366
11.587306976318361  11.6144437789917           0.0  7.542170378388095
11.6144437789917  11.641707420349121           0.0  7.472002169576316
11.641707420349121  11.669099807739258           0.0  7.69918116964609
11.669099807739258  11.69662094116211           0.0  7.627186666613885
11.69662094116211  11.724272727966309           0.0  7.854911414124416
11.724272727966309  11.752055168151855           0.0  7.78109456682141
11.752055168151855  11.779970169067383           0.0  8.009207733455678
11.779970169067383  11.80801773071289           0.0  7.933574717028698
11.80801773071289  11.836198806762695           0.0  8.041642768221658
11.836198806762695  11.86451530456543           0.0  7.965073835532833
11.86451530456543  11.892967224121092           0.0  8.192954113218651
11.892967224121092  11.92155647277832           0.0  8.114586472946907
11.92155647277832  11.95028305053711           0.0  8.34657565453071
11.95028305053711  11.979147911071777           0.0  8.266654693698325
11.979147911071777  12.008153915405272           0.0  8.503675443456075
12.008153915405272  12.037299156188965           0.0  8.422166212331705
12.037299156188965  12.066587448120117           0.0  8.665271690369806
12.066587448120117  12.096017837524412           0.0  8.581572081382939
12.096017837524412  12.125593185424805           0.0  8.831364844421469
12.125593185424805  12.155312538146973           0.0  8.745701042189284
12.155312538146973  12.18517780303955           0.0  9.001794621798345
12.18517780303955  12.21519088745117           0.0  8.913550107382063
12.21519088745117  12.245351791381834           0.0  9.177590882751909
12.245351791381834  12.275662422180176           0.0  9.087269159821608
12.275662422180176  12.306122779846193           0.0  9.369188039763012
12.306122779846193  12.336734771728516           0.0  9.276626530074765
12.336734771728516  12.367499351501463           0.0  9.585704558674422
12.367499351501463  12.398418426513672           0.0  9.490355336296762
