# Plot Type : plot_unfold 
# 
# X-axis    : \frEnergy (keV) 
# Y-Axis    : \frPhotons cm\u-2\d s\u-1\d keV\u-1\d 
# Residual  : NONE 
# 
# Index-   2,  Model Plotted-       no,  Data File: heg_p1.pha/part=1/order=1,   Scale: 1.0000e+00 
# 
# Background included in data and model-    no 
# 
# XAXIS_COLS   :   1 set  (X 2 columns - bin_lo, bin_hi)
# DATA_COLS    :   1 set  (X 2 columns - Data, Error)
# 
#         X_LO          X_HI    DATA_VALUE    DATA_ERROR
0.7767215967178345  0.776843249797821           0.0  4.1169055999281414e+07
0.776843249797821  0.7769649624824524           0.0  1.0850648229276637e+07
0.7769649624824524  0.7770867347717285           0.0  3.7609697651112373e+06
0.7770867347717285  0.7772085070610046           0.0  2.0028364766562732e+06
0.7772085070610046  0.7773303389549255           0.0  1.2738143822866906e+06
0.7773303389549255  0.7774521708488464           0.0  893945.9748522574
0.7774521708488464  0.7775740623474121           0.0  663548.8080210316
0.7775740623474121  0.7776960134506226           0.0  515795.136073011
0.7776960134506226  0.777817964553833           0.0  414746.27433299745
0.777817964553833  0.7779399752616882           0.0  339351.8939378699
0.7779399752616882  0.7780620455741882           0.0  283329.78893353895
0.7780620455741882  0.7781841158866882           0.0  239687.78251131863
0.7781841158866882  0.778306245803833           0.0  205431.63245942956
0.778306245803833  0.7784284353256226           0.0  177866.98626518442
0.7784284353256226  0.7785506248474121           0.0  155324.15788226092
0.7785506248474121  0.7786728739738464           0.0  136704.02434407716
0.7786728739738464  0.7787951231002808           0.0  120958.68364132305
0.7787951231002808  0.7789174318313599           0.0  107633.88409694182
0.7789174318313599  0.7790398001670837           0.0  96145.05260426398
0.7790398001670837  0.7791622281074524           0.0  86272.26073119945
0.7791622281074524  0.779284656047821           0.0  77628.60806975886
0.779284656047821  0.7794070839881897           0.0  70067.01930424808
0.7794070839881897  0.7795296311378479           0.0  63403.01211235796
0.7795296311378479  0.7796521782875061           0.0  57470.85194532266
0.7796521782875061  0.7797747254371643           0.0  52190.82988221849
0.7797747254371643  0.7798973917961121           0.0  47446.41743911645
0.7798973917961121  0.7800200581550598           0.0  43165.217127164135
0.7800200581550598  0.7801427245140076           0.0  39288.20781297162
0.7801427245140076  0.7802655100822449           0.0  35781.69267689088
0.7802655100822449  0.7803882360458374           0.0  32592.251750265004
0.7803882360458374  0.7805110812187195           0.0  29679.965287114075
0.7805110812187195  0.7806339263916016           0.0  27014.599541450534
0.7806339263916016  0.7807568311691284           0.0  24566.41508452842
0.7807568311691284  0.7808797955513           0.0  22315.852031145016
0.7808797955513  0.7810027599334717           0.0  20238.34206115819
0.7810027599334717  0.7811257839202881           0.0  18319.542740102897
0.7811257839202881  0.7812488079071045           0.0  16546.328114152897
0.7812488079071045  0.7813718914985657           0.0  14905.555177467488
0.7813718914985657  0.7814950346946716           0.0  13384.916078034494
0.7814950346946716  0.7816181778907776           0.0  11973.860219568549
0.7816181778907776  0.7817413806915283           0.0  10663.03851801865
0.7817413806915283  0.7818646430969238           0.0  9439.621726380054
0.7818646430969238  0.7819879055023193           0.0  8291.593205262965
0.7819879055023193  0.7821112275123596           0.0  7200.974264528414
0.7821112275123596  0.7822346091270447           0.0  6124.6427265783295
0.7822346091270447  0.7823579907417297           0.0  4891.159317351268
0.7823579907417297  0.7824814319610596           0.0  3105.56306843009
0.7824814319610596  0.7826049327850342           0.0  1244.17333703159
0.7826049327850342  0.7827284336090088           0.0  412.7470560089161
0.7827284336090088  0.7828519940376282           0.0  142.1968930417498
0.7828519940376282  0.7829756140708923           0.0  58.212503412662834
0.7829756140708923  0.7830992341041565           0.0  28.33884083283285
0.7830992341041565  0.7832229137420654           0.0  16.38229083304332
0.7832229137420654  0.7833465933799744           0.0  11.054638160426677
0.7833465933799744  0.7834703922271729           0.0  8.42659804773584
0.7834703922271729  0.7835941314697266           0.0  6.997892523112193
0.7835941314697266  0.7837179899215698           0.0  6.118413250200792
0.7837179899215698  0.7838418483734131           0.0  5.514785308534961
0.7838418483734131  0.7839657664299011           0.0  5.059469803606462
0.7839657664299011  0.7840896844863892           0.0  4.690404379240032
0.7840896844863892  0.7842137217521667           0.0  4.378252187668742
0.7842137217521667  0.7843376994132996           0.0  4.113112702391012
0.7843376994132996  0.7844617962837219           0.0  3.8915042543008247
0.7844617962837219  0.7845858931541443           0.0  3.7037287063461193
0.7845858931541443  0.7847100496292114           0.0  3.5416984087824854
0.7847100496292114  0.7848342061042786           0.0  3.3967684152043907
0.7848342061042786  0.7849584221839905           0.0  3.2636194518006554
0.7849584221839905  0.7850826978683472           0.0  3.139355355594328
0.7850826978683472  0.7852069735527039           0.0  3.02383661603877
0.7852069735527039  0.7853313684463501           0.0  2.917431143248945
0.7853313684463501  0.7854557037353516           0.0  2.818858921906343
0.7854557037353516  0.7855801582336426           0.0  2.727587459017468
0.7855801582336426  0.7857046127319336           0.0  2.641676736230057
0.7857046127319336  0.7858290672302246           0.0  2.5599552055764234
0.7858290672302246  0.7859536409378052           0.0  2.4809065975723845
0.7859536409378052  0.7860782146453857           0.0  2.4035939072193693
0.7860782146453857  0.7862028479576111           0.0  2.328588241060329
0.7862028479576111  0.7863274812698364           0.0  2.258063619356629
0.7863274812698364  0.7864521741867065           0.0  2.1945870297070282
0.7864521741867065  0.7865769267082214           0.0  2.1381311406290875
0.7865769267082214  0.7867016792297363           0.0  2.086667857915805
0.7867016792297363  0.786826491355896           0.0  2.037836220808572
0.786826491355896  0.7869513630867004           0.0  1.9907789180723572
0.7869513630867004  0.7870762348175049           0.0  1.9450579925884965
0.7870762348175049  0.7872011661529541           0.0  1.9002144856466392
0.7872011661529541  0.7873261570930481           0.0  1.856657985932949
0.7873261570930481  0.7874511480331421           0.0  1.8151903775857157
0.7874511480331421  0.7875761985778809           0.0  1.7763458778027423
0.7875761985778809  0.7877013087272644           0.0  1.739764170251704
0.7877013087272644  0.7878264188766479           0.0  1.7053268961035395
0.7878264188766479  0.7879515886306763           0.0  1.672777639616917
0.7879515886306763  0.7880768179893494           0.0  1.6412730770468307
0.7880768179893494  0.7882020473480225           0.0  1.6097495347906576
0.7882020473480225  0.7883273363113403           0.0  1.5776833050190378
0.7883273363113403  0.788452684879303           0.0  1.545890145947728
0.788452684879303  0.7885780334472656           0.0  1.515158276433254
0.7885780334472656  0.7887035012245178           0.0  1.4858260305636068
0.7887035012245178  0.7888289093971252           0.0  1.4575510242106042
0.7888289093971252  0.7889544367790222           0.0  1.4299877003412538
0.7889544367790222  0.7890799641609192           0.0  1.40293220820268
0.7890799641609192  0.7892054915428162           0.0  1.3758996397718217
0.7892054915428162  0.7893311381340027           0.0  1.3486523473845364
0.7893311381340027  0.7894567847251892           0.0  1.321452118145305
0.7894567847251892  0.7895824313163757           0.0  1.295345731057645
0.7895824313163757  0.7897081971168518           0.0  1.2708672864918082
0.7897081971168518  0.7898339629173279           0.0  1.247842311027177
0.7898339629173279  0.7899597883224487           0.0  1.2257596486155702
0.7899597883224487  0.7900856137275696           0.0  1.2042090436287738
0.7900856137275696  0.7902114987373352           0.0  1.1830757541932622
0.7902114987373352  0.7903374433517456           0.0  1.1620380973656756
0.7903374433517456  0.790463387966156           0.0  1.1409191021407612
0.790463387966156  0.7905893921852112           0.0  1.1193368926718947
0.7905893921852112  0.7907154560089111           0.0  1.0972774332662618
0.7907154560089111  0.7908415794372559           0.0  1.0749897127698071
0.7908415794372559  0.7909677028656006           0.0  1.0527678665194709
0.7909677028656006  0.7910938858985901           0.0  1.030571803056058
0.7910938858985901  0.7912200689315796           0.0  1.0080476428870437
0.7912200689315796  0.7913463115692139           0.0  0.9851934488049817
0.7913463115692139  0.7914726138114929           0.0  0.9619809016574959
0.7914726138114929  0.7915989756584167           0.0  0.9384139097346773
0.7915989756584167  0.7917253375053406           0.0  0.913681483546788
0.7917253375053406  0.7918517589569092           0.0  0.8868196765501877
0.7918517589569092  0.7919781804084778           0.0  0.8574708518353519
0.7919781804084778  0.7921046614646912           0.0  0.8271024186214512
0.7921046614646912  0.7922312021255493           0.0  0.7994789698885384
0.7922312021255493  0.7923578023910522           0.0  0.7780643771885467
0.7923578023910522  0.7924844026565552           0.0  0.7639397530650598
0.7924844026565552  0.7926110625267029           0.0  0.755588067562285
0.7926110625267029  0.7927377820014954           0.0  0.7505527040180431
0.7927377820014954  0.7928645014762878           0.0  0.7470302549041241
0.7928645014762878  0.7929912805557251           0.0  0.7441110539920107
0.7929912805557251  0.7931181192398071           0.0  0.7414800288768796
0.7931181192398071  0.7932449579238892           0.0  0.7391060021954067
0.7932449579238892  0.793371856212616           0.0  0.7369701649425949
0.793371856212616  0.7934988141059875           0.0  0.7349738371174757
0.7934988141059875  0.7936257719993591           0.0  0.732987300987459
0.7936257719993591  0.7937527894973755           0.0  0.7308615793280231
0.7937527894973755  0.7938798666000366           0.0  0.7284895354426875
0.7938798666000366  0.7940069437026978           0.0  0.7259216192627772
0.7940069437026978  0.7941340804100037           0.0  0.7233557095707213
0.7941340804100037  0.7942612767219543  0.7209976262612198  0.7209976262612198
0.7942612767219543  0.7943885326385498           0.0  0.7189216243325416
0.7943885326385498  0.7945157885551453           0.0  0.7170556996106556
0.7945157885551453  0.7946431040763855           0.0  0.7152158533744334
0.7946431040763855  0.7947704195976257           0.0  0.7131987447646703
0.7947704195976257  0.7948977947235107           0.0  0.7109111375635663
0.7948977947235107  0.7950252294540405           0.0  0.7083490416891771
0.7950252294540405  0.7951527237892151           0.0  0.7054969155709739
0.7951527237892151  0.7952802181243896           0.0  0.7023829547723974
0.7952802181243896  0.795407772064209           0.0  0.6991494967103782
0.795407772064209  0.7955353856086731           0.0  0.6959986367608898
0.7955353856086731  0.7956629991531372           0.0  0.6930254528195632
0.7956629991531372  0.7957906723022461           0.0  0.6901948101554318
0.7957906723022461  0.7959184050559998           0.0  0.6874297581182635
0.7959184050559998  0.7960461378097534           0.0  0.6846942523979809
0.7960461378097534  0.7961739301681519           0.0  0.6820655444079016
0.7961739301681519  0.7963017821311951  0.6796434130553772  0.6796434130553772
0.7963017821311951  0.7964296340942383           0.0  0.6774089577613639
0.7964296340942383  0.7965575456619263           0.0  0.6752487263986581
0.7965575456619263  0.796685516834259           0.0  0.6731416050552255
0.796685516834259  0.7968135476112366           0.0  0.67119491709732
0.7968135476112366  0.7969415783882141           0.0  0.6694688455399483
0.7969415783882141  0.7970696687698364           0.0  0.6678597296002697
0.7970696687698364  0.7971977591514587           0.0  0.6662158125489118
0.7971977591514587  0.7973259687423706           0.0  0.6644518695444283
0.7973259687423706  0.7974541783332825           0.0  0.6625576056054578
0.7974541783332825  0.7975823879241943           0.0  0.6605857536831439
0.7975823879241943  0.7977107167243958           0.0  0.6586013693350108
0.7977107167243958  0.7978390455245972           0.0  0.6566573269562045
0.7978390455245972  0.7979674339294434           0.0  0.6547710698664424
0.7979674339294434  0.7980958223342896           0.0  0.6528726114151362
0.7980958223342896  0.7982242703437805           0.0  0.6508356636269821
0.7982242703437805  0.7983527779579163           0.0  0.6485092279109789
0.7983527779579163  0.798481285572052           0.0  0.645884187660274
0.798481285572052  0.7986099123954773           0.0  0.6431284054695201
0.7986099123954773  0.7987385392189026           0.0  0.6403770166442749
0.7987385392189026  0.7988671660423279           0.0  0.6376723367590648
0.7988671660423279  0.7989958524703979           0.0  0.6349856712443451
0.7989958524703979  0.7991245985031128           0.0  0.6323668851384139
0.7991245985031128  0.7992534041404724           0.0  0.6299828196046187
0.7992534041404724  0.7993822693824768           0.0  0.6279776665299979
0.7993822693824768  0.7995111346244812           0.0  0.6265071812876852
0.7995111346244812  0.7996399998664856           0.0  0.625933000444957
0.7996399998664856  0.7997689843177795           0.0  0.6272974866610819
0.7997689843177795  0.7998979687690735           0.0  0.6323767639816236
0.7998979687690735  0.8000270128250122           0.0  0.6427845758525248
0.8000270128250122  0.8001561164855957           0.0  0.6584161523107063
0.8001561164855957  0.8002852201461792           0.0  0.6769601853367985
0.8002852201461792  0.8004143834114075           0.0  0.6950769759127785
0.8004143834114075  0.8005435466766357           0.0  0.7098353619469522
0.8005435466766357  0.8006728291511536           0.0  0.7188135647245603
0.8006728291511536  0.8008021116256714           0.0  0.719591744512277
0.8008021116256714  0.800931453704834           0.0  0.7118375077211837
0.800931453704834  0.8010607957839966           0.0  0.698912579817375
0.8010607957839966  0.801190197467804           0.0  0.6856346347173058
0.801190197467804  0.8013196587562561           0.0  0.6753029905531723
0.8013196587562561  0.801449179649353           0.0  0.6690530587743788
0.801449179649353  0.80157870054245           0.0  0.6677537052044288
0.80157870054245  0.8017082810401917           0.0  0.672884447699007
0.8017082810401917  0.8018379211425781           0.0  0.6849196531341334
0.8018379211425781  0.8019675612449646           0.0  0.7018727646741343
0.8019675612449646  0.8020972609519958           0.0  0.7199918161417128
0.8020972609519958  0.8022270202636719           0.0  0.735747998558878
0.8022270202636719  0.8023567795753479           0.0  0.7467174352426698
0.8023567795753479  0.8024866580963135           0.0  0.750560189870213
0.8024866580963135  0.8026165366172791           0.0  0.7454069696557809
0.8026165366172791  0.8027464151382446           0.0  0.7322873239076286
0.8027464151382446  0.8028764128684998           0.0  0.7153197213329592
0.8028764128684998  0.8030064105987549           0.0  0.699092490063697
0.8030064105987549  0.80313640832901           0.0  0.6861297889951512
0.80313640832901  0.8032665252685547           0.0  0.6766541834926177
0.8032665252685547  0.8033966422080994           0.0  0.6699282686909217
0.8033966422080994  0.8035268187522888           0.0  0.6649095081428354
0.8035268187522888  0.8036569952964783           0.0  0.6607725294555971
0.8036569952964783  0.8037872910499573           0.0  0.6571426919875085
0.8037872910499573  0.8039175868034363           0.0  0.6538274127110817
0.8039175868034363  0.8040478825569153           0.0  0.650641353961623
0.8040478825569153  0.8041782975196838           0.0  0.6474114765863058
0.8041782975196838  0.8043087124824524           0.0  0.6441614046641483
0.8043087124824524  0.8044391870498657           0.0  0.6411284258520815
0.8044391870498657  0.8045696616172791           0.0  0.6383912330324312
0.8045696616172791  0.8047001957893372           0.0  0.6356833494676851
0.8047001957893372  0.80483078956604           0.0  0.6327194668531053
0.80483078956604  0.8049614429473877           0.0  0.6294370922461209
0.8049614429473877  0.8050920963287354           0.0  0.6260637032638782
0.8050920963287354  0.8052228093147278           0.0  0.622854123747797
0.8052228093147278  0.805353581905365           0.0  0.6198783561161003
0.805353581905365  0.805484414100647           0.0  0.6171999840091665
0.805484414100647  0.805615246295929           0.0  0.6147955838091528
0.805615246295929  0.8057461380958557           0.0  0.6125331842977851
0.8057461380958557  0.8058770895004272           0.0  0.6102572893392241
0.8058770895004272  0.8060080409049988           0.0  0.6079406659441997
0.8060080409049988  0.8061390519142151           0.0  0.6057883701845527
0.8061390519142151  0.8062701225280762           0.0  0.6040620033950824
0.8062701225280762  0.8064011931419373           0.0  0.6028227224328593
0.8064011931419373  0.8065323233604431           0.0  0.6019503057988802
0.8065323233604431  0.8066635131835938           0.0  0.6012487603324127
0.8066635131835938  0.8067947626113892           0.0  0.6004101016910808
0.8067947626113892  0.8069260120391846           0.0  0.599277864109146
0.8069260120391846  0.8070573806762695           0.0  0.5979910567106699
0.8070573806762695  0.8071886897087097           0.0  0.5968569650516927
0.8071886897087097  0.8073201179504395           0.0  0.5960854463064188
0.8073201179504395  0.8074515461921692           0.0  0.5955237570449379
0.8074515461921692  0.8075830340385437           0.0  0.5950193865179878
0.8075830340385437  0.807714581489563           0.0  0.5945172508357064
0.807714581489563  0.8078461289405823           0.0  0.5940346844011497
0.8078461289405823  0.8079777359962463           0.0  0.5935357132448991
0.8079777359962463  0.8081094026565552           0.0  0.5929489624299155
0.8081094026565552  0.8082411289215088           0.0  0.5923334836749836
0.8082411289215088  0.8083728551864624           0.0  0.5919273614960405
0.8083728551864624  0.8085046410560608           0.0  0.5920145387765189
0.8085046410560608  0.808636486530304           0.0  0.5927097675482359
0.808636486530304  0.8087683320045471           0.0  0.5941632478902075
0.8087683320045471  0.8089002370834351           0.0  0.5966989213980129
0.8089002370834351  0.8090322017669678           0.0  0.6011007952097992
0.8090322017669678  0.8091642260551453           0.0  0.6081370747845282
0.8091642260551453  0.8092962503433228           0.0  0.6180402998380489
0.8092962503433228  0.809428334236145           0.0  0.6296902018944418
0.809428334236145  0.8095604777336121           0.0  0.6395413702416696
0.8095604777336121  0.8096926212310791  0.6430968817363982  0.6430968817363982
0.8096926212310791  0.8098248839378357           0.0  0.6379707462562667
0.8098248839378357  0.8099571466445923           0.0  0.6252554209901449
0.8099571466445923  0.8100894093513489           0.0  0.6080317369982609
0.8100894093513489  0.810221791267395           0.0  0.5887436803508931
0.810221791267395  0.8103541731834412           0.0  0.5696165127970164
0.8103541731834412  0.8104866147041321           0.0  0.5536280269993294
0.8104866147041321  0.810619056224823           0.0  0.5433393209963144
0.810619056224823  0.8107515573501587           0.0  0.5395688897566651
0.8107515573501587  0.8108841180801392           0.0  0.5412196952376204
0.8108841180801392  0.8110167384147644           0.0  0.546533469711602
0.8110167384147644  0.8111494183540344           0.0  0.5539622741690444
0.8111494183540344  0.8112820982933044           0.0  0.5612465648957408
0.8112820982933044  0.8114148378372192           0.0  0.5650031192964209
0.8114148378372192  0.8115476369857788           0.0  0.5625129113792007
0.8115476369857788  0.8116804361343384           0.0  0.5533422818801547
0.8116804361343384  0.8118132948875427           0.0  0.539178906368932
0.8118132948875427  0.8119462132453918           0.0  0.5220248278919186
0.8119462132453918  0.812079131603241           0.0  0.5037821486571619
0.812079131603241  0.8122121691703796           0.0  0.4869981910111025
0.8122121691703796  0.8123452067375183           0.0  0.47399633336781166
0.8123452067375183  0.8124783039093018           0.0  0.4656353159762727
0.8124783039093018  0.8126114010810852           0.0  0.46104129826590634
0.8126114010810852  0.8127445578575134           0.0  0.4585935289946967
0.8127445578575134  0.8128777742385864           0.0  0.45706976325950954
0.8128777742385864  0.8130110502243042           0.0  0.4558500899196798
0.8130110502243042  0.8131443858146667           0.0  0.4546815487544966
0.8131443858146667  0.8132777214050293           0.0  0.4534852722714267
0.8132777214050293  0.8134111166000366           0.0  0.4522230648024237
0.8134111166000366  0.8135445117950439           0.0  0.4508640398611655
0.8135445117950439  0.8136780261993408           0.0  0.4494299590625385
0.8136780261993408  0.8138115406036377           0.0  0.4479942891458362
0.8138115406036377  0.8139451146125793           0.0  0.4466326221688733
0.8139451146125793  0.814078688621521           0.0  0.44537119935952113
0.814078688621521  0.8142123222351074           0.0  0.4441946736705243
0.8142123222351074  0.8143460750579834           0.0  0.4430382994334852
0.8143460750579834  0.8144797682762146           0.0  0.44177829118151146
0.8144797682762146  0.8146135807037354           0.0  0.4403392707569301
0.8146135807037354  0.8147473931312561           0.0  0.43876265443445445
0.8147473931312561  0.8148812651634216  0.4371523965876643  0.4371523965876643
0.8148812651634216  0.8150151968002319           0.0  0.4355969963547431
0.8150151968002319  0.8151491284370422           0.0  0.4341228414197651
0.8151491284370422  0.8152831792831421           0.0  0.4327382021936509
0.8152831792831421  0.8154172301292419           0.0  0.43143150080656945
0.8154172301292419  0.8155512809753418           0.0  0.43016546629233726
0.8155512809753418  0.8156854510307312           0.0  0.4288900172648877
0.8156854510307312  0.8158196210861206           0.0  0.42755363207733155
0.8158196210861206  0.8159538507461548           0.0  0.42615762344186237
0.8159538507461548  0.816088080406189           0.0  0.42475522801077586
0.816088080406189  0.8162224292755127           0.0  0.42339960868068693
0.8162224292755127  0.8163567781448364           0.0  0.4221136813686459
0.8163567781448364  0.8164911866188049           0.0  0.42091588509025857
0.8164911866188049  0.8166256546974182           0.0  0.41983141303640764
0.8166256546974182  0.8167601227760315           0.0  0.41884824992386255
0.8167601227760315  0.8168946504592896           0.0  0.41790665841755864
0.8168946504592896  0.8170292377471924           0.0  0.4169327407963734
0.8170292377471924  0.8171638250350952           0.0  0.41587815779648024
0.8171638250350952  0.8172985315322876           0.0  0.4147372138754178
0.8172985315322876  0.81743323802948           0.0  0.41354103406502796
0.81743323802948  0.8175680041313171           0.0  0.41230611827315683
0.8175680041313171  0.8177027702331543           0.0  0.4110242065273284
0.8177027702331543  0.817837655544281           0.0  0.40969901097554845
0.817837655544281  0.8179725408554077           0.0  0.4083729005153979
0.8179725408554077  0.8181074857711792           0.0  0.4071060899411466
0.8181074857711792  0.8182424306869507           0.0  0.4058998588241511
0.8182424306869507  0.8183774352073669           0.0  0.40472896384809476
0.8183774352073669  0.8185125589370728           0.0  0.40357201184847197
0.8185125589370728  0.8186476230621338           0.0  0.40239851779077096
0.8186476230621338  0.8187828063964844           0.0  0.40120051899879194
0.8187828063964844  0.818917989730835           0.0  0.39996360118465996
0.818917989730835  0.8190532326698303           0.0  0.39869591833092805
0.8190532326698303  0.8191885352134705           0.0  0.3974525496355544
0.8191885352134705  0.8193238973617554           0.0  0.3962874364421822
0.8193238973617554  0.8194592595100403           0.0  0.39521359369157394
0.8194592595100403  0.81959468126297           0.0  0.39414706251573467
0.81959468126297  0.8197301626205444           0.0  0.3929840048818544
0.8197301626205444  0.8198656439781189           0.0  0.39172775782636454
0.8198656439781189  0.8200012445449829           0.0  0.39048479037789485
0.8200012445449829  0.8201368451118469           0.0  0.38937041953047724
0.8201368451118469  0.8202725052833557           0.0  0.3884042886392187
0.8202725052833557  0.8204081654548645           0.0  0.3875184656052718
0.8204081654548645  0.8205439448356628           0.0  0.38663761865178675
0.8205439448356628  0.8206797242164612           0.0  0.38571559658177157
0.8206797242164612  0.8208155035972595           0.0  0.38472437898770223
0.8208155035972595  0.8209514021873474           0.0  0.38362467388838223
0.8209514021873474  0.8210873007774353           0.0  0.38237866144377824
0.8210873007774353  0.821223258972168           0.0  0.3810136560211725
0.821223258972168  0.8213592767715454           0.0  0.3796275048711963
0.8213592767715454  0.8214953541755676           0.0  0.37830570910190403
0.8214953541755676  0.8216314315795898           0.0  0.377078387384817
0.8216314315795898  0.8217675685882568  0.3759355086105835  0.3759355086105835
0.8217675685882568  0.8219037652015686           0.0  0.3748664537448139
0.8219037652015686  0.8220400214195251           0.0  0.3738465471414155
0.8220400214195251  0.8221762776374817           0.0  0.3728231344426662
0.8221762776374817  0.822312593460083           0.0  0.37173364731858993
0.822312593460083  0.8224489688873291           0.0  0.370536731652891
0.8224489688873291  0.82258540391922           0.0  0.36927855691047484
0.82258540391922  0.8227218985557556           0.0  0.36807127885474245
0.8227218985557556  0.8228583931922913           0.0  0.3670007995484754
0.8228583931922913  0.8229949474334717           0.0  0.36605045959453514
0.8229949474334717  0.8231315016746521           0.0  0.36513850229988803
0.8231315016746521  0.8232681751251221           0.0  0.36421563512352834
0.8232681751251221  0.823404848575592           0.0  0.36325639355233097
0.823404848575592  0.8235415816307068           0.0  0.36224510114003844
0.8235415816307068  0.8236783742904663           0.0  0.3611843887870359
0.8236783742904663  0.8238151669502258  0.3601022817695711  0.3601022817695711
0.8238151669502258  0.8239520788192749           0.0  0.35904328424208204
0.8239520788192749  0.824088990688324           0.0  0.35802410481080077
0.824088990688324  0.824225902557373           0.0  0.35703436472280836
0.824225902557373  0.8243629336357117           0.0  0.3560587812722931
0.8243629336357117  0.8244999647140503           0.0  0.3550909334645912
0.8244999647140503  0.8246370553970337           0.0  0.35412699088453803
0.8246370553970337  0.8247742056846619           0.0  0.3531333521336926
0.8247742056846619  0.8249114155769348           0.0  0.3520411542239379
0.8249114155769348  0.8250486254692078           0.0  0.3508326022831735
0.8250486254692078  0.8251859545707703           0.0  0.3495816961253845
0.8251859545707703  0.825323224067688           0.0  0.3483680402409372
0.825323224067688  0.8254606127738953  -0.042914874337788546  0.3680528525599275
0.8254606127738953  0.8255980610847473           0.0  0.34610849341846495
0.8255980610847473  0.8257355093955994           0.0  0.3450116657865662
0.8257355093955994  0.8258730173110962           0.0  0.34394492032653884
0.8258730173110962  0.8260105848312378           0.0  0.3429234161746389
0.8260105848312378  0.8261481523513794           0.0  0.3419661207344384
0.8261481523513794  0.8262858390808105           0.0  0.34107944634476833
0.8262858390808105  0.8264235258102417           0.0  0.34025192420968386
0.8264235258102417  0.8265612125396729           0.0  0.3394630469749651
0.8265612125396729  0.8266990184783936           0.0  0.33867412671446673
0.8266990184783936  0.8268368244171143           0.0  0.3378592253880036
0.8268368244171143  0.8269747495651245           0.0  0.3370363522088189
0.8269747495651245  0.8271126747131348           0.0  0.33622772764689157
0.8271126747131348  0.827250599861145           0.0  0.3354097710754859
0.827250599861145  0.8273886442184448           0.0  0.33453259180384887
0.8273886442184448  0.8275266885757446           0.0  0.3335919273334092
0.8275266885757446  0.8276647925376892           0.0  0.33264854206929606
0.8276647925376892  0.8278029561042786           0.0  0.3317619100346677
0.8278029561042786  0.8279411196708679           0.0  0.3309455846793814
0.8279411196708679  0.8280794024467468           0.0  0.33016544359007644
0.8280794024467468  0.8282176852226257           0.0  0.32936778556788526
0.8282176852226257  0.8283560276031494           0.0  0.3285010405759645
0.8283560276031494  0.8284943699836731  0.32754901985047874  0.32754901985047874
0.8284943699836731  0.8286328315734863           0.0  0.32654308642171403
0.8286328315734863  0.8287712931632996           0.0  0.3254984524695687
0.8287712931632996  0.8289098143577576           0.0  0.3244073821409225
0.8289098143577576  0.8290483951568604           0.0  0.3232565900659735
0.8290483951568604  0.8291869759559631           0.0  0.3220582429436494
0.8291869759559631  0.8293256759643555           0.0  0.32088080370820926
0.8293256759643555  0.8294643759727478           0.0  0.31981328917155377
0.8294643759727478  0.8296031355857849           0.0  0.3189130135816959
0.8296031355857849  0.829741895198822           0.0  0.3181598687043428
0.829741895198822  0.8298807740211487           0.0  0.31748119098562716
0.8298807740211487  0.8300196528434753           0.0  0.3168133885537812
0.8300196528434753  0.8301585912704468           0.0  0.3161183121050779
0.8301585912704468  0.830297589302063           0.0  0.3153736158851377
0.830297589302063  0.8304365873336792           0.0  0.31457475065432233
0.8304365873336792  0.830575704574585           0.0  0.3137242413497108
0.830575704574585  0.8307148218154907           0.0  0.31284501026268585
0.8307148218154907  0.8308539986610413           0.0  0.311990014879663
0.8308539986610413  0.8309931755065918           0.0  0.31120826782780414
0.8309931755065918  0.8311324715614319           0.0  0.31050155582876354
0.8311324715614319  0.831271767616272           0.0  0.3098122653441513
0.831271767616272  0.8314111232757568           0.0  0.30907665278106533
0.8314111232757568  0.8315505385398865           0.0  0.3082572929697918
0.8315505385398865  0.8316900134086609           0.0  0.30733199095534885
0.8316900134086609  0.8318294882774353           0.0  0.30631250950906436
0.8318294882774353  0.8319690227508545           0.0  0.3052518021795404
0.8319690227508545  0.8321086168289185           0.0  0.3042165568710236
0.8321086168289185  0.8322482705116272  0.30323620313312366  0.30323620313312366
0.8322482705116272  0.8323879241943359  0.3022925393050292  0.3022925393050292
0.8323879241943359  0.8325276970863342           0.0  0.30135139029613234
0.8325276970863342  0.8326674699783325           0.0  0.30038246249986517
0.8326674699783325  0.8328073024749756  0.2993942283525446  0.2993942283525446
0.8328073024749756  0.8329471945762634           0.0  0.2984242929179647
0.8329471945762634  0.8330870866775513           0.0  0.29749792206013426
0.8330870866775513  0.8332270383834839           0.0  0.29661853077846057
0.8332270383834839  0.8333670496940613           0.0  0.29578846608101733
0.8333670496940613  0.8335071206092834           0.0  0.29502280037632916
0.8335071206092834  0.8336472511291504           0.0  0.2943094135395519
0.8336472511291504  0.8337873816490173           0.0  0.2936061430320252
0.8337873816490173  0.8339275717735291           0.0  0.2928918966018075
0.8339275717735291  0.8340678215026855           0.0  0.2921742584746003
0.8340678215026855  0.8342081308364868           0.0  0.2914675284825226
0.8342081308364868  0.8343484997749329           0.0  0.29077314644491675
0.8343484997749329  0.8344888687133789           0.0  0.29006429967832853
0.8344888687133789  0.8346292972564697           0.0  0.289322626504421
0.8346292972564697  0.8347697854042053           0.0  0.28857260463736545
0.8347697854042053  0.8349103331565857           0.0  0.28785545300251364
0.8349103331565857  0.8350509405136108           0.0  0.28717229859565346
0.8350509405136108  0.835191547870636           0.0  0.28644814073474534
0.835191547870636  0.8353322148323059           0.0  0.2856095380746084
0.8353322148323059  0.8354729413986206           0.0  0.28466380468581537
0.8354729413986206  0.8356137275695801           0.0  0.28365936745181813
0.8356137275695801  0.8357545137405396           0.0  0.2826455769851036
0.8357545137405396  0.8358954191207886           0.0  0.281648841995897
0.8358954191207886  0.8360363245010376           0.0  0.2806886264547456
0.8360363245010376  0.8361772894859314           0.0  0.2797936555180593
0.8361772894859314  0.83631831407547           0.0  0.2789665691025443
0.83631831407547  0.8364593386650085           0.0  0.2781681598928881
0.8364593386650085  0.8366004228591919           0.0  0.27733431614061066
0.8366004228591919  0.83674156665802           0.0  0.2764394936990262
0.83674156665802  0.8368827700614929           0.0  0.2755338332310387
0.8368827700614929  0.8370240330696106           0.0  0.2746844190343608
0.8370240330696106  0.837165355682373  0.27391825664398967  0.27391825664398967
0.837165355682373  0.8373066782951355           0.0  0.2732300226051156
0.8373066782951355  0.8374480605125427           0.0  0.2726075240869707
0.8374480605125427  0.8375895023345947           0.0  0.27203569876618994
0.8375895023345947  0.8377310037612915           0.0  0.27148660976518457
0.8377310037612915  0.8378725051879883           0.0  0.27093298323852544
0.8378725051879883  0.8380141258239746           0.0  0.2703523554895594
0.8380141258239746  0.8381557464599609           0.0  0.2697317889110433
0.8381557464599609  0.838297426700592           0.0  0.2690742427257022
0.838297426700592  0.8384391069412231           0.0  0.2683837718267581
0.8384391069412231  0.8385809063911438           0.0  0.2676649950809297
0.8385809063911438  0.8387227058410645           0.0  0.26691634483100224
0.8387227058410645  0.8388645648956299           0.0  0.26613766020705837
0.8388645648956299  0.8390064835548401           0.0  0.26533073242851046
0.8390064835548401  0.8391484618186951           0.0  0.2644840457383474
0.8391484618186951  0.8392904996871948           0.0  0.26359703824871195
0.8392904996871948  0.8394325375556946           0.0  0.262683462553077
0.8394325375556946  0.8395746350288391           0.0  0.26175056487502874
0.8395746350288391  0.8397167921066284           0.0  0.26080258842416437
0.8397167921066284  0.8398590087890625           0.0  0.2598403370965045
0.8398590087890625  0.8400012850761414  0.2588782999444163  0.2588782999444163
0.8400012850761414  0.8401435613632202           0.0  0.2579519427150217
0.8401435613632202  0.8402858972549438           0.0  0.25709640961646246
0.8402858972549438  0.8404282927513123  0.2563315483253319  0.2563315483253319
0.8404282927513123  0.8405707478523254           0.0  0.25563726001432985
0.8405707478523254  0.8407132625579834           0.0  0.25497287338877667
0.8407132625579834  0.8408557772636414           0.0  0.25432115264562544
0.8408557772636414  0.8409983515739441           0.0  0.25368654511699
0.8409983515739441  0.8411410450935364           0.0  0.253073623950753
0.8411410450935364  0.8412836790084839           0.0  0.25247586545673556
0.8412836790084839  0.8414264321327209           0.0  0.2518863064820533
0.8414264321327209  0.8415692448616028           0.0  0.25130183509567344
0.8415692448616028  0.8417120575904846           0.0  0.2507145685980984
0.8417120575904846  0.8418549299240112           0.0  0.25011463855965044
0.8418549299240112  0.8419978618621826           0.0  0.24949960869467394
0.8419978618621826  0.8421408534049988           0.0  0.24886655687851444
0.8421408534049988  0.8422838449478149           0.0  0.24820661390723814
0.8422838449478149  0.8424269556999207           0.0  0.24750138267519953
0.8424269556999207  0.8425700664520264           0.0  0.2467199128053104
0.8425700664520264  0.8427132368087769           0.0  0.24585815599349986
0.8427132368087769  0.8428564667701721           0.0  0.24495913699087882
0.8428564667701721  0.8429997563362122           0.0  0.24408440824799735
0.8429997563362122  0.8431430459022522           0.0  0.2432560655412254
0.8431430459022522  0.843286395072937           0.0  0.24245156422981162
0.843286395072937  0.8434298634529114           0.0  0.2416411237665207
0.8434298634529114  0.843573272228241           0.0  0.24080185333561324
0.843573272228241  0.8437168002128601           0.0  0.23994907798144607
0.8437168002128601  0.843860387802124           0.0  0.23913903859827837
0.843860387802124  0.8440039753913879           0.0  0.23842942389406843
0.8440039753913879  0.8441476225852966           0.0  0.2378277183069295
0.8441476225852966  0.8442913293838501           0.0  0.23728733589506906
0.8442913293838501  0.8444350957870483           0.0  0.23675497508574514
0.8444350957870483  0.8445789217948914           0.0  0.2361837515548151
0.8445789217948914  0.8447228074073792           0.0  0.23554784233507825
0.8447228074073792  0.8448666930198669           0.0  0.2348708594066739
0.8448666930198669  0.8450106382369995           0.0  0.23421141750960262
0.8450106382369995  0.8451546430587769           0.0  0.23361394534274382
0.8451546430587769  0.845298707485199           0.0  0.2330750823271071
0.845298707485199  0.8454427719116211           0.0  0.23256513684554156
0.8454427719116211  0.8455869555473328           0.0  0.23205746902322844
0.8455869555473328  0.8457311391830444           0.0  0.23152892075368176
0.8457311391830444  0.8458753824234009           0.0  0.2309559989932375
0.8458753824234009  0.8460196852684021           0.0  0.23031157091009255
0.8460196852684021  0.8461640477180481           0.0  0.22956335631329455
0.8461640477180481  0.8463084101676941           0.0  0.2287109673066717
0.8463084101676941  0.8464528918266296           0.0  0.22780117525263943
0.8464528918266296  0.8465973734855652           0.0  0.22688563653579655
0.8465973734855652  0.8467419147491455  0.22600131425858552  0.22600131425858552
0.8467419147491455  0.8468865156173706           0.0  0.22516189946298795
0.8468865156173706  0.8470311760902405           0.0  0.22437418336051765
0.8470311760902405  0.8471758365631104  0.22364583987217668  0.22364583987217668
0.8471758365631104  0.8473206162452698           0.0  0.22297550399599295
0.8473206162452698  0.8474653959274292  0.222361389966501  0.222361389966501
0.8474653959274292  0.8476102352142334           0.0  0.22177722404260747
0.8476102352142334  0.8477551341056824           0.0  0.2211776569595207
0.8477551341056824  0.8479000329971313           0.0  0.22054403602245168
0.8479000329971313  0.8480450510978699           0.0  0.21989697344288364
0.8480450510978699  0.8481900691986084           0.0  0.21927030578910683
0.8481900691986084  0.8483351469039917           0.0  0.2186810812454327
0.8483351469039917  0.8484802842140198           0.0  0.21812578152039117
0.8484802842140198  0.8486254811286926           0.0  0.21758392868082724
0.8486254811286926  0.8487707376480103           0.0  0.21703505027897835
0.8487707376480103  0.8489160537719727           0.0  0.21647813038701214
0.8489160537719727  0.8490613698959351           0.0  0.21591749249722167
0.8490613698959351  0.8492067456245422  0.2153474328362179  0.2153474328362179
0.8492067456245422  0.8493521809577942           0.0  0.21476068866455197
0.8493521809577942  0.8494976758956909           0.0  0.2141579674618286
0.8494976758956909  0.8496432304382324           0.0  0.21353377236954196
0.8496432304382324  0.8497887849807739           0.0  0.2128461530375672
0.8497887849807739  0.849934458732605  0.21206768553229696  0.21206768553229696
0.849934458732605  0.850080132484436           0.0  0.21123311806873674
0.850080132484436  0.8502258658409119           0.0  0.21039607830057838
0.8502258658409119  0.8503716588020325  0.20958808901377876  0.20958808901377876
0.8503716588020325  0.8505174517631531           0.0  0.20879496362311964
0.8505174517631531  0.8506633639335632           0.0  0.2079932927161985
0.8506633639335632  0.8508092761039734           0.0  0.20719828399710202
0.8508092761039734  0.8509553074836731           0.0  0.20645707790870851
0.8509553074836731  0.8511013388633728           0.0  0.20580405917122707
0.8511013388633728  0.8512474298477173           0.0  0.20521024621137338
0.8512474298477173  0.8513935208320618           0.0  0.20461681139637505
0.8513935208320618  0.8515397310256958  0.20401097531987272  0.20401097531987272
0.8515397310256958  0.8516860008239746           0.0  0.20342426277131737
0.8516860008239746  0.8518322706222534           0.0  0.20288099158212777
0.8518322706222534  0.851978600025177           0.0  0.20237310287389534
0.851978600025177  0.8521249890327454           0.0  0.20187672330063208
0.8521249890327454  0.8522714376449585           0.0  0.20137387606625873
0.8522714376449585  0.8524178862571716           0.0  0.20085868214690172
0.8524178862571716  0.8525644540786743           0.0  0.20032641518223546
0.8525644540786743  0.852711021900177           0.0  0.19975329158831343
0.852711021900177  0.8528577089309692           0.0  0.19911795870282623
0.8528577089309692  0.8530043959617615           0.0  0.19843493481051588
0.8530043959617615  0.8531511425971985           0.0  0.1977333246810337
0.8531511425971985  0.8532978892326355  0.19699552034452633  0.19699552034452633
0.8532978892326355  0.8534447550773621           0.0  0.19618763263739838
0.8534447550773621  0.8535916209220886           0.0  0.19533655169574712
0.8535916209220886  0.8537386059761047           0.0  0.19451345947227694
0.8537386059761047  0.8538855910301208           0.0  0.19375967563382698
0.8538855910301208  0.8540326356887817           0.0  0.19305368466281345
0.8540326356887817  0.8541797399520874           0.0  0.1923355645948426
0.8541797399520874  0.8543268442153931           0.0  0.191553620225176
0.8543268442153931  0.8544740676879883           0.0  0.19072284324913552
0.8544740676879883  0.8546212911605835           0.0  0.18991427928589327
0.8546212911605835  0.8547685742378235           0.0  0.18919284702368183
0.8547685742378235  0.854915976524353           0.0  0.1885763290478643
0.854915976524353  0.8550633788108826           0.0  0.18804584756274398
0.8550633788108826  0.8552107810974121           0.0  0.18757255012465976
0.8552107810974121  0.8553583025932312           0.0  0.18710968634498545
0.8553583025932312  0.8555058240890503           0.0  0.1866090824329802
0.8555058240890503  0.8556534647941589           0.0  0.1860525708272328
0.8556534647941589  0.8558011054992676           0.0  0.18544158634080476
0.8558011054992676  0.855948805809021           0.0  0.18478675122604332
0.855948805809021  0.8560965657234192           0.0  0.1841187457635645
0.8560965657234192  0.8562443852424622           0.0  0.1834747844994199
0.8562443852424622  0.8563922047615051  0.3657460521788039  0.2586215136878411
0.8563922047615051  0.8565401434898376           0.0  0.18230612339948474
0.8565401434898376  0.8566880822181702           0.0  0.18174342504520546
0.8566880822181702  0.8568361401557922           0.0  0.1811263581668723
0.8568361401557922  0.8569841980934143           0.0  0.18036174225923715
0.8569841980934143  0.8571323156356812           0.0  0.179404041065657
0.8571323156356812  0.857280433177948           0.0  0.17832146070413143
0.857280433177948  0.8574286699295044           0.0  0.17722383380841775
0.8574286699295044  0.8575769662857056           0.0  0.1761834832605105
0.8575769662857056  0.8577252626419067           0.0  0.17519314601259653
0.8577252626419067  0.8578736186027527           0.0  0.17422474425448367
0.8578736186027527  0.8580220341682434           0.0  0.1732913306461564
0.8580220341682434  0.8581705093383789  0.34482027651650476  0.24382475581544097
0.8581705093383789  0.8583190441131592           0.0  0.1715482537303209
0.8583190441131592  0.8584676384925842           0.0  0.17062583850411076
0.8584676384925842  0.8586162328720093           0.0  0.16962669199452146
0.8586162328720093  0.8587649464607239           0.0  0.16863791181564242
0.8587649464607239  0.8589136600494385           0.0  0.16773839372030977
0.8589136600494385  0.8590624332427979           0.0  0.16692810515608747
0.8590624332427979  0.859211266040802           0.0  0.1661806467004785
0.859211266040802  0.8593601584434509           0.0  0.16550528084668012
0.8593601584434509  0.8595091104507446           0.0  0.1649541453205878
0.8595091104507446  0.8596580624580383           0.0  0.16463253462887414
0.8596580624580383  0.8598071336746216           0.0  0.16480812270748624
0.8598071336746216  0.8599562048912048           0.0  0.1658875642274655
0.8599562048912048  0.8601053357124329           0.0  0.16822837907536906
0.8601053357124329  0.8602545261383057  0.17177998998374178  0.17177998998374178
0.8602545261383057  0.8604037761688232           0.0  0.17575102955531932
0.8604037761688232  0.8605530858039856           0.0  0.1788442738724547
0.8605530858039856  0.8607024550437927           0.0  0.17986478792473964
0.8607024550437927  0.8608518242835999           0.0  0.17854311599627307
0.8608518242835999  0.8610013127326965  0.17576224599209916  0.17576224599209916
0.8610013127326965  0.8611508011817932           0.0  0.1727328862051013
0.8611508011817932  0.8613003492355347           0.0  0.17018010122869223
0.8613003492355347  0.8614499568939209           0.0  0.16815457141693887
0.8614499568939209  0.8615996241569519           0.0  0.16647964679095895
0.8615996241569519  0.8617493510246277           0.0  0.16508876836955888
0.8617493510246277  0.8618990778923035           0.0  0.16397631113701433
0.8618990778923035  0.8620489239692688           0.0  0.1631436535244823
0.8620489239692688  0.8621987700462341  0.16255826292897566  0.16255826292897566
0.8621987700462341  0.862348735332489           0.0  0.16216361201798885
0.862348735332489  0.8624987006187439           0.0  0.16187744395208142
0.8624987006187439  0.8626487255096436           0.0  0.16160854527623608
0.8626487255096436  0.862798810005188           0.0  0.16130464505657674
0.862798810005188  0.8629488945007324           0.0  0.1609481074696026
0.8629488945007324  0.8630990982055664           0.0  0.16055432953627302
0.8630990982055664  0.8632493615150452           0.0  0.1601560340163175
0.8632493615150452  0.8633996248245239  0.15978269109052778  0.15978269109052778
0.8633996248245239  0.8635499477386475           0.0  0.15944278373603604
0.8635499477386475  0.8637003302574158           0.0  0.15911768956308084
0.8637003302574158  0.8638507723808289           0.0  0.15877386269499683
0.8638507723808289  0.8640012741088867  0.15839568150209896  0.15839568150209896
0.8640012741088867  0.8641518354415894           0.0  0.15800566801637825
0.8641518354415894  0.8643024563789368           0.0  0.15764175096336555
0.8643024563789368  0.8644530773162842  0.1573384946389547  0.1573384946389547
0.8644530773162842  0.8646038174629211           0.0  0.15709776177556029
0.8646038174629211  0.8647545576095581           0.0  0.15687265477745657
0.8647545576095581  0.8649053573608398           0.0  0.15661222973744549
0.8649053573608398  0.8650562167167664           0.0  0.156317374892231
0.8650562167167664  0.8652071356773376           0.0  0.1560248664149334
0.8652071356773376  0.8653581142425537           0.0  0.155755193126807
0.8653581142425537  0.8655091524124146           0.0  0.15549283517122392
0.8655091524124146  0.8656602501869202           0.0  0.15522449579318895
0.8656602501869202  0.8658113479614258           0.0  0.15496598090187141
0.8658113479614258  0.8659625053405762           0.0  0.1547279438352422
0.8659625053405762  0.8661137819290161  0.15450096676511288  0.15450096676511288
0.8661137819290161  0.8662650585174561           0.0  0.1542805128893383
0.8662650585174561  0.8664163947105408           0.0  0.1540745441766746
0.8664163947105408  0.8665677905082703  0.15389032105083775  0.15389032105083775
0.8665677905082703  0.8667192459106445           0.0  0.15371975672915425
0.8667192459106445  0.8668707013130188           0.0  0.1535418250154098
0.8668707013130188  0.8670222759246826           0.0  0.1533504574619209
0.8670222759246826  0.8671739101409912           0.0  0.15314972587445194
0.8671739101409912  0.8673255443572998           0.0  0.15294304094081382
0.8673255443572998  0.8674772381782532           0.0  0.15274134835405945
0.8674772381782532  0.8676289916038513           0.0  0.1525552328450072
0.8676289916038513  0.8677808046340942           0.0  0.15239108937174986
0.8677808046340942  0.8679326772689819           0.0  0.15223773122936635
0.8679326772689819  0.8680846095085144  0.15208583870974696  0.15208583870974696
0.8680846095085144  0.8682366013526917           0.0  0.15194855550252723
0.8682366013526917  0.8683886528015137  0.15183512216522152  0.15183512216522152
0.8683886528015137  0.8685407042503357           0.0  0.15174002194762887
0.8685407042503357  0.8686928153038025           0.0  0.1516490719692571
0.8686928153038025  0.8688450455665588           0.0  0.1515721364878561
0.8688450455665588  0.8689972758293152           0.0  0.1515342394606612
0.8689972758293152  0.8691495656967163           0.0  0.15154515027391366
0.8691495656967163  0.8693019151687622           0.0  0.15159544436816644
0.8693019151687622  0.8694543242454529  0.15166192503717552  0.15166192503717552
0.8694543242454529  0.8696067929267883           0.0  0.151730328707856
0.8696067929267883  0.8697592616081238           0.0  0.15180633020056175
0.8697592616081238  0.8699118494987488           0.0  0.1519110184422704
0.8699118494987488  0.8700644373893738           0.0  0.15207726941656688
0.8700644373893738  0.8702171444892883           0.0  0.15238025432851607
0.8702171444892883  0.8703698515892029           0.0  0.15291259371090346
0.8703698515892029  0.8705226182937622           0.0  0.15376817126790035
0.8705226182937622  0.8706754446029663           0.0  0.15503013741181387
0.8706754446029663  0.8708283305168152           0.0  0.15674341914717987
0.8708283305168152  0.8709812760353088           0.0  0.1587606497395316
0.8709812760353088  0.8711342811584473           0.0  0.16041675744421363
0.8711342811584473  0.8712873458862305           0.0  0.16064164862299538
0.8712873458862305  0.8714404106140137           0.0  0.15872864559735256
0.8714404106140137  0.8715935945510864           0.0  0.1549199734902527
0.8715935945510864  0.8717467784881592           0.0  0.1502797527539621
0.8717467784881592  0.8719000220298767           0.0  0.1460598590993178
0.8719000220298767  0.872053325176239           0.0  0.14304579503489304
0.872053325176239  0.8722067475318909           0.0  0.14135172320855263
0.8722067475318909  0.8723601698875427           0.0  0.14058571399927378
0.8723601698875427  0.8725136518478394           0.0  0.14026980385015236
0.8725136518478394  0.872667133808136           0.0  0.1401300796352754
0.872667133808136  0.8728207349777222           0.0  0.14006286061805492
0.8728207349777222  0.8729743957519531           0.0  0.1400250287249646
0.8729743957519531  0.8731280565261841  0.13997267626635654  0.13997267626635654
0.8731280565261841  0.8732818365097046           0.0  0.13984940542965477
0.8732818365097046  0.8734356164932251           0.0  0.13961729825809172
0.8734356164932251  0.8735894560813904           0.0  0.1392780892757778
0.8735894560813904  0.8737433552742004           0.0  0.1388654025423313
0.8737433552742004  0.8738973736763           0.0  0.13842214170327688
0.8738973736763  0.8740513324737549           0.0  0.13797294375511218
0.8740513324737549  0.8742054104804993           0.0  0.1375458336499093
0.8742054104804993  0.8743595480918884           0.0  0.13717424060378422
0.8743595480918884  0.8745137453079224  0.13687942330203165  0.13687942330203165
0.8745137453079224  0.8746680021286011           0.0  0.13665234548284055
0.8746680021286011  0.8748222589492798           0.0  0.13646091906105695
0.8748222589492798  0.874976634979248           0.0  0.13628141312070938
0.874976634979248  0.8751310110092163           0.0  0.13610351714358185
0.8751310110092163  0.8752854466438293           0.0  0.13592300569985605
0.8752854466438293  0.8754399418830872           0.0  0.13573885098862437
0.8754399418830872  0.8755945563316345           0.0  0.13555457162418266
0.8755945563316345  0.8757491707801819           0.0  0.1353750099856955
0.8757491707801819  0.875903844833374  0.27039981283320685  0.1912015412859338
0.875903844833374  0.8760585188865662           0.0  0.1350237283219758
0.8760585188865662  0.8762133121490479           0.0  0.1348433808250522
0.8762133121490479  0.8763681650161743  0.1346619862025047  0.1346619862025047
0.8763681650161743  0.8765230774879456           0.0  0.13448372942670886
0.8765230774879456  0.8766779899597168           0.0  0.13430884976285493
0.8766779899597168  0.8768330216407776           0.0  0.13413520259459916
0.8768330216407776  0.8769880533218384           0.0  0.13395988352765809
0.8769880533218384  0.8771431446075439           0.0  0.13378002493785948
0.8771431446075439  0.8772982954978943  0.13359525743151626  0.13359525743151626
0.8772982954978943  0.8774535655975342           0.0  0.13341000685709567
0.8774535655975342  0.8776088356971741  0.13322836533131752  0.13322836533131752
0.8776088356971741  0.8777641654014587           0.0  0.13305013618566255
0.8777641654014587  0.8779195547103882           0.0  0.13287128033241155
0.8779195547103882  0.8780749440193176  0.2653757455872152  0.1876489892671559
0.8780749440193176  0.8782304525375366           0.0  0.13250153666762746
0.8782304525375366  0.8783860206604004  0.13231581566057257  0.13231581566057257
0.8783860206604004  0.8785415887832642           0.0  0.13213281854737455
0.8785415887832642  0.8786972761154175  0.13195177473505393  0.13195177473505393
0.8786972761154175  0.8788529634475708           0.0  0.13177074826743723
0.8788529634475708  0.8790087699890137           0.0  0.13159069490750455
0.8790087699890137  0.8791645765304565           0.0  0.13141057607981033
0.8791645765304565  0.8793204426765442           0.0  0.1312288120445256
0.8793204426765442  0.8794764280319214           0.0  0.1310462991190907
0.8794764280319214  0.8796324133872986           0.0  0.1308647404570079
0.8796324133872986  0.8797884583473206           0.0  0.13068452196473118
0.8797884583473206  0.8799445629119873           0.0  0.13050426297851123
0.8799445629119873  0.8801007270812988           0.0  0.1303227168296493
0.8801007270812988  0.8802568912506104           0.0  0.13013833914026818
0.8802568912506104  0.8804131746292114  0.12995194428034823  0.12995194428034823
0.8804131746292114  0.8805695176124573           0.0  0.12976557727307636
0.8805695176124573  0.8807258605957031           0.0  0.12958054537925018
0.8807258605957031  0.8808823227882385           0.0  0.12939624676755543
0.8808823227882385  0.8810387849807739           0.0  0.129211497985075
0.8810387849807739  0.8811953663825989  0.12902790704119949  0.12902790704119949
0.8811953663825989  0.8813519477844238           0.0  0.12884490899496812
0.8813519477844238  0.8815085887908936           0.0  0.12866138999468668
0.8815085887908936  0.8816653490066528           0.0  0.1284786427222735
0.8816653490066528  0.8818221092224121           0.0  0.12829833137291488
0.8818221092224121  0.8819789290428162           0.0  0.12812090474660207
0.8819789290428162  0.882135808467865           0.0  0.12794473513595989
0.882135808467865  0.8822927474975586           0.0  0.1277699060142787
0.8822927474975586  0.882449746131897           0.0  0.12759701177887775
0.882449746131897  0.8826067447662354           0.0  0.1274238171899619
0.8826067447662354  0.8827638626098633  0.12724920276369966  0.12724920276369966
0.8827638626098633  0.882921040058136           0.0  0.12707372297196892
0.882921040058136  0.8830782175064087           0.0  0.12689761170605762
0.8830782175064087  0.8832355141639709           0.0  0.12672180242517078
0.8832355141639709  0.883392870426178           0.0  0.12654817292602025
0.883392870426178  0.883550226688385           0.0  0.12637688258788352
0.883550226688385  0.8837076425552368           0.0  0.1262057206258718
0.8837076425552368  0.8838651776313782           0.0  0.12603364134318162
0.8838651776313782  0.8840227127075195           0.0  0.12586155552711173
0.8840227127075195  0.8841803073883057           0.0  0.12568905949558118
0.8841803073883057  0.8843379616737366           0.0  0.12551517424226563
0.8843379616737366  0.884495735168457           0.0  0.12534263160129266
0.884495735168457  0.8846535086631775           0.0  0.12517418296009808
0.8846535086631775  0.8848113417625427  0.1250096032667655  0.1250096032667655
0.8848113417625427  0.8849692344665527           0.0  0.12484547546117647
0.8849692344665527  0.8851271271705627           0.0  0.12467803766073632
0.8851271271705627  0.8852851390838623           0.0  0.12450685497724766
0.8852851390838623  0.8854432106018066           0.0  0.12433453602664962
0.8854432106018066  0.8856013417243958           0.0  0.12416389404809615
0.8856013417243958  0.8857594728469849           0.0  0.12399404456680449
0.8857594728469849  0.8859177231788635           0.0  0.12382450053184063
0.8859177231788635  0.886076033115387           0.0  0.1236563976242793
0.886076033115387  0.8862343430519104           0.0  0.1234904131202928
0.8862343430519104  0.8863927721977234           0.0  0.12332634853815218
0.8863927721977234  0.8865512013435364           0.0  0.12316208499397378
0.8865512013435364  0.8867096900939941           0.0  0.12299728105045671
0.8867096900939941  0.8868682980537415           0.0  0.12283311553095838
0.8868682980537415  0.8870269060134888           0.0  0.12266968688026753
0.8870269060134888  0.8871855735778809           0.0  0.1225050296284354
0.8871855735778809  0.8873443007469177           0.0  0.12233748970016732
0.8873443007469177  0.8875031471252441           0.0  0.12216977132681486
0.8875031471252441  0.8876619935035706           0.0  0.12200452258084754
0.8876619935035706  0.8878208994865417  0.12184087847924217  0.12184087847924217
0.8878208994865417  0.8879798650741577           0.0  0.12167602328136197
0.8879798650741577  0.8881388902664185           0.0  0.12150984380310795
0.8881388902664185  0.888297975063324           0.0  0.12134360787055322
0.888297975063324  0.8884570598602295           0.0  0.1211765119755325
0.8884570598602295  0.8886162638664246           0.0  0.12100803474709582
0.8886162638664246  0.8887755274772644  0.12084024380825306  0.12084024380825306
0.8887755274772644  0.888934850692749           0.0  0.12067559433973737
0.888934850692749  0.8890941739082336           0.0  0.12051245515499842
0.8890941739082336  0.8892536163330078           0.0  0.12034931823110204
0.8892536163330078  0.8894131183624268           0.0  0.12018662296149428
0.8894131183624268  0.8895726203918457           0.0  0.12002514985671553
0.8895726203918457  0.8897322416305542           0.0  0.11986427899823889
0.8897322416305542  0.8898918628692627           0.0  0.1197027893310408
0.8898918628692627  0.8900516033172607           0.0  0.11954194770271848
0.8900516033172607  0.8902113437652588  0.11938109391641756  0.11938109391641756
0.8902113437652588  0.8903711438179016  0.11921905675580206  0.11921905675580206
0.8903711438179016  0.890531063079834           0.0  0.1190565968474512
0.890531063079834  0.8906909823417664           0.0  0.11889398286192498
0.8906909823417664  0.8908509612083435           0.0  0.11873137203601687
0.8908509612083435  0.8910110592842102           0.0  0.11856962385766928
0.8910110592842102  0.8911711573600769  0.23681966567290674  0.1674567915156434
0.8911711573600769  0.8913313150405884           0.0  0.1182517749434897
0.8913313150405884  0.8914915323257446           0.0  0.11809322642776483
0.8914915323257446  0.8916518092155457           0.0  0.11793313624579363
0.8916518092155457  0.8918121457099916           0.0  0.11777241107112285
0.8918121457099916  0.891972541809082  0.11761232332339025  0.11761232332339025
0.891972541809082  0.8921329975128174           0.0  0.11745372403755888
0.8921329975128174  0.8922935128211975           0.0  0.11729670324383557
0.8922935128211975  0.8924540877342224           0.0  0.11714077850775781
0.8924540877342224  0.8926147222518921           0.0  0.11698578008417429
0.8926147222518921  0.8927754163742065           0.0  0.11683205769408062
0.8927754163742065  0.8929361701011658           0.0  0.11668044333026835
0.8929361701011658  0.8930969834327698           0.0  0.11653036557369409
0.8930969834327698  0.8932577967643738           0.0  0.11637913464348366
0.8932577967643738  0.8934187293052673           0.0  0.11622544305325568
0.8934187293052673  0.8935797214508057           0.0  0.1160713563882102
0.8935797214508057  0.8937407732009888           0.0  0.11591954612855628
0.8937407732009888  0.8939018249511719           0.0  0.1157686695558178
0.8939018249511719  0.8940629959106445  0.11561727454271652  0.11561727454271652
0.8940629959106445  0.894224226474762           0.0  0.11546567187419293
0.894224226474762  0.8943854570388794           0.0  0.11531437818409088
0.8943854570388794  0.8945468068122864  0.23032507940065824  0.16286442552153543
0.8945468068122864  0.8947081565856934           0.0  0.11500901979975871
0.8947081565856934  0.8948696255683899           0.0  0.11485491508819502
0.8948696255683899  0.8950310945510864           0.0  0.11470124528295626
0.8950310945510864  0.8951926827430725           0.0  0.11454859809050241
0.8951926827430725  0.8953542709350586           0.0  0.11439680053010598
0.8953542709350586  0.8955159783363342           0.0  0.11424584450579142
0.8955159783363342  0.8956776857376099  0.11409550476543967  0.11409550476543967
0.8956776857376099  0.895839512348175           0.0  0.11394669164349838
0.895839512348175  0.8960013389587402           0.0  0.1137986009688469
0.8960013389587402  0.8961632251739502           0.0  0.11364974581000344
0.8961632251739502  0.8963252305984497           0.0  0.11350048378264342
0.8963252305984497  0.8964872360229492           0.0  0.11335111549424988
0.8964872360229492  0.8966493010520935           0.0  0.11320193646309108
0.8966493010520935  0.8968114852905273           0.0  0.11305354731916957
0.8968114852905273  0.8969736695289612           0.0  0.11290606230516981
0.8969736695289612  0.8971359133720398           0.0  0.11275939355670198
0.8971359133720398  0.897298276424408           0.0  0.11261375900462586
0.897298276424408  0.8974606394767761           0.0  0.11246930834598161
0.8974606394767761  0.8976230621337891           0.0  0.11232524782453976
0.8976230621337891  0.8977855443954468           0.0  0.11217888891172219
0.8977855443954468  0.8979480862617493           0.0  0.11202998778695433
0.8979480862617493  0.8981107473373413           0.0  0.11188194276089507
0.8981107473373413  0.8982734084129333           0.0  0.11173647799437121
0.8982734084129333  0.8984361290931702           0.0  0.11159179897692607
0.8984361290931702  0.8985989093780518           0.0  0.11144454732953503
0.8985989093780518  0.8987617492675781           0.0  0.11129320331253853
0.8987617492675781  0.8989246487617493           0.0  0.11113967473666748
0.8989246487617493  0.89908766746521  0.11098791411269512  0.11098791411269512
0.89908766746521  0.8992506861686707  0.11083984617142907  0.11083984617142907
0.8992506861686707  0.8994137644767761           0.0  0.11069397184890077
0.8994137644767761  0.8995769023895264           0.0  0.11054707440760812
0.8995769023895264  0.8997400999069214  0.11039803065314212  0.11039803065314212
0.8997400999069214  0.8999033570289612  0.2204963172884375  0.15591444118131473
0.8999033570289612  0.9000666737556458           0.0  0.11009870374985242
0.9000666737556458  0.9002300500869751           0.0  0.10994978939533287
0.9002300500869751  0.9003934860229492           0.0  0.10980082167972587
0.9003934860229492  0.9005569815635681           0.0  0.10965096629542928
0.9005569815635681  0.9007205367088319           0.0  0.10950103940985403
0.9007205367088319  0.900884211063385           0.0  0.10935404791061427
0.900884211063385  0.9010478854179382           0.0  0.10921129044965854
0.9010478854179382  0.9012116193771362           0.0  0.1090708441102249
0.9012116193771362  0.901375412940979  0.21785882635710055  0.15404945345844837
0.901375412940979  0.9015392661094666  0.10878589624162033  0.10878589624162033
0.9015392661094666  0.9017031788825989           0.0  0.10864136555465141
0.9017031788825989  0.9018671512603761           0.0  0.10849664619033898
0.9018671512603761  0.9020311832427979  0.10835187391474956  0.10835187391474956
0.9020311832427979  0.9021952748298645           0.0  0.10820700778065298
0.9021952748298645  0.9023594260215759  0.10806203525731865  0.10806203525731865
0.9023594260215759  0.9025236368179321           0.0  0.10791694504358607
0.9025236368179321  0.9026879072189331           0.0  0.10777142493529411
0.9026879072189331  0.9028522372245789           0.0  0.10762522993835204
0.9028522372245789  0.9030166268348694           0.0  0.10747799327380378
0.9030166268348694  0.9031810760498047           0.0  0.1073304764061678
0.9031810760498047  0.9033456444740295           0.0  0.10718542283127476
0.9033456444740295  0.9035102128982544           0.0  0.10704407644813765
0.9035102128982544  0.903674840927124           0.0  0.10690499117081785
0.903674840927124  0.9038395285606384  0.10676556779878486  0.10676556779878486
0.9038395285606384  0.9040042757987976  0.21324993344336815  0.15079047402538556
0.9040042757987976  0.9041690826416016           0.0  0.10648372049156568
0.9041690826416016  0.9043339490890503           0.0  0.10634194944586203
0.9043339490890503  0.9044988751411438           0.0  0.10619910389615175
0.9044988751411438  0.9046638607978821  0.10605563880784863  0.10605563880784863
0.9046638607978821  0.9048289656639099           0.0  0.10591392792563048
0.9048289656639099  0.9049940705299377           0.0  0.10577498290564538
0.9049940705299377  0.9051592350006104           0.0  0.10563749253451066
0.9051592350006104  0.9053244590759277  0.10549880517129578  0.10549880517129578
0.9053244590759277  0.9054897427558899           0.0  0.10535891002554981
0.9054897427558899  0.9056551456451416           0.0  0.10522080722644732
0.9056551456451416  0.9058205485343933           0.0  0.10508568025989859
0.9058205485343933  0.9059860110282898           0.0  0.10495158523657873
0.9059860110282898  0.9061515331268309           0.0  0.10481646871142625
0.9061515331268309  0.9063171744346619           0.0  0.10468175333612088
0.9063171744346619  0.9064828157424927           0.0  0.10454884958146665
0.9064828157424927  0.9066485166549683           0.0  0.10441559081557474
0.9066485166549683  0.9068142771720886           0.0  0.10427938687284725
0.9068142771720886  0.9069801568984984           0.0  0.10414155505045022
0.9069801568984984  0.9071460366249084           0.0  0.10400499641885248
0.9071460366249084  0.9073120355606079           0.0  0.10387144484614816
0.9073120355606079  0.9074780344963074           0.0  0.10373873562803045
0.9074780344963074  0.9076440930366516           0.0  0.1036046119572449
0.9076440930366516  0.9078102707862853           0.0  0.10346894963246747
0.9078102707862853  0.9079764485359192           0.0  0.10333319438124579
0.9079764485359192  0.9081427454948425           0.0  0.10319899581597917
0.9081427454948425  0.9083090424537659           0.0  0.10306579978805673
0.9083090424537659  0.9084754586219788           0.0  0.10293313698271112
0.9084754586219788  0.9086418747901917           0.0  0.10280056985034636
0.9086418747901917  0.9088084101676941           0.0  0.10266837118773718
0.9088084101676941  0.9089749455451965           0.0  0.10253590695405458
0.9089749455451965  0.9091416001319885           0.0  0.10240364017917383
0.9091416001319885  0.9093083143234253           0.0  0.10227229076284682
0.9093083143234253  0.9094750285148621           0.0  0.1021411662191074
0.9094750285148621  0.9096418619155884           0.0  0.10201011621458442
0.9096418619155884  0.9098087549209595           0.0  0.10187908687421242
0.9098087549209595  0.9099756479263306           0.0  0.10174725207375403
0.9099756479263306  0.9101426601409912  0.10161354500249198  0.10161354500249198
0.9101426601409912  0.9103097319602966           0.0  0.10147832769196384
0.9103097319602966  0.9104768633842468           0.0  0.10134430895068626
0.9104768633842468  0.9106440544128418           0.0  0.10121319171782087
0.9106440544128418  0.9108113050460815  0.10108504428279619  0.10108504428279619
0.9108113050460815  0.9109786152839661           0.0  0.10095856664708365
0.9109786152839661  0.9111459255218506  0.10083090995380208  0.10083090995380208
0.9111459255218506  0.9113133549690247           0.0  0.10070041153037546
0.9113133549690247  0.9114808440208435           0.0  0.10056881354393687
0.9114808440208435  0.9116484522819519           0.0  0.10044055993397065
0.9116484522819519  0.9118160605430603           0.0  0.10031685012770986
0.9118160605430603  0.9119837284088135           0.0  0.10019476877111363
0.9119837284088135  0.9121514558792114           0.0  0.10007085234263671
0.9121514558792114  0.9123192429542542           0.0  0.09994374194117328
0.9123192429542542  0.9124870896339417           0.0  0.0998145505460044
0.9124870896339417  0.9126550555229187           0.0  0.09968587717923494
0.9126550555229187  0.9128230214118958  0.09955844473559521  0.09955844473559521
0.9128230214118958  0.9129910469055176           0.0  0.09943130709916938
0.9129910469055176  0.913159191608429           0.0  0.09930433920750741
0.913159191608429  0.9133273363113403           0.0  0.09917754234793508
0.9133273363113403  0.9134955406188965           0.0  0.09905065755661149
0.9134955406188965  0.9136638641357422           0.0  0.09892332561822564
0.9136638641357422  0.9138321876525878           0.0  0.09879571869585453
0.9138321876525878  0.9140006303787231  0.09866963794789169  0.09866963794789169
0.9140006303787231  0.9141691327095032           0.0  0.09854575181318767
0.9141691327095032  0.9143376350402832           0.0  0.09842307221949766
0.9143376350402832  0.9145062565803528  0.09830040642038534  0.09830040642038534
0.9145062565803528  0.9146749377250671           0.0  0.09817780088152971
0.9146749377250671  0.9148436784744264  0.09805600035792676  0.09805600035792676
0.9148436784744264  0.9150124192237854           0.0  0.09793322518555413
0.9150124192237854  0.9151812791824341           0.0  0.09780796006256262
0.9151812791824341  0.9153501987457275           0.0  0.09768111899111383
0.9153501987457275  0.9155191779136658  0.09755469512720584  0.09755469512720584
0.9155191779136658  0.9156882166862488  0.09742880458252642  0.09742880458252642
0.9156882166862488  0.9158573150634767  -0.012026156028323763  0.10314048683250598
0.9158573150634767  0.9160264730453491  0.09717556218003133  0.09717556218003133
0.9160264730453491  0.9161956906318665  0.09704855215786354  0.09704855215786354
0.9161956906318665  0.9163650274276733           0.0  0.09692350698478484
0.9163650274276733  0.9165343642234802           0.0  0.09680063960716494
0.9165343642234802  0.9167037606239319  0.19335768898410313  0.13672453307521873
0.9167037606239319  0.9168732762336731           0.0  0.09655787589789638
0.9168732762336731  0.9170427918434143           0.0  0.09643747044017786
0.9170427918434143  0.9172123670578003           0.0  0.09631633819198777
0.9172123670578003  0.9173820614814758           0.0  0.09619387720347247
0.9173820614814758  0.9175518155097961           0.0  0.09607160220308204
0.9175518155097961  0.9177215695381165  0.09595016618017774  0.09595016618017774
0.9177215695381165  0.9178914427757263           0.0  0.09582890807882984
0.9178914427757263  0.918061375617981  0.09570658496112489  0.09570658496112489
0.918061375617981  0.9182313084602356           0.0  0.0955808236427106
0.9182313084602356  0.9184013605117798           0.0  0.09545001895163123
0.9184013605117798  0.9185714721679688           0.0  0.09531681355278848
0.9185714721679688  0.9187416434288025           0.0  0.09518660396374205
0.9187416434288025  0.918911874294281           0.0  0.09506169069018836
0.918911874294281  0.9190821647644043           0.0  0.09493962503644793
0.9190821647644043  0.9192525148391724           0.0  0.0948183252388536
0.9192525148391724  0.91942298412323           0.0  0.09469893837304677
0.91942298412323  0.9195934534072876           0.0  0.0945822518245194
0.9195934534072876  0.91976398229599           0.0  0.0944661974220785
0.91976398229599  0.9199345707893372           0.0  0.09434798175202659
0.9199345707893372  0.9201052784919739           0.0  0.09422794350017541
0.9201052784919739  0.9202759861946106           0.0  0.09410763800610097
0.9202759861946106  0.920446813106537           0.0  0.09398876449975357
0.920446813106537  0.9206176996231079  0.09387153391242785  0.09387153391242785
0.9206176996231079  0.920788586139679           0.0  0.09375443550020175
0.920788586139679  0.9209595918655396           0.0  0.09363626723488697
0.9209595918655396  0.9211306571960449  0.09351736623304906  0.09351736623304906
0.9211306571960449  0.9213017821311951           0.0  0.09339958919786862
0.9213017821311951  0.9214729666709899  0.09328342665134905  0.09328342665134905
0.9214729666709899  0.9216442108154297           0.0  0.0931678177869882
0.9216442108154297  0.9218155145645143           0.0  0.09305193748558258
0.9218155145645143  0.9219868779182434  0.09293518334398385  0.09293518334398385
0.9219868779182434  0.9221583008766174  0.09281785685763413  0.09281785685763413
0.9221583008766174  0.922329843044281           0.0  0.09270179756236017
0.922329843044281  0.9225013852119446           0.0  0.09258719172832584
0.9225013852119446  0.9226729869842529           0.0  0.09247265433843148
0.9226729869842529  0.9228447079658508           0.0  0.09235696060440393
0.9228447079658508  0.9230164289474487           0.0  0.0922396962331231
0.9230164289474487  0.9231882691383363           0.0  0.09212181453817013
0.9231882691383363  0.9233601689338685           0.0  0.0920043126651918
0.9233601689338685  0.9235321283340454           0.0  0.09188850099436165
0.9235321283340454  0.9237041473388672           0.0  0.09177479923204926
0.9237041473388672  0.9238762259483337           0.0  0.09166247970627003
0.9238762259483337  0.9240483641624451           0.0  0.09155059163810193
0.9240483641624451  0.9242205619812012           0.0  0.09143816485955791
0.9242205619812012  0.9243928194046021           0.0  0.09132476994827715
0.9243928194046021  0.9245651364326477           0.0  0.09120990186814228
0.9245651364326477  0.9247375130653381           0.0  0.09109351489448811
0.9247375130653381  0.9249100089073181           0.0  0.09097675184739923
0.9249100089073181  0.9250825047492981           0.0  0.09086009279065109
0.9250825047492981  0.9252551198005676           0.0  0.0907444415615279
0.9252551198005676  0.9254277944564819           0.0  0.09063016192406076
0.9254277944564819  0.9256004691123962           0.0  0.09051634014953167
0.9256004691123962  0.9257732629776001           0.0  0.09040181673688742
0.9257732629776001  0.9259461164474487  0.09028634720443714  0.09028634720443714
0.9259461164474487  0.9261190295219421           0.0  0.0901713520469318
0.9261190295219421  0.9262920022010803           0.0  0.09005699022678415
0.9262920022010803  0.9264650344848633           0.0  0.08994276394591069
0.9264650344848633  0.9266381859779358           0.0  0.08982984857714407
0.9266381859779358  0.9268113374710083           0.0  0.08971821921540157
0.9268113374710083  0.9269845485687257           0.0  0.08960647016168402
0.9269845485687257  0.9271578788757324           0.0  0.08949350097587401
0.9271578788757324  0.9273312091827393           0.0  0.08937897966749034
0.9273312091827393  0.9275046586990356  0.0892637985984004  0.0892637985984004
0.9275046586990356  0.9276781678199768           0.0  0.0891489579024016
0.9276781678199768  0.9278517365455627           0.0  0.08903568937326789
0.9278517365455627  0.9280253648757935           0.0  0.08892419565846486
0.9280253648757935  0.9281990528106689           0.0  0.08881353171241686
0.9281990528106689  0.9283728003501892           0.0  0.08870300737401851
0.9283728003501892  0.9285466074943542           0.0  0.08859173930362782
0.9285466074943542  0.9287204742431641           0.0  0.08847970625827534
0.9287204742431641  0.9288944602012634           0.0  0.08836829677392681
0.9288944602012634  0.9290684461593628  0.08825834628474846  0.08825834628474846
0.9290684461593628  0.9292425513267517           0.0  0.08814994085327001
0.9292425513267517  0.9294166564941406           0.0  0.08804154755626763
0.9294166564941406  0.9295908808708191           0.0  0.08793261150428622
0.9295908808708191  0.9297651648521422           0.0  0.08782327494860542
0.9297651648521422  0.9299395084381104           0.0  0.08771408657478684
0.9299395084381104  0.9301139116287231           0.0  0.08760475553061559
0.9301139116287231  0.9302883744239807           0.0  0.08749483457411585
0.9302883744239807  0.9304629564285278           0.0  0.0873855870879119
0.9304629564285278  0.930637538433075  0.0872770367185243  0.0872770367185243
0.930637538433075  0.9308121800422668           0.0  0.08716755079526232
0.9308121800422668  0.9309869408607483           0.0  0.08705709287635036
0.9309869408607483  0.9311617612838745  0.08694767399969852  0.08694767399969852
0.9311617612838745  0.9313365817070007  0.17367895859127022  0.12280956936930477
0.9313365817070007  0.9315115213394165           0.0  0.08673078263238204
0.9315115213394165  0.9316865205764771           0.0  0.08662058501019169
0.9316865205764771  0.9318615794181824           0.0  0.08651042704297932
0.9318615794181824  0.9320367574691772  0.08640275514657386  0.08640275514657386
0.9320367574691772  0.9322119355201721  0.08629740223337655  0.08629740223337655
0.9322119355201721  0.9323871731758118           0.0  0.08619235517475361
0.9323871731758118  0.932562530040741           0.0  0.0860857409071733
0.932562530040741  0.9327378869056702  0.08597696795995721  0.08597696795995721
0.9327378869056702  0.9329133629798889           0.0  0.08586734364198943
0.9329133629798889  0.9330888986587524           0.0  0.08575810063006706
0.9330888986587524  0.9332644939422607           0.0  0.08565021472898567
0.9332644939422607  0.9334401488304138           0.0  0.08554315448608971
0.9334401488304138  0.9336158633232117           0.0  0.08543541156076209
0.9336158633232117  0.9337916374206543           0.0  0.08532612790854296
0.9337916374206543  0.9339674711227417  0.08521543196624218  0.08521543196624218
0.9339674711227417  0.9341434240341187           0.0  0.08510537115703425
0.9341434240341187  0.9343194365501404           0.0  0.08499773644365269
0.9343194365501404  0.9344954490661621           0.0  0.0848917127544189
0.9344954490661621  0.9346715807914734           0.0  0.0847856731101409
0.9346715807914734  0.9348477721214294           0.0  0.08467934941353573
0.9348477721214294  0.9350240230560303           0.0  0.08457387003584495
0.9350240230560303  0.9352003335952759  0.08446862559838188  0.08446862559838188
0.9352003335952759  0.9353767037391663           0.0  0.08436239008008453
0.9353767037391663  0.9355531930923462  0.08425558006740955  0.08425558006740955
0.9355531930923462  0.9357296824455261           0.0  0.08414849621451474
0.9357296824455261  0.9359062910079957           0.0  0.08404150445812397
0.9359062910079957  0.9360829591751099           0.0  0.0839350352100436
0.9360829591751099  0.9362596869468689  0.08383013456279882  0.08383013456279882
0.9362596869468689  0.9364364743232727           0.0  0.08372685926896761
0.9364364743232727  0.9366133213043213           0.0  0.08362405550761587
0.9366133213043213  0.9367902278900146           0.0  0.08352012573639062
0.9367902278900146  0.9369671940803528           0.0  0.08341442494698212
0.9369671940803528  0.9371442794799805  0.08330801828968293  0.08330801828968293
0.9371442794799805  0.9373213648796082           0.0  0.08320157771621503
0.9373213648796082  0.9374985694885254           0.0  0.08309559128879396
0.9374985694885254  0.9376758337020874           0.0  0.0829901728110756
0.9376758337020874  0.9378531575202942  0.08288572450511372  0.08288572450511372
0.9378531575202942  0.9380305409431458           0.0  0.08278213168964861
0.9380305409431458  0.9382079839706421           0.0  0.08267827022884237
0.9382079839706421  0.9383854866027832  0.08257355006215436  0.08257355006215436
0.9383854866027832  0.9385631084442139           0.0  0.08246855424722067
0.9385631084442139  0.9387407302856445           0.0  0.08236344270221281
0.9387407302856445  0.9389184713363647           0.0  0.08225850718988975
0.9389184713363647  0.9390962719917297           0.0  0.08215390236277262
0.9390962719917297  0.9392741322517395           0.0  0.08205008699476113
0.9392741322517395  0.9394520521163942           0.0  0.08194644008005685
0.9394520521163942  0.9396300315856934  -0.010115327479786933  0.08675255819717383
0.9396300315856934  0.9398081302642822           0.0  0.08173811827963921
0.9398081302642822  0.9399862289428711           0.0  0.08163448743626563
0.9399862289428711  0.9401644468307495           0.0  0.08153151947441206
0.9401644468307495  0.9403427243232726  0.08142948866020935  0.08142948866020935
0.9403427243232726  0.9405210614204407  0.08132915090047886  0.08132915090047886
0.9405210614204407  0.9406994581222534           0.0  0.0812304042057522
0.9406994581222534  0.9408779144287108           0.0  0.08113158580746641
0.9408779144287108  0.9410564303398132  -0.01001511773784141  0.08589312468032284
0.9410564303398132  0.9412350654602051           0.0  0.0809302040395628
0.9412350654602051  0.9414137005805968  0.08082834735673099  0.08082834735673099
0.9414137005805968  0.9415924549102783           0.0  0.08072651676127185
0.9415924549102783  0.9417712688446045  0.08062498822823502  0.08062498822823502
0.9417712688446045  0.9419501423835754           0.0  0.08052398979330566
0.9419501423835754  0.9421290755271912  0.08042263747694443  0.08042263747694443
0.9421290755271912  0.9423080682754517           0.0  0.08032028045540113
0.9423080682754517  0.9424871802330017           0.0  0.08021809792481543
0.9424871802330017  0.9426662921905518  0.08011665358364795  0.08011665358364795
0.9426662921905518  0.9428455233573912  0.08001603009220824  0.08001603009220824
0.9428455233573912  0.9430248141288757           0.0  0.07991601798614673
0.9430248141288757  0.9432041645050049           0.0  0.07981710062100486
0.9432041645050049  0.9433835744857788  0.1594380160641957  0.11273970233792248
0.9433835744857788  0.9435630440711975           0.0  0.07962101717634
0.9435630440711975  0.9437426328659059           0.0  0.07952323053635742
0.9437426328659059  0.943922221660614           0.0  0.0794251562253704
0.943922221660614  0.9441019296646118           0.0  0.07932675780550499
0.9441019296646118  0.9442816972732544           0.0  0.07922827081161495
0.9442816972732544  0.9444615244865417  0.07913010172831451  0.07913010172831451
0.9444615244865417  0.9446414113044739           0.0  0.07903134288650884
0.9446414113044739  0.9448213577270508           0.0  0.07893062622957531
0.9448213577270508  0.9450014233589172           0.0  0.07882921825041929
0.9450014233589172  0.9451815485954285           0.0  0.07872927523526345
0.9451815485954285  0.9453616738319397           0.0  0.07863065174170843
0.9453616738319397  0.9455419182777405           0.0  0.07853152202755179
0.9455419182777405  0.945722222328186           0.0  0.07843141281336448
0.945722222328186  0.9459026455879211           0.0  0.07833278501361771
0.9459026455879211  0.9460830688476564           0.0  0.07823618476415246
0.9460830688476564  0.9462635517120361  0.07813960283865203  0.07813960283865203
0.9462635517120361  0.9464441537857056           0.0  0.07804160773589773
0.9464441537857056  0.9466248154640198           0.0  0.07794299170300707
0.9466248154640198  0.9468055367469788           0.0  0.07784467173906598
0.9468055367469788  0.9469863176345825           0.0  0.07774626578490874
0.9469863176345825  0.9471672177314757  0.07764787437588654  0.07764787437588654
0.9471672177314757  0.9473481178283691           0.0  0.07754945543801001
0.9473481178283691  0.947529137134552           0.0  0.07745127452665281
0.947529137134552  0.9477102160453796           0.0  0.07735381605842995
0.9477102160453796  0.9478913545608521           0.0  0.0772578489590823
0.9478913545608521  0.9480725526809692           0.0  0.0771628907901839
0.9480725526809692  0.9482538104057313           0.0  0.07706705176738202
0.9482538104057313  0.9484351277351379           0.0  0.0769689905878909
0.9484351277351379  0.9486165642738342           0.0  0.07686968556210362
0.9486165642738342  0.9487980604171753           0.0  0.07677110884290593
0.9487980604171753  0.9489796161651611           0.0  0.07667407732136211
0.9489796161651611  0.9491612315177917  0.07657716213371912  0.07657716213371912
0.9491612315177917  0.9493429064750672           0.0  0.07647915136917662
0.9493429064750672  0.9495247006416321           0.0  0.0763809674167355
0.9495247006416321  0.9497064948081969  0.07628325519383099  0.07628325519383099
0.9497064948081969  0.9498884081840515           0.0  0.07618603676199313
0.9498884081840515  0.9500703811645508  0.07608855048657373  0.07608855048657373
0.9500703811645508  0.9502524137496948           0.0  0.07599111601554913
0.9502524137496948  0.9504345655441284           0.0  0.07589474309523314
0.9504345655441284  0.950616717338562  0.0757993560701664  0.0757993560701664
0.950616717338562  0.9507989883422853  0.07570489524551216  0.07570489524551216
0.9507989883422853  0.9509813189506531  0.0756110164600468  0.0756110164600468
0.9509813189506531  0.9511637091636658  0.07551774797822591  0.07551774797822591
0.9511637091636658  0.9513461589813232  0.07542442805884768  0.07542442805884768
0.9513461589813232  0.9515286684036255           0.0  0.07533045286321666
0.9515286684036255  0.9517112970352173           0.0  0.07523668970049774
0.9517112970352173  0.9518939256668091           0.0  0.07514396809809092
0.9518939256668091  0.9520766735076904  0.07505341474026091  0.07505341474026091
0.9520766735076904  0.9522594809532166  0.07496528578927636  0.07496528578927636
0.9522594809532166  0.9524423480033875           0.0  0.07487967870449287
0.9524423480033875  0.9526253342628479           0.0  0.07479591500363474
0.9526253342628479  0.9528083205223083           0.0  0.07471180806853808
0.9528083205223083  0.9529914259910583           0.0  0.07462608181175244
0.9529914259910583  0.9531745910644531           0.0  0.07453841894377375
0.9531745910644531  0.9533578157424927           0.0  0.07445000982513769
0.9533578157424927  0.9535411596298219           0.0  0.07436264017254111
0.9535411596298219  0.9537245035171509           0.0  0.07427737140501212
0.9537245035171509  0.9539079666137695           0.0  0.07419972326780795
0.9539079666137695  0.954091489315033  0.07415465715292714  0.07415465715292714
0.954091489315033  0.9542750716209412           0.0  0.07421220396945348
0.9542750716209412  0.9544587135314941           0.0  0.07452341523858211
0.9544587135314941  0.9546424150466919           0.0  0.07530312084085794
0.9546424150466919  0.9548262357711792           0.0  0.07670232530773163
0.9548262357711792  0.9550101161003113  0.0786253777857208  0.0786253777857208
0.9550101161003113  0.9551940560340881           0.0  0.08061681444279251
0.9551940560340881  0.9553780555725098  0.08206297520762701  0.08206297520762701
0.9553780555725098  0.9555621147155762           0.0  0.08252283313186065
0.9555621147155762  0.9557462930679321           0.0  0.08199472089639713
0.9557462930679321  0.9559304714202882           0.0  0.0808962945527633
0.9559304714202882  0.9561147689819336           0.0  0.07974626482426875
0.9561147689819336  0.9562991857528685           0.0  0.07884771479375709
0.9562991857528685  0.9564836025238036           0.0  0.07820297969880743
0.9564836025238036  0.9566680788993834           0.0  0.07770568590816249
0.9566680788993834  0.9568526744842529           0.0  0.07728415448207436
0.9568526744842529  0.9570373296737671  0.07691292290528795  0.07691292290528795
0.9570373296737671  0.957222044467926           0.0  0.07658277985258048
0.957222044467926  0.9574068188667297  0.07628712242833297  0.07628712242833297
0.9574068188667297  0.957591712474823           0.0  0.07603381494206275
0.957591712474823  0.957776665687561  0.07582487079348296  0.07582487079348296
0.957776665687561  0.9579616189002991           0.0  0.07565064112339732
0.9579616189002991  0.9581467509269714           0.0  0.07548871406303104
0.9581467509269714  0.9583318829536437  0.07532806446471604  0.07532806446471604
0.9583318829536437  0.9585170745849609           0.0  0.07517072776288374
0.9585170745849609  0.9587023854255676           0.0  0.07502044426893881
0.9587023854255676  0.9588877558708192  0.07486791667593193  0.07486791667593193
0.9588877558708192  0.9590731859207153  0.07470895780041081  0.07470895780041081
0.9590731859207153  0.9592586755752563           0.0  0.0745590970564558
0.9592586755752563  0.9594442844390869           0.0  0.07443231009285441
0.9594442844390869  0.9596298933029175  0.0743185968086775  0.0743185968086775
0.9596298933029175  0.9598156213760376           0.0  0.07419308709557514
0.9598156213760376  0.9600014090538025           0.0  0.0740465726254642
0.9600014090538025  0.9601873159408569  0.07390133416971224  0.07390133416971224
0.9601873159408569  0.9603732228279114           0.0  0.07377914940299368
0.9603732228279114  0.9605592489242554  0.07368458785764366  0.07368458785764366
0.9605592489242554  0.9607453346252441           0.0  0.07359924853347048
0.9607453346252441  0.9609314799308777           0.0  0.07351253122926819
0.9609314799308777  0.9611177444458008           0.0  0.07341949577429756
0.9611177444458008  0.9613040089607239           0.0  0.07331998724435668
0.9613040089607239  0.9614903926849365           0.0  0.07321380618940616
0.9614903926849365  0.9616768360137939           0.0  0.0731064318610832
0.9616768360137939  0.9618633389472961           0.0  0.07301572645886664
0.9618633389472961  0.9620499610900879           0.0  0.0729436203313414
0.9620499610900879  0.9622365832328796  -0.009007271292854967  0.07724948387410913
0.9622365832328796  0.9624233245849608  0.07280351954404105  0.07280351954404105
0.9624233245849608  0.962610125541687           0.0  0.07272466373253432
0.962610125541687  0.9627970457077026           0.0  0.07264948985259109
0.9627970457077026  0.9629839658737184           0.0  0.07257667539289216
0.9629839658737184  0.9631710052490234           0.0  0.07249845522301326
0.9631710052490234  0.9633581042289734           0.0  0.07241614112592512
0.9633581042289734  0.963545262813568           0.0  0.07234449611128514
0.963545262813568  0.9637324810028076  0.07228866504677457  0.07228866504677457
0.9637324810028076  0.9639198184013367           0.0  0.07223725618142886
0.9639198184013367  0.9641072154045105  0.07217640945759329  0.07217640945759329
0.9641072154045105  0.9642946720123292           0.0  0.07210940580225163
0.9642946720123292  0.9644821882247925           0.0  0.07204240642003577
0.9644821882247925  0.9646698236465454           0.0  0.071974261446192
0.9646698236465454  0.9648574590682983  0.07190762825410869  0.07190762825410869
0.9648574590682983  0.9650452136993408  0.07185061446807009  0.07185061446807009
0.9650452136993408  0.965233027935028           0.0  0.07181039614190041
0.965233027935028  0.9654209613800049  0.07178327639865222  0.07178327639865222
0.9654209613800049  0.9656088948249817           0.0  0.07176275839042739
0.9656088948249817  0.965796947479248           0.0  0.07174677420068599
0.965796947479248  0.9659850597381592           0.0  0.07174097183816069
0.9659850597381592  0.9661732912063599           0.0  0.07175106651465683
0.9661732912063599  0.9663615226745605  0.07177658607191149  0.07177658607191149
0.9663615226745605  0.9665498733520509           0.0  0.07182538466391447
0.9665498733520509  0.9667382836341858           0.0  0.07190792016910502
0.9667382836341858  0.9669267535209655           0.0  0.07203309578976048
0.9669267535209655  0.967115342617035           0.0  0.07219459636208872
0.967115342617035  0.967303991317749           0.0  0.07240252114247341
0.967303991317749  0.9674926996231079           0.0  0.07270461383015872
0.9674926996231079  0.9676814675331116           0.0  0.07316432484160397
0.9676814675331116  0.96787029504776  0.07383557868091996  0.07383557868091996
0.96787029504776  0.968059241771698           0.0  0.07472138823119413
0.968059241771698  0.9682482481002808           0.0  0.07569546428986289
0.9682482481002808  0.9684373140335083  0.07633079835712875  0.07633079835712875
0.9684373140335083  0.9686264395713806           0.0  0.07608202625504452
0.9686264395713806  0.9688156843185424           0.0  0.07473094885685939
0.9688156843185424  0.9690049886703491           0.0  0.07260746502397843
0.9690049886703491  0.9691943526268005           0.0  0.07036890463557351
0.9691943526268005  0.9693837761878967  0.06856960834901428  0.06856960834901428
0.9693837761878967  0.9695733189582825  0.06743691158525153  0.06743691158525153
0.9695733189582825  0.969762921333313           0.0  0.06686831268984511
0.969762921333313  0.9699525833129883           0.0  0.0666177734994359
0.9699525833129883  0.9701423048973083           0.0  0.06649206278612428
0.9701423048973083  0.9703320860862732           0.0  0.06640024938658831
0.9703320860862732  0.9705219864845275  0.06631433706007686  0.06631433706007686
0.9705219864845275  0.9707119464874269           0.0  0.0662294480863895
0.9707119464874269  0.9709020256996155           0.0  0.06614629086024014
0.9709020256996155  0.9710921049118042  0.06606444290001275  0.06606444290001275
0.9710921049118042  0.9712823033332825           0.0  0.0659829522841397
0.9712823033332825  0.9714725613594056           0.0  0.06590097734741476
0.9714725613594056  0.9716628789901733           0.0  0.06581842929326577
0.9716628789901733  0.9718533158302307           0.0  0.06573592899475092
0.9718533158302307  0.9720438122749329  0.06565434264706513  0.06565434264706513
0.9720438122749329  0.9722343683242798           0.0  0.06557408076883772
0.9722343683242798  0.9724249839782715           0.0  0.0654944531602977
0.9724249839782715  0.9726157188415527           0.0  0.06541496164149765
0.9726157188415527  0.972806453704834           0.0  0.06533468323561147
0.972806453704834  0.9729973077774048  0.06525335622145778  0.06525335622145778
0.9729973077774048  0.9731882810592651  0.06517187206907603  0.06517187206907603
0.9731882810592651  0.9733792543411255           0.0  0.06509107175020339
0.9733792543411255  0.9735703468322754  0.06501082874335254  0.06501082874335254
0.9735703468322754  0.9737614989280701           0.0  0.06493054165342052
0.9737614989280701  0.9739527702331543           0.0  0.06485100566149404
0.9739527702331543  0.9741440415382385  0.1295440885379342  0.09160150346780378
0.9741440415382385  0.9743354320526123           0.0  0.06469272451384192
0.9743354320526123  0.974526882171631  0.06461240639186934  0.06461240639186934
0.974526882171631  0.974718451499939           0.0  0.06453253310468256
0.974718451499939  0.9749100804328918           0.0  0.06445417297901315
0.9749100804328918  0.9751017093658447           0.0  0.06437626690197533
0.9751017093658447  0.9752935171127319           0.0  0.0642980583682141
0.9752935171127319  0.9754853248596191           0.0  0.06421931964224606
0.9754853248596191  0.9756772518157959           0.0  0.06414091659683575
0.9756772518157959  0.9758692383766174           0.0  0.06406269358920426
0.9758692383766174  0.9760612845420837           0.0  0.06398429809069525
0.9760612845420837  0.9762534499168396           0.0  0.06390553958400538
0.9762534499168396  0.9764456152915955  0.06382582249954787  0.06382582249954787
0.9764456152915955  0.9766379594802856           0.0  0.06374589340074566
0.9766379594802856  0.9768303036689758           0.0  0.06366645220081607
0.9768303036689758  0.9770227670669556           0.0  0.0635878937008886
0.9770227670669556  0.9772152304649353           0.0  0.06350891538038787
0.9772152304649353  0.9774078726768494  0.06342941392647163  0.06342941392647163
0.9774078726768494  0.9776005148887634           0.0  0.06334975950881729
0.9776005148887634  0.977793276309967  0.06327082222506933  0.06327082222506933
0.977793276309967  0.9779860973358154           0.0  0.06319241253025175
0.9779860973358154  0.9781789779663086           0.0  0.06311420520171923
0.9781789779663086  0.9783719778060913           0.0  0.0630360829783025
0.9783719778060913  0.978564977645874           0.0  0.06295754591192568
0.978564977645874  0.9787581562995911           0.0  0.06287931996938026
0.9787581562995911  0.9789513349533081           0.0  0.06280186820365281
0.9789513349533081  0.9791446328163147           0.0  0.06272529245341485
0.9791446328163147  0.9793379306793214           0.0  0.06264812096131964
0.9793379306793214  0.9795314073562623           0.0  0.06257031196642433
0.9795314073562623  0.979724884033203           0.0  0.06249237494866176
0.979724884033203  0.9799184799194336  0.12483010441949631  0.08826821333125066
0.9799184799194336  0.9801121354103088           0.0  0.062337927070420324
0.9801121354103088  0.980305850505829           0.0  0.06226029283591859
0.980305850505829  0.9804996848106385  0.06218233634503179  0.06218233634503179
0.9804996848106385  0.9806935787200928  0.12420893976989163  0.08782898359528182
0.9806935787200928  0.9808875322341919           0.0  0.06202685493635266
0.9808875322341919  0.9810816049575806  0.06194956216421568  0.06194956216421568
0.9810816049575806  0.981275737285614           0.0  0.061872903369648694
0.981275737285614  0.9814699292182922           0.0  0.06179686672739818
0.9814699292182922  0.9816641807556152  0.061720583542802125  0.061720583542802125
0.9816641807556152  0.9818585515022278           0.0  0.061644025428915186
0.9818585515022278  0.9820529818534851           0.0  0.061567872299837054
0.9820529818534851  0.9822474718093872  0.06149194131196656  0.06149194131196656
0.9822474718093872  0.9824420213699341           0.0  0.061415071827089183
0.9824420213699341  0.9826366901397704  0.06133712170152017  0.06133712170152017
0.9826366901397704  0.9828314185142517           0.0  0.06125928429685691
0.9828314185142517  0.9830262660980225           0.0  0.0611829011235991
0.9830262660980225  0.9832211136817932           0.0  0.061107168495732694
0.9832211136817932  0.9834160804748535           0.0  0.06103123826959603
0.9834160804748535  0.9836111664772034           0.0  0.06095564458612783
0.9836111664772034  0.9838062524795532  0.06088097495556222  0.06088097495556222
0.9838062524795532  0.9840014576911926           0.0  0.06080682720683175
0.9840014576911926  0.9841967225074769           0.0  0.06073217490393281
0.9841967225074769  0.9843921065330505  0.06065764618943363  0.06065764618943363
0.9843921065330505  0.984587550163269           0.0  0.060584206429098904
0.984587550163269  0.9847830533981323  0.1210233187275768  0.08557640935397046
0.9847830533981323  0.9849786162376404           0.0  0.06043872036470735
0.9849786162376404  0.985174298286438           0.0  0.06036497868728664
0.985174298286438  0.9853700399398804           0.0  0.0602909531699556
0.9853700399398804  0.9855658411979675           0.0  0.06021688613814426
0.9855658411979675  0.9857617616653443           0.0  0.06014278558484658
0.9857617616653443  0.9859577417373657  0.06006869406061402  0.06006869406061402
0.9859577417373657  0.986153781414032           0.0  0.05999468958980293
0.986153781414032  0.9863499402999877           0.0  0.059921068061983766
0.9863499402999877  0.9865461587905884  0.0598482606705419  0.0598482606705419
0.9865461587905884  0.9867424368858337           0.0  0.05977593259685272
0.9867424368858337  0.9869387745857239           0.0  0.059702601785916416
0.9869387745857239  0.9871352314949037           0.0  0.05962773402201364
0.9871352314949037  0.987331748008728  0.05955249446178398  0.05955249446178398
0.987331748008728  0.9875283837318422           0.0  0.05947868548211442
0.9875283837318422  0.9877250194549559           0.0  0.059405843975594584
0.9877250194549559  0.9879217743873596           0.0  0.05933288706057706
0.9879217743873596  0.9881186485290527           0.0  0.059259948069670186
0.9881186485290527  0.9883155226707458           0.0  0.05918735061889784
0.9883155226707458  0.9885125160217285           0.0  0.059115151512343894
0.9885125160217285  0.9887096285820008  0.059043546177491746  0.059043546177491746
0.9887096285820008  0.9889067411422729           0.0  0.0589722760512876
0.9889067411422729  0.9891039729118347  0.1767023628162445  0.10201915673840167
0.9891039729118347  0.989301323890686           0.0  0.05882915889138148
0.989301323890686  0.9894986748695374  0.05875772566177987  0.05875772566177987
0.9894986748695374  0.9896961450576782  0.058686143570197365  0.058686143570197365
0.9896961450576782  0.9898936748504638           0.0  0.05861348267788912
0.9898936748504638  0.9900913238525391  0.11708093675098016  0.08278872432429135
0.9900913238525391  0.990289032459259  0.058467931335714755  0.058467931335714755
0.990289032459259  0.9904868006706238           0.0  0.05839605852719158
0.9904868006706238  0.9906846880912781           0.0  0.05832470041629678
0.9906846880912781  0.9908825755119324           0.0  0.05825316871415167
0.9908825755119324  0.991080641746521           0.0  0.058181777729841955
0.991080641746521  0.9912787079811095           0.0  0.05811049317486152
0.9912787079811095  0.9914768934249878           0.0  0.058039502496885755
0.9914768934249878  0.9916751384735107           0.0  0.0579686136360132
0.9916751384735107  0.9918735027313232  0.057898535345603803  0.057898535345603803
0.9918735027313232  0.9920719265937805  0.05782989163583396  0.05782989163583396
0.9920719265937805  0.9922704100608826           0.0  0.057761878652685145
0.9922704100608826  0.9924689531326295  0.0576927896399631  0.0576927896399631
0.9924689531326295  0.9926676154136658           0.0  0.05762200910081439
0.9926676154136658  0.9928663372993469  0.05755029523345172  0.05755029523345172
0.9928663372993469  0.9930651783943176  0.11495833388147161  0.08128781744149582
0.9930651783943176  0.9932640790939331           0.0  0.057409243750696885
0.9932640790939331  0.9934630393981934           0.0  0.05733979901654641
0.9934630393981934  0.9936620593070984           0.0  0.057269435332971276
0.9936620593070984  0.993861198425293           0.0  0.05719791868797923
0.993861198425293  0.9940603971481323           0.0  0.05712610194034616
0.9940603971481323  0.9942597150802612  0.057055364463821014  0.057055364463821014
0.9942597150802612  0.9944590926170349  0.056986088239855605  0.056986088239855605
0.9944590926170349  0.9946585297584535           0.0  0.05691788821976676
0.9946585297584535  0.9948580861091614           0.0  0.056850270376833274
0.9948580861091614  0.9950576424598695  0.05678249425408394  0.05678249425408394
0.9950576424598695  0.9952573776245117           0.0  0.05671501591779215
0.9952573776245117  0.9954571127891541  0.056648124901645155  0.056648124901645155
0.9954571127891541  0.9956569671630859           0.0  0.05658294395561429
0.9956569671630859  0.9958569407463074           0.0  0.05652044339771876
0.9958569407463074  0.9960569143295288  0.05646063203676213  0.05646063203676213
0.9960569143295288  0.9962570071220398           0.0  0.05640246446123028
0.9962570071220398  0.9964571595191957           0.0  0.05634449627999922
0.9964571595191957  0.9966574311256409  0.05628701621414478  0.05628701621414478
0.9966574311256409  0.996857762336731           0.0  0.056231120769849645
0.996857762336731  0.9970582127571106           0.0  0.05617770863589004
0.9970582127571106  0.9972586631774902           0.0  0.05612618530741458
0.9972586631774902  0.9974592328071594           0.0  0.05607707359141618
0.9974592328071594  0.9976599216461182           0.0  0.056038388929682534
0.9976599216461182  0.9978606700897217           0.0  0.05603829705886707
0.9978606700897217  0.99806147813797           0.0  0.05614764411206582
0.99806147813797  0.998262345790863           0.0  0.056495475006442926
0.998262345790863  0.9984633326530457  0.05723884763061355  0.05723884763061355
0.9984633326530457  0.9986643791198729  0.11694201100742847  0.08269048898894456
0.9986643791198729  0.99886554479599  0.12018963296414101  0.08498690449726633
0.99886554479599  0.9990667700767518           0.0  0.06185084151377895
0.9990667700767518  0.9992680549621582           0.0  0.06350787530105567
0.9992680549621582  0.9994694590568542  0.12998975396911475  0.09191663651633197
0.9994694590568542  0.9996709227561951           0.0  0.06635611255127664
0.9996709227561951  0.9998724460601807           0.0  0.06761907188050502
0.9998724460601807  1.0000741481781006           0.0  0.06880765058802291
1.0000741481781006  1.0002758502960205  0.06993440223925834  0.06993440223925834
1.0002758502960205  1.0004775524139404           0.0  0.07098702935011805
1.0004775524139404  1.0006794929504395           0.0  0.07189144464407676
1.0006794929504395  1.0008814334869385  0.07246923974366726  0.07246923974366726
1.0008814334869385  1.001083493232727           0.0  0.07246650952276323
1.001083493232727  1.0012855529785156  0.07169341730936414  0.07169341730936414
1.0012855529785156  1.0014877319335938           0.0  0.07025707143053758
1.0014877319335938  1.0016900300979614  0.06858769770036637  0.06858769770036637
1.0016900300979614  1.0018924474716187           0.0  0.06710612386469278
1.0018924474716187  1.0020948648452759           0.0  0.06598650037751586
1.0020948648452759  1.0022974014282227           0.0  0.06516201997533479
1.0022974014282227  1.0024999380111694  0.06452667151570617  0.06452667151570617
1.0024999380111694  1.0027027130126953  0.1280003307019565  0.09050990183347407
1.0027027130126953  1.0029054880142212           0.0  0.06353965410972687
1.0029054880142212  1.003108263015747  0.06312489213795829  0.06312489213795829
1.003108263015747  1.003311276435852  0.06275196523276416  0.06275196523276416
1.003311276435852  1.003514289855957  0.06242514976116905  0.06242514976116905
1.003514289855957  1.003717303276062  0.062142424662353694  0.062142424662353694
1.003717303276062  1.003920555114746  0.061901329154235324  0.061901329154235324
1.003920555114746  1.0041238069534302  0.12338076620173838  0.0872433764492412
1.0041238069534302  1.0043271780014038           0.0  0.06149815003826322
1.0043271780014038  1.0045305490493774           0.0  0.06131156005042523
1.0045305490493774  1.0047340393066406           0.0  0.061121071188335756
1.0047340393066406  1.0049376487731934           0.0  0.060933125254959954
1.0049376487731934  1.0051413774490356  0.06075802473444896  0.06075802473444896
1.0051413774490356  1.005345106124878           0.0  0.06060945135309948
1.005345106124878  1.0055489540100098  0.0604865992473204  0.0604865992473204
1.0055489540100098  1.0057529211044312           0.0  0.06038729405397288
1.0057529211044312  1.0059568881988525  0.06029601951979348  0.06029601951979348
1.0059568881988525  1.0061609745025635  0.060195601844726374  0.060195601844726374
1.0061609745025635  1.006365180015564           0.0  0.060081984518771774
1.006365180015564  1.0065693855285645           0.0  0.05996047855417819
1.0065693855285645  1.0067737102508545           0.0  0.059848407934892704
1.0067737102508545  1.006978154182434           0.0  0.05975682536785264
1.006978154182434  1.0071827173233032           0.0  0.05969378306992415
1.0071827173233032  1.0073872804641724           0.0  0.059653575956603234
1.0073872804641724  1.007591962814331  0.059627557583250244  0.059627557583250244
1.007591962814331  1.0077966451644897           0.0  0.059601468936981566
1.0077966451644897  1.0080015659332275  0.05956470670293406  0.05956470670293406
1.0080015659332275  1.0082064867019653           0.0  0.0595208127336198
1.0082064867019653  1.0084114074707031  0.05947869827271611  0.05947869827271611
1.0084114074707031  1.00861656665802           0.0  0.059451317039033814
1.00861656665802  1.008821725845337  0.11888444460571239  0.08406399695829571
1.008821725845337  1.0090268850326538           0.0  0.05944405356081225
1.0090268850326538  1.0092322826385498           0.0  0.059443880872749266
1.0092322826385498  1.0094376802444458  0.0594330974931479  0.0594330974931479
1.0094376802444458  1.0096431970596313  0.05941612629588298  0.05941612629588298
1.0096431970596313  1.0098488330841064  0.05940168233223466  0.05940168233223466
1.0098488330841064  1.0100544691085815  0.05940173851758574  0.05940173851758574
1.0100544691085815  1.0102602243423462  0.059419671772334384  0.059419671772334384
1.0102602243423462  1.0104660987854004           0.0  0.05946400488881746
1.0104660987854004  1.0106719732284546           0.0  0.059536542523217155
1.0106719732284546  1.0108779668807983  0.059637128978157  0.059637128978157
1.0108779668807983  1.0110840797424316           0.0  0.05976048367038873
1.0110840797424316  1.0112903118133545  0.059901972089242535  0.059901972089242535
1.0112903118133545  1.0114965438842773           0.0  0.0600682950705176
1.0114965438842773  1.0117028951644897  0.06027206956195212  0.06027206956195212
1.0117028951644897  1.0119092464447021           0.0  0.06053490938561424
1.0119092464447021  1.0121158361434937           0.0  0.06086969738115953
1.0121158361434937  1.0123224258422852  0.06129896972033723  0.06129896972033723
1.0123224258422852  1.0125291347503662           0.0  0.06186003195182746
1.0125291347503662  1.0127358436584473           0.0  0.06262927491627934
1.0127358436584473  1.0129426717758179           0.0  0.06370836533771539
1.0129426717758179  1.013149619102478  0.06513737460480455  0.06513737460480455
1.013149619102478  1.0133566856384277           0.0  0.06673620692343486
1.0133566856384277  1.0135637521743774           0.0  0.06803284647044357
1.0135637521743774  1.0137709379196167  0.06855710326285533  0.06855710326285533
1.0137709379196167  1.0139782428741455  0.06822200211856366  0.06822200211856366
1.0139782428741455  1.0141855478286743           0.0  0.06730584046447899
1.0141855478286743  1.0143929719924927  0.06612972491305369  0.06612972491305369
1.0143929719924927  1.0146005153656006  0.06485256239011167  0.06485256239011167
1.0146005153656006  1.014808177947998           0.0  0.06354051432128738
1.014808177947998  1.0150158405303955  0.062198100304569647  0.062198100304569647
1.0150158405303955  1.0152236223220825           0.0  0.06080281792590474
1.0152236223220825  1.015431523323059  0.059303638885548425  0.059303638885548425
1.015431523323059  1.0156394243240356  0.0576387242307222  0.0576387242307222
1.0156394243240356  1.0158474445343018  0.11159854306798384  0.07891208657391036
1.0158474445343018  1.0160555839538574           0.0  0.05389079184489412
1.0160555839538574  1.0162638425827026           0.0  0.052189603084699644
1.0162638425827026  1.0164721012115479           0.0  0.05095223171159296
1.0164721012115479  1.0166804790496826           0.0  0.05024120509936903
1.0166804790496826  1.016888976097107           0.0  0.04991138224166084
1.016888976097107  1.0170974731445312  0.09953279213744874  0.07038031227082109
1.0170974731445312  1.0173060894012451           0.0  0.04968382450104508
1.0173060894012451  1.0175148248672485  0.04961612046694491  0.04961612046694491
1.0175148248672485  1.0177236795425415  0.09910478543823256  0.07007766583141206
1.0177236795425415  1.0179325342178345           0.0  0.04949054697005183
1.0179325342178345  1.018141508102417  0.04942903966695771  0.04942903966695771
1.018141508102417  1.018350601196289           0.0  0.049367023692459315
1.018350601196289  1.0185596942901611           0.0  0.0493043417062532
1.0185596942901611  1.0187690258026123           0.0  0.04924245309133527
1.0187690258026123  1.0189783573150635           0.0  0.04918219922037765
1.0189783573150635  1.0191876888275146  0.049122694602200805  0.049122694602200805
1.0191876888275146  1.019397258758545           0.0  0.049063336126680866
1.019397258758545  1.0196068286895752           0.0  0.04900414196295112
1.0196068286895752  1.0198163986206055  0.09788891646720503  0.06921791663696418
1.0198163986206055  1.0200262069702148  0.04888367506130292  0.04888367506130292
1.0200262069702148  1.0202360153198242  0.04882202280824068  0.04882202280824068
1.0202360153198242  1.0204459428787231  0.04876078283182673  0.04876078283182673
1.0204459428787231  1.0206559896469116  0.048700189252368624  0.048700189252368624
1.0206559896469116  1.0208660364151           0.0  0.0486399518616582
1.0208660364151  1.0210763216018677  0.04858093002029415  0.04858093002029415
1.0210763216018677  1.0212864875793457           0.0  0.04852222469033133
1.0212864875793457  1.0214968919754028  0.09692646559114186  0.06853736109594098
1.0214968919754028  1.02170729637146  0.14520868956582275  0.08383627600950055
1.02170729637146  1.0219178199768066  0.14502444257921226  0.08372990096218363
1.0219178199768066  1.0221284627914429           0.0  0.048279966034359786
1.0221284627914429  1.0223392248153687  0.048219853045953616  0.048219853045953616
1.0223392248153687  1.0225499868392944  0.04816129483947029  0.04816129483947029
1.0225499868392944  1.0227608680725098  0.048103253097120144  0.048103253097120144
1.0227608680725098  1.0229718685150146           0.0  0.04804521246614931
1.0229718685150146  1.0231828689575195  0.04798704575604765  0.04798704575604765
1.0231828689575195  1.023393988609314  0.04792874002179444  0.04792874002179444
1.023393988609314  1.023605227470398  0.047872352509700504  0.047872352509700504
1.023605227470398  1.0238165855407715           0.0  0.04782328237720947
1.0238165855407715  1.024027943611145           0.0  0.047787457518892934
1.024027943611145  1.024239420890808  0.09553952305229253  0.06755664462160453
1.024239420890808  1.0244510173797607  0.047767774488232  0.047767774488232
1.0244510173797607  1.024662733078003           0.0  0.04777911421632074
1.024662733078003  1.0248744487762451  0.09560484003997875  0.06760283070652413
1.0248744487762451  1.0250862836837769           0.0  0.04782958313246214
1.0250862836837769  1.0252982378005981           0.0  0.04784594588325583
1.0252982378005981  1.0255101919174194           0.0  0.04783128942260067
1.0255101919174194  1.0257222652435303  0.04777317309198237  0.04777317309198237
1.0257222652435303  1.0259344577789307           0.0  0.04767361027691057
1.0259344577789307  1.0261467695236206           0.0  0.04754669655523254
1.0261467695236206  1.0263592004776           0.0  0.04741431045133143
1.0263592004776  1.0265716314315796           0.0  0.04729379634188762
1.0265716314315796  1.0267841815948486           0.0  0.047195762527991125
1.0267841815948486  1.0269967317581177  0.08841629063655874  0.06866599579838845
1.0269967317581177  1.0272095203399658           0.0  0.04706303403632458
1.0272095203399658  1.027422308921814           0.0  0.04702143639165743
1.027422308921814  1.0276352167129517           0.0  0.04698927178925701
1.0276352167129517  1.0278481245040894           0.0  0.04695433043149102
1.0278481245040894  1.0280612707138062           0.0  0.046907820091493906
1.0280612707138062  1.028274416923523  0.09369986134392715  0.06625580735253014
1.028274416923523  1.0284876823425293           0.0  0.04678444498431143
1.0284876823425293  1.0287009477615356  0.09342193633725721  0.0660592846956525
1.0287009477615356  1.028914451599121           0.0  0.04663152832911687
1.028914451599121  1.0291279554367065  0.046550316403601556  0.046550316403601556
1.0291279554367065  1.029341459274292           0.0  0.04647264989293495
1.029341459274292  1.0295552015304565           0.0  0.04640062015406176
1.0295552015304565  1.029768943786621  0.046334228289758174  0.046334228289758174
1.029768943786621  1.0299828052520752  0.04627388828078037  0.04627388828078037
1.0299828052520752  1.0301967859268188  0.04622126494060355  0.04622126494060355
1.0301967859268188  1.030410885810852  0.04617590661891513  0.04617590661891513
1.030410885810852  1.0306249856948853  0.0461321865361321  0.0461321865361321
1.0306249856948853  1.030839204788208  0.046082676454665066  0.046082676454665066
1.030839204788208  1.0310535430908203           0.0  0.04602493784884919
1.0310535430908203  1.0312678813934326           0.0  0.045963759590632085
1.0312678813934326  1.031482458114624  0.045904362529509815  0.045904362529509815
1.031482458114624  1.0316970348358154           0.0  0.04584822717511122
1.0316970348358154  1.0319116115570068  0.04579291150943844  0.04579291150943844
1.0319116115570068  1.0321264266967773           0.0  0.045737986647743194
1.0321264266967773  1.0323412418365479  0.045682772433711216  0.045682772433711216
1.0323412418365479  1.032556176185608           0.0  0.04562736310530857
1.032556176185608  1.0327712297439575           0.0  0.04557258187533635
1.0327712297439575  1.0329862833023071  0.04551897403574378  0.04551897403574378
1.0329862833023071  1.0332015752792358  0.045466884569592775  0.045466884569592775
1.0332015752792358  1.0334168672561646           0.0  0.045415264533726026
1.0334168672561646  1.0336322784423828           0.0  0.045363409547891705
1.0336322784423828  1.033847689628601           0.0  0.04531012706575625
1.033847689628601  1.0340632200241089           0.0  0.04525511012138761
1.0340632200241089  1.0342788696289062  0.09039656952907983  0.06392002731001359
1.0342788696289062  1.0344946384429932           0.0  0.045141005021511235
1.0344946384429932  1.0347105264663696           0.0  0.04508601566018255
1.0347105264663696  1.034926414489746           0.0  0.04503480794417538
1.034926414489746  1.035142421722412           0.0  0.04498682901752233
1.035142421722412  1.0353585481643677  0.04494186248838349  0.04494186248838349
1.0353585481643677  1.0355747938156128  0.044900650099180886  0.044900650099180886
1.0355747938156128  1.035791039466858  0.04486624952704906  0.04486624952704906
1.035791039466858  1.0360074043273926  0.1794144178258525  0.08970720891292625
1.0360074043273926  1.0362238883972168  0.04490954024362643  0.04490954024362643
1.0362238883972168  1.036440372467041           0.0  0.045130088932114565
1.036440372467041  1.0366570949554443  0.04565766774631623  0.04565766774631623
1.0366570949554443  1.0368738174438477           0.0  0.046598729845506275
1.0368738174438477  1.0370906591415405  0.047909508015343175  0.047909508015343175
1.0370906591415405  1.0373075008392334  0.04935857978441012  0.04935857978441012
1.0373075008392334  1.0375245809555054           0.0  0.05067922093255047
1.0375245809555054  1.0377416610717773  0.045292478333095  0.05478056166370635
1.0377416610717773  1.0379588603973389  0.05223021477101216  0.05223021477101216
1.0379588603973389  1.03817617893219           0.0  0.05220844393290664
1.03817617893219  1.038393497467041           0.0  0.05162147883451597
1.038393497467041  1.0386109352111816  0.050724522831220184  0.050724522831220184
1.0386109352111816  1.0388284921646118  0.04984834562723459  0.04984834562723459
1.0388284921646118  1.0390461683273315           0.0  0.049181232454278724
1.0390461683273315  1.0392639636993408  0.09744059144690885  0.06890090297493716
1.0392639636993408  1.03948175907135  0.09678478814390569  0.06843718001225908
1.03948175907135  1.039699673652649           0.0  0.04814183224591647
1.039699673652649  1.0399177074432373           0.0  0.04792265400287909
1.0399177074432373  1.0401357412338257  0.04770571804696527  0.04770571804696527
1.0401357412338257  1.0403540134429932           0.0  0.047482268752331545
1.0403540134429932  1.0405722856521606  0.04726333294291021  0.04726333294291021
1.0405722856521606  1.0407906770706177  0.23527094870617857  0.10521636688757631
1.0407906770706177  1.0410090684890747  0.04684423080509519  0.04684423080509519
1.0410090684890747  1.0412276983261108  0.04662065854770217  0.04662065854770217
1.0412276983261108  1.041446328163147  0.04640101546466019  0.04640101546466019
1.041446328163147  1.0416650772094727  0.046213546614566677  0.046213546614566677
1.0416650772094727  1.041883945465088           0.0  0.046068476045986365
1.041883945465088  1.0421028137207031           0.0  0.04594869124811223
1.0421028137207031  1.0423219203948975  0.04583899069972165  0.04583899069972165
1.0423219203948975  1.0425410270690918           0.0  0.0457384325438634
1.0425410270690918  1.0427601337432861           0.0  0.04564769629029497
1.0427601337432861  1.0429794788360596           0.0  0.0455577252067324
1.0429794788360596  1.043198823928833  0.04546385656661678  0.04546385656661678
1.043198823928833  1.0434184074401855  0.04537224291856022  0.04537224291856022
1.0434184074401855  1.0436378717422485           0.0  0.045294539516540944
1.0436378717422485  1.0438575744628906           0.0  0.04522953880544311
1.0438575744628906  1.0440773963928223  0.04517189290998147  0.04517189290998147
1.0440773963928223  1.044297218322754  0.0451143008552759  0.0451143008552759
1.044297218322754  1.044517159461975           0.0  0.04505633224208043
1.044517159461975  1.0447372198104858           0.0  0.044994875841149536
1.0447372198104858  1.0449572801589966           0.0  0.04492622852589464
1.0449572801589966  1.0451775789260864  0.13457759743271155  0.0776984121046691
1.0451775789260864  1.0453978776931763  0.04480357631808409  0.04480357631808409
1.0453978776931763  1.0456182956695557  0.04475987745018264  0.04475987745018264
1.0456182956695557  1.045838713645935  0.044717121043113955  0.044717121043113955
1.045838713645935  1.0460593700408936  0.044670364824723155  0.044670364824723155
1.0460593700408936  1.046280026435852           0.0  0.04462472777403441
1.046280026435852  1.0465008020401  0.04458288563445565  0.04458288563445565
1.0465008020401  1.0467216968536377  0.04454073312142651  0.04454073312142651
1.0467216968536377  1.0469427108764648           0.0  0.04449577455895464
1.0469427108764648  1.047163724899292           0.0  0.0444549892238841
1.047163724899292  1.0473848581314087  0.08884976827898786  0.06282627365692572
1.0473848581314087  1.047606110572815           0.0  0.044404244894574
1.047606110572815  1.0478274822235107           0.0  0.04438111446654749
1.0478274822235107  1.0480488538742065           0.0  0.0443460350835346
1.0480488538742065  1.0482704639434814  0.044301941371208436  0.044301941371208436
1.0482704639434814  1.0484920740127563  0.04425899517688196  0.04425899517688196
1.0484920740127563  1.0487138032913208  0.132664563226769  0.0765939212908992
1.0487138032913208  1.0489355325698853           0.0  0.04418641167956163
1.0489355325698853  1.0491575002670288           0.0  0.04416391971695896
1.0491575002670288  1.0493794679641724           0.0  0.044161991611799144
1.0493794679641724  1.0496015548706055           0.0  0.04417520998547086
1.0496015548706055  1.0498237609863281  0.04418791022945715  0.04418791022945715
1.0498237609863281  1.0500460863113403           0.0  0.04420002317426783
1.0500460863113403  1.0502684116363525  0.044227975630647766  0.044227975630647766
1.0502684116363525  1.0504908561706543  0.08855630615981379  0.06261876460243636
1.0504908561706543  1.0507134199142456           0.0  0.04434485776347983
1.0507134199142456  1.0509361028671265           0.0  0.04442942991819253
1.0509361028671265  1.0511587858200073           0.0  0.04455024133526195
1.0511587858200073  1.0513817071914673  0.044712920766417134  0.044712920766417134
1.0513817071914673  1.0516046285629272  0.04491317554463949  0.04491317554463949
1.0516046285629272  1.0518276691436768           0.0  0.04516347969559052
1.0518276691436768  1.0520508289337158  0.04550920705735062  0.04550920705735062
1.0520508289337158  1.0522739887237549           0.0  0.04601955403767771
1.0522739887237549  1.052497386932373           0.0  0.046722293830027614
1.052497386932373  1.0527207851409912  0.047534298722588186  0.047534298722588186
1.0527207851409912  1.052944302558899  0.04817015389329873  0.04817015389329873
1.052944302558899  1.0531678199768066  0.04829036746404157  0.04829036746404157
1.0531678199768066  1.0533915758132935           0.0  0.04776667440601695
1.0533915758132935  1.0536153316497803           0.0  0.0467328362509851
1.0536153316497803  1.0538392066955566  0.04539137853948881  0.04539137853948881
1.0538392066955566  1.0540632009506226           0.0  0.04389627542444032
1.0540632009506226  1.054287314414978  0.04244822707544399  0.04244822707544399
1.054287314414978  1.0545114278793335  0.04128427992354944  0.04128427992354944
1.0545114278793335  1.054735779762268           0.0  0.040536164637975075
1.054735779762268  1.0549601316452026  0.04015537109728811  0.04015537109728811
1.0549601316452026  1.0551846027374268           0.0  0.039990560321524884
1.0551846027374268  1.0554090738296509  0.03991150354806722  0.03991150354806722
1.0554090738296509  1.055633783340454           0.0  0.039856124455974126
1.055633783340454  1.0558584928512573  0.07961160779333501  0.05629390773183098
1.0558584928512573  1.05608332157135  0.07951372629925746  0.056224695063616076
1.05608332157135  1.0563082695007324  0.03970832576900475  0.03970832576900475
1.0563082695007324  1.0565333366394043  0.11898011956547974  0.06869320405934359
1.0565333366394043  1.0567584037780762           0.0  0.039611486873433556
1.0567584037780762  1.0569837093353271           0.0  0.03956295092668761
1.0569837093353271  1.0572090148925781  0.03951490280896547  0.03951490280896547
1.0572090148925781  1.0574344396591187  0.039467662281295224  0.039467662281295224
1.0574344396591187  1.0576599836349487  0.03942071015705904  0.03942071015705904
1.0576599836349487  1.0578855276107788  0.0393728312011199  0.0393728312011199
1.0578855276107788  1.0581111907958984           0.0  0.03932334811910561
1.0581111907958984  1.0583370923995972  0.07854774588082671  0.055541643759250275
1.0583370923995972  1.058562994003296  0.03922623412273652  0.03922623412273652
1.058562994003296  1.0587888956069946           0.0  0.03917935628742007
1.0587888956069946  1.0590150356292725  0.07826264659205406  0.05534004811884768
1.0590150356292725  1.0592411756515503  0.03908185242519453  0.03908185242519453
1.0592411756515503  1.0594675540924072  0.039033120292347914  0.039033120292347914
1.0594675540924072  1.0596939325332642           0.0  0.03898615339894918
1.0596939325332642  1.0599204301834106  0.03894060387000795  0.03894060387000795
1.0599204301834106  1.0601469278335571  0.03889458796166498  0.03889458796166498
1.0601469278335571  1.0603736639022827           0.0  0.03884777812932063
1.0603736639022827  1.0606003999710083  0.03880071080337371  0.03880071080337371
1.0606003999710083  1.0608272552490234  0.07750742917036817  0.05480602875870336
1.0608272552490234  1.0610542297363281  0.07741319900969001  0.05473939797309554
1.0610542297363281  1.0612813234329224  0.03865967719362853  0.03865967719362853
1.0612813234329224  1.0615084171295166  0.03861274135756367  0.03861274135756367
1.0615084171295166  1.06173574924469  0.07713210168496534  0.054540632148609325
1.06173574924469  1.0619630813598633  0.038519798908835785  0.038519798908835785
1.0619630813598633  1.0621905326843262  0.07694829014232497  0.05441065776034796
1.0621905326843262  1.0624181032180786  0.11528598733707995  0.06656039582285489
1.0624181032180786  1.062645673751831           0.0  0.03838253156154605
1.062645673751831  1.0628734827041626  0.03833606373812631  0.03833606373812631
1.0628734827041626  1.0631012916564941  0.07657889647938732  0.054149456996357405
1.0631012916564941  1.0633292198181152  0.03824277946984488  0.03824277946984488
1.0633292198181152  1.0635572671890259  0.038195856204110694  0.038195856204110694
1.0635572671890259  1.063785433769226  0.07629797858206419  0.05395081804620356
1.063785433769226  1.0640136003494263  -0.004709195752861108  0.040387696733331306
1.0640136003494263  1.064241886138916  0.03805285992654167  0.03805285992654167
1.064241886138916  1.0644704103469849  0.03800352706693056  0.03800352706693056
1.0644704103469849  1.0646989345550537  0.07591056134480369  0.053676872690588094
1.0646989345550537  1.0649274587631226           0.0  0.03790737638065951
1.0649274587631226  1.0651562213897705  0.03785863466334952  0.03785863466334952
1.0651562213897705  1.065385103225708  0.07561997503517842  0.0534713971405321
1.065385103225708  1.0656139850616455  0.03776243781664726  0.03776243781664726
1.0656139850616455  1.0658429861068726  0.07543012250801978  0.05333715113115282
1.0658429861068726  1.0660721063613892  0.03766697160056914  0.03766697160056914
1.0660721063613892  1.0663013458251953           0.0  0.0376187963927124
1.0663013458251953  1.0665305852890015  0.0751409775830207  0.0531326947939403
1.0665305852890015  1.0667600631713867  0.07504419943978521  0.05306426231258784
1.0667600631713867  1.066989541053772           0.0  0.0374736436346546
1.066989541053772  1.0672191381454468  0.07485056382604277  0.052927341257031336
1.0672191381454468  1.0674488544464111  0.149507909202979  0.07475395460148949
1.0674488544464111  1.067678689956665  0.03732910106763228  0.03732910106763228
1.067678689956665  1.067908525466919           0.0  0.03728131545881227
1.067908525466919  1.068138599395752           0.0  0.037233616163884424
1.068138599395752  1.068368673324585           0.0  0.03718599152341539
1.068368673324585  1.0685988664627075  0.03713843288728876  0.03713843288728876
1.0685988664627075  1.0688291788101196  0.0741815193733292  0.05245425538760233
1.0688291788101196  1.0690596103668213  0.03704358733732902  0.03704358733732902
1.0690596103668213  1.069290041923523  0.036997274576068113  0.036997274576068113
1.069290041923523  1.0695207118988037  0.03695260657532663  0.03695260657532663
1.0695207118988037  1.0697513818740845           0.0  0.03690966140275647
1.0697513818740845  1.0699821710586548           0.0  0.03686782912753225
1.0699821710586548  1.0702130794525146           0.0  0.03682620743245296
1.0702130794525146  1.070444107055664  0.11035397666371669  0.06371289813294249
1.070444107055664  1.0706751346588135  0.03674270327113259  0.03674270327113259
1.0706751346588135  1.070906400680542           0.0  0.036700416569823945
1.070906400680542  1.0711376667022705           0.0  0.036658057634445365
1.0711376667022705  1.0713690519332886  0.07323188308315833  0.05178276112716167
1.0713690519332886  1.0716005563735962  0.03657488756806049  0.03657488756806049
1.0716005563735962  1.0718321800231934  0.036540803660485004  0.036540803660485004
1.0718321800231934  1.0720638036727905  0.036532568799169225  0.036532568799169225
1.0720638036727905  1.0722956657409668  -0.004523409728366993  0.03879433132481101
1.0722956657409668  1.072527527809143           0.0  0.036826299703701236
1.072527527809143  1.0727595090866089           0.0  0.03731285425264559
1.0727595090866089  1.0729916095733643  0.038101765812080905  0.038101765812080905
1.0729916095733643  1.0732238292694092           0.0  0.03908933543695367
1.0732238292694092  1.0734561681747437  0.040014402923079395  0.040014402923079395
1.0734561681747437  1.0736885070800781  0.08115596662820346  0.05738593433655182
1.0736885070800781  1.0739210844039917  0.04063332544373302  0.04063332544373302
1.0739210844039917  1.0741536617279053  0.04025474196148618  0.04025474196148618
1.0741536617279053  1.0743863582611084           0.0  0.03968059476444293
1.0743863582611084  1.074619174003601  0.03913987326311688  0.03913987326311688
1.074619174003601  1.0748521089553833           0.0  0.038732332634969786
1.0748521089553833  1.0750850439071655           0.0  0.03843418697398706
1.0750850439071655  1.0753182172775269  0.07640038559544772  0.05402323073980811
1.0753182172775269  1.0755513906478882  0.03800250561497353  0.03800250561497353
1.0755513906478882  1.075784683227539  0.03782830001752906  0.03782830001752906
1.075784683227539  1.0760180950164795           0.0  0.03767794153849882
1.0760180950164795  1.0762516260147095  0.037550240268340994  0.037550240268340994
1.0762516260147095  1.076485276222229  0.037437243655333935  0.037437243655333935
1.076485276222229  1.0767189264297485  0.11198818411398054  0.06465640824426404
1.0767189264297485  1.0769526958465576  0.037224136029969296  0.037224136029969296
1.0769526958465576  1.0771867036819458  0.03712161023485698  0.03712161023485698
1.0771867036819458  1.077420711517334  0.07405522831021547  0.05236495412047135
1.077420711517334  1.0776548385620117           0.0  0.03694545786015647
1.0776548385620117  1.077889084815979           0.0  0.036874700639102406
1.077889084815979  1.0781233310699463           0.0  0.036808508846507375
1.0781233310699463  1.0783578157424927  0.036743641607537465  0.036743641607537465
1.0783578157424927  1.078592300415039  0.03667810126739443  0.03667810126739443
1.078592300415039  1.078826904296875  0.14644370803405063  0.07322185401702531
1.078826904296875  1.0790616273880005  0.10962960301910676  0.0632946808142331
1.0790616273880005  1.0792964696884155  0.07295577543214365  0.05158752353479171
1.0792964696884155  1.0795314311981201           0.0  0.03641459363875381
1.0795314311981201  1.0797665119171143  0.1817602066129734  0.08128563551820307
1.0797665119171143  1.0800015926361084  0.03629188368974097  0.03629188368974097
1.0800015926361084  1.0802369117736816  0.07247504958698374  0.0512475990297875
1.0802369117736816  1.0804722309112549  0.10856033759647213  0.06267734013463983
1.0804722309112549  1.0807076692581177  0.07227296735404803  0.05110470531252134
1.0807076692581177  1.08094322681427           0.0  0.036085508387507265
1.08094322681427  1.081178903579712           0.0  0.03603876390769808
1.081178903579712  1.0814145803451538  0.07199073809994248  0.05090513909309408
1.0814145803451538  1.0816504955291748           0.0  0.03595102076386111
1.0816504955291748  1.0818864107131958  0.03590315259095434  0.03590315259095434
1.0818864107131958  1.0821224451065063  0.03585546325473215  0.03585546325473215
1.0821224451065063  1.082358717918396  0.035812341714999335  0.035812341714999335
1.082358717918396  1.0825949907302856           0.0  0.03577478168718698
1.0825949907302856  1.0828312635421753           0.0  0.03573995510244717
1.0828312635421753  1.083067774772644           0.0  0.0357071651524885
1.083067774772644  1.0833044052124023  0.03567594764189093  0.03567594764189093
1.0833044052124023  1.0835410356521606  0.03564343039227318  0.03564343039227318
1.0835410356521606  1.083777904510498           0.0  0.035607451184854005
1.083777904510498  1.0840147733688354  0.03557049039462866  0.03557049039462866
1.0840147733688354  1.0842517614364624  0.03553611378977615  0.03553611378977615
1.0842517614364624  1.084488868713379  0.07100992091226646  0.05021159660858405
1.084488868713379  1.0847259759902954  0.10641797617342702  0.061440447190343264
1.0847259759902954  1.084963321685791  0.07087974313554565  0.05011954701990498
1.084963321685791  1.0852007865905762  0.03540984757785807  0.03540984757785807
1.0852007865905762  1.0854382514953613  0.07076124887070412  0.05003575892170382
1.0854382514953613  1.085675835609436  0.1413925195293053  0.07069625976465264
1.085675835609436  1.0859136581420898  0.035314320970225466  0.035314320970225466
1.0859136581420898  1.0861514806747437           0.0  0.03529138904497953
1.0861514806747437  1.0863893032073975           0.0  0.0352839905590533
1.0863893032073975  1.0866273641586304           0.0  0.035283771509876424
1.0866273641586304  1.0868655443191528           0.0  0.035281343110151235
1.0868655443191528  1.0871037244796753  0.07056016047354281  0.04989356795245312
1.0871037244796753  1.0873421430587769  0.10586934816906474  0.061123696664339734
1.0873421430587769  1.0875805616378784  0.035312093459798286  0.035312093459798286
1.0875805616378784  1.0878190994262695           0.0  0.03534211091871139
1.0878190994262695  1.0880577564239502           0.0  0.03537999507160055
1.0880577564239502  1.0882965326309204  0.03543628202354855  0.03543628202354855
1.0882965326309204  1.0885354280471802  0.03552417485023218  0.03552417485023218
1.0885354280471802  1.0887744426727295  0.0356508839429246  0.0356508839429246
1.0887744426727295  1.0890134572982788           0.0  0.035825505285716285
1.0890134572982788  1.0892527103424072  0.036071906180803186  0.036071906180803186
1.0892527103424072  1.0894919633865356           0.0  0.03642833799904783
1.0894919633865356  1.0897313356399536  0.11069024606567443  0.06390704336268303
1.0897313356399536  1.0899708271026611  0.03736182856055492  0.03736182856055492
1.0899708271026611  1.0902104377746582  0.07513034083655112  0.053125173478381894
1.0902104377746582  1.0904501676559448  0.037265129931936286  0.037265129931936286
1.0904501676559448  1.090690016746521           0.0  0.03644550833477394
1.090690016746521  1.0909298658370972  0.03532309829131237  0.03532309829131237
1.0909298658370972  1.0911699533462524  0.03423427091593989  0.03423427091593989
1.0911699533462524  1.0914100408554077  0.03343118476252184  0.03343118476252184
1.0914100408554077  1.091650366783142           0.0  0.03297862465487778
1.091650366783142  1.0918906927108765  0.0327756162029491  0.0327756162029491
1.0918906927108765  1.0921311378479004  0.06133458938698301  0.04763376326716227
1.0921311378479004  1.0923717021942139           0.0  0.03263532238508558
1.0923717021942139  1.092612385749817  0.03259182845019757  0.03259182845019757
1.092612385749817  1.09285306930542  0.09764861814530484  0.05637745597218672
1.09285306930542  1.093093991279602  0.03250705239216107  0.03250705239216107
1.093093991279602  1.0933349132537842           0.0  0.03246415060705926
1.0933349132537842  1.0935760736465454           0.0  0.03242180461803623
1.0935760736465454  1.0938172340393066  0.032380101771137725  0.032380101771137725
1.0938172340393066  1.0940585136413574           0.0  0.0323384234016679
1.0940585136413574  1.0942999124526978  0.028304378675276864  0.034233714259811976
1.0942999124526978  1.0945414304733276  0.032252995544309826  0.032252995544309826
1.0945414304733276  1.094783067703247  0.032210084380731994  0.032210084380731994
1.094783067703247  1.095024824142456  0.03216791106390858  0.03216791106390858
1.095024824142456  1.0952666997909546  0.0321268030529365  0.0321268030529365
1.0952666997909546  1.0955085754394531  0.06417208040952239  0.04537651322042169
1.0955085754394531  1.0957506895065308  0.06409074992360658  0.04531900388231342
1.0957506895065308  1.0959928035736084  0.09601405812444477  0.055433742304136564
1.0959928035736084  1.0962350368499756  0.031963803464355296  0.031963803464355296
1.0962350368499756  1.0964773893356323  0.06384435515193108  0.045144776468412764
1.0964773893356323  1.0967198610305786           0.0  0.0318798146052
1.0967198610305786  1.0969624519348145  0.03183728612913298  0.03183728612913298
1.0969624519348145  1.0972051620483398  0.06359010229058573  0.044964992546019385
1.0972051620483398  1.0974479913711548  0.031753485565373836  0.031753485565373836
1.0974479913711548  1.0976909399032593           0.0  0.03171283111190824
1.0976909399032593  1.0979338884353638  0.03167240337317611  0.03167240337317611
1.0979338884353638  1.0981770753860474  0.12652817648387846  0.06326408824193923
1.0981770753860474  1.098420262336731  0.09477505211299686  0.054718401849899546
1.098420262336731  1.098663568496704           0.0  0.0315511560226519
1.098663568496704  1.0989069938659668  0.031509907322246504  0.031509907322246504
1.0989069938659668  1.099150538444519  0.09440381197758393  0.0545040662577849
1.099150538444519  1.0993942022323608  0.06285162105474462  0.04444280745637711
1.0993942022323608  1.0996379852294922  0.06276800041844911  0.044383678737405424
1.0996379852294922  1.099881887435913  0.03134284579168338  0.03134284579168338
1.099881887435913  1.1001259088516235  0.03130241692764005  0.03130241692764005
1.1001259088516235  1.100369930267334  0.12504720912675016  0.06252360456337508
1.100369930267334  1.1006141901016235           0.0  0.031220623805572136
1.1006141901016235  1.100858449935913  0.03117887300611789  0.03117887300611789
1.100858449935913  1.1011029481887817           0.0  0.031137590241099456
1.1011029481887817  1.1013474464416504           0.0  0.031096935679041624
1.1013474464416504  1.1015920639038086  0.062112720752223155  0.04392032604184339
1.1015920639038086  1.1018368005752563  0.09304580750996252  0.05372002201284296
1.1018368005752563  1.1020816564559937  0.030973847907394565  0.030973847907394565
1.1020816564559937  1.1023266315460205  0.030932731879682884  0.030932731879682884
1.1023266315460205  1.102571725845337  0.06178441891586001  0.04368818158707501
1.102571725845337  1.1028168201446533  0.030851474483405455  0.030851474483405455
1.1028168201446533  1.1030621528625488  0.03081028003375266  0.03081028003375266
1.1030621528625488  1.1033076047897339           0.0  0.030769440563378016
1.1033076047897339  1.103553056716919  0.0307291449655772  0.0307291449655772
1.103553056716919  1.1037986278533936  0.030688220604920123  0.030688220604920123
1.1037986278533936  1.1040444374084473  0.030646506885548576  0.030646506885548576
1.1040444374084473  1.104290246963501  0.030604747205092164  0.030604747205092164
1.104290246963501  1.1045361757278442  0.030563069493482534  0.030563069493482534
1.1045361757278442  1.104782223701477           0.0  0.03052090349207474
1.104782223701477  1.1050283908843994           0.0  0.030478405074378764
1.1050283908843994  1.1052746772766113           0.0  0.03043617445630899
1.1052746772766113  1.1055210828781128  0.060788844934662294  0.04298420447379722
1.1055210828781128  1.1057674884796143  0.030352243993587102  0.030352243993587102
1.1057674884796143  1.1060141324996948  0.09092799031804071  0.05249729968699248
1.1060141324996948  1.106260895729065           0.0  0.030266528785501658
1.106260895729065  1.106507658958435  0.03022430388483808  0.03022430388483808
1.106507658958435  1.1067546606063843           0.0  0.03018255050702332
1.1067546606063843  1.1070016622543335  0.03014054710272732  0.03014054710272732
1.1070016622543335  1.1072487831115723  0.060195640125692756  0.04256474533074239
1.1072487831115723  1.1074960231781006  0.056393653847932844  0.04379652629960912
1.1074960231781006  1.107743501663208  0.060021527349646206  0.042441629006108664
1.107743501663208  1.1079909801483154  0.059938093458459234  0.04238263233586957
1.1079909801483154  1.1082385778427124           0.0  0.02992875260230368
1.1082385778427124  1.108486294746399  0.11955527408575327  0.059777637042876634
1.108486294746399  1.1087340116500854  0.05969609544915202  0.0422115139024548
1.1087340116500854  1.108981966972351           0.0  0.029806364000961923
1.108981966972351  1.1092300415039062  0.059529078953731475  0.04209341540597292
1.1092300415039062  1.1094781160354614  0.029722804344287677  0.029722804344287677
1.1094781160354614  1.1097264289855957  0.05936221804874748  0.04197542692854381
1.1097264289855957  1.1099748611450195  0.11855967403463104  0.05927983701731552
1.1099748611450195  1.1102232933044434  0.05919874929744516  0.04185983706598584
1.1102232933044434  1.1104718446731567  0.029558499486735015  0.029558499486735015
1.1104718446731567  1.1107206344604492  0.05903440752471466  0.04174362988405589
1.1107206344604492  1.1109694242477417  0.0847845504138908  0.052094773714115424
1.1109694242477417  1.1112183332443237  0.029433796942723755  0.029433796942723755
1.1112183332443237  1.1114673614501953  0.029389617685574316  0.029389617685574316
1.1114673614501953  1.1117165088653564  0.05868673017891193  0.04149778487517384
1.1117165088653564  1.1119657754898071           0.0  0.029296237123426164
1.1119657754898071  1.1122151613235474  0.05849852217460982  0.041364701719058226
1.1122151613235474  1.1124646663665771           0.0  0.029202881484055577
1.1124646663665771  1.1127142906188965  0.05831410475472415  0.041234298910888145
1.1127142906188965  1.1129639148712158  0.029110747639437554  0.029110747639437554
1.1129639148712158  1.1132137775421143  0.058127479095663855  0.041102334641823196
1.1132137775421143  1.1134637594223022  0.029016995744201572  0.029016995744201572
1.1134637594223022  1.1137137413024902  0.028970976265625756  0.028970976265625756
1.1137137413024902  1.1139639616012573  0.0289255245261503  0.0289255245261503
1.1139639616012573  1.1142141819000244  0.057760176188216425  0.040842612265217584
1.1142141819000244  1.1144646406173706           0.0  0.028835210364573583
1.1144646406173706  1.1147150993347168  0.05758159885765556  0.04071633902381181
1.1147150993347168  1.1149656772613525  0.08623846017270176  0.04978979819520818
1.1149656772613525  1.1152163743972778           0.0  0.02870058043317661
1.1152163743972778  1.1154673099517822           0.0  0.028654990796754695
1.1154673099517822  1.1157182455062866  0.05722062150149763  0.040461089487417744
1.1157182455062866  1.1159693002700806  0.057132642715774895  0.04039887909143264
1.1159693002700806  1.116220474243164  0.028522285376616236  0.028522285376616236
1.116220474243164  1.116471767425537  0.056956445432999644  0.04027428879795562
1.116471767425537  1.1167231798171997  0.028434497394547745  0.028434497394547745
1.1167231798171997  1.1169745922088623  0.02839033641190115  0.02839033641190115
1.1169745922088623  1.117226243019104  0.056690584298637305  0.04008629658699406
1.117226243019104  1.1174780130386353  0.05660000369696389  0.04002224642930683
1.1174780130386353  1.117729902267456  0.05651115324187633  0.0399594196700029
1.117729902267456  1.1179817914962769  0.056422932100821395  0.039897037902918944
1.1179817914962769  1.1182339191436768  0.05633404469676781  0.03983418501675059
1.1182339191436768  1.1184861660003662  0.14061365843277115  0.06288433976412257
1.1184861660003662  1.1187384128570557           0.0  0.028078814900164836
1.1187384128570557  1.1189908981323242  0.02803512760200762  0.02803512760200762
1.1189908981323242  1.1192433834075928  0.055982335636831575  0.03958548915546493
1.1192433834075928  1.1194959878921509  0.055893514141955106  0.03952268287412265
1.1194959878921509  1.119748830795288  0.027902524593182314  0.027902524593182314
1.119748830795288  1.1200016736984253           0.0  0.027859205920133825
1.1200016736984253  1.120254635810852  0.055634315783782216  0.03933940195738618
1.120254635810852  1.120507836341858  0.05555377397682303  0.039282450299516325
1.120507836341858  1.1207610368728638           0.0  0.027738667355863087
1.1207610368728638  1.1210143566131592  0.02770183994359973  0.02770183994359973
1.1210143566131592  1.1212677955627441  0.0829950461083734  0.04791721221207478
1.1212677955627441  1.1215213537216187  0.08288275801536618  0.04785238265135028
1.1215213537216187  1.1217750310897827  0.027589701464467258  0.027589701464467258
1.1217750310897827  1.1220288276672363  0.1102063833275501  0.05510319166377505
1.1220288276672363  1.1222827434539795  0.055027048533783894  0.03890999916691986
1.1222827434539795  1.1225367784500122  0.13737868383037044  0.06143761514083191
1.1225367784500122  1.1227909326553345           0.0  0.027438394902168733
1.1227909326553345  1.1230452060699463           0.0  0.02740143698658609
1.1230452060699463  1.123299479484558           0.0  0.02736396365576547
1.123299479484558  1.123553991317749  0.10930265839047558  0.05465132919523779
1.123553991317749  1.1238086223602295  0.027287292304399434  0.027287292304399434
1.1238086223602295  1.1240633726119995           0.0  0.02724991078657099
1.1240633726119995  1.1243181228637695  0.05442579356540718  0.038484847701558585
1.1243181228637695  1.1245731115341187  0.027175536483986098  0.027175536483986098
1.1245731115341187  1.1248282194137573  0.10855283190931335  0.054276415954656675
1.1248282194137573  1.125083327293396  0.05420219708945769  0.03832674111716529
1.125083327293396  1.1253386735916138  0.08119223550313193  0.04687635902384071
1.1253386735916138  1.1255940198898315           0.0  0.027026661079280742
1.1255940198898315  1.1258496046066284  0.02698928428125392  0.02698928428125392
1.1258496046066284  1.1261051893234253  0.026951903821343128  0.026951903821343128
1.1261051893234253  1.1263610124588013           0.0  0.026914849945273808
1.1263610124588013  1.1266168355941772  0.026878079257229962  0.026878079257229962
1.1266168355941772  1.1268728971481323  0.02684194686816388  0.02684194686816388
1.1268728971481323  1.1271289587020874  0.02680623284075825  0.02680623284075825
1.1271289587020874  1.127385139465332           0.0  0.02677023526890878
1.127385139465332  1.1276415586471558  0.026733960282696485  0.026733960282696485
1.1276415586471558  1.1278979778289795  0.05339530159839113  0.037756179843723266
1.1278979778289795  1.1281545162200928  0.1066448861681893  0.05332244308409465
1.1281545162200928  1.1284112930297852  0.0798745636893668  0.046115600847459824
1.1284112930297852  1.1286680698394775  0.053177636239498574  0.03760226719242094
1.1286680698394775  1.1289249658584595  0.07965841084526733  0.04599080494473289
1.1289249658584595  1.129181981086731  0.02651604732648481  0.02651604732648481
1.129181981086731  1.1294392347335815  0.07943804840126854  0.04586357862837091
1.1294392347335815  1.1296964883804321  0.052887274468179646  0.03739695041492399
1.1296964883804321  1.1299538612365723  0.026408651844386042  0.026408651844386042
1.1299538612365723  1.130211353302002  0.0791203496707982  0.045680155180812664
1.130211353302002  1.1304689645767212  0.026337683043990697  0.026337683043990697
1.1304689645767212  1.13072669506073           0.0  0.026301431405285267
1.13072669506073  1.1309845447540283  0.026264649640537426  0.026264649640537426
1.1309845447540283  1.1312425136566162  0.07868195894593599  0.04542705017780323
1.1312425136566162  1.1315007209777832  0.052380586595251195  0.03703866798403129
1.1315007209777832  1.1317589282989502  0.05230812737950031  0.03698743158121438
1.1317589282989502  1.1320172548294067           0.0  0.026118236084407255
1.1320172548294067  1.1322757005691528           0.0  0.026081993643115014
1.1322757005691528  1.1325342655181885  0.052090394826097716  0.03683347141621835
1.1325342655181885  1.1327929496765137  0.02600820916607236  0.02600820916607236
1.1327929496765137  1.1330517530441284  0.051942444973456695  0.03672885507214033
1.1330517530441284  1.1333106756210327           0.0  0.02593426827780338
1.1333106756210327  1.1335697174072266  0.02589735344884443  0.02589735344884443
1.1335697174072266  1.13382887840271           0.0  0.02586051388006015
1.13382887840271  1.134088158607483  0.07747128051610852  0.044728064660440256
1.134088158607483  1.1343475580215454  0.05157412443967643  0.03646841312505406
1.1343475580215454  1.1346070766448975           0.0  0.025750393644946957
1.1346070766448975  1.134866714477539  0.025713746096723708  0.025713746096723708
1.134866714477539  1.1351264715194702  0.05135431128228017  0.036312981750865135
1.1351264715194702  1.135386347770691  0.05128132893202473  0.036261375436092584
1.135386347770691  1.1356463432312012           0.0  0.025604271925767898
1.1356463432312012  1.135906457901001           0.0  0.025567938274805177
1.135906457901001  1.1361666917800903  0.07659490437905991  0.04422208866180389
1.1361666917800903  1.1364270448684692  0.050990762943882335  0.036055914255494925
1.1364270448684692  1.1366875171661377           0.0  0.02545922884565006
1.1366875171661377  1.1369481086730957  0.07626958820477933  0.044034267281011244
1.1369481086730957  1.1372088193893433  0.025387286172442573  0.025387286172442573
1.1372088193893433  1.1374696493148804  0.10140591318073504  0.05070295659036752
1.1374696493148804  1.137730598449707  0.05063138134234746  0.03580179308801593
1.137730598449707  1.1379916667938232  0.050559620879452365  0.035751050778081724
1.1379916667938232  1.138252854347229  0.025243815624841952  0.025243815624841952
1.138252854347229  1.1385141611099243  0.05041552228231072  0.0356491576828834
1.1385141611099243  1.1387755870819092  0.1510301211421803  0.06165778876484525
1.1387755870819092  1.1390371322631836           0.0  0.02513559933688019
1.1390371322631836  1.1392987966537476  0.12549718623657682  0.05612404788198736
1.1392987966537476  1.139560580253601  0.050126278472197264  0.03544463142333594
1.139560580253601  1.1398224830627441  0.050053588406820594  0.03539323178518321
1.1398224830627441  1.1400845050811768  0.07497183275791075  0.043285007824419366
1.1400845050811768  1.140346646308899  0.024954678648877158  0.024954678648877158
1.140346646308899  1.1406089067459106  0.02491890006101348  0.02491890006101348
1.1406089067459106  1.140871286392212  0.024883099718383848  0.024883099718383848
1.140871286392212  1.1411337852478027  0.04969406892105414  0.03513901311882904
1.1411337852478027  1.141396403312683           0.0  0.024810467892997262
1.141396403312683  1.141659140586853  0.049546594616108115  0.03503473303775094
1.141659140586853  1.1419219970703125           0.0  0.024735614877515168
1.1419219970703125  1.142185091972351  0.024698325227142697  0.024698325227142697
1.142185091972351  1.1424481868743896           0.0  0.024661874709211825
1.1424481868743896  1.1427114009857178  0.09850294101666753  0.04925147050833376
1.1427114009857178  1.1429747343063354  0.04917792568624185  0.03477404473742971
1.1429747343063354  1.1432381868362427  0.09820566626860434  0.04910283313430217
1.1432381868362427  1.143501877784729  0.04902842763641822  0.03466833365262526
1.143501877784729  1.1437655687332153  0.024477867989923272  0.024477867989923272
1.1437655687332153  1.1440293788909912  0.04888347778754217  0.03456583863155304
1.1440293788909912  1.1442933082580566  0.09761905847668759  0.04880952923834379
1.1442933082580566  1.1445574760437012  0.024367423747875754  0.024367423747875754
1.1445574760437012  1.1448216438293457  0.024330452245579663  0.024330452245579663
1.1448216438293457  1.1450860500335693  0.024294294284485058  0.024294294284485058
1.1450860500335693  1.145350456237793  0.09703358494404642  0.04851679247202321
1.145350456237793  1.1456149816513062  0.02422192748796637  0.02422192748796637
1.1456149816513062  1.1458797454833984  0.07255472953379974  0.04188949262731977
1.1458797454833984  1.1461445093154907           0.0  0.024147747657444974
1.1461445093154907  1.146409511566162  0.04822230519746539  0.03409831900957508
1.146409511566162  1.1466745138168335  0.024074835576375006  0.024074835576375006
1.1466745138168335  1.146939754486084  0.02403873486470156  0.02403873486470156
1.146939754486084  1.1472049951553345  0.02400252908953691  0.02400252908953691
1.1472049951553345  1.147470474243164  0.11983248916171385  0.053590718335719795
1.147470474243164  1.1477360725402832  0.0957255863914494  0.0478627931957247
1.1477360725402832  1.1480016708374023  0.02389739786727956  0.02389739786727956
1.1480016708374023  1.1482675075531006  0.023864220830382102  0.023864220830382102
1.1482675075531006  1.1485334634780884           0.0  0.023831895575277727
1.1485334634780884  1.1487995386123657           0.0  0.023800828674127493
1.1487995386123657  1.149065613746643  0.07131030663015588  0.04117102472891525
1.149065613746643  1.1493319272994995  0.02373875342405202  0.02373875342405202
1.1493319272994995  1.1495983600616455  0.04741387729012706  0.03352667415419569
1.1495983600616455  1.149864912033081  0.047350537133635504  0.0334818859000191
1.149864912033081  1.1501315832138062           0.0  0.023644051721847654
1.1501315832138062  1.1503983736038208  0.07084167909617867  0.04090046249602384
1.1503983736038208  1.150665283203125  0.09435112484693377  0.047175562423466884
1.150665283203125  1.1509323120117188  0.023576700516698978  0.023576700516698978
1.1509323120117188  1.151199460029602           0.0  0.023610035299662067
1.151199460029602  1.151466727256775  0.07123183010154538  0.041125716283996916
1.151466727256775  1.1517342329025269  0.02404520453701761  0.02404520453701761
1.1517342329025269  1.1520017385482788  0.024554579470054218  0.024554579470054218
1.1520017385482788  1.1522693634033203  0.07569083833146123  0.04370012588585758
1.1522693634033203  1.1525371074676514  0.05190457373015116  0.03670207605918702
1.1525371074676514  1.1528050899505615  0.05319965878452759  0.037617839483349944
1.1528050899505615  1.1530730724334717  0.10836376597767762  0.05418188298883881
1.1530730724334717  1.153341293334961  0.08206571515514471  0.04738066273606195
1.153341293334961  1.1536095142364502  0.02732085207967704  0.02732085207967704
1.1536095142364502  1.1538779735565186  0.05398906650462622  0.0381760350353527
1.1538779735565186  1.154146432876587  0.02651853259102993  0.02651853259102993
1.154146432876587  1.1544151306152344  0.05212875031916121  0.0368605928454593
1.1544151306152344  1.1546839475631714  0.025718375084267695  0.025718375084267695
1.1546839475631714  1.154952883720398           0.0  0.025466044251330845
1.154952883720398  1.1552218198776245  0.0757963121146592  0.04376102120297938
1.1552218198776245  1.1554909944534302  0.07528370990871416  0.043465070181389814
1.1554909944534302  1.1557602882385254  0.09977954015102178  0.04988977007551089
1.1557602882385254  1.1560297012329102  0.0496274594494677  0.03509191310977902
1.1560297012329102  1.1562992334365845  0.049389760729266347  0.03492383473284528
1.1562992334365845  1.1565688848495483  0.04917776002720279  0.034773927598799825
1.1565688848495483  1.1568386554718018  0.07349122262742228  0.04243017716701696
1.1568386554718018  1.1571085453033447  0.1465216595219442  0.05981721701576191
1.1571085453033447  1.1573786735534668  0.0243502800196965  0.0243502800196965
1.1573786735534668  1.1576488018035889  0.024282494410650394  0.024282494410650394
1.1576488018035889  1.1579190492630005  0.0968669504751999  0.04843347523759995
1.1579190492630005  1.1581895351409912  0.09661778824243587  0.048308894121217937
1.1581895351409912  1.158460021018982  0.07228051456688846  0.04173117454235772
1.158460021018982  1.1587307453155518  0.04806327489758911  0.03398586760611843
1.1587307453155518  1.1590014696121216           0.0  0.023973679193506056
1.1590014696121216  1.1592724323272705  0.047851222707857924  0.03383592406479405
1.1592724323272705  1.159543514251709  0.047765058459989164  0.03377499674083021
1.159543514251709  1.1598145961761475  0.047669504947842806  0.03370743020442533
1.1598145961761475  1.160085916519165  0.047558570827463724  0.033628987935640314
1.160085916519165  1.1603573560714722           0.0  0.02372759631070238
1.1603573560714722  1.1606289148330688  0.07106094084677286  0.04102705332675238
1.1606289148330688  1.160900592803955           0.0  0.02365772550659498
1.160900592803955  1.1611723899841309           0.0  0.023631461824524306
1.1611723899841309  1.1614443063735962  0.047210243193408975  0.03338268310352554
1.1614443063735962  1.1617164611816406           0.0  0.023578075224722442
1.1617164611816406  1.161988615989685  0.047096777876524554  0.033302451008527086
1.161988615989685  1.162260890007019  0.09406063450618771  0.04703031725309385
1.162260890007019  1.1625334024429321  0.02347999026441776  0.02347999026441776
1.1625334024429321  1.1628059148788452  0.09380045404070039  0.046900227020350196
1.1628059148788452  1.1630786657333374  0.04685829108474378  0.03313381538083547
1.1630786657333374  1.1633515357971191           0.0  0.02341622734395557
1.1633515357971191  1.1636244058609009  0.0468423332004716  0.033122531452653224
1.1636244058609009  1.1638975143432617  0.02347831713092067  0.02347831713092067
1.1638975143432617  1.164170742034912  0.047300801610137916  0.03344671757408809
1.164170742034912  1.164444088935852  0.024001359127109382  0.024001359127109382
1.164444088935852  1.1647175550460815  0.018495802487622313  0.027438152014552467
1.1647175550460815  1.1649911403656006  0.15187263352794456  0.06200174300602812
1.1649911403656006  1.1652648448944092           0.0  0.026112393619998328
1.1652648448944092  1.1655387878417969  0.026837342800600274  0.026837342800600274
1.1655387878417969  1.1658127307891846  0.02738848978228879  0.02738848978228879
1.1658127307891846  1.1660869121551514  0.027681739236306516  0.027681739236306516
1.1660869121551514  1.1663610935211182           0.0  0.02764600365472746
1.1663610935211182  1.166635513305664  0.05459746576434898  0.038606238277571536
1.166635513305664  1.16690993309021  0.10717408976242526  0.05358704488121263
1.16690993309021  1.167184591293335           0.0  0.02631615835556225
1.167184591293335  1.1674593687057495  0.05193314329849025  0.03672227779469516
1.1674593687057495  1.1677342653274536  0.02573658743951773  0.02573658743951773
1.1677342653274536  1.1680092811584473  0.07673252799384406  0.044301545692846354
1.1680092811584473  1.1682844161987305  0.025458663684519274  0.025458663684519274
1.1682844161987305  1.1685596704483032  0.15221380606608015  0.06214102611147519
1.1685596704483032  1.168835163116455  0.02530668780724664  0.02530668780724664
1.168835163116455  1.169110655784607           0.0  0.025264537128580563
1.169110655784607  1.169386386871338  0.02523986064465982  0.02523986064465982
1.169386386871338  1.1696621179580688  0.07573095707216627  0.04372328845160319
1.1696621179580688  1.169938087463379           0.0  0.025290465921769825
1.169938087463379  1.1702141761779785  0.02224671818174898  0.026907066294932856
1.1702141761779785  1.1704902648925781  0.051050072113818214  0.036097852171743126
1.1704902648925781  1.1707665920257568  0.025737386036992917  0.025737386036992917
1.1707665920257568  1.171043038368225  0.052174777336404334  0.0368931388614697
1.171043038368225  1.171319603919983  0.0799524840958305  0.046160588215107004
1.171319603919983  1.1715964078903198  0.13727771454676363  0.06139246030447505
1.1715964078903198  1.1718732118606567  0.02840639831617437  0.02840639831617437
1.1718732118606567  1.1721501350402832  0.05864355863270799  0.04146725798209872
1.1721501350402832  1.1724272966384888  0.08995507465711089  0.05193558656825585
1.1724272966384888  1.1727045774459839  0.09066848473753956  0.052347474070233935
1.1727045774459839  1.172981858253479           0.0  0.029967188973065276
1.172981858253479  1.1732593774795532  0.11707173886263114  0.05853586943131557
1.1732593774795532  1.173537015914917  0.11317829362441607  0.05658914681220804
1.173537015914917  1.1738147735595703  0.08179383399801655  0.04722369207680642
1.1738147735595703  1.1740926504135132           0.0  0.02634085571071952
1.1740926504135132  1.1743706464767456  0.025608201924935875  0.025608201924935875
1.1743706464767456  1.1746488809585571  0.07523490289108789  0.04343689143662495
1.1746488809585571  1.1749271154403687  0.07415046985335529  0.0428107937303719
1.1749271154403687  1.1752055883407593           0.0  0.024459110165808786
1.1752055883407593  1.17548406124115  0.04851077720571943  0.03430229952279401
1.17548406124115  1.1757627725601196  0.048178852632192154  0.03406759340601042
1.1757627725601196  1.176041603088379  0.07186499641095817  0.04149127502317819
1.176041603088379  1.1763205528259277  0.04768618034791806  0.033719221492897536
1.1763205528259277  1.1765996217727661  0.047485807438671875  0.033577536450003484
1.1765996217727661  1.176878809928894  0.047308681045489145  0.033452289176256866
1.176878809928894  1.177158236503601  0.11790347299581519  0.052728036080390714
1.177158236503601  1.177437663078308  0.023516638513048783  0.023516638513048783
1.177437663078308  1.1777173280715942  0.09381274113432429  0.046906370567162146
1.1777173280715942  1.1779969930648804  0.04678544621886354  0.03308230628219693
1.1779969930648804  1.1782768964767456  0.023343070436549467  0.023343070436549467
1.1782768964767456  1.1785569190979004  0.06702242656938347  0.041181065758543085
1.1785569190979004  1.1788370609283447  0.023257453948219847  0.023257453948219847
1.1788370609283447  1.1791173219680786  0.023209739991434757  0.023209739991434757
1.1791173219680786  1.179397702217102  0.023162203935195653  0.023162203935195653
1.179397702217102  1.1796783208847046  0.09248468360379408  0.04624234180189704
1.1796783208847046  1.1799589395523071  0.04617411008415991  0.032650026355763626
1.1799589395523071  1.1802397966384888  0.06918987530717173  0.039946793133792236
1.1802397966384888  1.1805206537246704  0.04610237233366326  0.032599300105920374
1.1805206537246704  1.1808017492294312  0.09219468244551732  0.04609734122275866
1.1808017492294312  1.1810829639434814  0.06914412371170035  0.03992037843783098
1.1810829639434814  1.1813642978668213  0.04609113921301048  0.0325913570901329
1.1813642978668213  1.1816457509994507           0.0  0.02304524502117781
1.1816457509994507  1.1819274425506592  0.02305844719913569  0.02305844719913569
1.1819274425506592  1.1822091341018677  0.02308911725788717  0.02308911725788717
1.1822091341018677  1.1824910640716553  0.023135130532153242  0.023135130532153242
1.1824910640716553  1.1827731132507324  0.02319899911809842  0.02319899911809842
1.1827731132507324  1.1830551624298096  0.09315037525017333  0.04657518762508667
1.1830551624298096  1.1833374500274658  0.07022938414542661  0.04054695384138369
1.1833374500274658  1.1836198568344116  0.09429339888476834  0.04714669944238417
1.1836198568344116  1.1839025020599365  0.09518827622029158  0.04759413811014579
1.1839025020599365  1.1841851472854614  0.04823190891905876  0.034105109866238374
1.1841851472854614  1.1844680309295654           0.0  0.0245474052029661
1.1844680309295654  1.1847509145736694  0.025019922850959525  0.025019922850959525
1.1847509145736694  1.1850340366363525  0.025336588626105213  0.025336588626105213
1.1850340366363525  1.1853172779083252  0.025309261687264346  0.025309261687264346
1.1853172779083252  1.1856006383895874  0.0498407372659209  0.035242723300069737
1.1856006383895874  1.1858841180801392  0.024281640669064287  0.024281640669064287
1.1858841180801392  1.1861677169799805  0.047017745064115865  0.033246566370936655
1.1861677169799805  1.1864515542984009  0.06804326916931777  0.039284799771447776
1.1864515542984009  1.1867353916168213  0.06573758347600354  0.03795361151574614
1.1867353916168213  1.1870194673538208  0.08532050269327487  0.04266025134663744
1.1870194673538208  1.1873036623001099  0.06295489578477352  0.036347026028143825
1.1873036623001099  1.1875879764556885           0.0  0.02082603627021399
1.1875879764556885  1.1878724098205566           0.0  0.02076504733432989
1.1878724098205566  1.188157081604004  0.14520886179100104  0.05488379092310542
1.188157081604004  1.1884417533874512  0.020740474473543748  0.020740474473543748
1.1884417533874512  1.1887266635894775  0.02074481722984462  0.02074481722984462
1.1887266635894775  1.189011573791504  0.08301396124718109  0.041506980623590546
1.189011573791504  1.1892967224121094  0.12460715563780331  0.05087065826869771
1.1892967224121094  1.1895819902420044  0.02079156087253921  0.02079156087253921
1.1895819902420044  1.189867377281189  0.08329616505854814  0.04164808252927407
1.189867377281189  1.1901530027389526  0.06259095588049261  0.0361369052264384
1.1901530027389526  1.1904386281967163  0.03924004290105419  0.030474662548874827
1.1904386281967163  1.190724492073059  0.06293559603172982  0.03633588331052876
1.190724492073059  1.1910104751586914  0.08430774694975968  0.04215387347487984
1.1910104751586914  1.1912965774536133           0.0  0.021223399811609738
1.1912965774536133  1.1915827989578247  0.06430289067924902  0.0371252912433355
1.1915827989578247  1.1918691396713257  0.10862744843395983  0.04857967178413745
1.1918691396713257  1.1921555995941162  0.022092225902381243  0.022092225902381243
1.1921555995941162  1.1924422979354858  0.022452538613003763  0.022452538613003763
1.1924422979354858  1.192729115486145  0.0679295423181985  0.03921913954333998
1.192729115486145  1.1930159330368042  0.045082647045578184  0.031878245439768006
1.1930159330368042  1.1933029890060425  0.04432305961866793  0.03134113601929572
1.1933029890060425  1.1935902833938599  0.06477153223417231  0.037395861571223904
1.1935902833938599  1.1938775777816772  0.03923046004615064  0.0304672202973417
1.1938775777816772  1.1941649913787842  0.06054092359403595  0.03495331853400522
1.1941649913787842  1.1944526433944702  0.058587338212573045  0.03382541548813269
1.1944526433944702  1.1947404146194458  0.07624363249621662  0.03812181624810831
1.1947404146194458  1.195028305053711  0.05639353987215219  0.03255882542574296
1.195028305053711  1.1953163146972656  0.01867710556918562  0.01867710556918562
1.1953163146972656  1.1956044435501099  0.07448243606652639  0.0372412180332632
1.1956044435501099  1.1958928108215332  0.01858472070003128  0.01858472070003128
1.1958928108215332  1.196181297302246  0.07421686705679204  0.03710843352839602
1.196181297302246  1.196469783782959  0.09262441231090718  0.04142289646063137
1.196469783782959  1.196758508682251  0.055485967730560866  0.0320348384054862
1.196758508682251  1.1970473527908325  0.036930489659011655  0.02611379967042681
1.1970473527908325  1.1973364353179932  0.11061268315036618  0.045157438799757935
1.1973364353179932  1.1976255178451538  0.08975573897389273  0.041662940748264224
1.1976255178451538  1.1979148387908936  0.07350851354398695  0.036754256771993475
1.1979148387908936  1.1982042789459229  0.12843852379066198  0.04854519895862065
1.1982042789459229  1.1984938383102417  0.0732795101693899  0.03663975508469495
1.1984938383102417  1.19878351688385  0.0548741794487559  0.03168162227629905
1.19878351688385  1.199073314666748  0.10731731197615048  0.0451919780668942
1.199073314666748  1.199363350868225  0.01823317609934131  0.01823317609934131
1.199363350868225  1.1996535062789917  0.0728175305264761  0.03640876526323805
1.1996535062789917  1.1999437808990479  0.07270547587366524  0.03635273793683262
1.1999437808990479  1.2002341747283936  0.03629751786149653  0.02566622102010403
1.2002341747283936  1.2005246877670288  0.1087257215814407  0.044387089965073095
1.2005246877670288  1.2008153200149536  0.05427765514617143  0.03133721880962375
1.2008153200149536  1.2011061906814575  0.1083831795641038  0.04424724777208327
1.2011061906814575  1.201397180557251  0.09017764173962525  0.0403286673960849
1.201397180557251  1.201688289642334  0.09003897593109843  0.0402666541612807
1.201688289642334  1.2019795179367065  0.0179802586673557  0.0179802586673557
1.2019795179367065  1.2022708654403687  0.10771402468134168  0.04397406643514008
1.2022708654403687  1.2025624513626099  0.035848150469804864  0.02534847029019474
1.2025624513626099  1.202854037284851  0.07158143515664188  0.03579071757832094
1.202854037284851  1.2031458616256714  0.0178661410815817  0.0178661410815817
1.2031458616256714  1.2034378051757812  0.07134609130316942  0.03567304565158471
1.2034378051757812  1.2037299871444702  0.0178072180819664  0.0178072180819664
1.2037299871444702  1.2040221691131592  0.12444827740673567  0.04703702758694297
1.2040221691131592  1.2043145895004272  0.05324873946216045  0.03074317406248658
1.2043145895004272  1.2046071290969849  0.050972446196259256  0.03131936228105538
1.2046071290969849  1.204899787902832  0.05307704785632543  0.03064404786764013
1.204899787902832  1.2051925659179688  0.12364613319434953  0.04673384557243104
1.2051925659179688  1.205485463142395  0.017634559891448152  0.017634559891448152
1.205485463142395  1.2057785987854004  0.12105878577582832  0.04698773632677606
1.2057785987854004  1.2060718536376953  0.03515084938213294  0.02485540396257317
1.2060718536376953  1.2063652276992798  0.07018517312143638  0.03509258656071819
1.2063652276992798  1.2066587209701538  0.14013899088370732  0.049546615381254606
1.2066587209701538  1.206952452659607  0.052466186149277325  0.030291366696638275
1.206952452659607  1.20724618434906  0.017460213042869634  0.017460213042869634
1.20724618434906  1.2075401544570923  0.10459002181483422  0.042698697605484205
1.2075401544570923  1.207834243774414  0.015252112432734473  0.018447197335471992
1.207834243774414  1.2081284523010254           0.0  0.017374484895417656
1.2081284523010254  1.2084228992462158  0.052038920342650945  0.030044684668167013
1.2084228992462158  1.2087173461914062  0.06927311688269773  0.034636558441348865
1.2087173461914062  1.2090120315551758  0.03458017819575606  0.024451878496858304
1.2090120315551758  1.2093068361282349  0.08417452283269575  0.03907224426409197
1.2093068361282349  1.2096017599105835  0.10339768977319853  0.04221193008782115
1.2096017599105835  1.2098969221115112  0.06881821429382209  0.03440910714691105
1.2098969221115112  1.2101922035217285  0.06870697367205436  0.03435348683602718
1.2101922035217285  1.2104874849319458  0.05144715946159488  0.029703031364193406
1.2104874849319458  1.2107830047607422  0.049246316250175205  0.03025876399394487
1.2107830047607422  1.2110787630081177  0.05127682884915734  0.029604690939251357
1.2110787630081177  1.2113745212554932  0.08532028883849628  0.03815639314055885
1.2113745212554932  1.2116705179214478  0.017036227469475137  0.017036227469475137
1.2116705179214478  1.211966633796692  0.08504264816825163  0.03803222845816173
1.211966633796692  1.2122628688812256  0.050942560779648566  0.02941170117933897
1.2122628688812256  1.2125592231750488  0.05085876761894009  0.029363323175447684
1.2125592231750488  1.2128558158874512  0.06560740769934581  0.03436859807629217
1.2128558158874512  1.213152527809143  0.06758792934363664  0.03379396467181832
1.213152527809143  1.2134493589401245  0.05060893855485321  0.02921908429804573
1.2134493589401245  1.2137463092803955  0.03368486177168  0.02381879418208643
1.2137463092803955  1.214043378829956  0.016814820540449377  0.016814820540449377
1.214043378829956  1.2143406867980957  0.050360848230500826  0.029075849282497537
1.2143406867980957  1.214638113975525  0.03351853715149718  0.02370118491527688
1.214638113975525  1.2149356603622437  0.05019583022016245  0.02898057608980754
1.2149356603622437  1.215233325958252  0.05011391403317805  0.028933281757201113
1.215233325958252  1.2155312299728394  0.05003211272166806  0.028886053747980752
1.2155312299728394  1.2158292531967163  0.04995144877034381  0.028839482393969797
1.2158292531967163  1.2161273956298828  0.03324806185017142  0.023509929995565962
1.2161273956298828  1.2164256572723389  0.06639035383963016  0.03319517691981508
1.2164256572723389  1.216724157333374  0.016571135898237686  0.016571135898237686
1.216724157333374  1.2170226573944092  0.06413348794470401  0.033596481673276654
1.2170226573944092  1.2173213958740234  0.09910685113107651  0.04046020254751855
1.2173213958740234  1.2176202535629272  0.08245365058174361  0.036874393538758765
1.2176202535629272  1.2179193496704102  0.08231918226893847  0.03681425748110836
1.2179193496704102  1.218218445777893  0.08218581723068676  0.036754614822837824
1.218218445777893  1.218517780303955  0.04923148080543877  0.028423808695623966
1.218517780303955  1.2188172340393066  0.09830229334237359  0.0401317432057012
1.2188172340393066  1.2191169261932373  0.06542946824498443  0.03271473412249221
1.2191169261932373  1.219416618347168  0.0816579779455778  0.03651855791829812
1.219416618347168  1.2197165489196777  0.0326127074922805  0.023060666620644866
1.2197165489196777  1.220016598701477  0.0814085268832372  0.036407000011807494
1.220016598701477  1.220316767692566  0.08128830082647356  0.036353233284689444
1.220316767692566  1.2206171751022339  0.048702524172911134  0.028118415441444496
1.2206171751022339  1.2209175825119019  0.08105438003112476  0.036248620724739306
1.2209175825119019  1.221218228340149  0.08093844500198601  0.03619677300351377
1.221218228340149  1.221519112586975  0.06466090992196451  0.032330454960982254
1.221519112586975  1.2218199968338013  0.0322879689137585  0.022831041769659083
1.2218199968338013  1.2221211194992065  0.1128679626393155  0.04266008001859403
1.2221211194992065  1.2224223613739014  0.016104940918270617  0.016104940918270617
1.2224223613739014  1.2227237224578857  0.0643482643464065  0.03217413217320325
1.2227237224578857  1.2230252027511597  0.06429227229157024  0.03214613614578512
1.2230252027511597  1.2233269214630127  0.06429505250337013  0.032147526251685064
1.2233269214630127  1.2236287593841553  0.11280937062380497  0.042637934318329046
1.2236287593841553  1.2239307165145874  0.03249109550393609  0.022974673959012957
1.2239307165145874  1.2242329120635986  0.06602773275489505  0.03301386637744753
1.2242329120635986  1.2245352268218994  0.06766044430860275  0.03383022215430138
1.2245352268218994  1.2248375415802002  0.052258120184484225  0.03017123975585578
1.2248375415802002  1.2251402139663696  0.017933910902251854  0.017933910902251854
1.2251402139663696  1.225442886352539  0.11036483640641778  0.045056255790243964
1.225442886352539  1.2257457971572876  0.11275142777187377  0.04603057763522719
1.2257457971572876  1.2260488271713257  0.0957672735532677  0.042828426736984886
1.2260488271713257  1.2263519763946533  0.05849637251566234  0.03377289641853427
1.2263519763946533  1.22665536403656  0.0595188671292381  0.03436323395892719
1.22665536403656  1.2269587516784668  0.08067667468146263  0.04033833734073131
1.2269587516784668  1.2272623777389526  0.04096916616202398  0.0289695752127256
1.2272623777389526  1.2275662422180176  0.02078950259425287  0.02078950259425287
1.2275662422180176  1.2278701066970825  0.021089194674273323  0.021089194674273323
1.2278701066970825  1.2281742095947266  0.04277141545175502  0.03024395790688306
1.2281742095947266  1.2284784317016602  0.02168036684446719  0.02168036684446719
1.2284784317016602  1.2287827730178833  0.06593660044746516  0.038068514017792814
1.2287827730178833  1.2290873527526855  0.20051749427996773  0.06683916475998924
1.2290873527526855  1.2293920516967773  0.06774444045818925  0.039112270934636144
1.2293920516967773  1.2296968698501587  0.04576160195733758  0.032358339061992994
1.2296968698501587  1.2300018072128296  0.06954010145997748  0.04014899629739188
1.2300018072128296  1.2303069829940796  0.02348308239771147  0.02348308239771147
1.2303069829940796  1.2306122779846191  0.023791598130203543  0.023791598130203543
1.2306122779846191  1.2309176921844482  0.07232533631023699  0.04175705238794554
1.2309176921844482  1.2312233448028564  0.1221693584965905  0.05463579807318358
1.2312233448028564  1.2315289974212646  0.024769484621332046  0.024769484621332046
1.2315289974212646  1.231834888458252  0.050217371522138565  0.0355090439366684
1.231834888458252  1.2321410179138184  0.0763439269520727  0.0440771867767723
1.2321410179138184  1.2324471473693848  0.07735873798008171  0.0446630881969699
1.2324471473693848  1.2327535152435303  0.02612956907969291  0.02612956907969291
1.2327535152435303  1.2330600023269653  0.07946146450438073  0.0458770979218061
1.2330600023269653  1.2333667278289795  0.05372327835322223  0.0379880944311359
1.2333667278289795  1.2336734533309937  0.05449766083589926  0.0385356655358689
1.2336734533309937  1.233980417251587  0.05528163977593933  0.039090022360678676
1.233980417251587  1.2342876195907593  0.05608167191080393  0.039655730508408586
1.2342876195907593  1.2345948219299316  0.02844873697341558  0.02844873697341558
1.2345948219299316  1.234902262687683           0.0  0.028861492131848424
1.234902262687683  1.2352098226547241  0.05856350239250796  0.04141064967177698
1.2352098226547241  1.2355175018310547  0.11885636363600352  0.05942818181800176
1.2355175018310547  1.2358254194259644  0.09050760635723587  0.05225459089405881
1.2358254194259644  1.2361334562301636  0.0612948927223218  0.04334203429605571
1.2361334562301636  1.2364416122436523  0.06229010051749317  0.044045752476711095
1.2364416122436523  1.2367500066757202  0.06327498569621745  0.04474217146527716
1.2367500066757202  1.2370585203170776  0.032070243736590766  0.032070243736590766
1.2370585203170776  1.2373671531677246  0.09694408633433561  0.055970694341470985
1.2373671531677246  1.2376759052276611           0.0  0.0321588503995743
1.2376759052276611  1.2379848957061768  0.0943848216408575  0.05449310218176389
1.2379848957061768  1.238294005393982  0.0909555551920482  0.05251321427442089
1.238294005393982  1.2386032342910767  0.08727218436402495  0.05038661913533645
1.2386032342910767  1.2389127016067505  0.14036763187783985  0.06277431334390328
1.2389127016067505  1.2392222881317139  0.05469772110169298  0.03867712950645762
1.2392222881317139  1.2395319938659668  0.026831173383753005  0.026831173383753005
1.2395319938659668  1.2398418188095093           0.0  0.02643141591563846
1.2398418188095093  1.2401518821716309  0.0261054694502247  0.0261054694502247
1.2401518821716309  1.240462064743042  0.05165136939665385  0.036523033557945256
1.240462064743042  1.2407724857330322  0.1279765189459432  0.05723283917738375
1.2407724857330322  1.2410829067230225  0.05082017740941707  0.035935292067302206
1.2410829067230225  1.2413935661315918  0.025272177129786078  0.025272177129786078
1.2413935661315918  1.2417044639587402  0.10069504607870103  0.050347523039350514
1.2417044639587402  1.2420153617858887  0.07532628477869607  0.04348965079403458
1.2420153617858887  1.2423264980316162  0.07211705277303418  0.04431139313471685
1.2423264980316162  1.2426377534866333           0.0  0.02505948612103312
1.2426377534866333  1.2429492473602295  0.02507917263350529  0.02507917263350529
1.2429492473602295  1.2432608604431152  0.05025081610575204  0.03553269282853545
1.2432608604431152  1.2435725927352905  0.10081064580500312  0.05040532290250156
1.2435725927352905  1.2438844442367554  0.025309959929096314  0.025309959929096314
1.2438844442367554  1.2441965341567993  0.025458671112594713  0.025458671112594713
1.2441965341567993  1.2445087432861328  0.051311019359547544  0.036282369738730294
1.2445087432861328  1.2448211908340454  0.15551303890896379  0.06348793227942467
1.2448211908340454  1.245133638381958  0.13143600535888597  0.05877996853469914
1.245133638381958  1.2454463243484497  0.02347999614745695  0.02839869718234204
1.2454463243484497  1.2457592487335205  0.05498586076062456  0.03888087501321692
1.2457592487335205  1.2460721731185913  0.08544536257976147  0.049331903086430456
1.2460721731185913  1.2463853359222412  0.029921040582250685  0.029921040582250685
1.2463853359222412  1.2466987371444702  0.1596501828218021  0.07139773228196375
1.2466987371444702  1.2470121383666992  0.0688989943226568  0.04871894610248406
1.2470121383666992  1.2473257780075073           0.0  0.03725239069415163
1.2473257780075073  1.2476396560668945  0.039981746236212555  0.039981746236212555
1.2476396560668945  1.2479535341262817  0.04235160385189583  0.04235160385189583
1.2479535341262817  1.248267650604248           0.0  0.044219548994913656
1.248267650604248  1.248581886291504  0.13135617623696078  0.08071010866497216
1.248581886291504  1.2488963603973389  0.14047814295923816  0.08110509365277488
1.2488963603973389  1.2492109537124634  0.09557462545185895  0.06758146576637386
1.2492109537124634  1.2495256662368774  0.04866818558336059  0.04866818558336059
1.2495256662368774  1.2498406171798706           0.0  0.0494746636719244
1.2498406171798706  1.2501556873321533  0.1003585641357685  0.07096422125054697
1.2501556873321533  1.2504708766937256  0.05071112981511869  0.05071112981511869
1.2504708766937256  1.2507861852645874  0.10200731311946037  0.07213006283738992
1.2507861852645874  1.2511017322540283  0.10174362250899485  0.07194360541859451
1.2511017322540283  1.2514175176620483           0.0  0.04997062749105938
1.2514175176620483  1.2517333030700684           0.0  0.047977870637859014
1.2517333030700684  1.2520493268966675  0.08986855339715143  0.06354666352255112
1.2520493268966675  1.2523654699325562  0.08290108363199934  0.05861991840389984
1.2523654699325562  1.252681851387024  0.07655038890710286  0.0541292990986799
1.252681851387024  1.2529983520507812  0.035766484160844575  0.035766484160844575
1.2529983520507812  1.2533149719238281  0.06775544778211533  0.047910336589064774
1.2533149719238281  1.253631830215454  0.06487191766913498  0.04587137289242076
1.253631830215454  1.2539488077163696  0.03137470276180618  0.03137470276180618
1.2539488077163696  1.2542659044265747  0.12294455809900834  0.06147227904950417
1.2542659044265747  1.2545832395553589           0.0  0.030638536847869772
1.2545832395553589  1.2549006938934326  0.12457431430223019  0.062287157151115095
1.2549006938934326  1.255218267440796  0.06419204153144638  0.04539062786509423
1.255218267440796  1.2555360794067383  0.09937695739117455  0.05737531310104059
1.2555360794067383  1.2558540105819702  0.06781079753533049  0.04794947477490022
1.2558540105819702  1.2561720609664917           0.0  0.03426219166194816
1.2561720609664917  1.2564903497695923           0.0  0.03406311510817558
1.2564903497695923  1.2568087577819824           0.0  0.03323436648128158
1.2568087577819824  1.2571274042129517  0.06403153062466142  0.04527712951445218
1.2571274042129517  1.257446050643921  0.12003901002612156  0.06288272367001195
1.257446050643921  1.2577650547027588  0.03049876270089068  0.03049876270089068
1.2577650547027588  1.2580840587615967  0.09173210360335057  0.05296155470872509
1.2580840587615967  1.2584033012390137  0.09249081204382505  0.05339959523106947
1.2584033012390137  1.2587226629257202  0.12375138430051022  0.06187569215025511
1.2587226629257202  1.2590422630310059  0.09249036208717995  0.0533993354484793
1.2590422630310059  1.259361982345581  0.09156937175288808  0.052867601431054845
1.259361982345581  1.2596818208694458  0.02999271852314883  0.02999271852314883
1.2596818208694458  1.2600018978118896  0.05836150024394785  0.041267812582715876
1.2600018978118896  1.260322093963623  0.028105850174794434  0.028105850174794434
1.260322093963623  1.260642409324646  0.05375807445421385  0.038012698990105925
1.260642409324646  1.260962963104248  0.07726806058223465  0.04461073557691348
1.260962963104248  1.2612836360931396  0.04674175256202169  0.03630065185867441
1.2612836360931396  1.2616045475006104  0.09711700635020021  0.048558503175100104
1.2616045475006104  1.2619255781173706  0.047307680735068615  0.033451581849975216
1.2619255781173706  1.2622467279434204  0.04584056915754829  0.0324141773047533
1.2622467279434204  1.2625681161880493  0.04435236359739116  0.03136185706136667
1.2625681161880493  1.2628896236419678  0.10773457214498598  0.0481803653686088
1.2628896236419678  1.2632112503051758  0.10536141796764628  0.04711905855628497
1.2632112503051758  1.263533115386963  0.06215537232231989  0.0358854209418728
1.263533115386963  1.2638550996780393  0.06135846740333567  0.03542532767237873
1.2638550996780393  1.2641773223876953  0.04050852138915827  0.028643850170114116
1.2641773223876953  1.264499545097351  0.01761454503318528  0.021304523529759364
1.264499545097351  1.2648221254348755  0.07990999161026778  0.03995499580513389
1.2648221254348755  1.2651447057724  0.039758702859206775  0.02811364840292609
1.2651447057724  1.2654675245285034  0.03960233263368239  0.028003077956082124
1.2654675245285034  1.265790581703186  0.019742798590323407  0.019742798590323407
1.265790581703186  1.2661137580871582  0.019704193770957477  0.019704193770957477
1.2661137580871582  1.26643705368042  0.01968461824659994  0.01968461824659994
1.26643705368042  1.2667604684829712  0.09838346540023246  0.04399842329938367
1.2667604684829712  1.2670841217041016  0.07875894009148669  0.039379470045743346
1.2670841217041016  1.267408013343811  0.1775800220852522  0.05919334069508407
1.267408013343811  1.2677319049835205  0.09905375216216745  0.04429818465220464
1.2677319049835205  1.2680561542510986  0.07969805174234808  0.03984902587117404
1.2680561542510986  1.2683804035186768  0.1003698480556227  0.044886760628739496
1.2683804035186768  1.268704891204834  0.06083850808987615  0.035125129022785216
1.268704891204834  1.2690294981002808  0.04114449079459524  0.02909354844932578
1.2690294981002808  1.2693543434143066  0.04199066455497452  0.029691883653352086
1.2693543434143066  1.269679307937622  0.043150476517201365  0.030511994556743964
1.269679307937622  1.2700045108795166  0.11154378440311538  0.049883896878589365
1.2700045108795166  1.2703297138214111  0.023045324075306867  0.023045324075306867
1.2703297138214111  1.270655274391174  0.11762222768752448  0.05260225935485253
1.270655274391174  1.2709808349609375  0.1415227864036333  0.05777643561096573
1.2709808349609375  1.2713067531585693  0.11657493060497809  0.05213389386101035
1.2713067531585693  1.2716326713562014  0.022888175625433493  0.022888175625433493
1.2716326713562014  1.271958827972412  0.15691277774981388  0.05930745535062241
1.271958827972412  1.2722851037979126  0.08771004126056574  0.04385502063028287
1.2722851037979126  1.2726116180419922  0.12854229661846023  0.05247717284678518
1.2726116180419922  1.2729382514953613  0.0836440530244721  0.04182202651223605
1.2729382514953613  1.2732651233673096  0.08161239189627663  0.040806195948138314
1.2732651233673096  1.2735919952392578  0.09949459360991572  0.04449533494109755
1.2735919952392578  1.2739192247390747  0.07753330137466249  0.03876665068733125
1.2739192247390747  1.2742464542388916  0.05649957464481124  0.03262004463028113
1.2742464542388916  1.2745740413665771  0.07291906394679287  0.036459531973396436
1.2745740413665771  1.2749016284942627  0.07028330864761829  0.03514165432380915
1.2749016284942627  1.2752294540405273  0.05069894688771101  0.029271050633250487
1.2752294540405273  1.275557518005371  0.0653385889892302  0.0326692944946151
1.275557518005371  1.2758855819702148  0.06395400460440515  0.03197700230220257
1.2758855819702148  1.2762140035629272  0.04762627216520261  0.027497041055078105
1.2762140035629272  1.2765424251556396  0.06372147728530161  0.03186073864265081
1.2765424251556396  1.2768710851669312  0.048284973919686516  0.027877342690345065
1.2768710851669312  1.2771999835968018  0.08193227261442443  0.036641226223379494
1.2771999835968018  1.277529001235962  0.033801548114803015  0.023901303886580575
1.277529001235962  1.2778581380844116  0.053211156289821496  0.03072147540781969
1.2778581380844116  1.2781875133514404  0.05679873495430736  0.03279276491549956
1.2781875133514404  1.2785170078277588  0.12182330519255297  0.04973415608351719
1.2785170078277588  1.2788466215133667  0.04295950922300753  0.030376960288034657
1.2788466215133667  1.2791765928268433  0.1107068088170979  0.0495095900174208
1.2791765928268433  1.2795065641403198  0.08882456584323069  0.044412282921615344
1.2795065641403198  1.2798367738723755  0.043452593730793805  0.030725623687188362
1.2798367738723755  1.2801671028137207  0.04169188062390918  0.029480611509586214
1.2801671028137207  1.280497670173645  0.09954167979242028  0.04451639252207378
1.280497670173645  1.2808283567428589  0.057945891242209585  0.033455075907122475
1.2808283567428589  1.2811592817306519  0.07713934839581445  0.038569674197907224
1.2811592817306519  1.2814903259277344  0.05922663421640041  0.03419451320803428
1.2814903259277344  1.2818214893341064  0.020434538253725338  0.020434538253725338
1.2818214893341064  1.2821528911590576  0.08438245021312249  0.042191225106561245
1.2821528911590576  1.2824844121932983  0.10783546250243282  0.048225484908113875
1.2824844121932983  1.2828161716461182  0.06546775715767301  0.03779782721822356
1.2828161716461182  1.2831480503082275           0.0  0.021907825284971677
1.2831480503082275  1.283480167388916  0.1312848954822658  0.05359683414436194
1.283480167388916  1.283812403678894  0.08702612539125935  0.04351306269562968
1.283812403678894  1.2841448783874512  0.06461488841216173  0.03730542321841921
1.2841448783874512  1.2844774723052979  0.04241389070734794  0.029991149735670825
1.2844774723052979  1.284810185432434  -0.002561504732631465  0.021968353356230447
1.284810185432434  1.2851431369781494  0.02010088865947998  0.02010088865947998
1.2851431369781494  1.2854762077331543  0.05817308178333193  0.0335862444271968
1.2854762077331543  1.2858095169067383  0.018734529540593632  0.018734529540593632
1.2858095169067383  1.2861430644989014  0.054718580998533  0.03159178746917737
1.2861430644989014  1.2864766120910645  0.10730501186149394  0.04380708765065944
1.2864766120910645  1.2868103981018066  0.03515833802290836  0.024860699231247337
1.2868103981018066  1.2871444225311282  0.13860263866464315  0.04900343284505897
1.2871444225311282  1.2874785661697388  0.12070037940839541  0.045620455295107956
1.2874785661697388  1.2878128290176394  0.017421737140030084  0.017421737140030084
1.2878128290176394  1.2881473302841187  0.0690436833549848  0.03616869933054705
1.2881473302841187  1.2884820699691772  0.05480695300906398  0.03164280907324625
1.2884820699691772  1.2888169288635254  0.07477593205435129  0.037387966027175645
1.2888169288635254  1.289151906967163  0.07627522215861894  0.03813761107930947
1.289151906967163  1.2894871234893799  0.03881739510111614  0.027448043303996694
1.2894871234893799  1.2898224592208862  0.03945128811776071  0.02789627335461287
1.2898224592208862  1.2901580333709717  0.060032009334392164  0.03465949674920544
1.2901580333709717  1.2904937267303467  0.02020687518251281  0.02020687518251281
1.2904937267303467  1.2908296585083008  0.04041940361318985  0.028580834386402586
1.2908296585083008  1.2911657094955444  0.13960519995995774  0.052765805832213214
1.2911657094955444  1.2915018796920776  0.03884170447041495  0.02746523262387425
1.2915018796920776  1.2918384075164795  0.037584597040520064  0.026576323435515584
1.2918384075164795  1.2921749353408813  0.09114618264574749  0.0407618120571006
1.2921749353408813  1.2925117015838623  0.07122886616113765  0.03561443308056882
1.2925117015838623  1.2928487062454224  0.03501059470967548  0.024756228932585396
1.2928487062454224  1.2931857109069824  0.049681445446266154  0.03052612351753856
1.2931857109069824  1.2935230731964111  0.034154647486137286  0.024150982846483746
1.2935230731964111  1.2938605546951294  0.08449990489689937  0.037789506288346875
1.2938605546951294  1.2941981554031372  0.05025233066497066  0.02901319663682689
1.2941981554031372  1.294535994529724  0.14971383499104357  0.049904611663681195
1.294535994529724  1.2948739528656006  0.04963411922763412  0.028656272097064537
1.2948739528656006  1.2952121496200562  0.14818286630986918  0.04939428876995639
1.2952121496200562  1.2955505847930906  0.047154336261765094  0.02897337386592424
1.2955505847930906  1.2958890199661255  0.08168981040372515  0.036532793826359794
1.2958890199661255  1.2962278127670288  0.032593757465940745  0.023047266928516365
1.2962278127670288  1.2965666055679321  0.0813180372442885  0.036366531815017755
1.2965666055679321  1.296905755996704  0.0973986715475566  0.03976284115274128
1.296905755996704  1.297244906425476  0.048630553491996596  0.028076863149444728
1.297244906425476  1.2975844144821167  0.04860001752572604  0.02805923320109846
1.2975844144821167  1.2979239225387573  0.016203495262416597  0.016203495262416597
1.2979239225387573  1.298263669013977  0.06487413313435315  0.03243706656717658
1.298263669013977  1.2986036539077759  0.1136809988825311  0.04296737883379842
1.2986036539077759  1.2989437580108643  0.06508817641216923  0.03254408820608461
1.2989437580108643  1.2992841005325317  0.06526851501778279  0.032634257508891394
1.2992841005325317  1.2996245622634888  0.1310691673509195  0.04633994851915481
1.2996245622634888  1.299965262413025  0.06386903836995154  0.03345794912847982
1.299965262413025  1.3003060817718506  0.047761964524313784  0.029346723216545894
1.3003060817718506  1.3006471395492554  0.08387193166860582  0.037508668123044
1.3006471395492554  1.3009883165359497  0.08496203881400252  0.03799617885901705
1.3009883165359497  1.3013297319412231  0.017286555827141985  0.017286555827141985
1.3013297319412231  1.3016712665557861  0.08843011075030145  0.039547147779101795
1.3016712665557861  1.3020129203796387  0.10923120022246657  0.04459345075613791
1.3020129203796387  1.3023549318313599  0.07491841279532603  0.037459206397663015
1.3023549318313599  1.302696943283081  0.03807523697558134  0.02692325826071834
1.302696943283081  1.303039312362671  0.07593130733050538  0.03796565366525269
1.303039312362671  1.3033816814422607  0.09309351342852404  0.04163268485809385
1.3033816814422607  1.3037244081497192  0.07232283593153171  0.03616141796576586
1.3037244081497192  1.3040671348571777  0.10478652531275331  0.04277891982257984
1.3040671348571777  1.3044102191925049  0.05055008463951656  0.02918510497418325
1.3044102191925049  1.3047533035278318  0.016376830420156394  0.016376830420156394
1.3047533035278318  1.3050967454910278  0.08093468080973665  0.03619508960556377
1.3050967454910278  1.3054401874542236  0.08160337044256165  0.03649413670053299
1.3054401874542236  1.305783987045288  0.0835559368882817  0.03736735096117603
1.305783987045288  1.3061277866363525  0.06879970982037366  0.03439985491018683
1.3061277866363525  1.3064719438552856  0.07030509079051617  0.035152545395258084
1.3064719438552856  1.3068162202835083  0.03538834742482682  0.02502334043908054
1.3068162202835083  1.3071606159210205  0.05270768243257312  0.0304307946408074
1.3071606159210205  1.3075052499771118  0.06926301953268672  0.03463150976634336
1.3075052499771118  1.3078500032424927  0.10210731305318413  0.0416851359978209
1.3078500032424927  1.3081949949264526  0.01671132209912534  0.01671132209912534
1.3081949949264526  1.3085402250289917  0.04922614846116148  0.028420730065220064
1.3085402250289917  1.3088855743408203  0.09665780605155977  0.039460384080536905
1.3088855743408203  1.309231162071228  0.07906209345124082  0.035357643080083094
1.309231162071228  1.3095768690109253  0.0775506522569589  0.03468170602920152
1.3095768690109253  1.3099226951599123           0.0  0.01519571648289202
1.3099226951599123  1.3102687597274778  0.08918891719655021  0.036411222973814654
1.3102687597274778  1.310615062713623  0.058027881511664464  0.029013940755832232
1.310615062713623  1.3109614849090576  -0.0017456629319831931  0.014971411000003628
1.3109614849090576  1.3113081455230713  0.08083597231961215  0.034040523572709584
1.3113081455230713  1.3116549253463745  0.12149817584028236  0.04049939194676079
1.3116549253463745  1.3120019435882568  0.12092792125822867  0.040309307086076225
1.3120019435882568  1.3123492002487183  0.08112891238567478  0.03312073978864425
1.3123492002487183  1.3126964569091797  0.05272514620731793  0.027620194457570666
1.3126964569091797  1.3130440711975098  0.09489578221694009  0.035867234316424156
1.3130440711975098  1.3133918046951292  0.10709598575247851  0.03786414888171772
1.3133918046951292  1.3137396574020386  0.07890750982183002  0.03221385598952259
1.3137396574020386  1.3140878677368164  0.12886314204792243  0.04075010353172496
1.3140878677368164  1.3144360780715942  0.037794121632753794  0.02182044629845586
1.3144360780715942  1.3147845268249512  0.02456753083652477  0.01737186765151628
1.3147845268249512  1.3151332139968872  0.07163014082021034  0.02924288253553664
1.3151332139968872  1.3154820203781128  0.08094574336586034  0.030594615233617558
1.3154820203781128  1.3158310651779175  0.04468200560015151  0.022341002800075754
1.3158310651779175  1.3161803483963013  0.07561477541140649  0.028579698740083325
1.3161803483963013  1.3165297508239746  0.11569406782011556  0.03488307394811402
1.3165297508239746  1.3168792724609375  0.06206761984900455  0.025338999696517036
1.3168792724609375  1.3172290325164795  0.061567160608488464  0.025134688067129502
1.3172290325164795  1.3175790309906008  0.05112227485126236  0.02286257634637012
1.3175790309906008  1.3179291486740112  0.04081687232657365  0.020408436163286824
1.3179291486740112  1.318279504776001  0.0916952667219381  0.0305650889073127
1.318279504776001  1.3186299800872803  0.12208575805778177  0.03524312263943991
1.3186299800872803  1.3189806938171387  0.07113274551653431  0.02688565067285636
1.3189806938171387  1.3193315267562866  0.1015916027504116  0.03212608558383271
1.3193315267562866  1.3196827173233032  0.040731995460836036  0.020365997730418018
1.3196827173233032  1.3200339078903198  0.07185150509469079  0.027157316258034612
1.3200339078903198  1.3203853368759153  0.04172828655429755  0.020864143277148774
1.3203853368759153  1.3207370042800906  0.10694523118635661  0.03381905154421582
1.3207370042800906  1.3210887908935547  0.09913698365133405  0.033045661217111354
1.3210887908935547  1.3214408159255981  0.079332972867135  0.029985045281982002
1.3214408159255981  1.3217930793762207  0.05799052284709877  0.0259341502273735
1.3217930793762207  1.3221454620361326  0.04711748012073057  0.023558740060365284
1.3221454620361326  1.3224979639053345  0.03552546768882448  0.020510638333230167
1.3224979639053345  1.3228507041931152  0.09410831223028537  0.03327231287202785
1.3228507041931152  1.323203682899475  0.05789043751819847  0.025889390707579202
1.323203682899475  1.3235567808151245  0.022728145051487486  0.016071225489698276
1.3235567808151245  1.323910117149353  0.055948529916649385  0.025020943226961734
1.323910117149353  1.3242636919021606  0.05543259782275019  0.024790211380215255
1.3242636919021606  1.3246173858642578  0.06642605879798724  0.02711832494653034
1.3246173858642578  1.324971318244934  0.12281631123863601  0.03703051113764225
1.324971318244934  1.3253253698349  0.09104206498972346  0.03218823076372992
1.3253253698349  1.3256796598434448  0.09348551111716312  0.03305211942681821
1.3256796598434448  1.3260340690612793  0.06007187614035189  0.02686495971715491
1.3260340690612793  1.326388716697693  0.06000362624937905  0.027852564679301736
1.326388716697693  1.3267436027526855  0.06258927555359411  0.027990774960060444
1.3267436027526855  1.3270986080169678  0.11353785518678199  0.037845951728927324
1.3270986080169678  1.327453851699829  0.03769305942781592  0.02176209800723008
1.327453851699829  1.32780921459198  0.049498907268195697  0.024749453634097848
1.32780921459198  1.32816481590271  0.09696525448362157  0.034282394492424054
1.32816481590271  1.328520655632019  0.04752907766099119  0.023764538830495594
1.328520655632019  1.3288766145706177  0.03509019100121318  0.020259331220465814
1.3288766145706177  1.3292328119277954  0.0577895553843124  0.025844274845762304
1.3292328119277954  1.3295891284942627  0.08013434935579532  0.030287937124200484
1.3295891284942627  1.329945683479309  0.04542763785943825  0.022713818929719125
1.329945683479309  1.3303024768829346  0.06766112626465746  0.02762253912840599
1.3303024768829346  1.3306593894958496  0.06724315587849507  0.027451903432790668
1.3306593894958496  1.3310165405273435  0.13377392082738176  0.03861720460012027
1.3310165405273435  1.3313738107681274  0.07768269138704328  0.029361297512042254
1.3313738107681274  1.3317313194274905  0.14366379350111885  0.03984516722276571
1.3317313194274905  1.332089066505432  0.06604709557168874  0.026963613857245303
1.332089066505432  1.3324469327926636  0.12064891483013473  0.03637701653228201
1.3324469327926636  1.3328050374984741  0.1202504462099833  0.0362568737228481
1.3328050374984741  1.3331632614135742  0.10900406890572129  0.03447011319680171
1.3331632614135742  1.3335217237472534  0.10871827520900629  0.03437973729454784
1.3335217237472534  1.3338804244995117  0.06507375942437751  0.02656625103905881
1.3338804244995117  1.3342392444610596  0.03246683353711725  0.01874473508238941
1.3342392444610596  1.3345983028411865  0.09721799435339153  0.03240599811779718
1.3345983028411865  1.3349575996398926  0.07548234401773424  0.028529644378164114
1.3349575996398926  1.3353170156478882  0.07533812093443729  0.02847513317649002
1.3353170156478882  1.335676670074463  0.05370355940132107  0.024016961891010366
1.335676670074463  1.3360364437103271  0.11792579018005721  0.03555596355758428
1.3360364437103271  1.3363964557647705  0.07492631943906991  0.02831948684130908
1.3363964557647705  1.3367567062377932  0.0855009316611221  0.030229144287673513
1.3367567062377932  1.337117075920105  0.12808080320712378  0.03697374310482819
1.337117075920105  1.337477684020996  0.07464139547185576  0.028211795704193285
1.337477684020996  1.3378385305404663  0.08393572684083453  0.03037337058146455
1.3378385305404663  1.338199496269226  0.021298751500412914  0.015060491616749126
1.338199496269226  1.338560700416565  0.07315332252392236  0.028393718044940074
1.338560700416565  1.338922142982483  0.0531324898418168  0.023761571820023884
1.338922142982483  1.3392837047576904  0.09554515033348321  0.0318483834444944
1.3392837047576904  1.3396453857421875  0.05303814228820504  0.02371937831134654
1.3396453857421875  1.3400074243545532  0.10600610219145645  0.033522072880156906
1.3400074243545532  1.3403695821762083  0.05298689858084862  0.02369646142873293
1.3403695821762083  1.3407319784164429  0.021198898143604074  0.014989884631025355
1.3407319784164429  1.3410944938659668  0.06362232396128489  0.025973704992532626
1.3410944938659668  1.3414572477340698  0.11669067681364755  0.035183562865772136
1.3414572477340698  1.341820240020752  0.05307074034663661  0.023733956606264043
1.341820240020752  1.3421833515167236  0.07438711964370975  0.028115688474809095
1.3421833515167236  1.3425467014312742  0.07452248759208022  0.028166852750077277
1.3425467014312742  1.3429101705551147  0.032010629402733394  0.018481345502597474
1.3429101705551147  1.3432739973068237  0.11766665992666966  0.03547783284646463
1.3432739973068237  1.3436379432678223  0.10729847894678587  0.033930758294346816
1.3436379432678223  1.3440020084381104  0.1077256920047048  0.03406585492526574
1.3440020084381104  1.3443663120269775  0.12992445747366832  0.03750596024836924
1.3443663120269775  1.3447308540344236  0.05452070256567101  0.024382399423577512
1.3447308540344236  1.3450956344604492  0.1213441830837653  0.036586647798276396
1.3450956344604492  1.3454605340957642  0.0887300823936646  0.0321082782707915
1.3454605340957642  1.3458256721496584  0.04667304937460071  0.023336524687300356
1.3458256721496584  1.3461909294128418  0.11050403344943234  0.03683467781647745
1.3461909294128418  1.3465564250946045  0.07814798972770826  0.031903783209524424
1.3465564250946045  1.3469221591949463  0.04113452777236391  0.02374903068236244
1.3469221591949463  1.3472881317138672  0.02830742519599115  0.02001637231401628
1.3472881317138672  1.3476542234420779  0.08588483344457364  0.03506233643052079
1.3476542234420779  1.3480205535888674  0.09983975663847468  0.03773588100323058
1.3480205535888674  1.3483870029449463  0.08265487866343763  0.034806476186339745
1.3483870029449463  1.3487536907196045  0.08274355170445355  0.03377991353025142
1.3487536907196045  1.3491206169128418  0.0813449144359645  0.03320892225641171
1.3491206169128418  1.349487781524658  0.06742093724227051  0.030151559756092815
1.349487781524658  1.3498550653457642  0.06810028370830197  0.03045537273175693
1.3498550653457642  1.3502225875854492  0.09755041672918174  0.036870591850875684
1.3502225875854492  1.3505902290344238  0.08451068253916087  0.03558796657688158
1.3505902290344238  1.3509581089019775  0.044677328116629236  0.025794467414809123
1.3509581089019775  1.3513262271881101  0.16855181544782355  0.050820284506696345
1.3513262271881101  1.3516945838928223  0.046272651027894456  0.026715527527072475
1.3516945838928223  1.3520630598068237  0.030061288997930445  0.021256541301645174
1.3520630598068237  1.352431774139404  0.057125687194622486  0.028562843597311243
1.352431774139404  1.352800726890564  0.08062836026088638  0.032916390239411335
1.352800726890564  1.3531697988510132  0.050619929204616845  0.025309964602308423
1.3531697988510132  1.3535391092300415  0.07171884371863481  0.02927909534217762
1.3535391092300415  1.3539086580276491  0.02270626840860011  0.016055756367163016
1.3539086580276491  1.354278326034546  0.10900523830018946  0.03447048299180198
1.354278326034546  1.3546483516693115  0.021217666767418382  0.015003156052197993
1.3546483516693115  1.3550183773040771  0.03133000497560869  0.018088386806379992
1.3550183773040771  1.3553887605667114  0.08276984865533007  0.02926356063098407
1.3553887605667114  1.3557592630386353  0.0719542459670159  0.02719614865769948
1.3557592630386353  1.3561300039291382  0.061353897570313835  0.025047623796375578
1.3561300039291382  1.3565009832382202  0.06999816928901638  0.027169077410043353
1.3565009832382202  1.3568720817565918  0.10135346610736348  0.03205078016519486
1.3568720817565918  1.3572434186935425  0.07063577332780002  0.026697812841441168
1.3572434186935425  1.3576149940490723  0.07034801198331811  0.02658904927652163
1.3576149940490723  1.3579866886138916  0.06008014726496379  0.0245276174117386
1.3579866886138916  1.3583586215972898  0.10980404286805856  0.033107164605222734
1.3583586215972898  1.3587307929992678  0.14930209895543817  0.03854963618721492
1.3587307929992678  1.3591032028198242  0.1290578706282625  0.035794213080953714
1.3591032028198242  1.3594757318496704  0.08913424478820084  0.02971141492940028
1.3594757318496704  1.3598484992980957  0.12721228738687712  0.035789931599664315
1.3598484992980957  1.3602215051651  0.10717023650662381  0.03286331972052662
1.3602215051651  1.360594630241394  0.07861472318881547  0.027794501933957376
1.360594630241394  1.3609679937362669  0.08823886226945775  0.029412954089819247
1.3609679937362669  1.3613415956497192  0.05872434471430097  0.023974113338223958
1.3613415956497192  1.3617154359817503  0.07821052925344188  0.0276515977976488
1.3617154359817503  1.3620893955230713  0.11722416413572258  0.03383970135964415
1.3620893955230713  1.3624635934829712  0.03905082433945695  0.019525412169728473
1.3624635934829712  1.3628380298614504  0.09756247836350122  0.03085196457995608
1.3628380298614504  1.3632125854492185  0.07797592523640552  0.027568652751978798
1.3632125854492185  1.3635873794555664  0.08641936797084777  0.029407425934520372
1.3635873794555664  1.3639624118804932  0.03890048427344514  0.01945024213672257
1.3639624118804932  1.364337682723999  0.06802789270003713  0.025712126614297795
1.364337682723999  1.3647130727767942  0.08624095675816307  0.029346714838777536
1.3647130727767942  1.365088701248169  0.06801557556935459  0.025707471176490377
1.365088701248169  1.3654645681381226  0.07654582931403689  0.027699228060889203
1.3654645681381226  1.3658406734466553  0.07774952308606398  0.027488607504087933
1.3658406734466553  1.3662168979644775  0.04858402690398295  0.02172743735559691
1.3662168979644775  1.366593360900879  0.07770869737347408  0.02747417343497839
1.366593360900879  1.3669700622558594  0.06679015016244257  0.02592391741703108
1.3669700622558594  1.367347002029419  0.1165918162144144  0.03365715823834976
1.367347002029419  1.367724061012268  0.07779207835532805  0.027503653063823855
1.367724061012268  1.3681013584136963  0.028005336677813096  0.017207517995864303
1.3681013584136963  1.3684788942337036  0.06826758721565188  0.02580272262557532
1.3684788942337036  1.3688565492630005  0.06841095535605259  0.025856910689208187
1.3688565492630005  1.369234561920166  0.1175630028740966  0.03393751567805021
1.369234561920166  1.369612693786621  0.06877391986308512  0.025994098377829792
1.369612693786621  1.3699909448623657  0.08871072901483634  0.029570243004945446
1.3699909448623657  1.370369553565979  0.028474182564222666  0.017495594305051158
1.370369553565979  1.3707482814788818  0.06969868166280786  0.02634362548412106
1.3707482814788818  1.3711272478103638  0.11037549544919743  0.03327946404132435
1.3711272478103638  1.3715064525604248  0.09120736342900848  0.03040245447633616
1.3715064525604248  1.371885895729065  0.051329892767046456  0.02295542590097813
1.371885895729065  1.3722654581069949  0.10319556582706874  0.033245246690197114
1.3722654581069949  1.3726452589035034  0.11762693411236248  0.035465855062778426
1.3726452589035034  1.3730252981185913  0.08778822247263299  0.031037823709356024
1.3730252981185913  1.3734055757522583  0.12323838857966773  0.03715777224425253
1.3734055757522583  1.3737859725952148  0.11297365636021547  0.035725406969544876
1.3737859725952148  1.3741666078567505  0.11243445398641293  0.03555489620744632
1.3741666078567505  1.3745474815368652  0.055467477005233586  0.02480580982482175
1.3745474815368652  1.374928593635559  0.06542521900855243  0.02670973381346536
1.374928593635559  1.3753098249435425  0.05351606972225026  0.023933113957513977
1.3753098249435425  1.3756914138793945  0.04201163074506051  0.021005815372530254
1.3756914138793945  1.3760731220245361  0.08242937621746368  0.02914318544617285
1.3760731220245361  1.3764550685882568  0.0909123898501622  0.03030412995005407
1.3764550685882568  1.376837134361267  0.06923279816447021  0.02616753807318818
1.376837134361267  1.377219557762146  0.057994238184283314  0.023676048595487748
1.377219557762146  1.3776021003723145  0.05654295463504127  0.023083564567531356
1.3776021003723145  1.377984881401062  0.08242321148449319  0.027474403828164396
1.377984881401062  1.3783677816390991  0.06986177450062979  0.02528050505132484
1.3783677816390991  1.378751039505005  0.11139408512221945  0.0308951604378125
1.378751039505005  1.3791344165802002  0.09945817788140755  0.028711102886470167
1.3791344165802002  1.3795180320739746  0.07264043744079279  0.02421347914693093
1.3795180320739746  1.3799018859863281  0.03969122166183013  0.017750453949172868
1.3799018859863281  1.3802859783172607  0.09350894911961541  0.02741472629163539
1.3802859783172607  1.3806701898574827  0.07059858478946153  0.023532861596487178
1.3806701898574827  1.3810547590255737  0.08610261949806451  0.025960916576529
1.3810547590255737  1.381439447402954  0.06251148371299034  0.022101147017743947
1.381439447402954  1.381824254989624  0.07704491858672124  0.024820614181562423
1.381824254989624  1.3822094202041628  0.09345399148131062  0.02697784356928984
1.3822094202041628  1.3825948238372805  0.09329849808501736  0.026932956492186275
1.3825948238372805  1.3829803466796875  0.06890084387347684  0.023446092127388938
1.3829803466796875  1.3833661079406738  0.07749841654902716  0.0245071511351412
1.3833661079406738  1.3837521076202393  0.07737528874143604  0.02446821470361211
1.3837521076202393  1.3841382265090945  0.10042769445279606  0.027853630909706665
1.3841382265090945  1.384524703025818  0.09931476031488076  0.0279412354853491
1.384524703025818  1.384911298751831  0.08470786078440383  0.025540381001411615
1.384911298751831  1.3852981328964233  0.06919709319161811  0.023065697730539368
1.3852981328964233  1.3856852054595947  0.11514623709560876  0.029730630576649562
1.3856852054595947  1.3860725164413452  0.0613146113667706  0.02167798874163063
1.3860725164413452  1.3864599466323855  0.09182718798424165  0.02650822585081414
1.3864599466323855  1.386847734451294  0.1222439547613987  0.030560988690349674
1.386847734451294  1.3872356414794922  0.0762828181194891  0.024122745159394804
1.3872356414794922  1.3876237869262695  0.03808184980403283  0.01703072097415089
1.3876237869262695  1.388012170791626  0.06844039830625509  0.022813466102085032
1.388012170791626  1.3884007930755615  0.11389096587070047  0.02940652094004668
1.3884007930755615  1.3887895345687866  0.09097280958467362  0.026261588051323937
1.3887895345687866  1.3891785144805908  0.060554440216632664  0.021409227654068174
1.3891785144805908  1.3895677328109741  0.09824539501032004  0.027248369945224834
1.3895677328109741  1.3899571895599365  0.09054335803804238  0.026137616068298217
1.3899571895599365  1.390346884727478  0.09039945359511181  0.026096074433866443
1.390346884727478  1.3907368183135984  0.08273623360258546  0.02494591303881549
1.3907368183135984  1.3911268711090088  0.06007800096675941  0.02124078094186377
1.3911268711090088  1.3915172815322876  0.10497348388222152  0.02805534367023639
1.3915172815322876  1.391907811164856  0.08235228517326225  0.024830148231641726
1.391907811164856  1.3922985792160034  0.06542833920428151  0.022731252110581742
1.3922985792160034  1.39268958568573  0.06717321136720758  0.022391070455735858
1.39268958568573  1.393080711364746  0.10340864291734439  0.028006092760381098
1.393080711364746  1.3934721946716309  0.10416675669514636  0.027839736760334164
1.3934721946716309  1.3938637971878052  0.09657524402127329  0.02678515340454984
1.3938637971878052  1.3942556381225586  0.06675553549955014  0.022251845166516716
1.3942556381225586  1.3946477174758911  0.05183957017880819  0.01959351582365809
1.3946477174758911  1.3950400352478027  0.07302628249690785  0.023525979600190407
1.3950400352478027  1.3954325914382935  0.022147514886554726  0.012786873681633613
1.3954325914382935  1.3958253860473633  0.14005331484751105  0.032130434006746596
1.3958253860473633  1.3962182998657227  0.06624074633878316  0.022080248779594386
1.3962182998657227  1.396611452102661  0.08083733377151484  0.024373373197530898
1.396611452102661  1.3970049619674683  0.08071320922127999  0.02433594823749448
1.3970049619674683  1.397398591041565  0.058611211635539985  0.020722192600525102
1.397398591041565  1.397792339324951  0.04389126431598458  0.017918533623298257
1.397792339324951  1.398186445236206  0.05843017555394501  0.020658186680057478
1.398186445236206  1.39858078956604  0.06562971702173322  0.02187657234057774
1.39858078956604  1.3989752531051636  0.08646716981002392  0.02535023455906756
1.3989752531051636  1.3993700742721555  0.11630400266091949  0.029076000665229872
1.3993700742721555  1.3997650146484375  0.08708888523640231  0.02514039566733065
1.3997650146484375  1.4001601934432981  0.09419515760917134  0.02612503620463686
1.4001601934432981  1.4005556106567383  0.11574524489009043  0.028936311222522607
1.4005556106567383  1.4009512662887573  0.035219075440648805  0.016348038243205833
1.4009512662887573  1.4013471603393555  0.07931789919979905  0.02391524643681493
1.4013471603393555  1.4017431735992432  0.08638945650827971  0.02493848798510038
1.4017431735992432  1.4021395444869995  0.07187532617705658  0.02272897382870216
1.4021395444869995  1.4025360345840454  0.08611138997993983  0.024858217092605554
1.4025360345840454  1.4029327630996702  0.12807276702288733  0.030499926986487572
1.4029327630996702  1.4033297300338745  0.09298451101430806  0.025789263252771828
1.4033297300338745  1.4037269353866577  0.09283158815561307  0.025746850082909112
1.4037269353866577  1.40412437915802  0.020506355426628087  0.012599865664634
1.40412437915802  1.4045220613479612  0.07029565123770998  0.022646285699542357
1.4045220613479612  1.404919981956482  0.06395448433344605  0.02131816144448202
1.404919981956482  1.405318021774292  0.09844710334666537  0.02666236235709358
1.405318021774292  1.405716419219971  0.0849959762366891  0.02453622488014374
1.405716419219971  1.406114935874939  0.042428067152259094  0.017321185882595753
1.406114935874939  1.4065136909484863  0.10589462135338765  0.027341873663640714
1.4065136909484863  1.4069128036499023  0.07752860922042923  0.02337575520929562
1.4069128036499023  1.407312035560608  0.05629369396819438  0.01990282637147525
1.407312035560608  1.4077115058898926  0.10538369293892377  0.027209952514285863
1.4077115058898926  1.4081110954284668  0.09118675898559729  0.025290656551226746
1.4081110954284668  1.4085110425949097  0.08403595815154602  0.02425909153020161
1.4085110425949097  1.4089112281799316  0.062060999736591474  0.02111857904112138
1.4089112281799316  1.4093115329742432  0.09772637088924731  0.026118471251454434
1.4093115329742432  1.4097121953964233  0.11150789164157406  0.027876972910393514
1.4097121953964233  1.410112977027893  0.06871936633588674  0.022138473372577034
1.410112977027893  1.4105141162872314  0.0694663811783401  0.02196719853330061
1.4105141162872314  1.4109153747558596  0.08236723161818706  0.02414822465092442
1.4109153747558596  1.4113168716430664  0.10386028878475331  0.026816611253042837
1.4113168716430664  1.4117186069488525  0.08986262726045342  0.024923408487344065
1.4117186069488525  1.4121205806732178  0.11041455793513397  0.02760363948378349
1.4121205806732178  1.412522792816162  0.08956144248177114  0.024839874859426514
1.412522792816162  1.4129252433776855  0.09629006756993161  0.02573460304257118
1.4129252433776855  1.4133278131484985  0.061796965765897584  0.020598988588632527
1.4133278131484985  1.4137307405471802  0.1096747174301017  0.027418679357525424
1.4137307405471802  1.414133906364441  0.05474428282389843  0.01935502680798641
1.414133906364441  1.4145371913909912  0.1229673333381574  0.02898367842261257
1.4145371913909912  1.4149408340454102  0.10145906181984622  0.02652286226459263
1.4149408340454102  1.4153445959091187  0.04766151597853213  0.01801435976964676
1.4153445959091187  1.4157485961914062  0.08156872879149195  0.023546863762611725
1.4157485961914062  1.4161528348922732  0.07464433960016924  0.022506115197966234
1.4161528348922732  1.4165574312210085  0.14226080383146694  0.031043852475379097
1.4165574312210085  1.4169621467590332  0.053268012140941574  0.01927580940548492
1.4169621467590332  1.4173671007156374  0.04051065937932685  0.01653840743717404
1.4173671007156374  1.4177722930908203  0.0269621683514836  0.0134810841757418
1.4177722930908203  1.4181777238845825  0.06729284804765637  0.021279867007020906
1.4181777238845825  1.4185833930969238  0.08061707323209058  0.023272144465913632
1.4185833930969238  1.418989300727844  0.09389829744163625  0.025095375587713926
1.418989300727844  1.4193953275680542  0.12722395641672224  0.029187177327258704
1.4193953275680542  1.4198017120361328  0.07353531307694496  0.022171731119776477
1.4198017120361328  1.4202083349227905  0.07341731700473454  0.02213615396538942
1.4202083349227905  1.4206150770187378  0.09995768001356739  0.0258089620012051
1.4206150770187378  1.4210221767425537  0.05988175655434075  0.019960585518113583
1.4210221767425537  1.4214295148849487  0.09300644073428244  0.024857016856498618
1.4214295148849487  1.4218369722366333  0.05969850096069055  0.019899500320230183
1.4218369722366333  1.4222447872161865  0.046361394816352555  0.017522960159735413
1.4222447872161865  1.4226527214050293  0.09919392249944652  0.02561176065902304
1.4226527214050293  1.4230610132217407  0.07263162520258065  0.021899258973698276
1.4230610132217407  1.4234694242477415  0.07911462428546742  0.022838424814025357
1.4234694242477415  1.4238780736923218  0.06582853214302535  0.020816809659756515
1.4238780736923218  1.4242870807647705  0.13145652951868272  0.02939457360899823
1.4242870807647705  1.4246962070465086  0.07875449701205332  0.02273446502490128
1.4246962070465086  1.4251055717468262  0.09829435452413528  0.025379493206545572
1.4251055717468262  1.4255151748657224  0.06542932410752918  0.020690568994515594
1.4255151748657224  1.4259251356124878  0.11106003251341628  0.02693601440219688
1.4259251356124878  1.4263352155685425  0.07827765822385918  0.022596813523539306
1.4263352155685425  1.4267455339431763  0.10421521200596183  0.026053803001490457
1.4267455339431763  1.4271560907363894  0.11056321133307039  0.0268155175666904
1.4271560907363894  1.427566885948181  0.14935986702212914  0.03114368515576186
1.427566885948181  1.427977919578552  0.05755513731826602  0.019585290630787906
1.427977919578552  1.4283891916275024  0.14163206251365568  0.030451836493620994
1.4283891916275024  1.4288007020950317  0.0775714843116791  0.022392958674393375
1.4288007020950317  1.42921257019043  0.09681724739041614  0.02499810578458168
1.42921257019043  1.4296245574951172  0.11521083235656647  0.027436917750826597
1.4296245574951172  1.4300367832183838  0.1086051897437067  0.0266298139697203
1.4300367832183838  1.4304492473602295  0.09638619845615222  0.02488680942832804
1.4304492473602295  1.4308619499206545  0.12190557553316929  0.027967057073855234
1.4308619499206545  1.4312748908996584  0.05125106129164611  0.018119986491165172
1.4312748908996584  1.4316880702972412  0.037589328466286036  0.01582909668828825
1.4316880702972412  1.432101488113403  0.08941617589030439  0.02389747821550253
1.432101488113403  1.4325151443481445  0.12116267395276807  0.027796623762593887
1.4325151443481445  1.4329290390014648  0.06366970795225296  0.02013412950868546
1.4329290390014648  1.4333431720733643  0.12713707256081946  0.028428713670631562
1.4333431720733643  1.4337575435638428  0.08250659836603394  0.022883213151757596
1.4337575435638428  1.4341721534729004  0.1013825243690826  0.02534563109227065
1.4341721534729004  1.434587001800537  0.03717467040825348  0.01565448163766126
1.434587001800537  1.4350022077560425  0.08842232961140827  0.02363186162473471
1.4350022077560425  1.4354175329208374  0.08197707042440339  0.022736348525192993
1.4354175329208374  1.4358330965042116  0.09444369479866732  0.02438525714063564
1.4358330965042116  1.4362488985061646  0.069154592966489  0.020850894309054055
1.4362488985061646  1.4366649389266968  0.10671748974557926  0.02588279307775252
1.4366649389266968  1.437081217765808  0.06268281417907999  0.01982204629549904
1.437081217765808  1.4374978542327883  0.08762780116775545  0.023419514966149316
1.4374978542327883  1.4379146099090576  0.11172810205680506  0.026607521913401082
1.4379146099090576  1.438331604003906  0.14199772797609186  0.030090653257596765
1.438331604003906  1.4387488365173338  0.07477855275517256  0.021586708781404753
1.4387488365173338  1.4391664266586304  0.09955513594587201  0.024888783986468002
1.4391664266586304  1.4395841360092163  0.07378832195376278  0.021633080779186464
1.4395841360092163  1.440002202987671  0.05507097166290139  0.018739960246702502
1.440002202987671  1.440420389175415  0.11153824753840363  0.026289817065356318
1.440420389175415  1.4408389329910278  0.14246290046336774  0.02970556821499049
1.4408389329910278  1.44125759601593  0.06826845333603612  0.020583713157592564
1.44125759601593  1.4416766166687012  0.04298741481862962  0.01668512780731047
1.4416766166687012  1.4420957565307617  0.03807796022535805  0.015545262166353397
1.4420957565307617  1.442515254020691  0.08442302201869062  0.02341473343984726
1.442515254020691  1.4429349899291992  0.06665318722431485  0.021077588493847128
1.4429349899291992  1.443354845046997  0.11572537812759957  0.02806752691674334
1.443354845046997  1.4437750577926636  0.11431953120655569  0.028652232507501266
1.4437750577926636  1.4441955089569092  0.0890991294900669  0.024711652305818604
1.4441955089569092  1.4446161985397339  0.0812195423432221  0.023446062317658743
1.4446161985397339  1.4450371265411377  0.08662578335957766  0.024025669513860957
1.4450371265411377  1.4454582929611204  0.07233340176740286  0.021809341224773217
1.4454582929611204  1.4458796977996826  0.04478043160514697  0.017381069034991134
1.4458796977996826  1.4463013410568237  0.0581701737393238  0.019390057913107932
1.4463013410568237  1.4467233419418335  0.07065639761088859  0.021303705446680102
1.4467233419418335  1.4471454620361328  0.057504941535534065  0.01916831384517802
1.4471454620361328  1.4475678205490112  0.06359911345238256  0.020111805567698364
1.4475678205490112  1.4479905366897583  0.08868133947394592  0.023701084922264092
1.4479905366897583  1.4484133720397951  0.07573492326026625  0.02186278916568518
1.4484133720397951  1.4488365650177002  0.08175927396890222  0.022675942656891164
1.4488365650177002  1.449259877204895  0.043879703565001815  0.01658496903374702
1.449259877204895  1.4496835470199583  0.10625462301219465  0.02577053140526256
1.4496835470199583  1.450107455253601  0.09350307941986284  0.024142391294149215
1.450107455253601  1.4505316019058228  0.1305590125300288  0.028490312265597378
1.4505316019058228  1.4509559869766235  0.08680920284461779  0.023200735361680117
1.4509559869766235  1.4513806104660034  0.061851913255544996  0.01955929235266824
1.4513806104660034  1.4518054723739624  0.09256964148863465  0.02390137865665821
1.4518054723739624  1.4522305727005007  0.11084329889949394  0.026126016100306515
1.4522305727005007  1.4526559114456175  0.11674457683486396  0.0267830427699785
1.4526559114456175  1.4530816078186035  0.09809115094077821  0.024522787735194552
1.4530816078186035  1.4535074234008787  0.103236869976428  0.025313510788721644
1.4535074234008787  1.4539335966110232  0.11522840190343821  0.02669469959404798
1.4539335966110232  1.454360008239746  0.08529827720969851  0.02279692350005427
1.454360008239746  1.454786539077759  0.1277289394279646  0.0278727396840513
1.454786539077759  1.4552134275436401  0.09108355464840744  0.02351767268444368
1.4552134275436401  1.4556405544281008  0.08485874134068858  0.02267945259783762
1.4556405544281008  1.4560679197311401  0.12705427313936296  0.027725515429939302
1.4560679197311401  1.4564955234527588  0.10723166033705601  0.02580203492702807
1.4564955234527588  1.456923484802246  0.06031183842023947  0.019072277928000824
1.456923484802246  1.457351565361023  0.10838802493316356  0.025547302476552177
1.457351565361023  1.4577800035476687  0.07814245716845138  0.02167281816243077
1.4577800035476687  1.4582085609436033  0.08400814670345892  0.02245212161872757
1.4582085609436033  1.4586374759674072  0.07788594626820458  0.021601674839080365
1.4586374759674072  1.45906662940979  0.07776922000264483  0.02156930079787505
1.45906662940979  1.459496021270752  0.10750601511914595  0.0253394107696972
1.459496021270752  1.4599256515502927  0.10136740914849648  0.024585207936144292
1.4599256515502927  1.460355520248413  0.09526766979905885  0.02381691744976471
1.460355520248413  1.4607857465744016  0.07731485072490793  0.021443281434115363
1.4607857465744016  1.4612160921096804  0.1180860703141844  0.026651007617806158
1.4612160921096804  1.4616467952728271  0.05341056175835312  0.017803520586117706
1.4616467952728271  1.4620776176452637  0.08891466319283677  0.022957667318633225
1.4620776176452637  1.4625087976455688  0.09472735008969425  0.023681837522423563
1.4625087976455688  1.4629402160644533  0.08204753164375794  0.022220877454238216
1.4629402160644533  1.4633718729019165  0.09446379123903766  0.023615947809759414
1.4633718729019165  1.4638038873672485  0.10020754686258876  0.02430390001167559
1.4638038873672485  1.4642360210418701  0.08240020056595171  0.022022379937089106
1.4642360210418701  1.4646685123443601  0.05877798854237923  0.01858723200771988
1.4646685123443601  1.4651011228561401  0.06457335994593082  0.019469600581201507
1.4651011228561401  1.4655340909957886  0.11139807930701866  0.025556472115990728
1.4655340909957886  1.4659672975540161  0.10541806995875862  0.02484727737581203
1.4659672975540161  1.4664007425308228  0.07462580344682855  0.02129830605465596
1.4664007425308228  1.466834545135498  0.07530539958154878  0.021186436903791163
1.466834545135498  1.467268466949463  0.07599778550546428  0.021077993266281955
1.467268466949463  1.4677027463912964  0.0759855674977519  0.021074604600644184
1.4677027463912964  1.4681371450424194  0.12276975596555828  0.026790557131591765
1.4681371450424194  1.4685719013214111  0.07018872027420123  0.020261738272192707
1.4685719013214111  1.469006896018982  0.12145674174549635  0.026977114684247416
1.469006896018982  1.4694422483444216  0.1164069575042578  0.026272046338381358
1.4694422483444216  1.4698777198791504  0.08792761610117455  0.02270281285543788
1.4698777198791504  1.470313549041748  0.11151339922098007  0.025582928318682075
1.470313549041748  1.4707494974136353  0.09995976710593203  0.024243804593523502
1.4707494974136353  1.4711858034133911  0.10027329272035931  0.024319845724383525
1.4711858034133911  1.4716223478317259  0.0711471326401892  0.02053840809094162
1.4716223478317259  1.4720592498779297  0.07768842559985711  0.021546892462334925
1.4720592498779297  1.4724962711334229  0.14501034433563675  0.02960011258729991
1.4724962711334229  1.4729336500167847  0.10410199056029362  0.02524844134806725
1.4729336500167847  1.4733711481094358  0.06739076698663982  0.020665106226172902
1.4733711481094358  1.473809003829956  0.06757477325424602  0.020721531004171314
1.473809003829956  1.4742470979690552  0.07290616562734345  0.021374452332787345
1.4742470979690552  1.474685549736023  0.09573260396351546  0.023933150990878865
1.474685549736023  1.47512412071228  0.13319002299449603  0.02777203960294565
1.47512412071228  1.4755630493164062  0.0898590946731767  0.022464773668294174
1.4755630493164062  1.4760022163391113  0.0872447753051607  0.022065725956132192
1.4760022163391113  1.4764416217803953  0.09776829532428291  0.02304420820294982
1.4764416217803953  1.4768812656402588  0.07025438373474779  0.019485060221673574
1.4768812656402588  1.4773212671279907  0.11794224887066586  0.025358368822406906
1.4773212671279907  1.4777615070343015  0.08007138151834119  0.02093181412536178
1.4777615070343015  1.4782018661499023  0.11757236487985075  0.025278841301519295
1.4782018661499023  1.4786427021026611  0.08990328967260076  0.022286770073762677
1.4786427021026611  1.4790836572647095  0.0964531183644361  0.02273421802069383
1.4790836572647095  1.479524850845337  0.10165672449821501  0.023321652053635514
1.479524850845337  1.479966402053833  0.07412462518316222  0.02007512206080727
1.479966402053833  1.4804081916809084  0.09065678156208035  0.021987499179941465
1.4804081916809084  1.4808502197265625  0.1117923216722713  0.024395084579906447
1.4808502197265625  1.481292486190796  0.07439518556078664  0.0198829496852811
1.481292486190796  1.481735110282898  0.08421429592789946  0.021299264844616198
1.481735110282898  1.482177972793579  0.11648721717065222  0.024835158147054618
1.482177972793579  1.4826210737228394  0.06871180716292545  0.019057226458132424
1.4826210737228394  1.4830644130706787  0.10552449724941083  0.02359599491411722
1.4830644130706787  1.483508110046387  0.11457132119190028  0.024842664043395187
1.483508110046387  1.4839519262313845  0.10515426367911207  0.023513208171043173
1.4839519262313845  1.4843961000442505  0.09447188474801493  0.022267236778931776
1.4843961000442505  1.4848405122756958  0.0785867461960902  0.020291010616672427
1.4848405122756958  1.4852852821350095  0.06275840618987126  0.018116791353817024
1.4852852821350095  1.4857301712036133  0.12007553170144984  0.025037479135319517
1.4857301712036133  1.4861754179000854  0.07817200311613498  0.020183924413897672
1.4861754179000854  1.4866209030151365  0.046819777006950135  0.015606592335650045
1.4866209030151365  1.4870667457580566  0.1038600242797503  0.02322380744343003
1.4870667457580566  1.4875127077102661  0.05702286259336741  0.01719303997219927
1.4875127077102661  1.4879590272903442  0.04593372884005601  0.015630671231198524
1.4879590272903442  1.4884055852890015  0.06134989254561261  0.017986412295231333
1.4884055852890015  1.4888523817062376  0.06187850845184866  0.01786278675586368
1.4888523817062376  1.4892995357513428  0.13383271379635747  0.026246754584796347
1.4892995357513428  1.4897469282150269  0.09185580145571913  0.021875027008544847
1.4897469282150269  1.49019455909729  0.08720104615154013  0.021149360232185905
1.49019455909729  1.4906424283981325  0.056326216589113944  0.01698299329876208
1.4906424283981325  1.4910906553268433  0.09137732523560098  0.021761080147571926
1.4910906553268433  1.4915391206741335  0.09184842443416708  0.021648881252899908
1.4915391206741335  1.4919878244400022  0.1216219851227129  0.02501866769142252
1.4919878244400022  1.4924367666244507  0.09089975458884725  0.02164734894463574
1.4924367666244507  1.4928860664367676  0.07613905482407946  0.019659019421975548
1.4928860664367676  1.4933356046676636  0.09627260164522654  0.0220864495580679
1.4933356046676636  1.4937853813171387  0.09610264214577394  0.02204745817477271
1.4937853813171387  1.4942353963851929  0.07511135952603572  0.019635192830313147
1.4942353963851929  1.4946857690811157  0.0907198506746269  0.02138287386675322
1.4946857690811157  1.4951363801956177  0.09999878776729683  0.02256886394362031
1.4951363801956177  1.4955872297286987  0.07030998368747222  0.018791133559156126
1.4955872297286987  1.4960384368896484  0.10026616454783914  0.022420195977214778
1.4960384368896484  1.4964898824691772  0.06444075143322393  0.018129774516293853
1.4964898824691772  1.4969415664672854  0.06870776195457919  0.018857278446722938
1.4969415664672854  1.4973934888839722  0.084782952678012  0.02056288642018748
1.4973934888839722  1.497845768928528  0.10454849510109852  0.022814352028309705
1.497845768928528  1.4982982873916626  0.08448581845034234  0.020490820784559934
1.4982982873916626  1.4987511634826658  0.10418329925671883  0.022734659761626214
1.4987511634826658  1.499204158782959  0.06933522774719893  0.018530619075997172
1.499204158782959  1.4996575117111208  0.10382160812108333  0.022655732285090775
1.4996575117111208  1.5001111030578613  0.059222081880545036  0.017095942457851364
1.5001111030578613  1.5005650520324707  0.09852999439050457  0.02203197652798412
1.5005650520324707  1.501019239425659  0.059015669995373  0.01703635647911736
1.501019239425659  1.501473665237427  0.11782941484767445  0.024051828588960204
1.501473665237427  1.5019283294677732  0.09802205881691523  0.021918398680910507
1.5019283294677732  1.5023833513259888  0.06849578073144838  0.018306267424048003
1.5023833513259888  1.502838611602783  0.05740061134836627  0.01709200789881006
1.502838611602783  1.5032941102981567  0.07800686684030597  0.019501716710076493
1.5032941102981567  1.503749966621399  0.1308037562412996  0.025346773054710413
1.503749966621399  1.5042060613632202  0.08744944289810624  0.02061203136141223
1.5042060613632202  1.5046623945236206  0.07274599567489408  0.018782935316809437
1.5046623945236206  1.5051190853118896  0.06293508469745701  0.017455051915565407
1.5051190853118896  1.5055760145187378  0.0821549662610514  0.01992550609196295
1.5055760145187378  1.506033182144165  0.12060477717737389  0.024120955435474777
1.506033182144165  1.506490707397461  0.09149956966762557  0.020991440924138915
1.506490707397461  1.506948471069336  0.09134012298238504  0.020954861345831233
1.506948471069336  1.50740647315979  0.06659287386483587  0.018035302949770557
1.50740647315979  1.5078648328781126  0.1287553685341873  0.024949842417302297
1.5078648328781126  1.5083234310150146  0.12912360122841046  0.024849848642652227
1.5083234310150146  1.5087822675704956  0.06088324471898465  0.017376161055999442
1.5087822675704956  1.509241461753845  0.10961442571622407  0.022856187750421208
1.509241461753845  1.5097008943557741  0.11835139999748501  0.02384661201765005
1.5097008943557741  1.5101605653762817  0.09023642205786278  0.02070165498825834
1.5101605653762817  1.5106205940246582  0.07585555239558245  0.018963888098895612
1.5106205940246582  1.5110808610916138  0.14612731151306682  0.02640277370347705
1.5110808610916138  1.511541485786438  0.07973064258226563  0.019549822477751586
1.511541485786438  1.5120022296905515  0.09432155041771448  0.02109093984771833
1.5120022296905515  1.5124633312225344  0.10827580656760823  0.022577066363001996
1.5124633312225344  1.5129247903823853  0.08458507121428983  0.01993689248092379
1.5129247903823853  1.5133864879608154  0.08912560160518651  0.020446815298909182
1.5133864879608154  1.513848423957825  0.08896920369768502  0.020410935158183905
1.513848423957825  1.5143107175827026  0.07011601621176225  0.018103877539370965
1.5143107175827026  1.5147732496261597  0.13825749993030031  0.02571559606204792
1.5147732496261597  1.5152360200881956  0.069872284658456  0.018040946322910943
1.5152360200881956  1.5156991481781006  0.0837014679365357  0.019728625191064254
1.5156991481781006  1.5161625146865845  0.10155127278011038  0.021834199824074894
1.5161625146865845  1.5166261196136475  0.07820512369209096  0.01917576775395327
1.5166261196136475  1.5170900821685793  0.08326593389032708  0.019625968831893676
1.5170900821685793  1.51755428314209  0.07793123096881727  0.01910860970850765
1.51755428314209  1.5180188417434692  0.06800679620871791  0.018000000459287187
1.5180188417434692  1.5184836387634277  0.0598250236604538  0.01659247618181635
1.5184836387634277  1.5189486742019653  0.07350781050637878  0.018376952626594695
1.5189486742019653  1.5194140672683716  0.10549243489583507  0.021996693249759152
1.5194140672683716  1.519879698753357  0.09615982367376913  0.020983793847554933
1.519879698753357  1.5203455686569214  0.11371969605600803  0.02291337044319154
1.5203455686569214  1.5208117961883543  0.08670926614359786  0.01989246992571136
1.5208117961883543  1.5212783813476562  0.06833977725218429  0.017645254612082283
1.5212783813476562  1.521745204925537  0.08642372821244164  0.019826963031687274
1.521745204925537  1.5222122669219973  0.08572761742808808  0.01986032051432972
1.5222122669219973  1.5226795673370361  0.09975828971085471  0.021268538828764744
1.5226795673370361  1.5231472253799438  0.11262286584864693  0.022692370231916184
1.5231472253799438  1.5236152410507202  0.09888414981077681  0.021260750626703392
1.5236152410507202  1.5240833759307861  0.11226795325980243  0.02262085892907959
1.5240833759307861  1.52455198764801  0.09913230620838319  0.021135078697611023
1.52455198764801  1.525020718574524  0.08098198232630142  0.019087636285618957
1.525020718574524  1.5254898071289065  0.09771234012404602  0.021187106977057783
1.5254898071289065  1.5259592533111572  0.07175797194349147  0.017939492985872867
1.5259592533111572  1.5264289379119873  0.1253812651117486  0.023694831896596134
1.5264289379119873  1.5268988609313963  0.07153659206111916  0.01788414801527979
1.5268988609313963  1.5273691415786743  0.05803462667343716  0.016095909401806753
1.5273691415786743  1.5278396606445312  0.07467288635742345  0.018511196365034666
1.5278396606445312  1.5283104181289673  0.12461051098195279  0.023549173057352154
1.5283104181289673  1.5287815332412718  0.1377422522159627  0.024739238811096183
1.5287815332412718  1.5292530059814455  0.07541559740533038  0.018290969054190254
1.5292530059814455  1.5297247171401978  0.07529689719880246  0.018262180025408064
1.5297247171401978  1.5301966667175293  0.07075658632534314  0.017689146581335784
1.5301966667175293  1.5306689739227293  0.09713659224525631  0.02070959105103148
1.5306689739227293  1.5311415195465088  0.1057989352417138  0.021596117222663302
1.5311415195465088  1.5316144227981565  0.10949098990320803  0.022061328853783944
1.5316144227981565  1.5320875644683836  0.08295678702145806  0.019218408588891175
1.5320875644683836  1.5325610637664793  0.09600107755774046  0.02064087089544343
1.5325610637664793  1.5330348014831543  0.11831808817399099  0.02277032668575186
1.5330348014831543  1.5335087776184082  0.10502448562934615  0.021438033357513556
1.5335087776184082  1.5339831113815308  0.1092456717126434  0.02184913434252868
1.5339831113815308  1.534457802772522  0.10472711911280073  0.021377333671503126
1.534457802772522  1.5349326133728027  0.10404012331358851  0.021401930490864782
1.5349326133728027  1.5354079008102417  0.09030132096988244  0.020057092401244866
1.5354079008102417  1.5358834266662598  0.07767625696658789  0.01849823519188277
1.5358834266662598  1.536359190940857  0.06455076973229688  0.01687450232610223
1.536359190940857  1.536835312843323  0.09479085488482056  0.02038066496253134
1.536835312843323  1.5373116731643677  0.1081659928887796  0.02163319857775592
1.5373116731643677  1.5377883911132812  0.11178492331214275  0.022079832628700613
1.5377883911132812  1.5382653474807741  0.09919938421449589  0.02068450147430824
1.5382653474807741  1.538742661476135  0.10764861411020447  0.021529722822040895
1.538742661476135  1.5392202138900757  0.12413436745817197  0.023199114800332963
1.5392202138900757  1.5396980047225954  0.08583272841668919  0.019192781543399495
1.5396980047225954  1.540176272392273  0.08997731904792922  0.019634660731729883
1.540176272392273  1.5406546592712402  0.1283448570222299  0.023432457776950213
1.5406546592712402  1.541133403778076  0.09774095172812251  0.020545488806518266
1.541133403778076  1.5416125059127808  0.08962145547048289  0.019557004932647712
1.5416125059127808  1.5420918464660645  0.07672776980334545  0.018084908777755322
1.5420918464660645  1.5425715446472168  0.07183581805900956  0.017614024484358944
1.5425715446472168  1.543051481246948  0.09347672278479072  0.019929304260292196
1.543051481246948  1.5435317754745486  0.05459416395056217  0.015359533529880077
1.5435317754745486  1.5440123081207275  0.15654162101574823  0.025735283966128043
1.5440123081207275  1.5444930791854856  0.13093715839054035  0.02351700787926066
1.5444930791854856  1.5449743270874021  0.12656591492443528  0.023107668871797653
1.5449743270874021  1.5454556941986084  0.08007431479401937  0.018370307692652337
1.5454556941986084  1.5459374189376829  0.12996389667773453  0.023482313594043357
1.5459374189376829  1.5464195013046265  0.06305389404995507  0.016280445437933527
1.5464195013046265  1.546901822090149  0.10496427306950522  0.020992854613901043
1.546901822090149  1.54738450050354  0.13002406806845834  0.0233530120161854
1.54738450050354  1.5478675365447998  0.06600745491380403  0.016889785081115546
1.5478675365447998  1.5483506917953491  0.08371177368292891  0.0187185216472107
1.5483506917953491  1.5488343238830566  0.07943022155846952  0.0182225425703376
1.5488343238830566  1.549318194389343  0.06263313095182636  0.01617180487315012
1.549318194389343  1.549802303314209  0.08289308547908665  0.0187082544680228
1.549802303314209  1.5502867698669434  0.10359990399226034  0.02087433452939066
1.5502867698669434  1.5507715940475464  0.07848268450284576  0.018181903519703325
1.5507715940475464  1.5512566566467285  0.0695859049993733  0.017250148139666643
1.5512566566467285  1.5517419576644897  0.07064352413983752  0.01713357128202477
1.5517419576644897  1.5522277355194092  0.15259381811886513  0.025466863770209784
1.5522277355194092  1.5527136325836182  0.09211612871204322  0.01963922462931323
1.5527136325836182  1.5531998872756958  0.09611245739147774  0.020367133124759854
1.5531998872756958  1.553686499595642  0.08502979793545268  0.019190492041008006
1.553686499595642  1.554173469543457  0.06941547737803079  0.017353869344507698
1.554173469543457  1.554660677909851  0.0867259706177446  0.019756167266891753
1.554660677909851  1.5551481246948242  0.14054124161928339  0.02513434545573102
1.5551481246948242  1.555635929107666  0.08450601243313313  0.019387008858822056
1.555635929107666  1.5561240911483765  0.0758500010819417  0.018396327421415264
1.5561240911483765  1.556612491607666  0.11629672956885564  0.022807665132254535
1.556612491607666  1.5571012496948242  0.11654099983705067  0.02285557047318211
1.5571012496948242  1.5575902462005615  0.08525937595968754  0.01955984230513785
1.5575902462005615  1.5580796003341675  0.10763446325125717  0.02197079280866061
1.5580796003341675  1.558569312095642  0.12026574428012347  0.023304747616732808
1.558569312095642  1.5590592622756958  0.08030817867546212  0.018928819242053384
1.5590592622756958  1.5595494508743286  0.11073035529051346  0.02231104846453469
1.5595494508743286  1.5600401163101196  0.07956366100652831  0.018947711585266983
1.5600401163101196  1.5605310201644897  0.14688721603493893  0.025713927830766054
1.5605310201644897  1.561022162437439  0.10361627847935097  0.021605487593896553
1.561022162437439  1.5615136623382568  0.07286245428533486  0.018215613571333715
1.5615136623382568  1.5620055198669434  0.11966744994016248  0.023468717784106776
1.5620055198669434  1.562497615814209  0.09700202077906907  0.021355463400812246
1.562497615814209  1.5629900693893433  0.131173191754981  0.024789403147304847
1.5629900693893433  1.5634827613830566  0.09427827232388689  0.021081262571744815
1.5634827613830566  1.5639758110046387  0.10884523188635155  0.022695799749689022
1.5639758110046387  1.5644692182540894  0.06168130953753215  0.017107317251949087
1.5644692182540894  1.5649628639221191  0.05706297681372086  0.016472662512081557
1.5649628639221191  1.5654568672180176  0.10478111323551152  0.02233940840234939
1.5654568672180176  1.5659512281417847  0.09885060779946242  0.021955999682599276
1.5659512281417847  1.5664458274841309  0.09034109163911508  0.02072566783705526
1.5664458274841309  1.5669407844543457  0.06633408090567192  0.01772852884396911
1.5669407844543457  1.5674359798431396  0.07545758746266246  0.018864396865665614
1.5674359798431396  1.5679315328598022  0.12083366252876619  0.02403835520283847
1.5679315328598022  1.5684274435043335  0.07470243477274428  0.01867560869318607
1.5684274435043335  1.5689235925674438  0.10226415608382576  0.02180279133457361
1.5689235925674438  1.5694200992584229  0.05557409496784089  0.016042859344826382
1.5694200992584229  1.569916844367981  0.11947304943029399  0.02359839642860691
1.569916844367981  1.5704139471054077  0.10591322196858113  0.022084433419675593
1.5704139471054077  1.5709114074707031  0.1102408930677096  0.022502828067050982
1.5709114074707031  1.5714092254638672  0.12368578478207518  0.023803340379620407
1.5714092254638672  1.5719072818756104  0.08219099187116558  0.019372602568183194
1.5719072818756104  1.5724056959152222  0.10919803546445442  0.022289955650187897
1.5724056959152222  1.572904348373413  0.04534652484945996  0.014339830249771751
1.572904348373413  1.5734033584594727  0.10343328600798916  0.021742037317272235
1.5734033584594727  1.5739027261734009  0.13017970666854406  0.024328910852950164
1.5739027261734009  1.5744023323059082  0.09882295772044464  0.021069125378379003
1.5744023323059082  1.5749022960662842  0.10234487615577285  0.02151324977182438
1.5749022960662842  1.5754026174545288  0.09305166075569973  0.02048577256116224
1.5754026174545288  1.5759031772613525  0.06663967533630871  0.01720629018494619
1.5759031772613525  1.576404094696045  0.11508348604409434  0.022569728501196918
1.576404094696045  1.576905369758606  0.10134189610896722  0.02113124608659424
1.576905369758606  1.5774070024490356  0.09594050805861208  0.020627848049830488
1.5774070024490356  1.5779088735580444  0.07424183204647999  0.01800628913923548
1.5779088735580444  1.5784109830856323  0.09570496572949558  0.020404367252317604
1.5784109830856323  1.5789135694503784  0.060651367513106874  0.016209759805239813
1.5789135694503784  1.5794163942337036  0.09057298607301507  0.01976464593322727
1.5794163942337036  1.5799195766448975  0.11972186445063829  0.022775721059598658
1.5799195766448975  1.5804229974746704  0.09799639069580024  0.02059918296805835
1.5804229974746704  1.580926775932312  0.1372868505700751  0.024269115751461085
1.580926775932312  1.5814309120178223  0.1120205417860137  0.022126372146849888
1.5814309120178223  1.5819354057312012  0.10973058456353514  0.022109604758474916
1.5819354057312012  1.5824401378631592  0.08105033242970702  0.019301755391096097
1.5824401378631592  1.5829452276229858  0.12158651708962075  0.023845077816529184
1.5829452276229858  1.5834506750106812  0.08668321004640465  0.020431428546276862
1.5834506750106812  1.5839563608169556  0.05868508221988573  0.017205149684681887
1.5839563608169556  1.5844624042510986  0.055585856939905066  0.01675976646545799
1.5844624042510986  1.5849688053131104  0.11336446252305823  0.024169384619184768
1.5849688053131104  1.5854755640029907  0.1048719776515805  0.023450087096377276
1.5854755640029907  1.5859825611114502  0.10589953627740058  0.023900611990406172
1.5859825611114502  1.5864899158477783  0.0917190608436039  0.022245139749448924
1.5864899158477783  1.586997628211975  0.1301298247709472  0.02656263925055062
1.586997628211975  1.587505578994751  0.07545462838072563  0.020166097689073195
1.587505578994751  1.5880138874053955  0.07949416883783592  0.02052530613530261
1.5880138874053955  1.5885225534439087  0.06157220134967898  0.01805158824975847
1.5885225534439087  1.5890315771102905  0.12192981527192343  0.024888819320668675
1.5890315771102905  1.5895408391952515  0.11007606964604363  0.02346829690214657
1.5895408391952515  1.590050458908081  0.17316208551104062  0.02926973466546384
1.590050458908081  1.5905604362487793  0.1318152926770509  0.025542785655650255
1.5905604362487793  1.5910707712173462  0.12174313390641436  0.024348626781282873
1.5910707712173462  1.5915813446044922  0.10643814504902815  0.022692688772015173
1.5915813446044922  1.5920922756195068  0.13942577655928282  0.025890716728774094
1.5920922756195068  1.5926035642623901  0.08543524973012706  0.02034600281865966
1.5926035642623901  1.5931150913238525  0.08498289474730342  0.02023827660746888
1.5931150913238525  1.5936270952224731  0.09937799085321376  0.021686055499880053
1.5936270952224731  1.5941393375396729  0.0989947823854794  0.021602432556530493
1.5941393375396729  1.5946519374847412  0.08925319112337038  0.020476086341857526
1.5946519374847412  1.5951647758483887  0.10242206778174066  0.02202142654758993
1.5951647758483887  1.5956780910491943  0.08343055890529932  0.019868595129195112
1.5956780910491943  1.596191644668579  0.10235414464719146  0.021821976960746992
1.596191644668579  1.5967055559158325  0.12058168874563541  0.023648014765229475
1.5967055559158325  1.5972198247909546  0.11095436566034872  0.022648465050169854
1.5972198247909546  1.5977343320846558  0.11409280972164787  0.023160093985773723
1.5977343320846558  1.5982491970062256  0.13328756897121236  0.0247508801949064
1.5982491970062256  1.5987645387649536  0.10082986707734025  0.021496999890929923
1.5987645387649536  1.5992799997329712  0.09597597561450281  0.020943674911937854
1.5992799997329712  1.599795937538147  0.10025811047815449  0.02137510097440247
1.599795937538147  1.6003122329711914  0.10906464139959748  0.022262726700719965
1.6003122329711914  1.600828766822815  0.08610100358083722  0.01975292492348964
1.600828766822815  1.6013456583023071  0.1220364092592475  0.02348591791225396
1.6013456583023071  1.601862907409668  0.11272782257272229  0.02254556451454446
1.601862907409668  1.602380394935608  0.10799241310421212  0.02204385901643094
1.602380394935608  1.602898359298706  0.10274543235267922  0.021597448080869015
1.602898359298706  1.6034165620803833  0.08967654222289999  0.02005228443975345
1.6034165620803833  1.6039351224899292  0.07610854533675707  0.018459033613856462
1.6039351224899292  1.6044540405273438  0.10281228497803657  0.021437843360064282
1.6044540405273438  1.604973316192627  0.15175778877444154  0.026026246059172434
1.604973316192627  1.6054928302764893  0.13371566916787042  0.024413029431713557
1.6054928302764893  1.6060128211975098  0.08402232567841648  0.01946525948574894
1.6060128211975098  1.6065330505371094  0.12000397422417229  0.023094775607383596
1.6065330505371094  1.6070536375045776  0.10205231055068648  0.02127937773764702
1.6070536375045776  1.6075745820999146  0.09299676151117856  0.020293557095749124
1.6075745820999146  1.6080957651138306  0.057442830532884105  0.015931774684161695
1.6080957651138306  1.6086174249649048  0.11408820761234302  0.022534778880287043
1.6086174249649048  1.609139323234558  0.126502711628503  0.02379368107006613
1.609139323234558  1.60966157913208  0.08783057395488512  0.01963951338659457
1.60966157913208  1.6101841926574707  0.10468518826694537  0.02153462579008338
1.6101841926574707  1.61070716381073  0.09194624521794049  0.020064315646580178
1.61070716381073  1.611230492591858  0.09182604976361838  0.02003808684812205
1.611230492591858  1.6117541790008545  0.08297672726737924  0.019036166780223265
1.6117541790008545  1.6122781038284302  0.07797848102359474  0.018570208429336297
1.6122781038284302  1.6128023862838745  0.13943585841325237  0.024649010256144518
1.6128023862838745  1.6133270263671875  0.10888732716813693  0.021777465433627383
1.6133270263671875  1.6138520240783691  0.1045885487956558  0.021349048123961396
1.6138520240783691  1.6143773794174194  0.11785004506944825  0.022680251748285158
1.6143773794174194  1.6149030923843384  0.09133439206652787  0.02010770756471751
1.6149030923843384  1.615429162979126  0.11408792873814526  0.0223744836500456
1.615429162979126  1.6159554719924927  0.10128880863647502  0.021120176583373763
1.6159554719924927  1.6164822578430176  0.110615865741703  0.0221231731483406
1.6164822578430176  1.6170092821121216  0.0935503593357442  0.02041436204506507
1.6170092821121216  1.6175366640090942  0.07591879683879232  0.018615164168424833
1.6175366640090942  1.6180644035339355  0.08212736780339452  0.019357606231593997
1.6180644035339355  1.6185925006866455  0.09301016164271411  0.020797704403135227
1.6185925006866455  1.6191209554672241  0.10351642215451266  0.022445614415596282
1.6191209554672241  1.6196497678756714  0.07775793498614528  0.01943948374653632
1.6196497678756714  1.6201788187026978  0.07858717256306751  0.019646793140766877
1.6201788187026978  1.6207083463668823  0.08811222297325644  0.02076825012327024
1.6207083463668823  1.621238112449646  0.05310789309485424  0.01601263225472163
1.621238112449646  1.6217682361602783  0.11847536526761672  0.023695073053523343
1.6217682361602783  1.6222988367080688  0.0974891723467818  0.021273881510367774
1.6222988367080688  1.6228296756744385  0.09081976242055251  0.020307916247273627
1.6228296756744385  1.6233608722686768  0.11472296896202806  0.02266015736555091
1.6233608722686768  1.6238924264907837  0.09923044261270569  0.020690977598012507
1.6238924264907837  1.6244243383407593  0.1212754237424186  0.022520280824413687
1.6244243383407593  1.6249566078186035  0.10051190213611465  0.020252133337221794
1.6249566078186035  1.6254891157150269  0.1212202124755812  0.021771792873426586
1.6254891157150269  1.6260221004486084  0.07581646139109251  0.01711112144483312
1.6260221004486084  1.6265554428100586  0.0860181406555625  0.01808131304995142
1.6265554428100586  1.627089023590088  0.09339394175776601  0.0186787883515532
1.627089023590088  1.6276230812072754  0.09639086917703249  0.019039188785959175
1.6276230812072754  1.628157377243042  0.11527692314587155  0.020704346598331577
1.628157377243042  1.6286921501159668  0.074265770703724  0.016606331169493928
1.6286921501159668  1.6292271614074707  0.1335049785826815  0.022250829763780254
1.6292271614074707  1.6297625303268433  0.10371414774677554  0.019600131598355573
1.6297625303268433  1.6302982568740845  0.1072992346953583  0.019924967672893416
1.6302982568740845  1.6308344602584839  0.1256669593560111  0.021551705728717067
1.6308344602584839  1.6313709020614624  0.07753988385548527  0.016920589864087884
1.6313709020614624  1.6319077014923096  0.10697396134712397  0.01986456592849306
1.6319077014923096  1.6324448585510254  0.09949851742254134  0.019148498605957638
1.6324448585510254  1.6329823732376099  0.04785900218629498  0.013273698951940745
1.6329823732376099  1.633520245552063  0.11310100672377832  0.02055829864607734
1.633520245552063  1.6340584754943848  0.15063080674531273  0.023524579745731106
1.6340584754943848  1.6345970630645752  0.11376566636655253  0.02043291686804197
1.6345970630645752  1.6351360082626343  0.08430482502025077  0.017578771191281803
1.6351360082626343  1.635675311088562  0.10525285996175447  0.019796832410966674
1.635675311088562  1.6362149715423584  0.10555906082797742  0.019727629185275753
1.6362149715423584  1.6367548704147339  0.0985587625138851  0.018967642689462653
1.6367548704147339  1.6372952461242676  0.11983389860519439  0.02097800137814823
1.6372952461242676  1.63783597946167  0.09781810729821937  0.018954909534520295
1.63783597946167  1.638377070426941  0.08721693918423366  0.01780308316072705
1.638377070426941  1.6389185190200806  0.10159244929873298  0.019199168280456126
1.6389185190200806  1.6394603252410889  0.10142070081243841  0.019166710867399895
1.6394603252410889  1.6400024890899658  0.12654509516145923  0.021390025118146458
1.6400024890899658  1.6405450105667114  0.10059478004960268  0.01913701111300406
1.6405450105667114  1.6410878896713257  0.11164358927293157  0.02005178057071808
1.6410878896713257  1.641631007194519  0.09300160313985173  0.018369738697183547
1.641631007194519  1.6421746015548706  0.09280919748067702  0.01833173460302203
1.6421746015548706  1.6427185535430908  0.08187870226021297  0.017211188667967777
1.6427185535430908  1.6432628631591797  0.09286656576362021  0.018212631961117193
1.6432628631591797  1.6438075304031372  0.07441379619213848  0.016382556655351835
1.6438075304031372  1.6443525552749634  0.11694983323696127  0.02047311980478981
1.6443525552749634  1.6448979377746582  0.13845250376111473  0.022170143816959188
1.6448979377746582  1.6454437971115112  0.0881376156515159  0.0177588395629213
1.6454437971115112  1.6459898948669434  0.12023437737449189  0.020620025605215836
1.6459898948669434  1.6465363502502441  0.09531332580663543  0.018343058103939824
1.6465363502502441  1.6470831632614136  0.10221162184154399  0.01898022168349045
1.6470831632614136  1.6476303339004517  0.11965560115454783  0.020520766302381303
1.6476303339004517  1.648177981376648  0.13001038455388753  0.021373575559839174
1.648177981376648  1.6487258672714233  0.09119393010614391  0.017884601120478624
1.6487258672714233  1.6492741107940674  0.09406866228632496  0.018228352939140224
1.6492741107940674  1.6498228311538696  0.10824732464830462  0.019441793437049104
1.6498228311538696  1.6503719091415405  0.09710412703413301  0.018472954135934822
1.6503719091415405  1.6509212255477905  0.14508628632545587  0.022586013570323107
1.6509212255477905  1.6514710187911987  0.09316400948756148  0.01805305193982284
1.6514710187911987  1.6520211696624756  0.09682087198593746  0.01829742492822935
1.6520211696624756  1.652571678161621  0.10003374350773744  0.01857579982978577
1.652571678161621  1.6531224250793457  0.09634814818449819  0.018208088526984394
1.6531224250793457  1.6536736488342285  0.10899480212430228  0.019492591483519207
1.6536736488342285  1.6542253494262695  0.11258235535381798  0.01970855353332545
1.6542253494262695  1.6547772884368896  0.10890686433033474  0.019364130418539086
1.6547772884368896  1.6553295850753784  0.11249253386859051  0.019582436608361186
1.6553295850753784  1.6558822393417358  0.11181962863211345  0.019575031363010493
1.6558822393417358  1.6564353704452515  0.09841392030535311  0.018275006212431975
1.6564353704452515  1.6569887399673462  0.08803738925176073  0.017265552527711215
1.6569887399673462  1.6575425863265991  0.10811896211443828  0.019112912821492682
1.6575425863265991  1.6580967903137207  0.10789267491609122  0.019072910518380958
1.6580967903137207  1.658651351928711  0.11398932151236092  0.019655959621567194
1.658651351928711  1.6592062711715698  0.09656154674684667  0.018162098008411995
1.6592062711715698  1.6597615480422974  0.09638286075192805  0.018128489261847996
1.6597615480422974  1.6603171825408936  0.11001766097482596  0.019259580723100182
1.6603171825408936  1.6608731746673584  0.1169457253395393  0.01976743546860483
1.6608731746673584  1.6614296436309814  0.06339957803601962  0.014544860722217392
1.6614296436309814  1.6619863510131836  0.11997856683110907  0.019996427805184843
1.6619863510131836  1.662543535232544  0.11276952733438711  0.019445622154945146
1.662543535232544  1.663101077079773  0.09269025065583075  0.01763326442975578
1.663101077079773  1.6636589765548706  0.08926376431802502  0.017297273726637575
1.6636589765548706  1.664217233657837  0.09288903741369448  0.017554378037200714
1.664217233657837  1.6647758483886719  0.11764937577010776  0.020017302749593686
1.6647758483886719  1.665334939956665  0.06578085720089978  0.014846172132771996
1.665334939956665  1.6658943891525269  0.13801180147359773  0.021484707479210635
1.6658943891525269  1.6664540767669678  0.09244314462683896  0.017470112221099482
1.6664540767669678  1.667014241218567  0.10883121383604087  0.018945082599391302
1.667014241218567  1.6675747632980347  0.062191402086497115  0.014407739486163544
1.6675747632980347  1.668135643005371  0.08229325105692374  0.016458650211384748
1.668135643005371  1.6686969995498657  0.07893581964985362  0.01611270671420827
1.6686969995498657  1.6692585945129395  0.07846565677762131  0.01614104711518899
1.6692585945129395  1.6698206663131714  0.11452273290281995  0.019460745836312084
1.6698206663131714  1.670383095741272  0.06233912097249612  0.014301575186750928
1.670383095741272  1.6709458827972412  0.10818449443894888  0.01883250320268445
1.6709458827972412  1.671509027481079  0.11096450792388965  0.019134370292242943
1.671509027481079  1.6720726490020752  0.12109165561928616  0.01990734555493972
1.6720726490020752  1.67263662815094  0.08093869110900929  0.016430024799489955
1.67263662815094  1.6732008457183838  0.11107434542262694  0.019049093085610824
1.6732008457183838  1.6737655401229858  0.08811843392081789  0.01695840051491749
1.6737655401229858  1.674330711364746  0.08476401486576868  0.01662359099427013
1.674330711364746  1.6748961210250854  0.10746550361461862  0.018707342965331383
1.6748961210250854  1.675462007522583  0.11304627621585235  0.019312060064204772
1.675462007522583  1.6760282516479492  0.09097767862358744  0.017193165178283534
1.6760282516479492  1.676594853401184  0.09412115327646653  0.017477859387287586
1.676594853401184  1.6771618127822876  0.09401528221032812  0.017458199623857848
1.6771618127822876  1.6777291297912598  0.08419314138073265  0.016511633492732
1.6777291297912598  1.6782969236373901  0.09663354921947837  0.0177522335836056
1.6782969236373901  1.6788650751113892  0.09612233738270885  0.01776801339291587
1.6788650751113892  1.6794335842132568  0.07744685343506981  0.015808772758336302
1.6794335842132568  1.6800025701522827  0.12208181749241374  0.019901195531224086
1.6800025701522827  1.6805717945098877  0.08048017897162511  0.016096035794325024
1.6805717945098877  1.6811414957046509  0.11895606241234473  0.01955625619442235
1.6811414957046509  1.6817115545272827  0.11518841776334386  0.019297248348606664
1.6817115545272827  1.6822820901870728  0.10541634459890543  0.01845407892103186
1.6822820901870728  1.682852864265442  0.094882923700444  0.01764801866297881
1.682852864265442  1.6834241151809692  0.0763647945059857  0.015708882034291268
1.6834241151809692  1.6839957237243652  0.07346988005930415  0.015319528991409365
1.6839957237243652  1.6845676898956299  0.10488754890794094  0.01836150848092326
1.6845676898956299  1.6851401329040527  0.11431817110209459  0.019151457944738326
1.6851401329040527  1.6857129335403442  0.15594997347116166  0.022278567638737378
1.6857129335403442  1.6862860918045044  0.12080250795822073  0.019596754517142816
1.6862860918045044  1.6868597269058228  0.0885229318780071  0.016840479498735326
1.6868597269058228  1.6874336004257202  0.12371883866549077  0.01981086922641447
1.6874336004257202  1.6880079507827759  0.09748074534894276  0.017719013589509027
1.6880079507827759  1.6885826587677002  0.06658762302186699  0.01453061061166141
1.6885826587677002  1.6891578435897827  0.10459969901701625  0.01831111776945678
1.6891578435897827  1.6897333860397339  0.08031838104286458  0.016063676208572915
1.6897333860397339  1.6903092861175537  0.10472236439084799  0.018512473500664314
1.6903092861175537  1.6908855438232422  0.10416483365776717  0.01870855640967204
1.6908855438232422  1.6914622783660889  0.12025345747951684  0.02054328609054231
1.6914622783660889  1.6920393705368042  0.10667970287106276  0.019476959896809903
1.6920393705368042  1.6926168203353882  0.12011762802038035  0.02090979512474626
1.6926168203353882  1.6931947469711304  0.1300189707442546  0.021977217263985865
1.6931947469711304  1.6937730312347412  0.12483742319217049  0.02173140600484251
1.6937730312347412  1.6943516731262207  0.12302876260532647  0.021748618079804074
1.6943516731262207  1.6949307918548584  0.1009114739957388  0.019932101665621992
1.6949307918548584  1.6955102682113647  0.13005306446829196  0.022639332612495518
1.6955102682113647  1.6960901021957397  0.1225222206016221  0.022005640436145477
1.6960901021957397  1.6966702938079834  0.09799526873522098  0.019599053747044196
1.6966702938079834  1.6972509622573853  0.09611838757554567  0.019223677515109134
1.6972509622573853  1.6978321075439453  0.10882231751519744  0.020207797052195102
1.6978321075439453  1.6984134912490845  0.07663785766706159  0.016872194531423027
1.6984134912490845  1.6989953517913818  0.13724882900918475  0.022264700090402975
1.6989953517913818  1.6995775699615479  0.12848682258741104  0.021414470431235174
1.6995775699615479  1.700160264968872  0.11670232721897045  0.020315267566853208
1.700160264968872  1.700743317604065  0.12639589199313334  0.02106598199885556
1.700743317604065  1.7013267278671265  0.10346978267511729  0.01924515586671668
1.7013267278671265  1.7019106149673462  0.13241385422078633  0.021480363609097577
1.7019106149673462  1.7024948596954346  0.10848858177012619  0.019485124495279976
1.7024948596954346  1.7030794620513916  0.11000864116568035  0.01975813522211712
1.7030794620513916  1.7036645412445068  0.12317482969612464  0.021239879725381973
1.7036645412445068  1.7042499780654907  0.08996091533139035  0.018363194946302216
1.7042499780654907  1.7048357725143433  0.0926670849372787  0.018915589503956807
1.7048357725143433  1.705422043800354  0.09490196917966445  0.019371783339626112
1.705422043800354  1.706008791923523  0.07985222179839306  0.018021957761702987
1.706008791923523  1.706595778465271  0.1373002072949995  0.023546791290865586
1.706595778465271  1.7071832418441772  0.10372501088568678  0.02048783334914481
1.7071832418441772  1.7077711820602417  0.10976512140791196  0.02088156410469479
1.7077711820602417  1.7083594799041748  0.07658096811367411  0.0172836640185099
1.7083594799041748  1.7089481353759766  0.13224073080949697  0.02235276325841096
1.7089481353759766  1.709537148475647  0.11910516003702475  0.0210550165841223
1.709537148475647  1.7101267576217651  0.1398225550540614  0.022682213587004122
1.7101267576217651  1.7107166051864624  0.14583889129187816  0.023059153395801557
1.7107166051864624  1.7113069295883179  0.09682322121436686  0.018891698510531497
1.7113069295883179  1.711897611618042  0.11146798508165832  0.02002024112690728
1.711897611618042  1.7124887704849243  0.09652548099286146  0.018576337478295558
1.7124887704849243  1.7130802869796753  0.11027383526092975  0.019805765487690107
1.7130802869796753  1.7136722803115845  0.11958150473155792  0.020733211120969708
1.7136722803115845  1.7142646312713623  0.07018702738483813  0.015840606741570947
1.7142646312713623  1.7148573398590088  0.14789456346011076  0.022820626583076285
1.7148573398590088  1.7154505252838135  0.13345893745598483  0.021649898496711412
1.7154505252838135  1.7160440683364868  0.11210790822302501  0.019818065532285024
1.7160440683364868  1.7166380882263184  0.10444384893079477  0.01918703822395207
1.7166380882263184  1.7172324657440186  0.11821260721243339  0.02038420970753656
1.7172324657440186  1.717827320098877  0.06620125993213735  0.015187610630487108
1.717827320098877  1.718422532081604  0.10701363967510011  0.01945180177765728
1.718422532081604  1.7190182209014893  0.10428827806316997  0.019040347459523124
1.7190182209014893  1.7196142673492432  0.12121851576522692  0.02059855424480517
1.7196142673492432  1.7202106714248657  0.07620634216536672  0.01638487098338299
1.7202106714248657  1.7208075523376465  0.07373785538704829  0.01609091923308838
1.7208075523376465  1.7214049100875854  0.08169656151495977  0.01717290204832016
1.7214049100875854  1.722002625465393  0.11378938971865687  0.02043717770786176
1.722002625465393  1.7226006984710693  0.10646491965341606  0.020119978625386562
1.7226006984710693  1.7231992483139038  0.13020032277180724  0.022664966992791472
1.7231992483139038  1.723798155784607  0.09386684857743072  0.019572590930507127
1.723798155784607  1.7243975400924683  0.10779430405963276  0.02159842463046044
1.7243975400924683  1.7249974012374878  0.09029605278066534  0.019879112155686118
1.7249974012374878  1.725597620010376  0.07993273224081723  0.018840325668750144
1.725597620010376  1.7261981964111328  0.12303598706359678  0.023678286750392973
1.7261981964111328  1.7267992496490479  0.06078846230920894  0.01685968598557407
1.7267992496490479  1.7274006605148315  0.056401647303585885  0.016794549371053465
1.7274006605148315  1.7280025482177734  0.10346395193085545  0.022577685305829404
1.7280025482177734  1.7286049127578735  0.111392142916089  0.02374888466609671
1.7286049127578735  1.7292076349258423  0.10359711251699405  0.023380974805302542
1.7292076349258423  1.7298107147216797  0.1236927092391426  0.025791712790131937
1.7298107147216797  1.7304142713546753  0.0938975750105694  0.02302353101762538
1.7304142713546753  1.731018304824829  0.12024379248265321  0.026472251700680575
1.731018304824829  1.7316226959228516  0.12484811401694576  0.027244092040720532
1.7316226959228516  1.7322275638580322  0.13401062056995802  0.028571160304774953
1.7322275638580322  1.7328327894210815  0.09175487064777962  0.023986046713281747
1.7328327894210815  1.733438491821289  0.08012307313087953  0.02222214219393363
1.733438491821289  1.7340445518493652  0.11585553851652508  0.02657908339173774
1.7340445518493652  1.7346510887145996  0.06034342368851245  0.01908226606682583
1.7346510887145996  1.7352579832077026  0.08441504291306194  0.022560869205035534
1.7352579832077026  1.7358653545379639  0.13410721415441507  0.02859175412617655
1.7358653545379639  1.7364732027053833  0.06799942118399213  0.020502596911695134
1.7364732027053833  1.7370814085006714  0.0676948378827904  0.020758348337076394
1.7370814085006714  1.7376900911331177  0.09291013804484527  0.023989294489434525
1.7376900911331177  1.7382991313934326  0.1270844570774076  0.02797825705208694
1.7382991313934326  1.7389086484909058  0.08277871678341368  0.02212354265145199
1.7389086484909058  1.7395185232162476  0.0732696082575067  0.020613686945942577
1.7395185232162476  1.7401288747787476  0.09860458345202203  0.023241323204999866
1.7401288747787476  1.7407397031784058  0.1170968570203195  0.024965133799722608
1.7407397031784058  1.7413508892059326  0.1036726956912565  0.023398033275854463
1.7413508892059326  1.7419625520706177  0.07027161504342634  0.01928648778650108
1.7419625520706177  1.742574691772461  0.1093741452799318  0.02331864612446407
1.742574691772461  1.7431871891021729  0.12555337672918582  0.024623042997676335
1.7431871891021729  1.7438000440597534  0.11278977668197887  0.023201807953956887
1.7438000440597534  1.7444134950637817  0.1075224810384883  0.022419987131703317
1.7444134950637817  1.7450273036956787  0.0748045144641136  0.0187011286160284
1.7450273036956787  1.7456414699554443  0.14505206660085695  0.026366022644643515
1.7456414699554443  1.7462561130523682  0.07129147495576649  0.018636619903394207
1.7462561130523682  1.7468712329864502  0.10715451758032327  0.022845419908864774
1.7468712329864502  1.7474867105484009  0.09793121455267675  0.02189808528589019
1.7474867105484009  1.7481026649475098  0.11048804490158652  0.023224972231639208
1.7481026649475098  1.7487190961837769  0.10305410024245983  0.021971207995075324
1.7487190961837769  1.7493360042572021  0.13928013656121555  0.02501545099340757
1.7493360042572021  1.749953269958496  0.12362859237450356  0.02310459195005844
1.749953269958496  1.7505708932876587  0.1052411161409862  0.020787295470624554
1.7505708932876587  1.751189112663269  0.11988247764859399  0.021660768925355442
1.751189112663269  1.751807689666748  0.12397854459781198  0.021581894432386055
1.751807689666748  1.7524266242980957  0.12181826537253584  0.021205838088640194
1.7524266242980957  1.7530461549758911  0.09483398762081507  0.018731672502318646
1.7530461549758911  1.7536660432815552  0.06487915416627767  0.015611193527848852
1.7536660432815552  1.754286289215088  0.1094764349308637  0.019987570975626857
1.754286289215088  1.7549071311950684  0.14944205348251835  0.023338927676723156
1.7549071311950684  1.7555283308029175  0.13839286870746262  0.022450287836087622
1.7555283308029175  1.7561498880386353  0.10746362556997262  0.0201125293623323
1.7561498880386353  1.7567720413208008  0.13441642939569312  0.022208989589555462
1.7567720413208008  1.757394552230835  0.09124658046472471  0.01824931609294494
1.757394552230835  1.7580175399780273  0.08362139593058734  0.01757750895301535
1.7580175399780273  1.7586408853530884  0.09436750061255464  0.018773241262869365
1.7586408853530884  1.7592648267745972  0.11778257703894275  0.020821214732465843
1.7592648267745972  1.7598891258239746  0.0927747392845311  0.018554947856906222
1.7598891258239746  1.7605137825012207  0.07917560046539644  0.017277532491726668
1.7605137825012207  1.7611390352249146  0.11633849339792646  0.02124040571340339
1.7611390352249146  1.761764645576477  0.10428788860546932  0.02074677914406109
1.761764645576477  1.7623907327651978  0.11488237500949358  0.02226157391061507
1.7623907327651978  1.763017177581787  0.1267601819752487  0.023955422689414304
1.763017177581787  1.7636442184448242  0.11498689742405208  0.023471602149556417
1.7636442184448242  1.76427161693573  0.11619219010084136  0.02442400343882486
1.76427161693573  1.764899492263794  0.08542567732622472  0.021858460265325667
1.764899492263794  1.7655277252197266  0.1220898360049246  0.026878667098623292
1.7655277252197266  1.7661564350128174  0.12690012543054352  0.02837573068159451
1.7661564350128174  1.766785740852356  0.08840182970183655  0.02451825614113901
1.766785740852356  1.7674152851104736  0.09137541126352025  0.025342979279017845
1.7674152851104736  1.768045425415039  0.09705394907705427  0.025938758962838718
1.768045425415039  1.7686759233474731  0.10458946019446434  0.02645249940158117
1.7686759233474731  1.769307017326355  0.1355652886249492  0.028902616647794258
1.769307017326355  1.7699384689331055  0.08091474592795941  0.02162537548573472
1.7699384689331055  1.7705702781677246  0.11506152833127525  0.02510848395977975
1.7705702781677246  1.7712026834487915  0.1198884890097618  0.02520097835584851
1.7712026834487915  1.771835446357727  0.09515267595076199  0.022043802206021864
1.771835446357727  1.7724686861038208  0.08273797649207512  0.020066906842746864
1.7724686861038208  1.7731024026870728  0.08475171995090344  0.019976171964835674
1.7731024026870728  1.773736596107483  0.11282528541130021  0.022902794842834525
1.773736596107483  1.7743711471557617  0.08327105906157764  0.019291215271646622
1.7743711471557617  1.7750062942504883  0.08910416758579402  0.019616712873149353
1.7750062942504883  1.7756417989730835  0.06959783217952134  0.01706527402613247
1.7756417989730835  1.776277780532837  0.1504444477264711  0.024524736216165632
1.776277780532837  1.776914119720459  0.11770204300389533  0.021266800666423558
1.776914119720459  1.7775510549545288  0.12788776889906633  0.021731854480189973
1.7775510549545288  1.7781883478164673  0.12495696382030143  0.02112158192613701
1.7781883478164673  1.7788262367248535  0.12752190307281722  0.021253650512136204
1.7788262367248535  1.7794644832611084  0.12519377217527144  0.021161609843888648
1.7794644832611084  1.7801032066345215  0.14243261276150743  0.022807471323135077
1.7801032066345215  1.7807422876358032  0.12632550337872245  0.02178317197297344
1.7807422876358032  1.7813819646835327  0.07904639612689549  0.01724933779356965
1.7813819646835327  1.7820221185684204  0.08881746526816493  0.018412557451319547
1.7820221185684204  1.7826626300811768  0.11750918446345442  0.020772885296452378
1.7826626300811768  1.7833036184310913  0.10721813365873821  0.01969669300653719
1.7833036184310913  1.783945083618164  0.10856617401650602  0.019499060474125963
1.783945083618164  1.784587025642395  0.10199253637351796  0.018736715603550665
1.784587025642395  1.7852294445037842  0.10959390625573201  0.019077850308026317
1.7852294445037842  1.7858723402023315  0.09331531037518156  0.017328218117215896
1.7858723402023315  1.7865155935287476  0.1264496456557134  0.019927703666667237
1.7865155935287476  1.7871594429016113  0.11034354496233102  0.018140367047490377
1.7871594429016113  1.7878036499023438  0.09775254429376827  0.016764423040461683
1.7878036499023438  1.788448452949524  0.07839822522263044  0.014815871940565111
1.788448452949524  1.7890936136245728  0.10180165913598777  0.016820205670654932
1.7890936136245728  1.7897392511367798  0.08511555693986392  0.015287205311361414
1.7897392511367798  1.790385365486145  0.095609591529807  0.016246852595231558
1.790385365486145  1.7910319566726685  0.10411821095275788  0.016890204146348908
1.7910319566726685  1.79167902469635  0.1095406957463011  0.01731990475189147
1.79167902469635  1.7923264503479004  0.12007262150882789  0.01817809665097465
1.7923264503479004  1.7929744720458984  0.07931014826123368  0.01472752480224191
1.7929744720458984  1.7936229705810547  0.07653591555653252  0.014463928494801766
1.7936229705810547  1.7942718267440796  0.09256960601816294  0.01596241133762766
1.7942718267440796  1.7949212789535522  0.07308717902459373  0.014260431886075163
1.7949212789535522  1.7955710887908936  0.07342209045388517  0.014227520045402611
1.7955710887908936  1.7962214946746826  0.09289601717613205  0.015931535511080848
1.7962214946746826  1.7968722581863403  0.08471152209625504  0.015214638511245703
1.7968722581863403  1.7975234985351562  0.11204398936557591  0.017498331316228962
1.7975234985351562  1.79817533493042  0.12298830782972674  0.018334014449662574
1.79817533493042  1.7988275289535522  0.15723033122194532  0.020911401117287096
1.7988275289535522  1.7994801998138428  0.07935294459835136  0.014735471882535716
1.7994801998138428  1.8001333475112915  0.14213369008201285  0.019780822518236395
1.8001333475112915  1.8007869720458984  0.12077830599381638  0.01820801471801007
1.8007869720458984  1.8014410734176638  0.11246656869657987  0.017643969419633167
1.8014410734176638  1.8020957708358765  0.0744784529230936  0.014333384947991653
1.8020957708358765  1.802750825881958  0.1103018822234397  0.017521321249233376
1.802750825881958  1.8034063577651978  0.08224183864175938  0.01529680417321151
1.8034063577651978  1.8040623664855957  0.08645416529466171  0.015527626469220438
1.8040623664855957  1.8047188520431519  0.10387988521925255  0.017077747931441872
1.8047188520431519  1.8053758144378662  0.0906808824595389  0.016030266727780053
1.8053758144378662  1.8060332536697388  0.10621212128835612  0.017461165179359528
1.8060332536697388  1.806691288948059  0.09931834164354524  0.017032955070568324
1.806691288948059  1.807349681854248  0.08957853178892643  0.01635472750966287
1.807349681854248  1.8080085515975952  0.10076304842976849  0.01754059527760456
1.8080085515975952  1.8086678981781006  0.12045391526885837  0.019380019459610136
1.8086678981781006  1.8093277215957642  0.07096216665552245  0.014916494825656898
1.8093277215957642  1.8099881410598755  0.08862420738816282  0.016562723147393422
1.8099881410598755  1.8106489181518555  0.07546268849521337  0.015092537699042674
1.8106489181518555  1.8113102912902832  0.10085555507084612  0.017296584998412495
1.8113102912902832  1.8119720220565796  0.1169174151160912  0.0184862664953124
1.8119720220565796  1.8126343488693237  0.11586102221952391  0.018319236112453636
1.8126343488693237  1.8132970333099365  0.11809179329841189  0.01852646536490433
1.8132970333099365  1.8139603137969968  0.11530799841399916  0.01831653678153135
1.8139603137969968  1.8146240711212158  0.08907269403419066  0.01609395368595069
1.8146240711212158  1.8152881860733032  0.10257425819586621  0.01718402746573391
1.8152881860733032  1.8159528970718384  0.12962976318029915  0.01919008646933712
1.8159528970718384  1.8166180849075317  0.08357369408330398  0.015353050268721347
1.8166180849075317  1.8172837495803833  0.09690910152618346  0.016380627895354345
1.8172837495803833  1.817949891090393  0.08728601523466818  0.015430133318796543
1.817949891090393  1.8186166286468506  0.10136234918469865  0.01652360664399719
1.8186166286468506  1.8192837238311768  0.11494977523487289  0.01747612080875231
1.8192837238311768  1.8199512958526611  0.1214383483846855  0.017783644516932266
1.8199512958526611  1.8206194639205933  0.09492450418745764  0.015605492358881184
1.8206194639205933  1.8212881088256836  0.08118818728207987  0.014435624941017331
1.8212881088256836  1.8219572305679321  0.10377768887273689  0.016207352071360655
1.8219572305679321  1.8226267099380493  0.12551321787995876  0.01781621454506082
1.8226267099380493  1.8232969045639038  0.0951498679146693  0.015435346793521997
1.8232969045639038  1.823967456817627  0.12470791443185104  0.01763636239247872
1.823967456817627  1.8246384859085083  0.10693377286381656  0.0163072474820035
1.8246384859085083  1.8253101110458374  0.11379815498893033  0.016846412279957704
1.8253101110458374  1.8259820938110352  0.1259473601392536  0.017700411072098857
1.8259820938110352  1.8266546726226807  0.13099802892084228  0.017993963128733567
1.8266546726226807  1.8273277282714844  0.09348683079176204  0.015239777203488387
1.8273277282714844  1.8280012607574463  0.09858544164758688  0.015587726986999867
1.8280012607574463  1.8286752700805664  0.10029533156259755  0.015805941061878142
1.8286752700805664  1.8293498754501343  0.12505013065836176  0.01757431608590596
1.8293498754501343  1.8300248384475708  0.10161087394486787  0.016029681450878127
1.8300248384475708  1.830700397491455  0.1251184960703202  0.017520093819080616
1.830700397491455  1.8313764333724976  0.1045049023425845  0.016144626139136295
1.8313764333724976  1.8320529460906982  0.10719150097824197  0.016296609688358384
1.8320529460906982  1.8327300548553467  0.08569933164177615  0.01448583095288746
1.8327300548553467  1.8334075212478638  0.11715818975160187  0.016975796439132936
1.8334075212478638  1.8340855836868286  0.15142123013695075  0.019288124106363717
1.8340855836868286  1.8347641229629517  0.09774743254315467  0.015527062026076946
1.8347641229629517  1.835443139076233  0.10563968295755567  0.016179541545498843
1.835443139076233  1.836122751235962  0.09206996287508364  0.015136208657905591
1.836122751235962  1.8368027210235596  0.10866057390586406  0.0165705821721646
1.8368027210235596  1.837483286857605  0.08790365641153201  0.015075352703430966
1.837483286857605  1.8381643295288086  0.1663275766306004  0.02112362335572017
1.8381643295288086  1.83884596824646  0.19023874986279712  0.023370419686298178
1.83884596824646  1.83952796459198  0.15810762535476056  0.022139495891723322
1.83952796459198  1.8402105569839478  0.14234737063979014  0.021964676148015148
1.8402105569839478  1.840893626213074  0.1985230360584704  0.02685925907209217
1.840893626213074  1.841577172279358  0.1522775480771163  0.02378175753437632
1.841577172279358  1.8422613143920898  0.08890047375729382  0.018146733216421358
1.8422613143920898  1.8429459333419798  0.10870400245067417  0.020218709428122466
1.8429459333419798  1.8436310291290285  0.10959927487820142  0.020134124679748896
1.8436310291290285  1.8443166017532349  0.0815056940041235  0.01752426691430387
1.8443166017532349  1.8450027704238892  0.13119125102746815  0.0224991139342865
1.8450027704238892  1.8456894159317017  0.0862100469008498  0.018812574551849395
1.8456894159317017  1.8463765382766726  0.12189146282205575  0.023458022957410382
1.8463765382766726  1.8470642566680908  0.1257153343384573  0.02514306686769146
1.8470642566680908  1.8477524518966675  0.1014467757644098  0.0232734865107944
1.8477524518966675  1.8484411239624023  0.04524691961659902  0.015719780595696894
1.8484411239624023  1.8491302728652954  0.08059931127947065  0.019548204338664374
1.8491302728652954  1.8498200178146362  0.08791717012549413  0.019658876879001863
1.8498200178146362  1.8505102396011353  0.06749892230889531  0.01687473057722383
1.8505102396011353  1.8512009382247925  0.11618964657957881  0.021957779269289435
1.8512009382247925  1.8518922328948975  0.0782433407582641  0.0179502534405416
1.8518922328948975  1.8525840044021606  0.08990482243851931  0.019167772547716278
1.8525840044021606  1.8532763719558716  0.08448404549734291  0.018599570679875665
1.8532763719558716  1.8539690971374514  0.16023413534025518  0.02533524132914428
1.8539690971374514  1.8546624183654785  0.11521886928793308  0.021395606896800267
1.8546624183654785  1.8553563356399536  0.10672865857991683  0.020539939920454213
1.8553563356399536  1.856050729751587  0.13410000610594805  0.02299796131477189
1.856050729751587  1.8567456007003784  0.10250168011017259  0.02010223334837752
1.8567456007003784  1.8574409484863281  0.10603972424386504  0.02054807065505886
1.8574409484863281  1.8581368923187256  0.12253274965229312  0.022007531509471302
1.8581368923187256  1.8588333129882812  0.09912473929446755  0.01982494785889351
1.8588333129882812  1.8595303297042844  0.09116270410668674  0.01916271822281597
1.8595303297042844  1.8602278232574463  0.06778675438393464  0.01662120072820833
1.8602278232574463  1.8609259128570557  0.060481083983441035  0.01581062776782236
1.8609259128570557  1.8616243600845337  0.11164622902813123  0.02148632679446606
1.8616243600845337  1.862323522567749  0.0838707881027463  0.018928913517830923
1.862323522567749  1.863023042678833  0.09384924565635749  0.02017821270873268
1.863023042678833  1.8637231588363647  0.12061689293428067  0.02279445018695789
1.8637231588363647  1.8644238710403442  0.09371186426288403  0.019979436591866604
1.8644238710403442  1.865125060081482  0.049930975498044525  0.014413831072348308
1.865125060081482  1.8658267259597778  0.09269955770260052  0.019329193957707737
1.8658267259597778  1.8665289878845215  0.06981193184716555  0.01645483013895462
1.8665289878845215  1.8672317266464233  0.0967839672871588  0.018980897607698013
1.8672317266464233  1.8679349422454834  0.07892642983954422  0.016827171381181654
1.8679349422454834  1.8686388731002808  0.08721549141765324  0.017443098283530648
1.8686388731002808  1.8693431615829468  0.10944820500167206  0.019347891986344432
1.8693431615829468  1.8700480461120605  0.10776894915067542  0.019051038686447704
1.8700480461120605  1.8707534074783325  0.08594432334226867  0.01697578008337809
1.8707534074783325  1.8714593648910522  0.055322338088912695  0.013564946345145398
1.8714593648910522  1.8721659183502197  0.09392697627871248  0.01744180162402344
1.8721659183502197  1.8728729486465454  0.09935525950027371  0.017844731390495253
1.8728729486465454  1.8735804557800293  0.08896323881242428  0.016812471837465988
1.8735804557800293  1.874288558959961  0.11281566585217384  0.01899749856030712
1.874288558959961  1.8749971389770508  0.13380607790145113  0.020671270480512184
1.8749971389770508  1.8757063150405884  0.10590624122275027  0.018262138712007315
1.8757063150405884  1.8764159679412842  0.09310433680663727  0.017103893502702448
1.8764159679412842  1.8771262168884277  0.08702515629354653  0.016446208668517974
1.8771262168884277  1.8778369426727295  0.09846345138669366  0.01760916847896391
1.8778369426727295  1.878548264503479  0.0866523606480883  0.0163757569136801
1.878548264503479  1.8792600631713867  0.13901370577406705  0.020722939727664594
1.8792600631713867  1.8799724578857422  0.09561597968447227  0.017173136909815614
1.8799724578857422  1.8806854486465452  0.08317898454806556  0.016007803039915128
1.8806854486465452  1.8813989162445068  0.07042632758224911  0.014803859584364637
1.8813989162445068  1.8821128606796265  0.10696304211802929  0.018272841558170487
1.8821128606796265  1.8828274011611936  0.09502893842812977  0.017170147938944356
1.8828274011611936  1.883542537689209  0.09847234780090046  0.017407616222344234
1.883542537689209  1.8842581510543823  0.13531958694297574  0.0204001953034421
1.8842581510543823  1.8849743604660034  0.08600603769448101  0.016253613356403126
1.8849743604660034  1.8856910467147825  0.07358277665317363  0.015020021388121193
1.8856910467147825  1.8864083290100098  0.1124248075859447  0.018668884904944304
1.8864083290100098  1.887126088142395  0.09763390312571579  0.017259398743476026
1.887126088142395  1.887844443321228  0.09736062936805946  0.017211090311686245
1.887844443321228  1.8885633945465088  0.09404355451600906  0.016890721012519275
1.8885633945465088  1.8892828226089478  0.0695764552910184  0.01450769380717496
1.8892828226089478  1.8900028467178345  0.07845477617416048  0.015386247486407637
1.8900028467178345  1.8907233476638794  0.09035988039661352  0.016497381595564693
1.8907233476638794  1.891444444656372  0.11699497886195134  0.018823505752888454
1.891444444656372  1.8921661376953127  0.12040370216984349  0.019037496878663154
1.8921661376953127  1.8928883075714111  0.11944132358873888  0.01915017553947975
1.8928883075714111  1.8936110734939575  0.11705512958214619  0.01892306806933677
1.8936110734939575  1.8943344354629514  0.08746782905488526  0.016346610927581585
1.8943344354629514  1.895058274269104  0.09989145478840453  0.01748689728538589
1.895058274269104  1.895782709121704  0.12457356513046552  0.01954333807041323
1.895782709121704  1.8965076208114626  0.10618583746576023  0.018140069180085778
1.8965076208114626  1.8972331285476685  0.06429150369902957  0.014029556297301732
1.8972331285476685  1.8979592323303223  0.10999311020612197  0.018426890528560214
1.8979592323303223  1.8986858129501345  0.10127892097980441  0.0176303971618867
1.8986858129501345  1.8994129896163938  0.12477682492607935  0.019753424810003858
1.8994129896163938  1.9001407623291016  0.11635505468668082  0.018967645976517344
1.9001407623291016  1.9008691310882568  0.09484150145428744  0.01713628119663054
1.9008691310882568  1.9015979766845705  0.06753994042559643  0.014399563681352411
1.9015979766845705  1.9023274183273315  0.09813075518574722  0.017347230608699707
1.9023274183273315  1.903057336807251  0.06659057132094758  0.014438929171578746
1.903057336807251  1.9037878513336182  0.10995269100016555  0.01832544850002759
1.9037878513336182  1.904518961906433  0.0849097393458481  0.016153110774361608
1.904518961906433  1.9052506685256958  0.12108988241153268  0.01923498209637529
1.9052506685256958  1.9059828519821167  0.09345251431072774  0.016885314331855465
1.9059828519821167  1.9067156314849854  0.10255722380775298  0.01758841877917326
1.9067156314849854  1.9074490070343018  0.08079169479075268  0.01565558063018429
1.9074490070343018  1.908182978630066  0.08650584361374077  0.016166828236113165
1.908182978630066  1.9089174270629883  0.09553262539360075  0.016887941810092316
1.9089174270629883  1.9096524715423584  0.10077772679609907  0.01737779383521156
1.9096524715423584  1.9103881120681763  0.09151405917673763  0.016535067744088004
1.9103881120681763  1.9111242294311523  0.10333117366335078  0.01746615621353443
1.9111242294311523  1.9118609428405764  0.11761177869534908  0.018596055017048488
1.9118609428405764  1.912598371505737  0.113114426588176  0.01837338509257246
1.912598371505737  1.9133361577987669  0.10791179134548577  0.01774058921550488
1.9133361577987669  1.9140746593475342  0.11296773005102796  0.018175555371614586
1.9140746593475342  1.9148136377334595  0.09741111833948408  0.016981910742612617
1.9148136377334595  1.915553331375122  0.08054203756393767  0.015322205259209706
1.915553331375122  1.9162935018539429  0.08939852249083341  0.016056448632713563
1.9162935018539429  1.9170341491699219  0.1033331283665401  0.01731115922457038
1.9170341491699219  1.9177755117416384  0.10649469665064089  0.017507620282756587
1.9177755117416384  1.9185173511505127  0.09207097443058085  0.016276002592579237
1.9185173511505127  1.919259786605835  0.10643624053834748  0.017498010157093742
1.919259786605835  1.920002818107605  0.11217314235842687  0.017962078192370112
1.920002818107605  1.9207464456558228  0.08808362203674705  0.01610727312954399
1.9207464456558228  1.9214906692504883  0.0715266048472676  0.014411888619558399
1.9214906692504883  1.9222354888916016  0.10348250955177725  0.01724708492529621
1.9222354888916016  1.922980785369873  0.08044973863544137  0.015203571533537335
1.922980785369873  1.9237266778945923  0.1033625580960088  0.017227093016001466
1.9237266778945923  1.9244731664657593  0.12334937866199341  0.018810603897369087
1.9244731664657593  1.925220251083374  0.07450834794561094  0.01461228923462427
1.925220251083374  1.9259679317474367  0.08588249429452208  0.01567992647330616
1.9259679317474367  1.9267162084579468  0.060055764056361496  0.01310524212888975
1.9267162084579468  1.9274649620056152  0.09963703682573904  0.016931232781480624
1.9274649620056152  1.928214430809021  0.07955817357790759  0.015135036342243455
1.928214430809021  1.928964376449585  0.10263915394527133  0.017106525657545224
1.928964376449585  1.9297149181365967  0.10538332490977742  0.01732491189403884
1.9297149181365967  1.930466055870056  0.09638751311792262  0.016620759214394633
1.930466055870056  1.9312177896499634  0.08526840744869742  0.015567810067397702
1.9312177896499634  1.9319701194763184  0.09583193825997141  0.01661547755680124
1.9319701194763184  1.932723045349121  0.09075507203066265  0.016043381714988782
1.932723045349121  1.9334765672683716  0.09561548789722989  0.01657794908550457
1.9334765672683716  1.93423068523407  0.07603977819380081  0.014734767994378485
1.93423068523407  1.9349853992462158  0.09888239262301579  0.016714174968615495
1.9349853992462158  1.93574059009552  0.09872418207084067  0.016687432504352746
1.93574059009552  1.9364964962005615  0.09222645266582567  0.01623620144632282
1.9364964962005615  1.9372528791427612  0.146163344071933  0.02026920890940923
1.9372528791427612  1.9380099773406982  0.12626243837654194  0.018822093014321733
1.9380099773406982  1.9387675523757935  0.08333412784475897  0.015404139557461446
1.9387675523757935  1.939525842666626  0.08947141880016075  0.015816461738993808
1.939525842666626  1.9402846097946167  0.08652488276171144  0.015540327701248472
1.9402846097946167  1.941043972969055  0.07801527139568608  0.014743500469871164
1.941043972969055  1.941804051399231  0.09978677401425044  0.016717046708771298
1.941804051399231  1.942564606666565  0.14335335422162343  0.02009356045776493
1.942564606666565  1.9433257579803467  0.09112823613222962  0.0159528170694704
1.9433257579803467  1.9440876245498657  0.08820884444755746  0.01568392936895312
1.9440876245498657  1.944849967956543  0.11327281941076786  0.017690242327108335
1.944849967956543  1.945612907409668  0.10481951373537744  0.01700397048038841
1.945612907409668  1.9463765621185303  0.10190338962466543  0.016752814057278246
1.9463765621185303  1.9471406936645508  0.10072754730739261  0.01681073818591077
1.9471406936645508  1.9479055404663086  0.10949018341068473  0.017392383869660005
1.9479055404663086  1.9486708641052246  0.13674008474790988  0.0194098337045947
1.9486708641052246  1.949436902999878  0.10402228416376813  0.01687464276631448
1.949436902999878  1.9502034187316895  0.0956649788148584  0.016170332774778196
1.9502034187316895  1.9509706497192383  0.11462367559082313  0.017686817128632074
1.9509706497192383  1.9517384767532349  0.09503856963335836  0.01614981935377734
1.9517384767532349  1.9525068998336792  0.12482661242499912  0.0184790392834276
1.9525068998336792  1.9532759189605713  0.10528972116684646  0.01702107859565016
1.9532759189605713  1.9540455341339111  0.0868215165337383  0.015348020773476578
1.9540455341339111  1.9548157453536987  0.11009325620203746  0.01742886837971547
1.9548157453536987  1.955586552619934  0.11875588888552459  0.017978753182087876
1.955586552619934  1.9563579559326172  0.12166886736205695  0.018137323877797658
1.9563579559326172  1.957129955291748  0.11851076822833975  0.017941643748301348
1.957129955291748  1.9579026699066162  0.09107565316801708  0.01579082609264396
1.9579026699066162  1.9586758613586428  0.09434708146653811  0.015947567464532533
1.9586758613586428  1.959449768066406  0.09963905440103021  0.01638055963959277
1.959449768066406  1.9602242708206177  0.08575616688265025  0.015247832264022895
1.9602242708206177  1.960999369621277  0.07760820860882416  0.014503974828493593
1.960999369621277  1.9617750644683838  0.1178047141815808  0.017834752447507582
1.9617750644683838  1.962551474571228  0.07778545646630421  0.014444396643766705
1.962551474571228  1.9633283615112305  0.08574773676203135  0.015158201533957845
1.9633283615112305  1.9641059637069702  0.08030986536071046  0.014662508282754626
1.9641059637069702  1.9648840427398682  0.12803921271236127  0.018552417170667048
1.9648840427398682  1.9656628370285034  0.0641210720946413  0.01308865903267371
1.9656628370285034  1.9664422273635864  0.07740180783694207  0.014373154881796142
1.9664422273635864  1.9672223329544067  0.07465650081107508  0.014108752492885469
1.9672223329544067  1.9680029153823853  0.09256087960914945  0.015812473674005515
1.9680029153823853  1.968784213066101  0.11904448774376455  0.01789306757372399
1.968784213066101  1.9695661067962646  0.08498933869373244  0.015024134429724612
1.9695661067962646  1.970348596572876  0.10836165039935507  0.016999982021905
1.970348596572876  1.971131682395935  0.07936215741500292  0.014489481276157661
1.971131682395935  1.9719154834747314  0.11878080355954293  0.017706796745412465
1.9719154834747314  1.9726998805999754  0.07637710140307542  0.014182871674027073
1.9726998805999754  1.9734848737716675  0.08671863698190502  0.015095777053483117
1.9734848737716675  1.9742704629898074  0.13372168679018517  0.018724781481492772
1.9742704629898074  1.9750567674636843  0.11249493844361007  0.0171553172823049
1.9750567674636843  1.9758435487747192  0.08842899070417212  0.015248416672685113
1.9758435487747192  1.9766310453414917  0.09636757003792297  0.015842730923312627
1.9766310453414917  1.9774192571640017  0.09779119166623568  0.01609811211879301
1.9774192571640017  1.9782079458236694  0.12156359863269509  0.017801986382709332
1.9782079458236694  1.9789973497390747  0.09058077285966523  0.015310945115788682
1.9789973497390747  1.9797873497009275  0.09040798293646088  0.015281738288034608
1.9797873497009275  1.980578064918518  0.08766843358947049  0.015035012322254187
1.980578064918518  1.9813693761825562  0.12324442033925506  0.01785766915973984
1.9813693761825562  1.982161283493042  0.1182298367998571  0.017432038413645174
1.982161283493042  1.9829537868499756  0.08918745513000161  0.01523618068723815
1.9829537868499756  1.9837470054626465  0.08712532005462474  0.014941869119456396
1.9837470054626465  1.9845408201217651  0.1151427051678037  0.017164461057895028
1.9845408201217651  1.9853352308273315  0.10731151229014986  0.01655852583586832
1.9853352308273315  1.9861303567886353  0.10716549816245509  0.016535995366823226
1.9861303567886353  1.9869260787963867  0.1143681070426953  0.01711940742029659
1.9869260787963867  1.987722396850586  0.08624915258769719  0.014872532252719176
1.987722396850586  1.9885194301605225  0.0861780564422429  0.014860272657296046
1.9885194301605225  1.989317059516907  0.10136806455073386  0.016102195063258884
1.989317059516907  1.990115284919739  0.10415501482461796  0.01626628048472412
1.990115284919739  1.990914225578308  0.08124174743010047  0.014361647630817204
1.990914225578308  1.9917138814926147  0.12433187630596189  0.017761696615137414
1.9917138814926147  1.9925140142440796  0.10620097790291227  0.016459697387832806
1.9925140142440796  1.9933148622512817  0.0836455417075275  0.014560819831590946
1.9933148622512817  1.9941164255142212  0.10639935654655704  0.016417777148944785
1.9941164255142212  1.9949184656143188  0.08767657076550105  0.015057861060575632
1.9949184656143188  1.9957213401794434  0.08572174775694828  0.014781588224630583
1.9957213401794434  1.996524691581726  0.11318245704434611  0.01701197082231701
1.996524691581726  1.9973287582397459  0.07299197270323558  0.013641259780984658
1.9973287582397459  1.9981335401535036  0.10863752085835153  0.016567066615377126
1.9981335401535036  1.9989389181137085  0.12089789638307182  0.01751766635580294
1.9989389181137085  1.9997448921203613  0.07257153119737285  0.013649856559182105
1.9997448921203613  2.000551700592041  0.11352562788638094  0.016923401409486238
2.000551700592041  2.001358985900879  0.07312780485625434  0.013579492452927604
2.001358985900879  2.002166986465454  0.10586196016650114  0.016334855087244658
2.002166986465454  2.0029754638671875  0.09573554937074727  0.015530356871656902
2.0029754638671875  2.0037848949432373  0.08561728196405725  0.01468324272058306
2.0037848949432373  2.0045948028564453  0.1255377920046252  0.0178197027663391
2.0045948028564453  2.0054054260253906  0.102838193080142  0.016133451521683485
2.0054054260253906  2.006216526031494  0.10561631283648487  0.016296950881313905
2.006216526031494  2.007028579711914  0.08294608219964286  0.014439059560022463
2.007028579711914  2.007841110229492  0.09044854019637776  0.015074756699396293
2.007841110229492  2.0086543560028076  0.10015329214039408  0.015909229927785016
2.0086543560028076  2.0094680786132812  0.07281783056977638  0.013521931672973888
2.0094680786132812  2.0102827548980713  0.10042395801834966  0.015878421949355716
2.0102827548980713  2.0110979080200195  0.08033862326307196  0.014201996325127378
2.0110979080200195  2.011913776397705  0.08977033398890458  0.01511679940751458
2.011913776397705  2.012730360031128  0.09009814466549433  0.015093933115140158
2.012730360031128  2.013547420501709  0.11303624110867057  0.016850447936002905
2.013547420501709  2.0143654346466064  0.08449441526501177  0.014730111333688175
2.0143654346466064  2.015183925628662  0.09016526617867081  0.01510517782649614
2.015183925628662  2.016003131866455  0.0747977794317338  0.01382621337444177
2.016003131866455  2.0168228149414062  0.12291067391081754  0.017625255558691797
2.0168228149414062  2.017643451690674  0.10061774955593848  0.015909063081858056
2.017643451690674  2.0184645652770996  0.08523877373571739  0.014698305705411877
2.0184645652770996  2.0192863941192627  0.11829405664822808  0.017254961567245247
2.0192863941192627  2.020108938217163  0.1381575777307629  0.018692088569259732
2.020108938217163  2.020932197570801  0.09317921485363063  0.015318568559845182
2.020932197570801  2.0217559337615967  0.09541465315056979  0.015554041608296114
2.0217559337615967  2.022580623626709  0.11781036654164152  0.017320634391685016
2.022580623626709  2.0234057903289795  0.09074319585570201  0.015123865975950335
2.0234057903289795  2.0242316722869873  0.07312188967708398  0.013578394031731186
2.0242316722869873  2.0250582695007324  0.06747754457550283  0.013165905992003879
2.0250582695007324  2.0258853435516357  0.10061034494110453  0.01598183221514116
2.0258853435516357  2.0267133712768555  0.10347677580951635  0.016160357346276077
2.0267133712768555  2.0275418758392334  0.0874243009151489  0.015014535411280628
2.0275418758392334  2.0283710956573486  0.10574831643328081  0.016389541058235948
2.0283710956573486  2.029201030731201  0.13133871548337683  0.018213402812649666
2.029201030731201  2.030031681060791  0.09031309318404307  0.01520819688277079
2.030031681060791  2.030863046646118  0.09063559046811745  0.015183970163382653
2.030863046646118  2.0316948890686035  0.10075703824541489  0.01600513426999392
2.0316948890686035  2.0325276851654053  0.10108226094314247  0.015982508780990508
2.0325276851654053  2.0333609580993652  0.10361102774481691  0.01618132397605279
2.0333609580993652  2.0341949462890625  0.11277510724974214  0.017020886246754553
2.0341949462890625  2.035029649734497  0.09096594048598108  0.015160990080996847
2.035029649734497  2.035865068435669  0.07740021670617203  0.014153669001623263
2.035865068435669  2.036701202392578  0.10615725397539015  0.0163804199111793
2.036701202392578  2.0375380516052246  0.11315859998242295  0.01700838496942124
2.0375380516052246  2.0383753776550293  0.12618431334290592  0.017911474478237887
2.0383753776550293  2.0392136573791504  0.11899739609556861  0.017357554169751706
2.0392136573791504  2.0400524139404297  0.12640474782831168  0.017942764474235564
2.0400524139404297  2.0408918857574463  0.08088397250000505  0.014381534184189772
2.0408918857574463  2.0417320728302  0.10163695880027437  0.016070214213078082
2.0417320728302  2.0425729751586914  0.0839742760514947  0.01461804513562089
2.0425729751586914  2.04341459274292  0.12233132176088285  0.01765700538724211
2.04341459274292  2.0442569255828857  0.1046577114371895  0.016344788505798076
2.0442569255828857  2.045099973678589  0.08437867344397762  0.014688441685778913
2.045099973678589  2.0459437370300293  0.09990283997684735  0.015997257325377618
2.0459437370300293  2.046787977218628  0.11807364641625775  0.017409009397954704
2.046787977218628  2.047633171081543  0.09261950404768514  0.015436584007947523
2.047633171081543  2.048478841781616  0.11350975633232094  0.017112239627226203
2.048478841781616  2.049325466156006  0.0828192798070552  0.014640518591138709
2.049325466156006  2.0501725673675537  0.08573102070595072  0.014923855127181297
2.0501725673675537  2.051020383834839  0.09915224097916253  0.016084617439939573
2.051020383834839  2.0518689155578613  0.10194611553819637  0.016402270516089255
2.0518689155578613  2.0527184009552  0.11275912871708405  0.01734466870684927
2.0527184009552  2.0535683631896973  0.09823987107634739  0.01615053531796037
2.0535683631896973  2.0544190406799316  0.13644785858965372  0.01910652188913623
2.0544190406799316  2.0552704334259033  0.08330095216670855  0.015051095969456073
2.0552704334259033  2.0561225414276123  0.10305100764211457  0.016798883690462996
2.0561225414276123  2.0569753646850586  0.10693349978896018  0.017123063901122868
2.0569753646850586  2.057828903198242  0.11317252634847556  0.01767457918227882
2.057828903198242  2.058682918548584  0.14400752107806072  0.020041604591371942
2.058682918548584  2.059537887573242  0.06347769839974977  0.013451520945875811
2.059537887573242  2.0603935718536377  0.10374525349800576  0.01705561461280972
2.0603935718536377  2.0612499713897705  0.08987509844726149  0.01598019682609718
2.0612499713897705  2.0621070861816406  0.10211358831741457  0.017018931386235763
2.0621070861816406  2.062964916229248  0.07957276761132222  0.015137812690872098
2.062964916229248  2.0638232231140137  0.10633740257931473  0.017481761296721427
2.0638232231140137  2.0646824836730957  0.12999228145255048  0.0194581416552545
2.0646824836730957  2.065542459487915  0.09248311843082725  0.016636068429259337
2.065542459487915  2.0664031505584717  0.10901180036720377  0.018011503135281916
2.0664031505584717  2.0672645568847656  0.12866757902524942  0.019621621849507966
2.0672645568847656  2.0681264400482178  0.09696835316363123  0.017141745020623912
2.0681264400482178  2.0689892768859863  0.07362235954436691  0.01502810121195183
2.0689892768859863  2.069852828979492  0.11168711311575118  0.018614518852625196
2.069852828979492  2.0707170963287354  0.11555791560217943  0.01909308673156708
2.0707170963287354  2.071582078933716  0.07865434278296671  0.015848055839546623
2.071582078933716  2.0724477767944336  0.0729633455860421  0.015337149613541495
2.0724477767944336  2.0733141899108887  0.09659137042493247  0.017635090814024295
2.0733141899108887  2.074181318283081  0.14317895420780616  0.02158503949921684
2.074181318283081  2.0750491619110107  0.0946539090264728  0.017803293656066584
2.0750491619110107  2.0759177207946777  0.09661980391546771  0.017941847162683214
2.0759177207946777  2.076786994934082  0.09775964798626982  0.01815351089287992
2.076786994934082  2.0776569843292236  0.10563269597726462  0.0189721922648991
2.0776569843292236  2.0785279273986816  0.09972538726129362  0.01851853951232338
2.0785279273986816  2.079399347305298  0.11038805597610345  0.019627492956611235
2.079399347305298  2.0802714824676514  0.11481723084901377  0.019987114409520557
2.0802714824676514  2.0811445713043213  0.07632120408087401  0.016409567060021956
2.0811445713043213  2.0820181369781494  0.09389343143552699  0.018194397212370674
2.0820181369781494  2.082892656326294  0.09089303877743624  0.017825591475995883
2.082892656326294  2.083767890930176  0.10099248353377921  0.018874194692782002
2.083767890930176  2.084643840789795  0.08047383667322026  0.016779954900841255
2.084643840789795  2.0855202674865723  0.09100794754322486  0.017848126939035848
2.0855202674865723  2.086397647857666  0.11905354310671795  0.020417514199004817
2.086397647857666  2.087275743484497  0.06611346570869438  0.015316354970313337
2.087275743484497  2.0881547927856445  0.12608717823928245  0.021014529706547075
2.0881547927856445  2.08903431892395  0.11465740696877066  0.020185106366427456
2.08903431892395  2.089914560317993  0.07911975186865597  0.016902545766268588
2.089914560317993  2.0907957553863525  0.07981667099171859  0.01677774250649202
2.0907957553863525  2.09167742729187  0.1078438465756297  0.019369326635945146
2.09167742729187  2.092560052871704  0.09705408596289669  0.018341498227179242
2.092560052871704  2.0934433937072754  0.0863019145895999  0.01726038291791998
2.0934433937072754  2.094327449798584  0.07562432287145916  0.01612315981010307
2.094327449798584  2.09521222114563  0.0984328976839874  0.018514077241072676
2.09521222114563  2.096097707748413  0.08825749372361411  0.0174326790403077
2.096097707748413  2.0969841480255127  0.10795823932600966  0.019307212962889495
2.0969841480255127  2.0978710651397705  0.10429312247176856  0.018957295081757794
2.0978710651397705  2.0987589359283447  0.1011248625324575  0.018577318077274307
2.0987589359283447  2.0996475219726562  0.10478319000789961  0.01881961648869775
2.0996475219726562  2.100536823272705  0.06754179870152299  0.015102805321921244
2.100536823272705  2.101426839828491  0.09450513282660587  0.017859791362737555
2.101426839828491  2.1023175716400146  0.11470850153912929  0.01967234571777797
2.1023175716400146  2.1032092571258545  0.08389767429911663  0.01690453419424459
2.1032092571258545  2.1041016578674316  0.08050147915181742  0.016559832940855168
2.1041016578674316  2.104994773864746  0.05688953822286571  0.013949221241390935
2.104994773864746  2.105888605117798  0.09438130353095173  0.017836389825500044
2.105888605117798  2.106783151626587  0.08006953127478035  0.01659904209432052
2.106783151626587  2.1076784133911133  0.1045142982061161  0.0187713220954259
2.1076784133911133  2.108574628829956  0.10453641563876236  0.018775294503596388
2.108574628829956  2.109471559524536  0.11089116129807162  0.01941249480833104
2.109471559524536  2.1103692054748535  0.09362272730030083  0.01792924388003858
2.1103692054748535  2.111267566680908  0.10793836329893243  0.019080987159713073
2.111267566680908  2.1121666431427  0.10789887223978983  0.01907400606078408
2.1121666431427  2.1130666732788086  0.08047092868632148  0.01655354845254255
2.1130666732788086  2.1139674186706543  0.11118735159782675  0.019355233538071694
2.1139674186706543  2.1148688793182373  0.07413586780925399  0.015805820124577794
2.1148688793182373  2.1157710552215576  0.07419801528667663  0.015819070011283992
2.1157710552215576  2.1166741847991943  0.10767709108715322  0.0191454712035059
2.1166741847991943  2.1175777912139893  0.08124119017853791  0.01658328850281884
2.1175777912139893  2.1184823513031006  0.10476479549240837  0.018929255310563664
2.1184823513031006  2.1193878650665283  0.11565505883837669  0.019834678955355216
2.1193878650665283  2.1202938556671143  0.10914909732833149  0.019295016720313418
2.1202938556671143  2.1212007999420166  0.07868258886251964  0.016406453913162
2.1212007999420166  2.1221084594726562  0.08536925040430512  0.017201041919844968
2.1221084594726562  2.123016834259033  0.0847971379204636  0.017341937467329337
2.123016834259033  2.1239261627197266  0.12090910271567845  0.020437368519112577
2.1239261627197266  2.1248362064361572  0.11397274938767148  0.01995195450999269
2.1248362064361572  2.125746965408325  0.12483802853225089  0.02091382525009307
2.125746965408325  2.1266584396362305  0.11834563493894067  0.020407148589758894
2.1266584396362305  2.127570867538452  0.08375636048043661  0.01722938947089845
2.127570867538452  2.128483772277832  0.0915924873865233  0.017962764633937818
2.128483772277832  2.1293978691101074  0.10259778800963511  0.019051930940666668
2.1293978691101074  2.130312442779541  0.12658063836085498  0.021425817044022268
2.130312442779541  2.131227970123291  0.12126349191342664  0.020796517292592732
2.131227970123291  2.1321442127227783  0.08185074913459445  0.01720531282351007
2.1321442127227783  2.133061170578003  0.12102074913813674  0.020982749360208795
2.133061170578003  2.133979082107544  0.10767280982419863  0.019658275590225815
2.133979082107544  2.1348977088928223  0.12564522800456007  0.021237919806877704
2.1348977088928223  2.135817050933838  0.07178333383579238  0.016051241410839252
2.135817050933838  2.13673734664917  0.14353044384777308  0.022694155806693244
2.13673734664917  2.1376583576202393  0.12514095410597234  0.021265090692836202
2.1376583576202393  2.138580083847046  0.0964758802153927  0.018694816657726043
2.138580083847046  2.139502763748169  0.09343571717615626  0.018324251736452205
2.139502763748169  2.1404261589050293  0.13326265756944589  0.02190824595003751
2.1404261589050293  2.141350269317627  0.0971401199947125  0.01882353111841226
2.141350269317627  2.142275333404541  0.10892190854774202  0.019886328772704357
2.142275333404541  2.1432011127471924  0.10582576933656744  0.019651352024800575
2.1432011127471924  2.144127607345581  0.10591092576574068  0.01979338821118075
2.144127607345581  2.145055055618286  0.11423216173103894  0.020516701908874644
2.145055055618286  2.1459832191467285  0.11101005032344469  0.02026756955731144
2.1459832191467285  2.1469123363494873  0.1002980646856758  0.01930237154849114
2.1469123363494873  2.1478421688079834  0.13053257944265462  0.02206403297932953
2.1478421688079834  2.148772716522217  0.08990574689330398  0.018351933736034057
2.148772716522217  2.1497042179107666  0.09412628877996412  0.018825257755992825
2.1497042179107666  2.1506364345550537  0.0979638114946291  0.01934987740190208
2.1506364345550537  2.151569366455078  0.1065965941516822  0.02014486276655952
2.151569366455078  2.152503252029419  0.11099000972011704  0.020610327389251407
2.152503252029419  2.153437852859497  0.1307394171494765  0.02242162506349148
2.153437852859497  2.1543734073638916  0.10035934904176926  0.019682087659055797
2.1543734073638916  2.1553096771240234  0.08854686305154809  0.018612859313446264
2.1553096771240234  2.1562466621398926  0.11585160693305696  0.021282720172479567
2.1562466621398926  2.157184600830078  0.061654550656274024  0.01559351163403523
2.157184600830078  2.158123254776001  0.08175946430529088  0.017841377807525503
2.158123254776001  2.1590628623962402  0.1018612338502615  0.019976631503120047
2.1590628623962402  2.160003185272217  0.10317785873529396  0.02023484288699937
2.160003185272217  2.1609444618225098  0.08104140229874388  0.018121408453189904
2.1609444618225098  2.16188645362854  0.11595638993653234  0.022059382422676875
2.16188645362854  2.1628291606903076  0.11934460139509716  0.022554009686397092
2.1628291606903076  2.1637728214263916  0.1211478214320169  0.022894786241884117
2.1637728214263916  2.164717435836792  0.06937123326628779  0.017342808316571947
2.164717435836792  2.1656625270843506  0.07675182664717485  0.0182780864600204
2.1656625270843506  2.1666088104248047  0.10932738089926582  0.021594417211786683
2.1666088104248047  2.167555809020996  0.1205960262384892  0.02239411987516487
2.167555809020996  2.168503522872925  0.13552912788660945  0.02359259289622097
2.168503522872925  2.169451951980591  0.10171945758174514  0.02034389151634903
2.169451951980591  2.1704015731811523  0.11717387477396746  0.02175864230166741
2.1704015731811523  2.171351671218872  0.14017250805987796  0.0238193892465565
2.171351671218872  2.1723029613494873  0.10803752078517476  0.020791830569300146
2.1723029613494873  2.1732547283172607  0.08720889976030423  0.01875049412652108
2.1732547283172607  2.1742074489593506  0.12670020349513283  0.02252786616914667
2.1742074489593506  2.175161123275757  0.08674607825124643  0.018650984420389392
2.175161123275757  2.1761155128479004  0.11477787765982768  0.021313716807285988
2.1761155128479004  2.1770708560943604  0.08302422193521129  0.018117370549186607
2.1770708560943604  2.1780269145965576  0.09829455571988087  0.019805360424541615
2.1780269145965576  2.1789839267730713  0.09432445944730618  0.01940333652426552
2.1789839267730713  2.1799416542053223  0.11803461707774282  0.02168375383332365
2.1799416542053223  2.1809003353118896  0.0943503532062387  0.019408663088779008
2.1809003353118896  2.1818597316741943  0.07808447727902897  0.01778763596514503
2.1818597316741943  2.1828200817108154  0.0909726858407385  0.018969116283279932
2.1828200817108154  2.183781385421753  0.11872976866060998  0.02167699084759534
2.183781385421753  2.1847434043884277  0.12622886623834076  0.02244406028447852
2.1847434043884277  2.18570613861084  0.13072915942599017  0.02275702563793509
2.18570613861084  2.1866698265075684  0.10502016751215383  0.02077575202774323
2.1866698265075684  2.1876344680786133  0.09460201061384811  0.01946043113915832
2.1876344680786133  2.1885998249053955  0.08318936924416884  0.018153408646525475
2.1885998249053955  2.189566135406494  0.10594483576001366  0.020671465696175065
2.189566135406494  2.190533399581909  0.10692213328395445  0.020577174144606716
2.190533399581909  2.1915013790130615  0.08319602652734763  0.018154861384815455
2.1915013790130615  2.192470073699951  0.10704224954316473  0.02060029052946975
2.192470073699951  2.1934397220611572  0.12647570379078152  0.022487949111753516
2.1934397220611572  2.1944103240966797  0.09133780682385183  0.019045249271133748
2.1944103240966797  2.1953818798065186  0.07155491293027375  0.016865654720069845
2.1953818798065186  2.1963541507720947  0.13132488983347484  0.022860728990851554
2.1963541507720947  2.197327136993408  0.11055568641401069  0.02117199446330909
2.197327136993408  2.198301076889038  0.11166486456318214  0.021102675844134937
2.198301076889038  2.1992759704589844  0.08786271401341522  0.018732393568608258
2.1992759704589844  2.200251817703247  0.07153907923742693  0.017036695186199467
2.200251817703247  2.201228380203247  0.09227742436858839  0.01924117307291224
2.201228380203247  2.2022058963775635  0.07644993487045007  0.017538817912660955
2.2022058963775635  2.203184127807617  0.07671083135742332  0.017598671671684173
2.203184127807617  2.2041633129119873  0.1378209216000735  0.023636093057449244
2.2041633129119873  2.205143451690674  0.08142374053769497  0.018206901882459124
2.205143451690674  2.2061243057250977  0.08128383178570207  0.018345059788690474
2.2061243057250977  2.207106113433838  0.09447450259054317  0.0196992955510007
2.207106113433838  2.2080888748168945  0.09900935709160492  0.02021020038628693
2.2080888748168945  2.2090723514556885  0.09943615580708844  0.02029732030927109
2.2090723514556885  2.210056781768799  0.09571710719824388  0.019958396522680034
2.210056781768799  2.2110421657562256  0.12494210604324468  0.022952706061428813
2.2110421657562256  2.2120282649993896  0.09670528499585861  0.02016444583713388
2.2120282649993896  2.21301531791687  0.0676713347319286  0.01691783368298215
2.21301531791687  2.214003324508667  0.07185016567649077  0.01761754249657673
2.214003324508667  2.214992046356201  0.11529214819978124  0.022340978572656774
2.214992046356201  2.215981960296631  0.16386242475989685  0.026712070825533434
2.215981960296631  2.216972589492798  0.08295152158770651  0.01903038420072344
2.216972589492798  2.217963933944702  0.06997370869417864  0.01769757185779168
2.217963933944702  2.218956232070923  0.08457834725962875  0.019403603606126946
2.218956232070923  2.219949722290039  0.11195564157996815  0.022557931279235596
2.219949722290039  2.2209436893463135  0.06376755681064233  0.017042596426933346
2.2209436893463135  2.2219388484954834  0.09684999343122591  0.021134401235931837
2.2219388484954834  2.2229347229003906  0.08870684563289839  0.020350746090214023
2.2229347229003906  2.2239315509796143  0.09392183764013227  0.021197348711542708
2.2239315509796143  2.2249293327331543  0.10045925855085572  0.02192200745563981
2.2249293327331543  2.2259278297424316  0.08727874113098923  0.02057179656904924
2.2259278297424316  2.2269275188446045  0.10346706188445155  0.02257836395334188
2.2269275188446045  2.2279279232025146  0.12064150398264144  0.024625843879951342
2.2279279232025146  2.228929281234741  0.12834134877808828  0.025859485821021242
2.228929281234741  2.229931354522705  0.08460765077755847  0.02139875114950646
2.229931354522705  2.2309346199035645  0.10485127000864705  0.02405453105629419
2.2309346199035645  2.231938600540161  0.10222509546501354  0.024094686070251087
2.231938600540161  2.232943534851074  0.08631954474356145  0.022287610616267967
2.232943534851074  2.2339491844177246  0.14320497479329344  0.02864099495865869
2.2339491844177246  2.2349560260772705  0.12949845969556065  0.02700229544471354
2.2349560260772705  2.2359635829925537  0.08832586925628165  0.022081467314070412
2.2359635829925537  2.2369723320007324  0.15278329456781578  0.02887332870796901
2.2369723320007324  2.2379817962646484  0.11466287668190994  0.025021491037916153
2.2379817962646484  2.2389919757843018  0.09921790807817482  0.023385885205740316
2.2389919757843018  2.2400033473968506  0.10609269528389419  0.024339333546860475
2.2400033473968506  2.241015672683716  0.10174477277054193  0.02398147292544486
2.241015672683716  2.2420287132263184  0.0684614131991049  0.019763107669802705
2.2420287132263184  2.2430427074432373  0.09181387326998611  0.022953468317496527
2.2430427074432373  2.2440576553344727  0.06907399041863586  0.019939943481100522
2.2440576553344727  2.2450735569000244  0.11527846585300733  0.025777048598921267
2.2450735569000244  2.2460904121398926  0.10232941203908737  0.02462245809862154
2.2460904121398926  2.247107982635498  0.12090540395418983  0.026383722169013715
2.247107982635498  2.248126745223999  0.13790126468412006  0.028148977780048347
2.248126745223999  2.2491462230682373  0.11467038763659429  0.02564107817616763
2.2491462230682373  2.250166654586792  0.09729002703877757  0.023596297517651653
2.250166654586792  2.251188039779663  0.057133740842355216  0.01806727523076296
2.251188039779663  2.2522103786468506  0.10832361188310044  0.024851140915671397
2.2522103786468506  2.2532336711883545  0.09092396473573451  0.022730991183933628
2.2532336711883545  2.254257917404175  0.07353166551007936  0.020394014643604467
2.254257917404175  2.2552831172943115  0.15112638544300752  0.029284833283657268
2.2552831172943115  2.2563090324401855  0.12290053225766479  0.026202481517819943
2.2563090324401855  2.257336139678955  0.16030549135716082  0.02995903208168104
2.257336139678955  2.258363962173462  0.09941003394710306  0.023431169707327153
2.258363962173462  2.2593929767608643  0.08804372529243247  0.022010931323108118
2.2593929767608643  2.260422706604004  0.13727362645514282  0.02745472529102856
2.260422706604004  2.26145339012146  0.08160162221299473  0.021331841116031543
2.26145339012146  2.2624850273132324  0.09320961451127197  0.022606652114886997
2.2624850273132324  2.2635178565979004  0.09865699202148351  0.023253676023286034
2.2635178565979004  2.2645514011383057  0.10953226094257165  0.02449215811968354
2.2645514011383057  2.2655858993530273  0.09294104042634524  0.022541513331330736
2.2655858993530273  2.2666213512420654  0.10833575065860353  0.02445044456472506
2.2666213512420654  2.26765775680542  0.10785369135762815  0.02434164793809207
2.26765775680542  2.268695116043091  0.1079024543853397  0.024127722294468988
2.268695116043091  2.269733428955078  0.0696653740506802  0.019321698328008143
2.269733428955078  2.270772695541382  0.1383381950500108  0.027130352155200377
2.270772695541382  2.271812915802002  0.13741342104407578  0.026948989051280146
2.271812915802002  2.2728540897369385  0.07359015787017854  0.019667796984915286
2.2728540897369385  2.2738962173461914  0.1518755295211031  0.028202577815240062
2.2738962173461914  2.2749392986297607  0.09408833201743368  0.0221768325333529
2.2749392986297607  2.2759833335876465  0.10970588252482118  0.0239397862310441
2.2759833335876465  2.2770283222198486  0.10906062216779627  0.024010222740398234
2.2770283222198486  2.278074264526367  0.11491972261988032  0.024500967185946534
2.278074264526367  2.279121160507202  0.07308083932875824  0.019531675879006272
2.279121160507202  2.2801690101623535  0.11986792643764214  0.02499419044538149
2.2801690101623535  2.2812178134918213  0.07277109900722031  0.019448894296001693
2.2812178134918213  2.2822675704956055  0.09323333183091058  0.02197530705675082
2.2822675704956055  2.283318281173706  0.11346426630789119  0.024190662857606158
2.283318281173706  2.284370183944702  0.1167700236491842  0.024744665584371703
2.284370183944702  2.2854228019714355  0.13718461079515093  0.026583236570125266
2.2854228019714355  2.2864763736724854  0.1167144540254314  0.024336645993104217
2.2864763736724854  2.2875311374664307  0.09079080823124905  0.021399598723241205
2.2875311374664307  2.2885866165161133  0.08461815966849065  0.020748233631833143
2.2885866165161133  2.2896432876586914  0.14959093446042213  0.0273114430674167
2.2896432876586914  2.290700912475586  0.11910909947699877  0.02431304312008747
2.290700912475586  2.291759490966797  0.07416743071011657  0.019149948264751603
2.291759490966797  2.292819023132324  0.10847510958026808  0.023126971069266495
2.292819023132324  2.293879508972168  0.12793656218080834  0.02509042411776609
2.293879508972168  2.294940948486328  0.06879618618572948  0.018386554158836433
2.294940948486328  2.2960033416748047  0.08348423553404494  0.02024790124593003
2.2960033416748047  2.2970669269561768  0.09331246367986476  0.021407347334386314
2.2970669269561768  2.298131227493286  0.11795238253172374  0.024076929262357917
2.298131227493286  2.299196720123291  0.09841539357196018  0.02200635100592988
2.299196720123291  2.3002631664276123  0.07393406001268328  0.019089692209774807
2.3002631664276123  2.30133056640625  0.07901733848706011  0.019754334621765027
2.30133056640625  2.302398920059204  0.08413469494312138  0.020405660825271146
2.302398920059204  2.3034684658050537  0.07379106648188585  0.019290049183892825
2.3034684658050537  2.3045387268066406  0.08391067037957656  0.0205747584213592
2.3045387268066406  2.305610179901123  0.10405486889690481  0.022908181979685693
2.305610179901123  2.306682586669922  0.07494501933842848  0.019350720785261753
2.306682586669922  2.307755947113037  0.11014867384986254  0.02348377617041119
2.307755947113037  2.3088302612304688  0.12536860901322006  0.02507372180264401
2.3088302612304688  2.309905767440796  0.11926979350067304  0.024725564036393425
2.309905767440796  2.3109819889068604  0.16091725135822665  0.02844641991132556
2.3109819889068604  2.3120594024658203  0.10583061399951697  0.023094133309354274
2.3120594024658203  2.3131377696990967  0.14665315352731437  0.027232806938985745
2.3131377696990967  2.3142170906066895  0.09532775318615636  0.022301635054607218
2.3142170906066895  2.3152976036071777  0.11773090648976024  0.024548590983120615
2.3152976036071777  2.3163790702819824  0.11160824126090858  0.024405975071250165
2.3163790702819824  2.3174614906311035  0.08843388727648531  0.02144836812499498
2.3174614906311035  2.318544864654541  0.11525640975001852  0.024572749123279714
2.318544864654541  2.319629192352295  0.06322125257130962  0.01825040359527546
2.319629192352295  2.3207147121429443  0.10585896776105075  0.02367078479416682
2.3207147121429443  2.32180118560791  0.12762941185766835  0.026052244601900695
2.32180118560791  2.3228886127471924  0.05281533190529187  0.017014866134446794
2.3228886127471924  2.32397723197937  0.12247184161545309  0.02595293440533355
2.32397723197937  2.3250668048858643  0.15108028934874437  0.028741304218739227
2.3250668048858643  2.326157331466675  0.10292616189994473  0.02384466786747468
2.326157331466675  2.3272488117218018  0.09857293674432263  0.023233864004461043
2.3272488117218018  2.328341484069824  0.12073095989312158  0.025739927135513995
2.328341484069824  2.329435110092163  0.10974409303023566  0.02453952521446678
2.329435110092163  2.3305296897888184  0.0821417674279892  0.021208913151776334
2.3305296897888184  2.331625461578369  0.06480605982753322  0.01899968301363879
2.331625461578369  2.3327221870422363  0.11407283911607866  0.02489273428514047
2.3327221870422363  2.33381986618042  0.09732401807351759  0.022939491050702133
2.33381986618042  2.334918737411499  0.10238538818758565  0.02348881896867731
2.334918737411499  2.3360185623168945  0.08488262666523554  0.021719506128035533
2.3360185623168945  2.3371193408966064  0.1030267282772911  0.023635952476017696
2.3371193408966064  2.338221311569214  0.08737187507233417  0.022097871704937534
2.338221311569214  2.3393242359161377  0.10128896799295813  0.023874038709069283
2.3393242359161377  2.340428352355957  0.056250351997855934  0.018462815968791825
2.340428352355957  2.3415331840515137  0.14657081513322276  0.029532539215141925
2.3415331840515137  2.342639207839966  0.0657908581441857  0.019836690099978342
2.342639207839966  2.3437464237213135  0.08961488104388557  0.0234266225623614
2.3437464237213135  2.3448545932769775  0.09614958109106352  0.02403739527276588
2.3448545932769775  2.345963716506958  0.11869066091623547  0.026540038610307997
2.345963716506958  2.347074031829834  0.08078172994862338  0.021878061238010314
2.347074031829834  2.3481853008270264  0.1255463545715411  0.026766572730488027
2.3481853008270264  2.3492977619171143  0.14597100622161835  0.028627269582415606
2.3492977619171143  2.3504111766815186  0.09984349593698648  0.023533337678138214
2.3504111766815186  2.3515255451202393  0.09345473881047769  0.022666103490006452
2.3515255451202393  2.3526411056518555  0.07651988284681394  0.02045079892063271
2.3526411056518555  2.353757619857788  0.09767979036889925  0.02326198257100539
2.353757619857788  2.354875326156616  0.10464952631384203  0.024008247878496737
2.354875326156616  2.3559939861297607  0.0840955014102919  0.021713365096868192
2.3559939861297607  2.357113838195801  0.06894916693669825  0.019903910045651587
2.357113838195801  2.3582346439361572  0.10603286668217272  0.02499218635320449
2.3582346439361572  2.359356641769409  0.08423721536983368  0.022513342794986114
2.359356641769409  2.3604795932769775  0.07335151788402117  0.021174759297903634
2.3604795932769775  2.3616034984588623  0.10463908023630414  0.02537870472833902
2.3616034984588623  2.3627285957336426  0.08574719285252724  0.02291690125227059
2.3627285957336426  2.3638548851013184  0.06555000121361608  0.020100642844348208
2.3638548851013184  2.3649821281433105  0.08256854442973503  0.022067371727192177
2.3649821281433105  2.366110324859619  0.13218686593417525  0.027786140061064217
2.366110324859619  2.3672397136688232  0.0795572591227293  0.021262571876289188
2.3672397136688232  2.368370294570923  0.11206775164755904  0.025059111076950608
2.368370294570923  2.369501829147339  0.09893727882067756  0.023561447530318212
2.369501829147339  2.3706345558166504  0.08759204328909687  0.021898010822274216
2.3706345558166504  2.3717682361602783  0.11376804098837234  0.02482622188076452
2.3717682361602783  2.3729031085968018  0.09115183137799229  0.022107566396467788
2.3729031085968018  2.3740389347076416  0.09492150507633001  0.022605109904107905
2.3740389347076416  2.375175952911377  0.0835605904389051  0.02113393132033677
2.375175952911377  2.376314163208008  0.11489065663838807  0.024494770297870807
2.376314163208008  2.377453327178955  0.10374470100523121  0.023198020375308777
2.377453327178955  2.3785934448242188  0.08186675826895595  0.020705531609900844
2.3785934448242188  2.379734754562378  0.12825738539113163  0.025651477078226327
2.379734754562378  2.3808772563934326  0.05619655689922954  0.016943899431327496
2.3808772563934326  2.382020950317383  0.11706742225465176  0.024410244956600866
2.382020950317383  2.3831655979156494  0.07101479088530488  0.018979501206157698
2.3831655979156494  2.3843111991882324  0.06006085355686146  0.01760849497941748
2.3843111991882324  2.38545823097229  0.10025742795997096  0.02262723680442336
2.38545823097229  2.386605978012085  0.09059683919961967  0.02135387978403943
2.386605978012085  2.3877551555633545  0.15511093116240082  0.028025964291078228
2.3877551555633545  2.3889052867889404  0.14543197609659875  0.027006039983014825
2.3889052867889404  2.390056610107422  0.10954135089092301  0.023552119819614515
2.390056610107422  2.3912088871002197  0.1349941272993628  0.025979631911768577
2.3912088871002197  2.392362594604492  0.0748543447725854  0.019327308713032766
2.392362594604492  2.393517017364502  0.10459222107081143  0.022823893817168976
2.393517017364502  2.3946728706359863  0.05966454247177706  0.017223669828578172
2.3946728706359863  2.395829677581787  0.07444793200379599  0.01922237338735227
2.395829677581787  2.3969876766204834  0.11825520025275893  0.024326091659507738
2.3969876766204834  2.398146629333496  0.12352029788974964  0.024704059577949928
2.398146629333496  2.3993070125579834  0.07886957181078273  0.019717392952695683
2.3993070125579834  2.400468349456787  0.11746687417901466  0.02416392634004192
2.400468349456787  2.4016306400299072  0.122784346662418  0.024556869332483598
2.4016306400299072  2.402794361114502  0.09257516068560537  0.021446675156042563
2.402794361114502  2.403959035873413  0.0881863783081954  0.02078572870333574
2.403959035873413  2.4051249027252197  0.11259131079800566  0.023476911198964143
2.4051249027252197  2.4062917232513428  0.09722044130188599  0.02194181510866831
2.4062917232513428  2.4074599742889404  0.09775797902767608  0.02185934864488825
2.4074599742889404  2.4086291790008545  0.11726204208753001  0.02393601410926784
2.4086291790008545  2.409799575805664  0.04886797333738927  0.015453410038253011
2.409799575805664  2.41097092628479  0.09783479784015395  0.021876525853553385
2.41097092628479  2.4121437072753906  0.10230674964099312  0.02252332508196287
2.4121437072753906  2.4133174419403076  0.10745749995526363  0.02310407799318372
2.4133174419403076  2.41449236869812  0.11825138099470353  0.024137962068039327
2.41449236869812  2.415668487548828  0.07919169688750999  0.019797924221877497
2.415668487548828  2.4168457984924316  0.13451030849959097  0.025886520940339483
2.4168457984924316  2.4180240631103516  0.06477045713545503  0.01822253398767246
2.4180240631103516  2.419203519821167  0.11663203700268375  0.024516460791025825
2.419203519821167  2.420384407043457  0.15035606627095285  0.02792042057315581
2.420384407043457  2.4215660095214844  0.1098445455288598  0.024182807254739053
2.4215660095214844  2.4227490425109863  0.08843488530528161  0.02192275680318127
2.4227490425109863  2.423933267593384  0.07822916440943964  0.02019868339636545
2.423933267593384  2.4251184463500977  0.07641038597835273  0.019729076824762725
2.4251184463500977  2.426305055618286  0.13341910828850398  0.025676519361802534
2.426305055618286  2.427492618560791  0.09962214079302752  0.021932295477241515
2.427492618560791  2.4286813735961914  0.09553358786848172  0.02121924661478269
2.4286813735961914  2.4298713207244873  0.11165429318442885  0.02233085863688577
2.4298713207244873  2.4310624599456787  0.10959630549050221  0.02191926109810044
2.4310624599456787  2.4322547912597656  0.10391834579988075  0.021376879829632208
2.4322547912597656  2.433448314666748  0.10009376684284109  0.020870993144000465
2.433448314666748  2.434642791748047  0.08300969615793487  0.01904373036244498
2.434642791748047  2.4358386993408203  0.07866105069917242  0.01873275918663031
2.4358386993408203  2.43703556060791  0.12456889510816024  0.023541308396448746
2.43703556060791  2.4382338523864746  0.12193938720302037  0.023467246008827276
2.4382338523864746  2.4394330978393555  0.09122031484014091  0.02058763831529796
2.4394330978393555  2.440633535385132  0.08749139315158824  0.020268930390995085
2.440633535385132  2.4418351650238037  0.1109144357862661  0.02264031439875352
2.4418351650238037  2.44303822517395  0.07108899776317963  0.01840348365244948
2.44303822517395  2.444242238998413  0.061539874924994145  0.016666802667444743
2.444242238998413  2.4454474449157715  0.12412204706722216  0.02319681227791405
2.4454474449157715  2.4466538429260254  0.1245344442169517  0.022736774761331076
2.4466538429260254  2.447861433029175  0.1083687772267851  0.020855580901211656
2.447861433029175  2.449070453643799  0.10512041242164752  0.020369929072631562
2.449070453643799  2.4502804279327393  0.15793149578483107  0.024664755817411597
2.4502804279327393  2.451491594314575  0.12569489722143867  0.022004021882195888
2.451491594314575  2.4527039527893066  0.1361747625470787  0.022931033876342127
2.4527039527893066  2.4539175033569336  0.09450931551408029  0.019042672745449907
2.4539175033569336  2.455132484436035  0.10187804021469989  0.01974163157682575
2.455132484436035  2.456348419189453  0.07895834223370866  0.017383060416867283
2.456348419189453  2.4575655460357666  0.05613841993997459  0.0146753927457326
2.4575655460357666  2.4587841033935547  0.10871963854175966  0.020318300461238992
2.4587841033935547  2.460003614425659  0.10141568625075568  0.019517457918974808
2.460003614425659  2.4612245559692383  0.12318618313733626  0.021564848925910218
2.4612245559692383  2.462446689605713  0.11867614909323766  0.021224000117670828
2.462446689605713  2.463669776916504  0.08201580342202054  0.017485828042055708
2.463669776916504  2.4648942947387695  0.09250589778586917  0.018639004303209694
2.4648942947387695  2.4661200046539307  0.08115466185974167  0.017448792665923918
2.4661200046539307  2.4673469066619873  0.10272415081827978  0.019672214274245835
2.4673469066619873  2.4685752391815186  0.0960355247658066  0.018834115953037345
2.4685752391815186  2.469804525375366  0.08387413736048313  0.017773718076808078
2.469804525375366  2.4710350036621094  0.08462073459111107  0.01764464289034476
2.4710350036621094  2.472266912460327  0.09135180011017882  0.018406465275338086
2.472266912460327  2.4735000133514404  0.10997324930841217  0.02007827645611892
2.4735000133514404  2.474734306335449  0.11711913104864335  0.02070393294279291
2.474734306335449  2.4759697914123535  0.08040303524043595  0.017141984710426335
2.4759697914123535  2.4772064685821533  0.0761901720489233  0.016773634380238163
2.4772064685821533  2.4784445762634277  0.10933067894838165  0.01996095969579461
2.4784445762634277  2.4796836376190186  0.06504527447855211  0.015490226131034967
2.4796836376190186  2.480924129486084  0.08308430012544316  0.0174646095423025
2.480924129486084  2.482165813446045  0.09060002581883227  0.018120005163766453
2.482165813446045  2.4834089279174805  0.10123067470288495  0.019130799308222212
2.4834089279174805  2.4846529960632324  0.09376960011163091  0.018389731567346083
2.4846529960632324  2.485898494720459  0.0647583503035468  0.015263689546030619
2.485898494720459  2.487145185470581  0.08210299652021608  0.017258336103375183
2.487145185470581  2.4883930683135986  0.12531453551827135  0.02118202257451897
2.4883930683135986  2.489642381668091  0.1000152753330454  0.018901110417063632
2.489642381668091  2.4908926486968994  0.07840018786802856  0.016714976215878127
2.4908926486968994  2.4921443462371826  0.11021643008510053  0.019795455213747398
2.4921443462371826  2.4933974742889404  0.10996163662756177  0.019749692957851703
2.4933974742889404  2.4946515560150146  0.09201368311723813  0.018045367912782315
2.4946515560150146  2.4959070682525635  0.10195733687175332  0.019054513357237984
2.4959070682525635  2.497163772583008  0.08806575414783976  0.017613150829567954
2.497163772583008  2.4984219074249268  0.10895048211788323  0.019568084246745155
2.4984219074249268  2.499681234359741  0.08021831892688516  0.016862170302725066
2.499681234359741  2.500941753387451  0.10146387970192254  0.018841369454004213
2.500941753387451  2.5022034645080566  0.11433541887695922  0.02012842128995693
2.5022034645080566  2.5034666061401367  0.10100304771221988  0.01875579510183357
2.5034666061401367  2.5047309398651123  0.0899159945267598  0.017760267225395667
2.5047309398651123  2.5059967041015625  0.10010923461424283  0.01870912684331236
2.5059967041015625  2.507263660430908  0.11068654040071174  0.019566800825855508
2.507263660430908  2.5085318088531494  0.11994509406933912  0.020490607374371386
2.5085318088531494  2.5098013877868652  0.09988481212184036  0.018548143965716433
2.5098013877868652  2.5110721588134766  0.10614947745360219  0.019179444300521355
2.5110721588134766  2.5123441219329834  0.06863977784937114  0.015348320923167822
2.5123441219329834  2.513617515563965  0.0993651495609576  0.018451645050735356
2.513617515563965  2.514892101287842  0.07526146116635639  0.01604579743463714
2.514892101287842  2.5161681175231934  0.07088764790679521  0.01574506429034085
2.5161681175231934  2.5174453258514404  0.04434210143819927  0.012298286184404074
2.5174453258514404  2.518723964691162  0.12519308630830525  0.020789142266468125
2.518723964691162  2.5200037956237793  0.1054660748847772  0.018942266233258866
2.5200037956237793  2.521284818649292  0.09175364212601851  0.017657996660195126
2.521284818649292  2.5225672721862793  0.12179083968140295  0.02040333677250387
2.5225672721862793  2.523851156234741  0.10132524549444316  0.018614129776483086
2.523851156234741  2.5251362323760986  0.12835178922568713  0.020923296414075667
2.5251362323760986  2.5264225006103516  0.08086452500898235  0.016634514534384436
2.5264225006103516  2.5277101993560787  0.10075308873460999  0.018623998112807245
2.5277101993560787  2.528999090194702  0.11178241026518576  0.019458819956041675
2.528999090194702  2.5302894115448  0.0876907509889843  0.017320735637267416
2.5302894115448  2.531581163406372  0.108059170167293  0.019213406582818452
2.531581163406372  2.53287410736084  0.08816384164195978  0.01729035188175604
2.53287410736084  2.534168243408203  0.07124143357984637  0.015546155333181658
2.534168243408203  2.535463809967041  0.09464197388167936  0.018004557543018274
2.535463809967041  2.5367608070373535  0.07818094424362849  0.016301853779389027
2.5367608070373535  2.5380589962005615  0.08853459194696468  0.017363061998674902
2.5380589962005615  2.539358615875244  0.12246185349334303  0.02051575015942057
2.539358615875244  2.5406594276428223  0.13355958643056057  0.02138664999809663
2.5406594276428223  2.541961669921875  0.09503704663909507  0.018321460771625785
2.541961669921875  2.543265342712403  0.08996767173085458  0.017644112067236054
2.543265342712403  2.544570207595825  0.10073137767781794  0.01882539737056158
2.544570207595825  2.5458765029907227  0.05995967565300697  0.014542357411477844
2.5458765029907227  2.5471839904785156  0.12486486814872703  0.02121817565241811
2.5471839904785156  2.548492908477783  0.09497552818325473  0.018626233520007588
2.548492908477783  2.5498032569885254  0.10721193974897783  0.020295115367371858
2.5498032569885254  2.551115036010742  0.13030730876037058  0.022469781953313814
2.551115036010742  2.5524280071258545  0.07828659810779764  0.01766860999770627
2.5524280071258545  2.5537421703338623  0.1241078850789514  0.022290434183509334
2.5537421703338623  2.555058002471924  0.08077587764545328  0.018062035335743923
2.555058002471924  2.556375026702881  0.14176336307206167  0.02396238189299528
2.556375026702881  2.5576932430267334  0.11250263590526904  0.02140234505706727
2.5576932430267334  2.5590131282806396  0.08673738209798162  0.018807391073500965
2.5590131282806396  2.5603342056274414  0.11730864007980209  0.02141752945398741
2.5603342056274414  2.5616567134857178  0.10711481120617725  0.020242796584512824
2.5616567134857178  2.5629806518554688  0.1116608996027281  0.020640284179806068
2.5629806518554688  2.5643057823181152  0.10355024322831789  0.01956915655588424
2.5643057823181152  2.5656323432922363  0.10969830870409943  0.020028079399133522
2.5656323432922363  2.566960334777832  0.09790684958518812  0.018842181987838855
2.566960334777832  2.5682897567749023  0.09349583707383821  0.018467360113547306
2.5682897567749023  2.569620370864868  0.12699798275146434  0.02146657709286777
2.569620370864868  2.5709524154663086  0.10674292912917709  0.019821664322651616
2.5709524154663086  2.5722861289978027  0.0899694482389214  0.018507474003150896
2.5722861289978027  2.5736207962036133  0.08859645381907348  0.018623283465667884
2.5736207962036133  2.5749571323394775  0.09883249612462709  0.01991374998411483
2.5749571323394775  2.5762946605682373  0.07245167489445685  0.01725402554888792
2.5762946605682373  2.577633857727051  0.081957615482148  0.018326279949187212
2.577633857727051  2.5789742469787598  0.09367506116116939  0.01969082443447258
2.5789742469787598  2.5803160667419434  0.12534359587108931  0.02251237439354901
2.5803160667419434  2.5816593170166016  0.13471243118528314  0.023102991349383643
2.5816593170166016  2.5830037593841553  0.11633842353003458  0.021240392957329914
2.5830037593841553  2.5843498706817627  0.09423439688327354  0.01912896609202548
2.5843498706817627  2.5856974124908447  0.09002759553309275  0.01837680598547861
2.5856974124908447  2.5870461463928223  0.0889439593171929  0.01815560966916569
2.5870461463928223  2.5883963108062744  0.07704318610777044  0.016812201529496584
2.5883963108062744  2.589747905731201  0.09818447204609976  0.01889561045535233
2.589747905731201  2.591101169586181  0.10464031684474807  0.019431219023439347
2.591101169586181  2.5924556255340576  0.08560313447037976  0.017609286450124138
2.5924556255340576  2.593811511993408  0.09184074569918568  0.018270574780310165
2.593811511993408  2.5951688289642334  0.09893623584944457  0.01882149197002086
2.5951688289642334  2.596527338027954  0.09848970729331152  0.018736544998251767
2.596527338027954  2.5978875160217285  0.09498701708711038  0.018280259961587587
2.5978875160217285  2.5992491245269775  0.06657198997699708  0.015272661935796468
2.5992491245269775  2.600612163543701  0.08029270836952639  0.016742187038727378
2.600612163543701  2.6019766330718994  0.1252705719614  0.020878428660233334
2.6019766330718994  2.6033425331115723  0.12447970613989537  0.02085379633114084
2.6033425331115723  2.6047098636627197  0.07613443638402988  0.016231916376405822
2.6047098636627197  2.606078624725342  0.10699252223576672  0.01921642427076131
2.606078624725342  2.6074488162994385  0.0929090079693974  0.017880346920424225
2.6074488162994385  2.6088204383850098  0.09947980742275753  0.018472936481156953
2.6088204383850098  2.6101934909820557  0.10901811503596788  0.019383911294485533
2.6101934909820557  2.611567974090576  0.08184892624049332  0.016707342106992106
2.611567974090576  2.6129438877105713  0.10501163197093379  0.018973854554995027
2.6129438877105713  2.614321231842041  0.10810438288666262  0.01922144560772137
2.614321231842041  2.6157000064849854  0.09766290400497799  0.0182519391538272
2.6157000064849854  2.6170804500579834  0.07084221718197865  0.01545903917309135
2.6170804500579834  2.618462324142456  0.1009078186876993  0.018423162841298083
2.618462324142456  2.6198453903198247  0.07670618805816626  0.016123908149814906
2.6198453903198247  2.621230125427246  0.09361071515154788  0.01769076231013584
2.621230125427246  2.6226162910461426  0.10588520856068065  0.01893647288121806
2.6226162910461426  2.6240038871765137  0.11312891749402619  0.019401449288929108
2.6240038871765137  2.6253929138183594  0.10582223878747442  0.018815670120176913
2.6253929138183594  2.6267836093902583  0.09603975414516763  0.01783413462442782
2.6267836093902583  2.628175735473633  0.09252160495494079  0.01748493982938105
2.628175735473633  2.6295690536499023  0.11874126524457347  0.019790210874095576
2.6295690536499023  2.6309640407562256  0.12148018913191423  0.02007159591946695
2.6309640407562256  2.6323606967926025  0.09512724020907729  0.017778056242102776
2.6323606967926025  2.633758544921875  0.1019100312009532  0.018413446904978113
2.633758544921875  2.6351580619812016  0.13210787765196255  0.020985177380795125
2.6351580619812016  2.636559009552002  0.07948289182327863  0.01635030094002741
2.636559009552002  2.6379613876342773  0.12672613922097187  0.02065829070500532
2.6379613876342773  2.6393654346466064  0.08072614823455909  0.01647815600624557
2.6393654346466064  2.6407706737518306  0.10111562040550683  0.018575620236330217
2.6407706737518306  2.6421775817871094  0.09888955422739235  0.018363329214433528
2.6421775817871094  2.6435861587524414  0.09247827300729154  0.017920171910684582
2.6435861587524414  2.644995927810669  0.07266987147762546  0.01599862320617785
2.644995927810669  2.64640736579895  0.12370385165167255  0.020909767309943258
2.64640736579895  2.647820234298706  0.10802267458495986  0.019722151864074174
2.647820234298706  2.6492347717285156  0.1242270486765303  0.021421321052670313
2.6492347717285156  2.6506507396698  0.055551828991594665  0.0143434205690539
2.6506507396698  2.6520681381225586  0.07373582860633388  0.016487832514103615
2.6520681381225586  2.653487205505371  0.11594032909464477  0.020495548228955825
2.653487205505371  2.654907703399658  0.09176739560872507  0.017997066958479923
2.654907703399658  2.65632963180542  0.07177884535309055  0.015663428196526986
2.65632963180542  2.6577532291412354  0.09568021280484729  0.017767369473648403
2.6577532291412354  2.6591782569885254  0.09899402789137607  0.017779852278277577
2.6591782569885254  2.660604953765869  0.11240668501885513  0.018734447503142522
2.660604953765869  2.662033081054687  0.09581236640764444  0.017208409006545
2.662033081054687  2.663462638854981  0.11648811536761708  0.019082361562049163
2.663462638854981  2.664893865585327  0.08975434889900437  0.01666696417166172
2.664893865585327  2.6663265228271484  0.09306111949141169  0.017095954190931975
2.6663265228271484  2.6677608489990234  0.05623340523961958  0.013391720924585506
2.6677608489990234  2.669196605682373  0.11397495514554166  0.01919271609960342
2.669196605682373  2.6706340312957764  0.09393589410850538  0.017443457623442637
2.6706340312957764  2.6720728874206543  0.07225153463312377  0.015404078941574183
2.6720728874206543  2.6735134124755864  0.10873149675050661  0.018927724082882767
2.6735134124755864  2.674955368041992  0.11039451663880959  0.019036082790084556
2.674955368041992  2.676398992538452  0.08248020623478859  0.01629154536126087
2.676398992538452  2.677844285964966  0.07123313745330279  0.014853135917522497
2.677844285964966  2.679290771484375  0.10489157479248787  0.01772991214420911
2.679290771484375  2.6807391643524165  0.08942868880267017  0.01615827601703625
2.6807391643524165  2.6821889877319336  0.08681125881884648  0.015685349971713003
2.6821889877319336  2.683640480041504  0.10127013167764919  0.016816576992166887
2.683640480041504  2.6850934028625484  0.1141606021183257  0.01769333015180172
2.6850934028625484  2.6865479946136475  0.11662779764398926  0.01778557240174868
2.6865479946136475  2.6880040168762207  0.10783932594260758  0.017130147147567793
2.6880040168762207  2.689461708068847  0.09107130892744045  0.01579007288204306
2.689461708068847  2.6909210681915283  0.07775109159310375  0.01453067781835201
2.6909210681915283  2.6923818588256836  0.11823378059285147  0.01782441308053147
2.6923818588256836  2.6938443183898926  0.09856661619677896  0.016367640316758147
2.6938443183898926  2.6953084468841557  0.11477313468732422  0.017578400928435198
2.6953084468841557  2.6967740058898926  0.10321954916764711  0.016766141889607036
2.6967740058898926  2.6982412338256836  0.09869792379706632  0.016225838721379025
2.6982412338256836  2.6997101306915283  0.08255704785844578  0.014827683515055062
2.6997101306915283  2.7011804580688477  0.09306076883017027  0.015730140945025062
2.7011804580688477  2.7026524543762203  0.10055106176869454  0.01639135443945475
2.7026524543762203  2.7041261196136475  0.09542176110470683  0.015903626850784475
2.7041261196136475  2.705601453781128  0.0873363732588756  0.015203311136576955
2.705601453781128  2.707078218460083  0.09480592476739345  0.01588261659183851
2.707078218460083  2.708556652069092  0.10290578740048949  0.016478113752299177
2.708556652069092  2.7100367546081543  0.09452194906196365  0.015835042800835423
2.7100367546081543  2.7115185260772705  0.10227242957489337  0.016454771693548007
2.7115185260772705  2.7130019664764404  0.08110600260213167  0.014654505106023357
2.7130019664764404  2.714486837387085  0.10229636147771932  0.01638052750440503
2.714486837387085  2.715973377227783  0.1309688798845247  0.01852179661815077
2.715973377227783  2.7174615859985356  0.09385963097555969  0.015724086188640525
2.7174615859985356  2.718951463699341  0.09899372421217434  0.01613748469982417
2.718951463699341  2.7204430103302  0.07051029454776715  0.013569712512597724
2.7204430103302  2.7219359874725337  0.11189022687602637  0.01713686110742421
2.7219359874725337  2.7234308719635005  0.0775893712696173  0.014342233297735802
2.7234308719635005  2.7249271869659424  0.09121808768054798  0.015418670982282803
2.7249271869659424  2.726425170898437  0.08076009722554404  0.014504941653905541
2.726425170898437  2.7279248237609863  0.10387254874091531  0.016500029362866788
2.7279248237609863  2.7294261455535884  0.10357248298990163  0.016528915261026327
2.7294261455535884  2.730929136276245  0.09612922187944896  0.015882975746126723
2.730929136276245  2.732433795928955  0.09296229450189696  0.015735369482906027
2.732433795928955  2.7339401245117188  0.09929345800508947  0.016107525866573304
2.7339401245117188  2.735448122024536  0.10442904498397534  0.01658842812136571
2.735448122024536  2.7369577884674072  0.08637136387756664  0.015120083812224362
2.7369577884674072  2.738469123840332  0.10026396144708578  0.01626496231414624
2.738469123840332  2.7399818897247314  0.06633787759302412  0.013267575518604822
2.7399818897247314  2.7414965629577637  0.10689550055110493  0.016901662668263793
2.7414965629577637  2.7430129051208496  0.09665509891617095  0.016192404446222414
2.7430129051208496  2.7445309162139897  0.08960794039893584  0.01559874021966463
2.7445309162139897  2.7460505962371826  0.08979371906031602  0.01571919785738084
2.7460505962371826  2.7475719451904297  0.11191284047834407  0.017557099482525915
2.7475719451904297  2.7490949630737305  0.1176119536153306  0.01793565478036253
2.7490949630737305  2.750619649887085  0.07024437652930692  0.013974245575908316
2.750619649887085  2.7521462440490723  0.09803138115690586  0.016338563526150977
2.7521462440490723  2.753674268722534  0.10381573475615158  0.016841136027877204
2.753674268722534  2.755204200744629  0.07427140133889729  0.014392097048952762
2.755204200744629  2.7567355632781982  0.09555336026275527  0.01647692052299926
2.7567355632781982  2.7582688331604004  0.10715731916655295  0.017616554753338256
2.7582688331604004  2.7598037719726562  0.12419328969665108  0.019333538664980485
2.7598037719726562  2.7613403797149654  0.07307666413947411  0.014916711603871093
2.7613403797149654  2.762878894805908  0.06833780864613596  0.014569669757528816
2.762878894805908  2.7644188404083256  0.08539260430160293  0.016433814360111217
2.7644188404083256  2.765960693359375  0.11256999551138251  0.01902780213224299
2.765960693359375  2.7675042152404785  0.09799526516106814  0.017891405752472382
2.7675042152404785  2.769049406051636  0.09261209632261591  0.017502041090428657
2.769049406051636  2.7705962657928467  0.11932626667003748  0.0199904525746212
2.7705962657928467  2.7721450328826904  0.10590507910587063  0.01872154989946472
2.7721450328826904  2.773695468902588  0.10743489193263905  0.018702014155487518
2.773695468902588  2.775247573852539  0.08540998126120232  0.016550498807091862
2.775247573852539  2.776801586151123  0.13333214131772209  0.020332960930337426
2.776801586151123  2.7783570289611816  0.09117910413709719  0.01664695070300025
2.7783570289611816  2.779914379119873  0.12199365875943854  0.019225466930842067
2.779914379119873  2.781473636627197  0.08583029291881655  0.01593828526939506
2.781473636627197  2.783034563064575  0.09958327884124166  0.017171826991482297
2.783034563064575  2.784597158432007  0.12568687615318597  0.01933322164226261
2.784597158432007  2.786161422729492  0.07718057509505968  0.015136356095385486
2.786161422729492  2.7877275943756104  0.13335861737412022  0.020104568017751248
2.7877275943756104  2.7892954349517822  0.07174228192167839  0.014959299878016235
2.7892954349517822  2.790865182876587  0.10600113467539084  0.018452429052936276
2.790865182876587  2.7924365997314453  0.05513393728586024  0.01366754640487531
2.7924365997314453  2.7940099239349365  0.15056977705349223  0.022445617123239774
2.7940099239349365  2.795584678649902  0.07743110396292771  0.01614550127262231
2.795584678649902  2.79716157913208  0.08360320305416061  0.01672064061083212
2.79716157913208  2.798740148544311  0.09525365018265236  0.017688158783266225
2.798740148544311  2.8003203868865962  0.08641514875079299  0.016745277252090244
2.8003203868865962  2.8019025325775146  0.07846958981355694  0.015928813389212784
2.8019025325775146  2.8034863471984863  0.08871923171414188  0.016766358830309577
2.8034863471984863  2.805072069168091  0.10244003651576374  0.018214299340713176
2.805072069168091  2.806659460067749  0.09470312741998521  0.01781255106045689
2.806659460067749  2.80824875831604  0.09773780618688654  0.018265937407110903
2.80824875831604  2.809839963912964  0.06539807404540895  0.01515062182442198
2.809839963912964  2.811432838439942  0.11890137089014849  0.020615288549614606
2.811432838439942  2.8130273818969727  0.0922812948912741  0.01809785089962372
2.8130273818969727  2.814624071121216  0.11254536488095296  0.0200110721850047
2.814624071121216  2.8162221908569336  0.08620632980348919  0.017369704966169172
2.8162221908569336  2.8178224563598633  0.09417075642347546  0.017914913788840938
2.8178224563598633  2.8194243907928467  0.0920030972969289  0.01750254133001682
2.8194243907928467  2.821028232574463  0.08677286040139236  0.016930718654465715
2.821028232574463  2.822633743286133  0.08646714736058056  0.016640610268230074
2.822633743286133  2.8242411613464355  0.09201577864635532  0.0170869011333597
2.8242411613464355  2.825850486755371  0.11293575151936966  0.019017720284590128
2.825850486755371  2.8274614810943604  0.08241406649031963  0.016162728201102806
2.8274614810943604  2.8290743827819824  0.09001554416833846  0.017011338857112434
2.8290743827819824  2.8306891918182373  0.08575331566667227  0.01681760884383245
2.8306891918182373  2.8323056697845463  0.13641046433845594  0.021568388199534733
2.8323056697845463  2.8339242935180664  0.09523011984030633  0.018327045108253726
2.8339242935180664  2.8355445861816406  0.06890958054148349  0.015808941990637024
2.8355445861816406  2.8371667861938477  0.10352386209795796  0.019564170990867297
2.8371667861938477  2.8387906551361084  0.09685331411897807  0.01899449764033849
2.8387906551361084  2.840416669845581  0.10315067944773056  0.019623241861374655
2.840416669845581  2.8420443534851074  0.1011898472334876  0.01925021586682304
2.8420443534851074  2.8436739444732666  0.06684283689277354  0.015485326719725124
2.8436739444732666  2.8453054428100586  0.07962956901921209  0.016603912925658403
2.8453054428100586  2.846938848495483  0.10894553166983126  0.019259031055927866
2.846938848495483  2.848574161529541  0.11440624457610933  0.019620509076270578
2.848574161529541  2.8502111434936523  0.1326346401522574  0.021166883948964838
2.8502111434936523  2.8518502712249756  0.09289617404633649  0.017555726733998512
2.8518502712249756  2.8534910678863525  0.09268350618592486  0.01751553628610527
2.8534910678863525  2.855133771896362  0.09296282304295012  0.017568322210439344
2.855133771896362  2.856778383255005  0.09078396057495446  0.017471381358683445
2.856778383255005  2.85842514038086  0.10013468003559037  0.018594543272459834
2.85842514038086  2.8600735664367676  0.07925115471526407  0.016896402957303613
2.8600735664367676  2.861723899841309  0.09122741647319921  0.018621718409309217
2.861723899841309  2.8633761405944824  0.07642875275410903  0.017533958401895644
2.8633761405944824  2.865030288696289  0.07598234129335012  0.018094837142820654
2.865030288696289  2.8666863441467285  0.10792658921886317  0.022030422772098237
2.8666863441467285  2.868344306945801  0.07120947545644195  0.018615184051462005
2.868344306945801  2.870004415512085  0.08224262119107961  0.020560655297769903
2.870004415512085  2.8716661930084233  0.10002968099053676  0.023577221916111876
2.8716661930084233  2.8733298778533936  0.08942805826419904  0.02309022535606063
2.8733298778533936  2.8749957084655766  0.12400117935434787  0.027985996712371824
2.8749957084655766  2.876663208007812  0.10807210890971562  0.026211336483412527
2.876663208007812  2.8783328533172607  0.10744187863456461  0.026344571998333222
2.8783328533172607  2.880004405975342  0.09393991964930018  0.02455725004070478
2.880004405975342  2.8816778659820557  0.03735689744877259  0.015250889520495255
2.8816778659820557  2.8833532333374023  0.08551409182608155  0.022854602382451652
2.8833532333374023  2.885030508041382  0.053575874982279045  0.017858624994093016
2.885030508041382  2.886709690093994  0.08623745600751556  0.02226641539576017
2.886709690093994  2.8883910179138184  0.04887341643283767  0.016631010011557545
2.8883910179138184  2.8900742530822754  0.05264056006095533  0.016646406709951087
2.8900742530822754  2.8917593955993652  0.12156052391908714  0.025006024603679167
2.8917593955993652  2.893446683883667  0.0402981718056093  0.014247555276583439
2.893446683883667  2.8951356410980225  0.06119534203100851  0.01766557359737699
2.8951356410980225  2.8968267440795903  0.1101628056946539  0.024039495041164944
2.8968267440795903  2.89851975440979  0.10363693519616325  0.023775943544123646
2.89851975440979  2.900214910507202  0.12525108947435426  0.026929818217913647
2.900214910507202  2.901911973953247  0.11549758970715494  0.026496964302947994
2.901911973953247  2.903610944747925  0.06466032899324324  0.02083082321629959
2.903610944747925  2.905311822891235  0.09986107627137394  0.026688995262998734
2.905311822891235  2.9070148468017574  0.06756240785683017  0.023472674759426826
2.9070148468017574  2.908720016479492  0.08074434479542322  0.025533603773149983
2.908720016479492  2.9104268550872803  0.1375886165904434  0.033370141122647565
2.9104268550872803  2.9121358394622803  0.06193847597709935  0.022413343577413807
2.9121358394622803  2.913846969604492  0.09758035166218773  0.027063920107371197
2.913846969604492  2.9155600070953374  0.07727156367447961  0.023695012581058387
2.9155600070953374  2.9172749519348145  0.060796692252184044  0.020265564084061348
2.9172749519348145  2.918992042541504  0.11852274093747493  0.027936077947234978
2.918992042541504  2.920711040496826  0.08684247926401574  0.024085770144217457
2.920711040496826  2.922432184219361  0.08453027585067481  0.02440178875853021
2.922432184219361  2.9241552352905273  0.1066481051135044  0.02850290502024196
2.9241552352905273  2.9258804321289067  0.082455324278875  0.02607466299290258
2.9258804321289067  2.927607774734497  0.04322649558794886  0.01933147651274968
2.927607774734497  2.9293370246887203  0.12969724399558552  0.03348768440292685
2.9293370246887203  2.931068181991577  0.12504846032792813  0.032287373621262966
2.931068181991577  2.9328014850616455  0.08653939149318958  0.02609260828805307
2.9328014850616455  2.934536933898926  0.06612094796447712  0.022040315988159042
2.934536933898926  2.936274290084839  0.13068463065849406  0.029981110448121732
2.936274290084839  2.938013792037964  0.08546549945870767  0.023703864660116175
2.938013792037964  2.939755439758301  0.07788241881580024  0.02248271773422072
2.939755439758301  2.9414989948272705  0.11138770864538738  0.02731208302973344
2.9414989948272705  2.9432446956634517  0.08219026897846388  0.02372628695974193
2.9432446956634517  2.9449925422668457  0.06394210365408959  0.021758695087186686
2.9449925422668457  2.9467422962188716  0.14554448500615175  0.033390194838499275
2.9467422962188716  2.9484941959381104  0.049252975629762136  0.020107443101108697
2.9484941959381104  2.95024824142456  0.10515890332968159  0.030356760572538746
2.95024824142456  2.9520044326782227  0.036274289168980296  0.018137144584490148
2.9520044326782227  2.9537625312805176  0.06139203468704124  0.023204008037451745
2.9537625312805176  2.955523014068603  0.11872105272409793  0.030653644002976266
2.955523014068603  2.9572854042053223  0.06949730591860728  0.02197697779482995
2.9572854042053223  2.959049701690674  0.09803381230188631  0.024508453075471576
2.959049701690674  2.960816383361817  0.09830251002772517  0.02317012381608768
2.960816383361817  2.962584972381592  0.10330310848926967  0.022542586389348262
2.962584972381592  2.964355945587158  0.11150727836620207  0.02263524803499574
2.964355945587158  2.9661288261413574  0.09315864008106593  0.01986148879999774
2.9661288261413574  2.967903852462769  0.11861197099396341  0.0220256900655707
2.967903852462769  2.9696810245513916  0.07654835880688146  0.017561397912267792
2.9696810245513916  2.9714603424072266  0.09628146555152722  0.019653371857383153
2.9714603424072266  2.973241806030273  0.08839416945884236  0.018845700250284415
2.973241806030273  2.9750254154205322  0.13245135658121693  0.023317679961990335
2.9750254154205322  2.976811170578003  0.05729693917282866  0.015313251121110826
2.976811170578003  2.9785990715026855  0.11218429027216678  0.02173874686432412
2.9785990715026855  2.98038911819458  0.0854701466291692  0.01928987494332244
2.98038911819458  2.9821813106536865  0.0839322698601227  0.019635696732198813
2.9821813106536865  2.9839756488800044  0.0980508580618788  0.02139645138209194
2.9839756488800044  2.985772132873535  0.08104256595506953  0.019871503931858346
2.985772132873535  2.9875707626342773  0.09095846682720245  0.021072139397733825
2.9875707626342773  2.9893715381622314  0.0948127647766413  0.021200778717526764
2.9893715381622314  2.9911744594573975  0.11556987559732651  0.0231139751194653
2.9911744594573975  2.9929797649383545  0.09396072598222793  0.02068590766162876
2.9929797649383545  2.9947869777679443  0.10965551226470714  0.02193110245294143
2.9947869777679443  2.996596574783325  0.07220876935570418  0.017705471529147327
2.996596574783325  2.998408317565918  0.08351160456258748  0.01867376247120272
2.998408317565918  3.0002222061157227  0.10597167128975497  0.020782754607480802
3.0002222061157227  3.002038478851318  0.07561442222207346  0.017347138165275496
3.002038478851318  3.0038566589355464  0.11270859409128538  0.020929460495241307
3.0038566589355464  3.005677223205566  0.08636390897814171  0.018301324085054804
3.005677223205566  3.007499933242798  0.1511190504885362  0.023815453502519218
3.007499933242798  3.009324789047241  0.06888795948899071  0.015803981781012336
3.009324789047241  3.0111520290374756  0.11004268767481919  0.019764250155673957
3.0111520290374756  3.012981414794922  0.1287109864779838  0.021159955832054073
3.012981414794922  3.01481294631958  0.10231851572143283  0.018680719703691912
3.01481294631958  3.0166468620300293  0.08988095025132672  0.01741687022931827
3.0166468620300293  3.01848292350769  0.09674635036939565  0.018106720317527195
3.01848292350769  3.0203211307525635  0.07354048247676009  0.015458465800036776
3.0203211307525635  3.0221617221832275  0.05595062085496648  0.013462813771147698
3.0221617221832275  3.024004459381103  0.09271585937761226  0.016927522539865042
3.024004459381103  3.0258495807647705  0.09095380820327346  0.016605817481310434
3.0258495807647705  3.02769684791565  0.10115693510659766  0.01734827124813408
3.02769684791565  3.0295464992523193  0.09637622488810994  0.016776947318381367
3.0295464992523193  3.031398296356201  0.08603691577061892  0.015708119848579984
3.031398296356201  3.033252239227295  0.09225348171746889  0.016240959833040483
3.033252239227295  3.03510856628418  0.0691545137415262  0.01383090274830524
3.03510856628418  3.0369672775268555  0.1141084089170758  0.017607309754749036
3.0369672775268555  3.038828134536743  0.08541299814193358  0.015099027546908806
3.038828134536743  3.0406911373138428  0.09182202763891252  0.015520755467365272
3.0406911373138428  3.0425567626953125  0.046427777252635576  0.010943132043585716
3.0425567626953125  3.0444245338439946  0.08877402885875554  0.015005549639873873
3.0444245338439946  3.0462944507598877  0.09479329845895459  0.015377503589684136
3.0462944507598877  3.0481667518615723  0.07850999350708074  0.013878737199942153
3.0481667518615723  3.050041437149048  0.10374247459159838  0.015820579057985316
3.050041437149048  3.0519185066223145  0.06404074862812091  0.012324647819850255
3.0519185066223145  3.0537977218627925  0.08859104786896464  0.014371365684766857
3.0537977218627925  3.0556793212890625  0.07989441686387935  0.013576386983776192
3.0556793212890625  3.0575630664825435  0.0469810091612505  0.010343096088290983
3.0575630664825435  3.0594494342803955  0.09284827498166108  0.014326799867871793
3.0594494342803955  3.0613379478454585  0.09555748783253618  0.014405833320430635
3.0613379478454585  3.063228845596313  0.08293862720789155  0.013344125889595278
3.063228845596313  3.0651221275329585  0.10056952068943098  0.014515959960578653
3.0651221275329585  3.0670175552368164  0.10440251276096797  0.01472603743255301
3.0670175552368164  3.068915605545044  0.10067569623814165  0.014290604877707511
3.068915605545044  3.0708158016204834  0.07075335680298758  0.011914451630883607
3.0708158016204834  3.072718381881714  0.06977718350314438  0.011629530583857397
3.072718381881714  3.0746233463287354  0.08724282858541216  0.012863253307119545
3.0746233463287354  3.0765306949615483  0.07553230402416106  0.011903436850683572
3.0765306949615483  3.0784404277801514  0.08453407706924376  0.012428310729661992
3.0784404277801514  3.080352544784546  0.09130472759218082  0.012706928318927896
3.080352544784546  3.082266807556152  0.08007804534711294  0.011726769270220313
3.082266807556152  3.084183692932129  0.08388213820649129  0.011831626217460048
3.084183692932129  3.086102962493896  0.09224311602880669  0.012189849560440141
3.086102962493896  3.088024616241455  0.08353009709049251  0.011406113821411549
3.088024616241455  3.0899486541748042  0.08775820612622851  0.01159717252004741
3.0899486541748042  3.0918748378753658  0.09473356809150617  0.011935307713329959
3.0918748378753658  3.093803644180298  0.08961635643440945  0.01160523772650053
3.093803644180298  3.0957350730895996  0.09369326723863769  0.011873966896648932
3.0957350730895996  3.0976686477661133  0.08605907882605864  0.011372634288201046
3.0976686477661133  3.099604606628418  0.07565957567481581  0.010633058045076289
3.099604606628418  3.1015431880950928  0.0905348002689932  0.0115917933517898
3.1015431880950928  3.1034839153289795  0.08965254644928222  0.011619425320152766
3.1034839153289795  3.1054272651672363  0.09305494456134854  0.011758383472129767
3.1054272651672363  3.107372999191284  0.07966816528484547  0.01087876337791789
3.107372999191284  3.109321355819702  0.09714763412759818  0.012025458715348472
3.109321355819702  3.111271858215332  0.09130609609489168  0.011630623470388
3.111271858215332  3.113224983215332  0.07659716323026849  0.01062211536853146
3.113224983215332  3.115180492401123  0.07937779180091147  0.010801949267839516
3.115180492401123  3.117138624191284  0.09387638082783377  0.011734547603479221
3.117138624191284  3.1190989017486572  0.08051222012567036  0.010856265547067444
3.1190989017486572  3.1210620403289795  0.0686749832556037  0.010017275848696685
3.1210620403289795  3.1230273246765137  0.08004896203601221  0.010830258555707725
3.1230273246765137  3.124995231628418  0.11051311360977861  0.012707693114770675
3.124995231628418  3.1269655227661133  0.07819224464656439  0.01071398769805601
3.1269655227661133  3.1289384365081787  0.09138376723305823  0.011547214211123846
3.1289384365081787  3.130913734436035  0.10312168675958833  0.012238292640829136
3.130913734436035  3.1328916549682617  0.10303904513928878  0.012228484884911645
3.1328916549682617  3.1348719596862793  0.07212585507857386  0.010276122275129695
3.1348719596862793  3.136854887008667  0.08397988614428575  0.011027099281571803
3.136854887008667  3.1388401985168457  0.09510044818537029  0.0117720469853359
3.1388401985168457  3.1408278942108154  0.08960158996622088  0.011379413305129045
3.1408278942108154  3.1428184509277344  0.08523702835127209  0.011096915896293722
3.1428184509277344  3.1448113918304443  0.10241073101611821  0.012185704426826358
3.1448113918304443  3.1468067169189453  0.0748239633888909  0.010450528519724115
3.1468067169189453  3.1488046646118164  0.07217617855096714  0.010245186155106728
3.1488046646118164  3.1508052349090576  0.07658881150967177  0.010557160996947534
3.1508052349090576  3.15280818939209  0.10435981644263384  0.012298922314994958
3.15280818939209  3.1548140048980713  0.07647948269696855  0.010579075159850529
3.1548140048980713  3.1568219661712646  0.07970807280326445  0.010747834344234194
3.1568219661712646  3.1588327884674072  0.11420510836436068  0.012879275453978501
3.1588327884674072  3.160845994949341  0.07791417012342561  0.010639253678417764
3.160845994949341  3.1628618240356445  0.08631661061077309  0.011212551571830723
3.1628618240356445  3.1648802757263184  0.07054916386396316  0.010116672563821469
3.1648802757263184  3.1669013500213623  0.07628759219177847  0.01051564029997225
3.1669013500213623  3.1689248085021973  0.06040074487229475  0.009361288400814275
3.1689248085021973  3.1709511280059814  0.08345633894206353  0.01099345041107404
3.1709511280059814  3.1729798316955566  0.08071734990953568  0.01078630959035111
3.1729798316955566  3.175011157989502  0.08462454992417086  0.011086682716982887
3.175011157989502  3.1770451068878174  0.07158270292945984  0.010198736739911922
3.1770451068878174  3.179081678390503  0.07148326005499954  0.010184568628681473
3.179081678390503  3.1811208724975586  0.10167874672683107  0.012098606677344132
3.1811208724975586  3.1831626892089844  0.08880830747571902  0.011278666328088284
3.1831626892089844  3.1852071285247803  0.09152496256291802  0.011440620320364752
3.1852071285247803  3.1872541904449463  0.08992265024329048  0.011329189036932783
3.1872541904449463  3.1893038749694824  0.0886494233219418  0.011368133349565405
3.1893038749694824  3.1913561820983887  0.08659539139424936  0.011087403730687638
3.1913561820983887  3.193411111831665  0.07904600051545313  0.010598006734324202
3.193411111831665  3.1954686641693115  0.08845631900596868  0.011210276198407036
3.1954686641693115  3.1975290775299072  0.08096328560114911  0.010733545560442957
3.1975290775299072  3.199591875076294  0.09087284141545644  0.011303593210763886
3.199591875076294  3.20165753364563  0.07665599733276385  0.01037120594500631
3.20165753364563  3.203725814819336  0.09874799670834919  0.011749880981122753
3.203725814819336  3.205796718597412  0.07348103950436596  0.010128779243071165
3.205796718597412  3.2078702449798584  0.084210738560669  0.010847863228388627
3.2078702449798584  3.209946632385254  0.09522253138801084  0.011494297000974098
3.209946632385254  3.2120256423950195  0.08135126806885473  0.010591032996793268
3.2120256423950195  3.2141072750091553  0.08663082105386785  0.010914457541993943
3.2141072750091553  3.216191530227661  0.07782182396823785  0.010375072358571642
3.216191530227661  3.218278646469116  0.09400403579713017  0.01137776954768807
3.218278646469116  3.2203683853149414  0.0804349484115077  0.010471738338492936
3.2203683853149414  3.222460985183716  0.10026756830726083  0.011714450740903833
3.222460985183716  3.2245562076568604  0.07289132750137625  0.009987650177772849
3.2245562076568604  3.226654052734375  0.09064611701294154  0.011074185748527693
3.226654052734375  3.228754758834839  0.09433380305428883  0.011304956121723855
3.228754758834839  3.230858325958252  0.07645298424648128  0.010192580990002488
3.230858325958252  3.232964515686035  0.08569177360095928  0.010773749633177242
3.232964515686035  3.2350733280181885  0.09772527217244267  0.011466971145846732
3.2350733280181885  3.237185001373291  0.07876369839933638  0.010286443349688151
3.237185001373291  3.2392995357513428  0.06991338260999438  0.009773120785531315
3.2392995357513428  3.2414166927337646  0.07424512327173062  0.009987380558228587
3.2414166927337646  3.2435364723205566  0.06876454756773039  0.009604220799792413
3.2435364723205566  3.245659351348877  0.07026318734438421  0.009651391038457004
3.245659351348877  3.2477848529815674  0.08184501346798653  0.010425465278744328
3.2477848529815674  3.249913215637207  0.0720974826000174  0.009820542942251122
3.249913215637207  3.252044200897217  0.08527247535977342  0.010637294101186924
3.252044200897217  3.254178047180176  0.08377008877118071  0.0105321424127885
3.254178047180176  3.256314754486084  0.09290286022824407  0.011054376664589645
3.256314754486084  3.2584543228149414  0.09771651333173821  0.01133928292692832
3.2584543228149414  3.260596513748169  0.07951232672719243  0.010180510230354732
3.260596513748169  3.262741804122925  0.09051191567850586  0.01090461833199165
3.262741804122925  3.264889717102051  0.08120533334040833  0.010321721674677157
3.264889717102051  3.267040491104126  0.09281236258514731  0.010994548602086367
3.267040491104126  3.2691941261291504  0.08388143296433029  0.010404211274693187
3.2691941261291504  3.271350622177124  0.08481346819767083  0.010469192019083478
3.271350622177124  3.2735097408294678  0.05908565279831557  0.00871170422927272
3.2735097408294678  3.27567195892334  0.07818045320468398  0.010009981300067514
3.27567195892334  3.277837038040161  0.0919346058876397  0.010862539257831242
3.277837038040161  3.2800049781799316  0.08282153931667252  0.010302098789283813
3.2800049781799316  3.2821757793426514  0.07756066260197163  0.009960862909959027
3.2821757793426514  3.284349203109741  0.07088106878156093  0.009534851275073163
3.284349203109741  3.2865257263183594  0.08609839148172742  0.010469477057480237
3.2865257263183594  3.2887051105499268  0.07688541230119722  0.009904228975509769
3.2887051105499268  3.2908875942230225  0.07813811629934689  0.009953278567715872
3.2908875942230225  3.2930727005004883  0.09437292133818846  0.010924224081067677
3.2930727005004883  3.2952606678009033  0.06889220491701922  0.009352307560437641
3.2952606678009033  3.2974517345428467  0.0709834358111083  0.009525287494426415
3.2974517345428467  3.2996456623077393  0.0849694071377558  0.010360427425808208
3.2996456623077393  3.301842451095581  0.08261978894961944  0.010169793006206455
3.301842451095581  3.304042339324951  0.06856500475551536  0.0092765316437394
3.304042339324951  3.3062448501586914  0.058154132658358754  0.008583764424624057
3.3062448501586914  3.308450698852539  0.0821713195936981  0.010114590244527558
3.308450698852539  3.310659170150757  0.08452360494245492  0.010249992677521193
3.310659170150757  3.312870740890503  0.09525401920572152  0.01090762952294578
3.312870740890503  3.3150851726531982  0.08271879556177661  0.010161825441021085
3.3150851726531982  3.317302703857422  0.08523309396281449  0.010288473558096065
3.317302703857422  3.3195230960845947  0.08652347775705324  0.010341533599433808
3.3195230960845947  3.321746349334717  0.07902792454876446  0.009878490568595558
3.321746349334717  3.323972702026367  0.08757089112933555  0.010392752738398625
3.323972702026367  3.326202154159546  0.08835214097783803  0.010466190936450502
3.326202154159546  3.328434467315674  0.0737080639226895  0.009515670135125606
3.328434467315674  3.33066987991333  0.07701949484540282  0.009732150822194249
3.33066987991333  3.3329081535339355  0.09861552715556128  0.011007579727553533
3.3329081535339355  3.3351495265960693  0.08266043056888764  0.010051424498285461
3.3351495265960693  3.3373939990997314  0.06302905234602843  0.008771787302714933
3.3373939990997314  3.3396413326263428  0.07018000698319296  0.009244599468401808
3.3396413326263428  3.3418917655944824  0.06960073849750296  0.009256795107339615
3.3418917655944824  3.3441452980041504  0.08924390265146995  0.010400423931658897
3.3441452980041504  3.3464016914367676  0.08424014318993757  0.01009533265506019
3.3464016914367676  3.348661422729492  0.08271281051627559  0.010011137167841725
3.348661422729492  3.350924015045166  0.06274287508855912  0.008801633272165548
3.350924015045166  3.353189706802368  0.08627929601893679  0.010168112548498616
3.353189706802368  3.3554582595825195  0.06892795975821329  0.009137986322564217
3.3554582595825195  3.3577301502227783  0.09147847935671934  0.010500574835185699
3.3577301502227783  3.3600051403045654  0.08817011936977999  0.010249568184497607
3.3600051403045654  3.3622829914093018  0.09588692066667233  0.010727566247425024
3.3622829914093018  3.3645641803741455  0.07197210955708576  0.009299575879017606
3.3645641803741455  3.3668482303619385  0.07317999088412754  0.009349653422463005
3.3668482303619385  3.3691353797912598  0.08488295607960868  0.010055231438051628
3.3691353797912598  3.3714258670806885  0.09682406622418682  0.010692429393908956
3.3714258670806885  3.3737194538116455  0.07276974094622468  0.009297238893714947
3.3737194538116455  3.3760159015655518  0.08349202488807984  0.009908680374263786
3.3760159015655518  3.3783156871795654  0.07467100907220312  0.009415423797858756
3.3783156871795654  3.3806185722351074  0.06984421719423008  0.009100909378228446
3.3806185722351074  3.3829245567321777  0.08273056089508335  0.009869750069825919
3.3829245567321777  3.3852336406707764  0.07690108420796586  0.009492504364666607
3.3852336406707764  3.3875460624694824  0.07691646620021309  0.009467762505445681
3.3875460624694824  3.389861583709717  0.08915447583134721  0.010233808562866669
3.389861583709717  3.3921802043914795  0.08232481310710367  0.009795710171808036
3.3921802043914795  3.3945019245147705  0.08653514617933625  0.01006665512894097
3.3945019245147705  3.396826982498169  0.0659709308391068  0.008738063252209712
3.396826982498169  3.3991551399230957  0.08996135213768791  0.010210363258743718
3.3991551399230957  3.40148663520813  0.08749936189316768  0.010061385498582568
3.40148663520813  3.4038212299346924  0.08406465925944501  0.009839024158377263
3.4038212299346924  3.406158924102783  0.06772957493877169  0.008845400227067084
3.406158924102783  3.4084999561309814  0.06192874139491148  0.008456428254858579
3.4084999561309814  3.410844087600708  0.07351010062737894  0.009188762578422367
3.410844087600708  3.413191556930542  0.0813359509332023  0.009678046895211224
3.413191556930542  3.4155423641204834  0.08598340212156907  0.009928508072145549
3.4155423641204834  3.417896270751953  0.08017840305793655  0.009583152118559
3.417896270751953  3.4202535152435303  0.08570165696684806  0.009920473919310531
3.4202535152435303  3.4226138591766357  0.0843720220625591  0.009857343835581256
3.4226138591766357  3.4249775409698486  0.07991104152647897  0.009576533425438164
3.4249775409698486  3.427344560623169  0.09775947544643486  0.010633057497296221
3.427344560623169  3.4297146797180176  0.059147979702292984  0.008261092045474957
3.4297146797180176  3.4320881366729736  0.07524449255456465  0.009288018255499991
3.4320881366729736  3.434464931488037  0.08744961942005205  0.010038112564682851
3.434464931488037  3.436845064163208  0.07850464952420495  0.009476284073059251
3.436845064163208  3.4392285346984863  0.07609657361176141  0.009322444191440973
3.4392285346984863  3.441615104675293  0.08374403150883593  0.009783974504584821
3.441615104675293  3.444005250930786  0.09741171819048267  0.010504175714991574
3.444005250930786  3.4463984966278076  0.09009396367021814  0.010119629797712415
3.4463984966278076  3.4487950801849365  0.07547748133631518  0.009221041956271023
3.4487950801849365  3.451195240020752  0.07499853230703245  0.009213407768584723
3.451195240020752  3.4535984992980957  0.06935626125751165  0.00883464077975301
3.4535984992980957  3.456005096435547  0.07802756245264673  0.009375637762127778
3.456005096435547  3.4584152698516846  0.0925385784248046  0.010180147775909504
3.4584152698516846  3.4608285427093506  0.06673136466708414  0.008641651832186684
3.4608285427093506  3.463245391845703  0.07659588495931327  0.009245877398357444
3.463245391845703  3.465665578842163  0.09082619487253095  0.010052783618180948
3.465665578842163  3.4680891036987305  0.0683248363780472  0.008729347087412525
3.4680891036987305  3.4705159664154053  0.07381698180510528  0.009043175804072566
3.4705159664154053  3.4729464054107666  0.07917122480812644  0.009354481147392185
3.4729464054107666  3.4753801822662354  0.09097408393604109  0.010030434368374246
3.4753801822662354  3.4778172969818115  0.07872111022828897  0.009325299435418389
3.4778172969818115  3.480257749557495  0.07759092224271175  0.009232431360203278
3.480257749557495  3.4827017784118652  0.07155214060637639  0.008907104747453235
3.4827017784118652  3.485149383544922  0.07193806621804677  0.008854963828949345
3.485149383544922  3.487600088119507  0.09110477280304635  0.009984342310184788
3.487600088119507  3.4900546073913574  0.06391445928417205  0.008347150756167704
3.4900546073913574  3.4925122261047363  0.06823005981675663  0.00859617953400949
3.4925122261047363  3.4949734210968018  0.08288543603191614  0.009491291145745774
3.4949734210968018  3.4974381923675537  0.07964086788844267  0.009258062839539921
3.4974381923675537  3.499906539916992  0.07144639982423877  0.008801394173538929
3.499906539916992  3.502378225326538  0.07667707389992694  0.00908316297718537
3.502378225326538  3.5048532485961914  0.08924270222268495  0.00978027451540257
3.5048532485961914  3.5073320865631104  0.07866068501753209  0.009144118895259429
3.5073320865631104  3.5098142623901367  0.07902498416472022  0.009215793039770786
3.5098142623901367  3.5122997760772705  0.07567716636166447  0.009011080584221938
3.5122997760772705  3.51478910446167  0.08209793743937846  0.009340078715731035
3.51478910446167  3.5172817707061768  0.08900831268255982  0.009738986744459482
3.5172817707061768  3.519778251647949  0.07853794454297112  0.009113751026387692
3.519778251647949  3.522278070449829  0.08253693469691911  0.009329840535611976
3.522278070449829  3.5247814655303955  0.06038573115560551  0.007979923164717672
3.5247814655303955  3.5272884368896484  0.06664008239301064  0.008354183221501693
3.5272884368896484  3.529798984527588  0.06324723792475513  0.008147385930914309
3.529798984527588  3.5323128700256348  0.08065125657869576  0.009197357222670392
3.5323128700256348  3.5348305702209473  0.09228047165100305  0.009781710431605022
3.5348305702209473  3.5373518466949463  0.07541705732203358  0.008849350848472668
3.5373518466949463  3.539876937866211  0.07643751576793356  0.00888568071946573
3.539876937866211  3.542405366897583  0.08635393535239662  0.009463689155493572
3.542405366897583  3.5449373722076416  0.0771895360230006  0.008913079880300344
3.5449373722076416  3.547473192214966  0.06960711960153071  0.008487284250224767
3.547473192214966  3.5500125885009766  0.07486730367486734  0.008762555109587554
3.5500125885009766  3.552555561065674  0.07882896013733896  0.00898339373896497
3.552555561065674  3.5551021099090576  0.07446599892979974  0.008737754749538128
3.5551021099090576  3.557652473449707  0.0722770454469004  0.008600140863378909
3.557652473449707  3.560206413269043  0.0760732673564819  0.008827743360045083
3.560206413269043  3.5627639293670654  0.07210577540664626  0.008557381170245321
3.5627639293670654  3.5653252601623535  0.07500000095106092  0.008718573016345033
3.5653252601623535  3.567890167236328  0.058664926175814695  0.007703082190125193
3.567890167236328  3.5704588890075684  0.09160455701894563  0.009641991726143915
3.5704588890075684  3.573031187057495  0.05817155526090256  0.00768732169786834
3.573031187057495  3.5756072998046875  0.074758678062482  0.008739893869553979
3.5756072998046875  3.5781872272491455  0.07007751229119515  0.008398083994510464
3.5781872272491455  3.58077073097229  0.07068480108114575  0.008454772211035891
3.58077073097229  3.5833580493927  0.06280348416712191  0.007935821720209598
3.5833580493927  3.585948944091797  0.06966314064557592  0.008348425726528668
3.585948944091797  3.588543653488159  0.06653890370200292  0.008151552519123063
3.588543653488159  3.591142177581787  0.07210975513340574  0.008504411514156091
3.591142177581787  3.5937445163726807  0.07493231268397871  0.008658510426317812
3.5937445163726807  3.59635066986084  0.07503278303897129  0.008627877265074619
3.59635066986084  3.5989603996276855  0.0932867325470962  0.009646086821234981
3.5989603996276855  3.601573944091797  0.08264648411226908  0.009037399704876355
3.601573944091797  3.604191541671753  0.07855805347801799  0.008803440253893558
3.604191541671753  3.6068127155303955  0.07435389509597054  0.008570712102504634
3.6068127155303955  3.6094377040863037  0.09292619437064799  0.009552654323250894
3.6094377040863037  3.6120665073394775  0.07329474073479504  0.00846334765868355
3.6120665073394775  3.614699363708496  0.06435495950706806  0.007921547917639592
3.614699363708496  3.617335796356201  0.07674502932880495  0.008654782492704925
3.617335796356201  3.619976282119751  0.07246152177859599  0.008429466893736588
3.619976282119751  3.6226205825805664  0.08138495271877218  0.008879826339623229
3.6226205825805664  3.6252686977386475  0.07032754846282613  0.008273155735131911
3.6252686977386475  3.6279206275939937  0.08752598209968472  0.009212694462932014
3.6279206275939937  3.6305763721466064  0.06423850672169228  0.007891561856823491
3.6305763721466064  3.6332361698150635  0.07851327738490367  0.008709655149324175
3.6332361698150635  3.635899782180786  0.07272925360913486  0.008362998789398283
3.635899782180786  3.6385674476623535  0.08215699284142064  0.008878339700409287
3.6385674476623535  3.6412389278411865  0.07961110646442418  0.008782791141956613
3.6412389278411865  3.6439144611358643  0.06943210084864775  0.00814708293287799
3.6439144611358643  3.6465938091278076  0.08175051184365599  0.008815384402901963
3.6465938091278076  3.6492769718170166  0.09187298791038281  0.009346138330955557
3.6492769718170166  3.6519641876220703  0.06339250995973322  0.007744627718132154
3.6519641876220703  3.6546554565429688  0.07718744839692841  0.008562577945864288
3.6546554565429688  3.657350540161133  0.06855706153942115  0.008064880111077045
3.657350540161133  3.6600496768951416  0.057140140389245864  0.007360681528127184
3.6600496768951416  3.662752866744995  0.06642233676624068  0.007924180083439579
3.662752866744995  3.6654601097106934  0.08705282252349031  0.009044974157833618
3.6654601097106934  3.6681711673736572  0.07384048739808323  0.00832722800649011
3.6681711673736572  3.670886278152466  0.07856075349567632  0.008571680941588175
3.670886278152466  3.673605442047119  0.07275911667092297  0.00825795737772392
3.673605442047119  3.676328659057617  0.06111545630872175  0.007607903361338086
3.676328659057617  3.67905592918396  0.07333304989663264  0.008289448403166803
3.67905592918396  3.681787252426148  0.08361152931082912  0.008813429042404952
3.681787252426148  3.6845226287841797  0.08155353675077508  0.008693636228299424
3.6845226287841797  3.687262058258057  0.08124459765182891  0.008678972597333591
3.687262058258057  3.6900055408477783  0.08670831227471659  0.008943279550738483
3.6900055408477783  3.692753076553345  0.09998527080777948  0.009625871496341002
3.692753076553345  3.695504903793335  0.08967090002475156  0.009109715415006573
3.695504903793335  3.698260545730591  0.07229394494993785  0.008152819466660289
3.698260545730591  3.7010204792022705  0.07923364384906105  0.008549257146190236
3.7010204792022705  3.703784465789795  0.06903337371942608  0.007976881597588069
3.703784465789795  3.706552743911743  0.08347813460301853  0.008756006951264678
3.706552743911743  3.709324836730957  0.06070309572420389  0.007457244248899515
3.709324836730957  3.712101459503174  0.07954326073767062  0.00853313932136896
3.712101459503174  3.7148818969726562  0.06976790094990783  0.007950790210630419
3.7148818969726562  3.7176666259765625  0.06602536967160706  0.007727685010413497
3.7176666259765625  3.7204556465148926  0.06749591469092925  0.007832404646837496
3.7204556465148926  3.7232487201690674  0.060286971288799764  0.00738564035981739
3.7232487201690674  3.726046085357666  0.06435877702683525  0.007663369996165229
3.726046085357666  3.7288477420806885  0.07256795656172281  0.008100119631858181
3.7288477420806885  3.7316534519195557  0.06718018756732577  0.007776504238580255
3.7316534519195557  3.7344634532928467  0.08039420416421524  0.008509294163403319
3.7344634532928467  3.7372777462005615  0.07332182825645972  0.008097041388958653
3.7372777462005615  3.740096092224121  0.058796120309255254  0.007257666577908336
3.740096092224121  3.7429187297821045  0.07371271360626068  0.008127265523906524
3.7429187297821045  3.745745897293091  0.07366613219334239  0.008103994297008713
3.745745897293091  3.748577117919922  0.07860674136183096  0.008384567928184278
3.748577117919922  3.7514126300811768  0.08750752354916767  0.008811325632568047
3.7514126300811768  3.7542524337768555  0.06955957340900562  0.007862900773021344
3.7542524337768555  3.757096529006958  0.06921785494798202  0.007861141585850868
3.757096529006958  3.7599449157714844  0.0798885767473219  0.008408806516599178
3.7599449157714844  3.7627978324890137  0.06856111370135454  0.007763017447942013
3.7627978324890137  3.7656548023223873  0.05957645190739227  0.007244436111711711
3.7656548023223873  3.7685163021087646  0.06124130887399943  0.0073391540173469655
3.7685163021087646  3.771382093429565  0.06432329036493757  0.007552825997164016
3.771382093429565  3.77425217628479  0.07666829968289887  0.008207393378650781
3.77425217628479  3.7771267890930176  0.06803475073095509  0.007703418577641271
3.7771267890930176  3.780005693435669  0.07662692282688345  0.008168457419408814
3.780005693435669  3.782888889312744  0.07117014169090607  0.007877221274083534
3.782888889312744  3.7857766151428223  0.07006528623619872  0.007820768662141894
3.7857766151428223  3.788668870925903  0.09147364410268562  0.008931473619287197
3.788668870925903  3.791565418243408  0.06449839486872694  0.007503114355040777
3.791565418243408  3.794466257095337  0.06026627553812011  0.007222306093035145
3.794466257095337  3.797371625900269  0.06702742869377411  0.007607426733821484
3.797371625900269  3.800281524658203  0.051429720546404656  0.006660102651967943
3.800281524658203  3.803195953369141  0.07104026082526146  0.007815122790415218
3.803195953369141  3.806114673614502  0.08789767155353541  0.008692061485686277
3.806114673614502  3.809037923812866  0.07032673781399801  0.007806167254566644
3.809037923812866  3.8119657039642334  0.06464122687242989  0.007432971950800437
3.8119657039642334  3.8148980140686035  0.06621571515044504  0.007515299504266875
3.8148980140686035  3.8178348541259766  0.06959403124461244  0.007685375076043104
3.8178348541259766  3.8207762241363525  0.07010887295359657  0.007729920636476382
3.8207762241363525  3.823721885681153  0.06332151190626784  0.007329839697736997
3.823721885681153  3.8266723155975337  0.07575864322163942  0.00801864496694895
3.8266723155975337  3.829627275466919  0.07666225333523334  0.008036387772025942
3.829627275466919  3.8325870037078857  0.06390215002546917  0.0073300793219998744
3.8325870037078857  3.835551023483277  0.07217490090342733  0.007782819720099922
3.835551023483277  3.83851957321167  0.0669145373313466  0.007498634518461878
3.83851957321167  3.8414928913116455  0.07756464009605624  0.008075224213057751
3.8414928913116455  3.844470977783203  0.06157105950352167  0.0071934640063175135
3.844470977783203  3.8474533557891846  0.08064450971574311  0.008219582446856808
3.8474533557891846  3.850440502166748  0.07720177147939804  0.008037446103912032
3.850440502166748  3.8534324169158936  0.07108044478083725  0.007731245005525391
3.8534324169158936  3.856428861618042  0.06715075576222358  0.00747829623352259
3.856428861618042  3.8594298362731934  0.07525488345868077  0.00792107933571967
3.8594298362731934  3.8624355792999268  0.07246399190702706  0.007790120379751951
3.8624355792999268  3.865446090698242  0.06512778251115002  0.007361938355214074
3.865446090698242  3.86846137046814  0.07661071622232203  0.007975911573263989
3.86846137046814  3.87148118019104  0.06930499101005118  0.007561794460518892
3.87148118019104  3.8745057582855225  0.07778459419569898  0.008058868836115179
3.8745057582855225  3.877535104751587  0.07541170737752997  0.007909920809137414
3.877535104751587  3.8805692195892334  0.07393037639741899  0.007792945922979923
3.8805692195892334  3.883608102798462  0.05940731259191117  0.0070241749374591635
3.883608102798462  3.8866515159606934  0.08209739071316785  0.008229245479441956
3.8866515159606934  3.889699935913086  0.07207061023473417  0.007703449626543144
3.889699935913086  3.8927531242370605  0.06729835704777282  0.007403476814580153
3.8927531242370605  3.895811080932617  0.06470820023664378  0.00725138607055322
3.895811080932617  3.898873805999756  0.05952573318317433  0.006971974324284858
3.898873805999756  3.9019412994384766  0.07736835682777782  0.007911642192201113
3.9019412994384766  3.9050137996673584  0.07290510706613601  0.007705123920995325
3.9050137996673584  3.9080910682678223  0.08192321038646867  0.008126366445484095
3.9080910682678223  3.911173105239868  0.07365860394319271  0.007710467120772161
3.911173105239868  3.914259910583496  0.07443753374317251  0.00773421871413973
3.914259910583496  3.9173517227172856  0.06061441488345117  0.006986973561469622
3.9173517227172856  3.9204485416412354  0.06680814019492946  0.007337826154182946
3.9204485416412354  3.9235501289367676  0.06121336302726478  0.0070096011834730595
3.9235501289367676  3.926656723022461  0.0641954940285233  0.007182016172686638
3.926656723022461  3.9297680854797363  0.06945281300032118  0.007482188837984833
3.9297680854797363  3.932884454727173  0.07775994399002491  0.007854940528576104
3.932884454727173  3.9360058307647705  0.07812380225889802  0.007896000473678971
3.9360058307647705  3.9391322135925293  0.054758813978829715  0.006649955907330558
3.9391322135925293  3.94226336479187  0.059972644097748225  0.006879334078921462
3.94226336479187  3.9453997611999507  0.05424362881270269  0.0065477400242932695
3.9453997611999507  3.9485409259796147  0.06111191152960858  0.0069525505994204725
3.9485409259796147  3.9516870975494385  0.07981233865508694  0.007931390306777203
3.9516870975494385  3.9548385143280034  0.07250533872873431  0.007563581967508948
3.9548385143280034  3.9579946994781494  0.06551993949413695  0.007164610669262902
3.9579946994781494  3.961156129837036  0.0566242808243048  0.006678100416956468
3.961156129837036  3.964322566986084  0.05758946038807409  0.006694638786644327
3.964322566986084  3.967494010925293  0.05739847926723041  0.006689179873084555
3.967494010925293  3.970670461654663  0.07651317157870939  0.007733213458121971
3.970670461654663  3.9738521575927734  0.07320896506333803  0.007569994294067478
3.9738521575927734  3.977038860321045  0.07494129026962371  0.0076236952938050825
3.977038860321045  3.980230569839478  0.0715533891210496  0.007464276881664175
3.980230569839478  3.9834277629852295  0.06449943202789493  0.007084250779670015
3.9834277629852295  3.9866297245025635  0.08449433246476362  0.008083430362507363
3.9866297245025635  3.9898369312286377  0.06972338309318112  0.00733885196087107
3.9898369312286377  3.993049383163452  0.07235173239758616  0.0074959974720815925
3.993049383163452  3.9962670803070073  0.058517434728817014  0.006733285992557536
3.9962670803070073  3.9994897842407227  0.07012162045414697  0.007325434550142993
3.9994897842407227  4.002717971801758  0.05483707936607845  0.006462611780036495
4.002717971801758  4.005950927734375  0.06204696587815505  0.006898609203005135
4.005950927734375  4.009189605712891  0.06818407233712005  0.0072020561144567905
4.009189605712891  4.012433052062988  0.07619712410856207  0.007623789733518988
4.012433052062988  4.015682220458984  0.07104499008768392  0.007327731221668257
4.015682220458984  4.0189361572265625  0.06554243622700756  0.007041880265731102
4.0189361572265625  4.022195816040039  0.06844192453871119  0.007189298251276952
4.022195816040039  4.025460720062256  0.07594291034018461  0.007556602012126642
4.025460720062256  4.028730869293213  0.06972804697194727  0.007244892981698405
4.028730869293213  4.03200626373291  0.0674687927755155  0.007111835205084747
4.03200626373291  4.035286903381348  0.06961455528026082  0.007218693107577134
4.035286903381348  4.038572788238525  0.07539608843297131  0.0075159775132367665
4.038572788238525  4.041864395141602  0.07378967868779494  0.007430045564886882
4.041864395141602  4.045161247253418  0.06166775576602003  0.006799237212334759
4.045161247253418  4.048463344573975  0.06455846608036232  0.006950969513363829
4.048463344573975  4.0517706871032715  0.05870315493617502  0.006604620936487632
4.0517706871032715  4.055083751678467  0.06334300279293693  0.006904563510291799
4.055083751678467  4.058402061462402  0.061937441859147825  0.00680285635060583
4.058402061462402  4.061726093292236  0.060541774093497695  0.0067008571225171025
4.061726093292236  4.0650553703308105  0.06682695194690012  0.007062741784963893
4.0650553703308105  4.068389892578125  0.06922764549000061  0.00715438599806373
4.068389892578125  4.071730136871338  0.059295036929337415  0.006648994764157135
4.071730136871338  4.075076103210449  0.061425301775123876  0.006761538437071179
4.075076103210449  4.078427314758301  0.060141859823666356  0.006656593993074331
4.078427314758301  4.081783771514893  0.06307521354815118  0.006801575197296233
4.081783771514893  4.085145950317383  0.06874115300419677  0.007104109045786029
4.085145950317383  4.0885138511657715  0.08379147891370364  0.007851497012151296
4.0885138511657715  4.091887474060059  0.06566598426723608  0.006921802502708298
4.091887474060059  4.095266342163086  0.06991413824790935  0.007135581854740792
4.095266342163086  4.098650932312012  0.07589194900894344  0.007472035423641668
4.098650932312012  4.102040767669678  0.06652624395142955  0.00697792610304907
4.102040767669678  4.1054368019104  0.07016067810857488  0.007151032107127229
4.1054368019104  4.108838081359863  0.07071208251525934  0.0071836788516527385
4.108838081359863  4.112245082855225  0.06483014094134462  0.006876087763848548
4.112245082855225  4.115657806396484  0.06617040074297362  0.00694060177109535
4.115657806396484  4.119075775146484  0.07632276181723958  0.007426101325379512
4.119075775146484  4.122499942779541  0.05307049393818389  0.006200326760983901
4.122499942779541  4.125929832458496  0.06034387029849633  0.006584056032606117
4.125929832458496  4.129364967346191  0.07729552623708406  0.0074633545816530445
4.129364967346191  4.132806301116943  0.06215269077157229  0.0066919411962011064
4.132806301116943  4.1362528800964355  0.06726408478062706  0.006937760615289151
4.1362528800964355  4.139705657958984  0.06289259692242671  0.006704373358663018
4.139705657958984  4.143164157867432  0.06254464226378664  0.006709583455500945
4.143164157867432  4.146628379821777  0.05550406368664148  0.006299556855366989
4.146628379821777  4.1500983238220215  0.06244555924338521  0.006684839387074906
4.1500983238220215  4.153573989868164  0.058255151243751725  0.006433205253568498
4.153573989868164  4.157055854797363  0.06871165563722045  0.006989961392796599
4.157055854797363  4.160542964935303  0.062147654767177415  0.006652948511242117
4.160542964935303  4.164036273956299  0.07196145216429861  0.007151204610405833
4.164036273956299  4.167535781860352  0.05649535387465736  0.006316372583831999
4.167535781860352  4.1710405349731445  0.0624052576179633  0.006670343943608503
4.1710405349731445  4.174551486968994  0.06467981184349937  0.006756942085857022
4.174551486968994  4.1780686378479  0.06985680016687597  0.007050804119203285
4.1780686378479  4.181591510772705  0.07212149324176427  0.007131980206268704
4.181591510772705  4.185120105743408  0.062034490329297025  0.006630713543337048
4.185120105743408  4.188654899597168  0.06343341111258692  0.006690422380388791
4.188654899597168  4.192195415496826  0.055911319687978994  0.006251075576702169
4.192195415496826  4.195742130279541  0.07030773741821217  0.007021622069785271
4.195742130279541  4.1992950439453125  0.06811194011934475  0.0069064373424534324
4.1992950439453125  4.202853679656982  0.0674060514876898  0.006857143714123887
4.202853679656982  4.206418514251709  0.061148130090721724  0.006518412569573965
4.206418514251709  4.209989547729492  0.07338796473528278  0.007153056576854757
4.209989547729492  4.213566303253174  0.07138279952498505  0.007033556232929997
4.213566303253174  4.217149257659912  0.053119696496035256  0.006082787630186118
4.217149257659912  4.220738410949707  0.0682519678813089  0.006885331137513814
4.220738410949707  4.2243332862854  0.06401957993270377  0.00666505331994238
4.2243332862854  4.227934837341309  0.05747456632580948  0.006340661930627627
4.227934837341309  4.231542110443115  0.07443003822016274  0.007214606473701209
4.231542110443115  4.2351555824279785  0.06176772067812  0.006524318292202243
4.2351555824279785  4.238775730133057  0.06012930065765012  0.006450473554263251
4.238775730133057  4.242401599884033  0.0634639733792335  0.006620408552720898
4.242401599884033  4.246033668518066  0.07175000905378467  0.007014460492695105
4.246033668518066  4.2496724128723145  0.05320336658527559  0.0060384341332748274
4.2496724128723145  4.253316879272461  0.07147085177680444  0.00699952448535908
4.253316879272461  4.256967544555664  0.055114783640155686  0.006137900820759737
4.256967544555664  4.260624885559082  0.06262542253632995  0.0065291516426197824
4.260624885559082  4.264288425445557  0.07241711980438682  0.007049553564677805
4.264288425445557  4.267958164215088  0.07113574100379287  0.006966705287004943
4.267958164215088  4.271634101867676  0.06696525190270687  0.006755525860572763
4.271634101867676  4.2753167152404785  0.06491148591482844  0.006637809975277142
4.2753167152404785  4.279005527496338  0.04993402759219383  0.005819277733764754
4.279005527496338  4.282700538635254  0.06040038670380794  0.006419485656192128
4.282700538635254  4.286402225494385  0.069069819596774  0.006854867129274036
4.286402225494385  4.290110111236572  0.057788005648662315  0.006244891968579056
4.290110111236572  4.293824672698975  0.06721281148593172  0.006721281148593173
4.293824672698975  4.297545433044434  0.07586663466568393  0.0071369326444043315
4.297545433044434  4.301272869110107  0.06957875573900382  0.006847136333435357
4.301272869110107  4.305006504058838  0.06295758221633589  0.006493578791101361
4.305006504058838  4.308746814727783  0.06746560912147323  0.006725415225282009
4.308746814727783  4.312493324279785  0.05926615949518673  0.006308439699277161
4.312493324279785  4.316246509552002  0.05300912968563058  0.005981851692186073
4.316246509552002  4.320006370544434  0.06316252941468684  0.0064930003188772845
4.320006370544434  4.32377290725708  0.05958395315430379  0.006319660658716067
4.32377290725708  4.327545642852783  0.08281849607884904  0.007429524236209108
4.327545642852783  4.331325054168701  0.057928806621253166  0.0062407014428244685
4.331325054168701  4.335111618041992  0.062228104086828315  0.006418338866955838
4.335111618041992  4.338903903961182  0.05809090867653949  0.006205574513624844
4.338903903961182  4.342703342437744  0.06452739549435804  0.006542970484655504
4.342703342437744  4.3465094566345215  0.06789815855833427  0.006690204356096822
4.3465094566345215  4.350322246551514  0.06419503584774244  0.006533976019117
4.350322246551514  4.354141712188721  0.0637065480001197  0.006480797280453854
4.354141712188721  4.357967853546143  0.05624901479081413  0.006104869745251112
4.357967853546143  4.361800670623779  0.06873995125935474  0.006732072726162716
4.361800670623779  4.365640163421631  0.06875224105228162  0.006721391188731031
4.365640163421631  4.3694868087768555  0.06999271260506261  0.006778187225021466
4.3694868087768555  4.373339653015137  0.06444059134512439  0.006525259632762964
4.373339653015137  4.377199649810791  0.06182942151267412  0.006380836766435585
4.377199649810791  4.381066799163818  0.06329508581640809  0.006426642265549328
4.381066799163818  4.384940147399902  0.07005903675420946  0.006787918619724951
4.384940147399902  4.388820648193359  0.06305802479549394  0.006414823725885461
4.388820648193359  4.3927083015441895  0.059010081819762396  0.006211205415769319
4.3927083015441895  4.396602153778076  0.05626952482875935  0.0060714440720587995
4.396602153778076  4.400503635406494  0.06155483849017087  0.0063277324332768866
4.400503635406494  4.404411792755127  0.06779793449378908  0.006651561533627065
4.404411792755127  4.408326625823975  0.06269684449018005  0.006378081249422486
4.408326625823975  4.412248611450195  0.05050910056877536  0.005777017206659247
4.412248611450195  4.416177749633789  0.057153039659598975  0.006108947330785248
4.416177749633789  4.420113563537598  0.056613652272826956  0.006060529798196106
4.420113563537598  4.424056529998779  0.06220696663041072  0.006364674875853631
4.424056529998779  4.428006649017334  0.054664003347014316  0.005942092936947359
4.428006649017334  4.431963920593262  0.06683856554351235  0.006565756767690317
4.431963920593262  4.435927867889404  0.06725517736917837  0.006598312383205035
4.435927867889404  4.439899444580078  0.06719391060238274  0.006592301585496369
4.439899444580078  4.443877696990967  0.056257803620337186  0.006035152088996578
4.443877696990967  4.4478631019592285  0.0640423483958566  0.006439975432140569
4.4478631019592285  4.451855659484863  0.05934014558242086  0.006199120183542098
4.451855659484863  4.455855846405029  0.07442241005974111  0.006970297332566825
4.455855846405029  4.45986270904541  0.05103218763075481  0.005843744978566685
4.45986270904541  4.463877201080322  0.05638837292116669  0.006217153822871318
4.463877201080322  4.467898368835449  0.05562418450058088  0.006262393306665831
4.467898368835449  4.471927165985107  0.06813911884251249  0.006967865800405309
4.471927165985107  4.475963592529297  0.05704626710948928  0.006392767920943561
4.475963592529297  4.480006694793701  0.07490501056491275  0.007313714593702354
4.480006694793701  4.484057426452637  0.06705632600139827  0.006857140047934671
4.484057426452637  4.488115310668945  0.05104285179189233  0.005933610995558208
4.488115310668945  4.492180824279785  0.061337706108100014  0.006478897287601555
4.492180824279785  4.496253490447998  0.061454660007204336  0.006468513604622327
4.496253490447998  4.500333309173584  0.06445590392851093  0.006603971824621549
4.500333309173584  4.504420757293701  0.058292368809378436  0.0062495979285922335
4.504420757293701  4.50851583480835  0.055887714236664235  0.00612483904744434
4.50851583480835  4.512618064880371  0.06048431667275099  0.006340479202753158
4.512618064880371  4.516727924346924  0.06356758291822494  0.006487839263821298
4.516727924346924  4.520845413208008  0.05667373244767643  0.006124477434705958
4.520845413208008  4.524970054626465  0.07675654547000216  0.007129976212643932
4.524970054626465  4.529102802276611  0.061479889704929985  0.006378822121512518
4.529102802276611  4.533242702484131  0.05766520397655868  0.0061471313982973536
4.533242702484131  4.537390232086182  0.05993286010962701  0.00628634722403215
4.537390232086182  4.541545391082764  0.06187281564140903  0.006372852610331261
4.541545391082764  4.545708179473877  0.07032470391314399  0.006778626246050521
4.545708179473877  4.5498785972595215  0.06303646881951301  0.006412630860082805
4.5498785972595215  4.554056644439697  0.04537369449791819  0.005437580260431867
4.554056644439697  4.558242321014404  0.07322693471255012  0.006888610561185914
4.558242321014404  4.562435626983643  0.054749431057830956  0.005977422401930865
4.562435626983643  4.566636562347412  0.05999853100693796  0.0062339754959616035
4.566636562347412  4.570845603942871  0.07242524620003893  0.0068806686269124485
4.570845603942871  4.575062274932861  0.06113983202537181  0.006285070476365929
4.575062274932861  4.579286575317383  0.05535853609359589  0.005969464467455085
4.579286575317383  4.583518981933594  0.05706433402754047  0.006074071835570601
4.583518981933594  4.587759017944336  0.06912290986210909  0.006685716520639583
4.587759017944336  4.592006683349609  0.06656121645305829  0.0065501850203094165
4.592006683349609  4.596262454986572  0.056954479187557805  0.006049754585436194
4.596262454986572  4.600526332855225  0.05112340050184804  0.0057290345415677455
4.600526332855225  4.604797840118408  0.0573689872044052  0.006072198774200904
4.604797840118408  4.609077453613281  0.05802364386063542  0.006094937922209369
4.609077453613281  4.613365173339844  0.06116668856815072  0.006254869223993395
4.613365173339844  4.6176605224609375  0.06016687440266286  0.006233585893244739
4.6176605224609375  4.621963977813721  0.06114511282006932  0.006240596944753332
4.621963977813721  4.626275539398193  0.056559134564286004  0.006007760733827266
4.626275539398193  4.6305952072143555  0.05636292176318082  0.0060119366095971434
4.6305952072143555  4.634922981262207  0.05744721436736652  0.006083832788561032
4.634922981262207  4.63925838470459  0.06654861224441386  0.006517463123653693
4.63925838470459  4.64360237121582  0.06786579243321443  0.0065722134514543725
4.64360237121582  4.64795446395874  0.0537953131779917  0.0058604420748686395
4.64795446395874  4.65231466293335  0.06844597293695302  0.0065975346182748085
4.65231466293335  4.656682968139648  0.06897284897100338  0.006628920665545957
4.656682968139648  4.661059379577637  0.06125155564474442  0.006254938118926819
4.661059379577637  4.665444374084473  0.05559351968952621  0.005951323914615046
4.665444374084473  4.669837474822998  0.05619830984338962  0.005981890034178947
4.669837474822998  4.674238681793213  0.07761124733522116  0.007029701548598634
4.674238681793213  4.678648471832275  0.05361144546550758  0.005840411592382432
4.678648471832275  4.683066368103027  0.05310459213881569  0.005794186029187612
4.683066368103027  4.687492847442627  0.06366737933712656  0.0063584506100626895
4.687492847442627  4.691927433013916  0.05867821386902865  0.006096791725851081
4.691927433013916  4.696370601654053  0.05669493083031746  0.006000853531972824
4.696370601654053  4.700822353363037  0.06164763612284187  0.006262816821643968
4.700822353363037  4.705282211303711  0.06367326549766598  0.006347369493846725
4.705282211303711  4.709750652313232  0.05230615264218015  0.005754187848469724
4.709750652313232  4.714227676391602  0.06620878024642445  0.006472736093453903
4.714227676391602  4.718713283538818  0.0489592374962349  0.005596554651208529
4.718713283538818  4.723206996917725  0.06924000383440795  0.006646465906222045
4.723206996917725  4.727709770202637  0.06371577581099017  0.00637498702443077
4.727709770202637  4.732220649719238  0.06319319836071981  0.006354586537113164
4.732220649719238  4.736740589141846  0.0506922981457708  0.0056939141084769405
4.736740589141846  4.741269111633301  0.056321235386666495  0.006032617727144684
4.741269111633301  4.7458062171936035  0.06425478364952707  0.006440745354840866
4.7458062171936035  4.750351905822754  0.049283318109754955  0.005643480244562766
4.750351905822754  4.75490665435791  0.054666405844300985  0.005968357891821984
4.75490665435791  4.759469509124756  0.04413467787914478  0.0053813971702425046
4.759469509124756  4.764041900634766  0.06318080449074538  0.0064608315213271145
4.764041900634766  4.768622398376465  0.060779694470081656  0.006371443209357762
4.768622398376465  4.77321195602417  0.05250937434524046  0.005959667944226637
4.77321195602417  4.777810573577881  0.06053524806102448  0.006380975419870963
4.777810573577881  4.7824177742004395  0.06604958940683212  0.006617217979738951
4.7824177742004395  4.787034034729004  0.062175144495292205  0.00634925394563028
4.787034034729004  4.791659355163574  0.05227598978156555  0.005729023414736181
4.791659355163574  4.796293258666992  0.06549312726489107  0.006334636140415988
4.796293258666992  4.800936698913574  0.05307792977246063  0.005661543780527283
4.800936698913574  4.805588722229004  0.05527606075846759  0.005731860488151492
4.805588722229004  4.8102498054504395  0.05385687086320642  0.005657250437151276
4.8102498054504395  4.814919948577881  0.059566276398634405  0.005959815042689189
4.814919948577881  4.819599151611328  0.053164327168867466  0.005615570534778296
4.819599151611328  4.824287414550781  0.06739012775079996  0.006311663749207702
4.824287414550781  4.82898473739624  0.051385288849003806  0.005509081228127774
4.82898473739624  4.833691596984863  0.06179970795281863  0.006052377413307709
4.833691596984863  4.838407039642334  0.05449992371974407  0.005696663192317102
4.838407039642334  4.843132019042969  0.06037764982493034  0.005981417456676554
4.843132019042969  4.847866535186768  0.05162898734801118  0.005515278300001338
4.847866535186768  4.852610111236572  0.053113271226213524  0.005613383658790373
4.852610111236572  4.857362747192383  0.059072712049695116  0.0058995819504606235
4.857362747192383  4.862124919891357  0.06188370453381762  0.006042316122085358
4.862124919891357  4.866896629333496  0.060081710445334904  0.0059520997045553175
4.866896629333496  4.871677398681641  0.06054832168501094  0.005979772446686215
4.871677398681641  4.876467704772949  0.048370280749375306  0.0053331114252004475
4.876467704772949  4.881267070770264  0.05242306093759194  0.005548699077271874
4.881267070770264  4.8860764503479  0.06055940980272346  0.005959556631726076
4.8860764503479  4.890894889831543  0.058256328681456374  0.0058364454502519555
4.890894889831543  4.89572286605835  0.0481590037781472  0.005321705346276508
4.89572286605835  4.9005608558654785  0.05795089770040362  0.005838260356723368
4.9005608558654785  4.905407905578613  0.0625711431267531  0.006062427449261821
4.905407905578613  4.91026496887207  0.06435704141046843  0.006139201516835888
4.91026496887207  4.915131092071533  0.057345432078708486  0.005795923211164946
4.915131092071533  4.920007228851318  0.05577724037881916  0.005692740757861217
4.920007228851318  4.924893379211426  0.05449463620662721  0.005631791453929845
4.924893379211426  4.929788589477539  0.0612586019490361  0.005981281194483076
4.929788589477539  4.934693813323975  0.053605152936164094  0.005603136313002697
4.934693813323975  4.939609050750732  0.05444322663670521  0.005615390066798043
4.939609050750732  4.944533824920654  0.05247343388040531  0.005534456215608645
4.944533824920654  4.949468612670898  0.052385120711492726  0.005536427596659216
4.949468612670898  4.954412937164307  0.059962199106117615  0.0059113248771380566
4.954412937164307  4.959367275238037  0.061829581744707124  0.005987658793496754
4.959367275238037  4.96433162689209  0.06060100103026553  0.005934981604434714
4.96433162689209  4.969305992126465  0.05713543862456385  0.005763883838504711
4.969305992126465  4.974290370941162  0.048893323000108665  0.005349741054960304
4.974290370941162  4.979284763336182  0.06008670770783951  0.005902501117025702
4.979284763336182  4.984288692474365  0.06120892216004042  0.005955545202441251
4.984288692474365  4.989303112030029  0.049969454104563334  0.005403191695538305
4.989303112030029  4.994327545166016  0.057426861732859075  0.005785466378783124
4.994327545166016  4.999362468719482  0.055790988094348785  0.005686420911349213
4.999362468719482  5.004406929016113  0.05351680881790518  0.005560510719075842
5.004406929016113  5.009461879730225  0.04830051027920353  0.005281664695496106
5.009461879730225  5.014527320861816  0.05043241468886902  0.005410223529463223
5.014527320861816  5.0196027755737305  0.06363334863046066  0.006070166400935979
5.0196027755737305  5.024688243865967  0.05849340151811765  0.005812810470523105
5.024688243865967  5.029784202575684  0.05285285597438292  0.005510291147370708
5.029784202575684  5.034890651702881  0.054969186055391375  0.00563198921754026
5.034890651702881  5.040007591247559  0.050408520110432585  0.0053849016101409075
5.040007591247559  5.045134544372559  0.04334902613748693  0.005009027231884771
5.045134544372559  5.050272464752197  0.060068317360930934  0.005872429070706804
5.050272464752197  5.055420398712157  0.05187746974114838  0.005471598933535058
5.055420398712157  5.0605788230896  0.049499468135962496  0.00535237216332469
5.0605788230896  5.06574821472168  0.06272048766619115  0.006010494397198804
5.06574821472168  5.070927619934082  0.05148286237260708  0.005426770185413954
5.070927619934082  5.076117992401123  0.050327292760035135  0.005364907434339009
5.076117992401123  5.0813188552856445  0.05831715644001204  0.005774258916246426
5.0813188552856445  5.086530685424806  0.05130143025063232  0.005429980501010529
5.086530685424806  5.091753005981445  0.05600419503775034  0.00565727801229818
5.091753005981445  5.096985816955566  0.04549776788766662  0.0051223207970803345
5.096985816955566  5.102230072021484  0.06447690524933841  0.006075438332482308
5.102230072021484  5.107484340667725  0.06672979283369788  0.006178956414270123
5.107484340667725  5.112750053405762  0.05641534192939747  0.0056805852600009836
5.112750053405762  5.118026256561279  0.05694729581210406  0.005705299202153532
5.118026256561279  5.1233134269714355  0.04843777909757088  0.005253814797677493
5.1233134269714355  5.1286115646362305  0.06080606295255025  0.00589875741524546
5.1286115646362305  5.133920669555664  0.05167092538685438  0.005438710161102681
5.133920669555664  5.139240741729736  0.04773482758648815  0.005219807247413317
5.139240741729736  5.1445722579956055  0.057741853626583184  0.005759047656111941
5.1445722579956055  5.149914264678955  0.05146533216592151  0.0054392178810447915
5.149914264678955  5.155267715454102  0.06353377016631936  0.006023292034224613
5.155267715454102  5.160632133483887  0.05102160834849802  0.0054003628575077685
5.160632133483887  5.1660075187683105  0.04824488907113974  0.005244321620090163
5.1660075187683105  5.1713948249816895  0.05050901058212859  0.005365111273668384
5.1713948249816895  5.176792621612549  0.05035320252269454  0.0053709114465105515
5.176792621612549  5.182202339172362  0.06353374990290693  0.006013322506898798
5.182202339172362  5.187623023986816  0.05377993100216139  0.005539291692443727
5.187623023986816  5.193054676055908  0.053815337375691046  0.00553212491613107
5.193054676055908  5.198498249053955  0.058952108211375205  0.005780729810331454
5.198498249053955  5.203953266143799  0.05084900054045755  0.005382093249284315
5.203953266143799  5.2094197273254395  0.05429880534721435  0.005552563567136512
5.2094197273254395  5.214897632598877  0.06108265298529307  0.005887781272650547
5.214897632598877  5.220386981964111  0.05378596790965794  0.005518323872125583
5.220386981964111  5.225887775421143  0.05173332481354043  0.005448253058912897
5.225887775421143  5.231400012969971  0.04691344914753155  0.00516093777459058
5.231400012969971  5.236924648284912  0.05363110291343735  0.005523962513322277
5.236924648284912  5.242460250854492  0.0495970704027979  0.005320610542665228
5.242460250854492  5.248007774353027  0.05476291312564016  0.005581635762346062
5.248007774353027  5.253567218780517  0.05745803503400442  0.005730740203238637
5.253567218780517  5.259138107299805  0.05993796978209827  0.005831883257909802
5.259138107299805  5.264721393585205  0.04734731806228767  0.005200360132674995
5.264721393585205  5.270316123962403  0.052655586974508554  0.005460130015024195
5.270316123962403  5.275922775268555  0.05138604348145637  0.005408724436984091
5.275922775268555  5.281541347503661  0.053228548083463445  0.005490105540079198
5.281541347503661  5.287172317504883  0.04955513988617587  0.005327342518530529
5.287172317504883  5.2928147315979  0.061661607130720705  0.005916166704552041
5.2928147315979  5.298469543457031  0.056069407685688535  0.0056351875003302476
5.298469543457031  5.304136276245117  0.04750352776567422  0.0051945145933480555
5.304136276245117  5.309815406799316  0.04389620505311561  0.005017796908689805
5.309815406799316  5.315506458282471  0.05353047128771329  0.005535187689870287
5.315506458282471  5.321209907531738  0.06480122476394523  0.006091694661470009
5.321209907531738  5.326925277709962  0.04979328382057938  0.005319178853738027
5.326925277709962  5.332653045654297  0.06099015062047494  0.005899098553765141
5.332653045654297  5.338393211364746  0.04582890372740256  0.00510377156952128
5.338393211364746  5.344145774841309  0.04285257466679679  0.004951661723185471
5.344145774841309  5.349910736083984  0.052055075309481405  0.005438066672057621
5.349910736083984  5.355688571929932  0.05148374434736542  0.00540797173224366
5.355688571929932  5.361478328704833  0.04807294296264257  0.005225630713931121
5.361478328704833  5.367280960083008  0.06170531482815361  0.005910297248025201
5.367280960083008  5.373095989227295  0.05933079784940372  0.005800327317070488
5.373095989227295  5.378923416137694  0.04233269172839263  0.004900259564271725
5.378923416137694  5.384763717651367  0.061034324692357374  0.005873030631823258
5.384763717651367  5.390616893768311  0.04732223693381141  0.005186132382463322
5.390616893768311  5.396482467651367  0.05028382479190191  0.0053300747678027265
5.396482467651367  5.402360916137695  0.04851583500011489  0.005242889851280712
5.402360916137695  5.408252239227295  0.051192759499441784  0.005399381459417759
5.408252239227295  5.414156436920166  0.058521969838835425  0.00576934104026442
5.414156436920166  5.420073509216309  0.05568418900836986  0.00562802078333866
5.420073509216309  5.426003932952881  0.06258400840147053  0.00595014273324514
5.426003932952881  5.431946754455566  0.05227280219891005  0.0054529725815369605
5.431946754455566  5.437902927398682  0.04506754040703632  0.0050503975314802815
5.437902927398682  5.4438719749450675  0.0567720444349679  0.005680242326436536
5.4438719749450675  5.449854373931885  0.050217718700300104  0.005323067536107385
5.449854373931885  5.455849647521973  0.06308065971884069  0.005980335091140995
5.455849647521973  5.46185827255249  0.041160277545634893  0.004829699672137951
5.46185827255249  5.4678802490234375  0.05298143574903057  0.005486225340710491
5.4678802490234375  5.4739155769348145  0.0467123928836633  0.005161850774395806
5.4739155769348145  5.479963779449463  0.04516223390369419  0.005061009155665867
5.479963779449463  5.486025810241699  0.03887377017432566  0.004705083082260283
5.486025810241699  5.492101192474365  0.05428100124462672  0.005540031490696419
5.492101192474365  5.498189926147461  0.06502876128800107  0.006063963257497257
5.498189926147461  5.5042924880981445  0.05068860804935418  0.0053761925011087345
5.5042924880981445  5.510408401489258  0.05076502936085134  0.005373205351506786
5.510408401489258  5.516537666320801  0.039029022210073386  0.0046985421338631185
5.516537666320801  5.522680759429931  0.046874939454637984  0.005156701332112917
5.522680759429931  5.528837680816651  0.05301967311413493  0.005490184818184662
5.528837680816651  5.535008430480957  0.0502587362789656  0.005338526918323986
5.535008430480957  5.541192531585693  0.04786334957426892  0.0052256151789866236
5.541192531585693  5.547390937805176  0.05473824665934154  0.005579121666171023
5.547390937805176  5.553603172302246  0.04294647366092284  0.004938333468475359
5.553603172302246  5.559828758239746  0.05705563479964338  0.005698136780191835
5.559828758239746  5.56606912612915  0.05496288684944018  0.00558063563872521
5.56606912612915  5.572322845458984  0.04812514486463644  0.005231305171236487
5.572322845458984  5.5785908699035645  0.0481558765882939  0.005234645774684902
5.5785908699035645  5.584873199462891  0.04477660978231787  0.005049601541832122
5.584873199462891  5.591169357299804  0.04203110802010408  0.004886017061123505
5.591169357299804  5.597480297088622  0.04589607346036538  0.00512297304865277
5.597480297088622  5.603805065155029  0.04635846967949486  0.0051659920456958225
5.603805065155029  5.610144138336182  0.04745992119104865  0.005235834470168684
5.610144138336182  5.61649751663208  0.05111566990142514  0.005410318767036874
5.61649751663208  5.622865676879884  0.05398603415678792  0.005560520159474734
5.622865676879884  5.629248142242432  0.053502764459184136  0.005529285680527416
5.629248142242432  5.635644912719727  0.06555601067932754  0.006113129516752629
5.635644912719727  5.642056465148926  0.04497281915579571  0.005071728700624453
5.642056465148926  5.648482322692871  0.052328417135750746  0.005477656624043913
5.648482322692871  5.654922962188721  0.049634977261269524  0.005321428128819598
5.654922962188721  5.661378383636475  0.0439455991735754  0.005008065814684842
5.661378383636475  5.667848587036133  0.04082141792155863  0.004860714322936177
5.667848587036133  5.674333572387695  0.04154297546424663  0.004887011039466923
5.674333572387695  5.680833339691162  0.04569528494654264  0.005108888169584609
5.680833339691162  5.687347888946533  0.04857435203447992  0.005268628212542151
5.687347888946533  5.693877696990966  0.04739062014467022  0.00521343124648022
5.693877696990966  5.700422286987305  0.05071715516037172  0.005409732361363128
5.700422286987305  5.706982135772705  0.05025398431624715  0.005379723038516613
5.706982135772705  5.71355676651001  0.04584762071067397  0.005125919825784711
5.71355676651001  5.720147132873535  0.04860253541735444  0.005294742732749541
5.720147132873535  5.726752281188965  0.04475329827637341  0.005067313184056054
5.726752281188965  5.733372688293457  0.06134760766914268  0.005940983784053755
5.733372688293457  5.74000883102417  0.044648875583297026  0.005079591832922823
5.74000883102417  5.746659755706787  0.050415304905280935  0.005396992516772322
5.746659755706787  5.753326416015624  0.04879157541794635  0.005303747583817398
5.753326416015624  5.760008811950684  0.051702216915974576  0.00546113270603153
5.760008811950684  5.766706466674805  0.05613369567921609  0.0057134670397618915
5.766706466674805  5.773419380187988  0.04429149285624537  0.005059654819739751
5.773419380187988  5.780148506164551  0.04130019216723832  0.004905051098327906
5.780148506164551  5.786893367767334  0.05128514765513755  0.005447553232287659
5.786893367767334  5.793653488159181  0.04483211667472573  0.005112592284331628
5.793653488159181  5.800429821014404  0.06184886739099803  0.0059791556913024275
5.800429821014404  5.80722188949585  0.05264952545825796  0.005519169919849643
5.80722188949585  5.814029693603515  0.05385669395230273  0.005584679006641816
5.814029693603515  5.8208537101745605  0.053325235981231865  0.0055595401675409
5.8208537101745605  5.827693939208984  0.044598242346198136  0.0050946964594589085
5.827693939208984  5.834549903869629  0.043984658787994145  0.005070075305566983
5.834549903869629  5.841422080993652  0.049905170715231637  0.005393029163956464
5.841422080993652  5.848310470581055  0.048128706814448564  0.005306476460663776
5.848310470581055  5.855215549468994  0.0540578466673508  0.005616725706996824
5.855215549468994  5.862136363983154  0.05118591363647877  0.005467946850131058
5.862136363983154  5.869073867797852  0.05297295166564788  0.005564401517660658
5.869073867797852  5.876027584075928  0.05301224919774582  0.005568529421437405
5.876027584075928  5.882997989654541  0.039623671014490824  0.004818198197203223
5.882997989654541  5.889985084533691  0.047171883580331586  0.005265380456672752
5.889985084533691  5.896988391876221  0.045591044383884595  0.005162169251853949
5.896988391876221  5.904008865356445  0.05080611054204278  0.005458609227850768
5.904008865356445  5.911046028137206  0.0366454206893305  0.0046578693473388975
5.911046028137206  5.918099403381348  0.05379303615545016  0.005619627199971837
5.918099403381348  5.925169944763184  0.04497641942588745  0.005150293126284529
5.925169944763184  5.932257652282715  0.049569336852087725  0.005423708190670147
5.932257652282715  5.939362049102783  0.0491758273338417  0.005389270818435098
5.939362049102783  5.946483612060546  0.045836819127594214  0.005189997761641466
5.946483612060546  5.953622341156006  0.05410840161006067  0.0056411908286433405
5.953622341156006  5.96077823638916  0.05283813773101217  0.005592632723637728
5.96077823638916  5.967951297760009  0.054153132105823544  0.0056572455450578105
5.967951297760009  5.975141525268555  0.04655585739704844  0.005250252987806322
5.975141525268555  5.982348918914795  0.04485433803370786  0.005157715170447524
5.982348918914795  5.989573955535889  0.04611303107746853  0.005233700773439627
5.989573955535889  5.996816635131836  0.05160266742064844  0.00553238665727431
5.996816635131836  6.004076957702636  0.03972892065934292  0.004867113301612132
6.004076957702636  6.011354446411132  0.0426842501800595  0.005056374496638216
6.011354446411132  6.018649578094482  0.047504303356995306  0.0053358287746188985
6.018649578094482  6.025962829589844  0.05121971805136404  0.005535086430158734
6.025962829589844  6.033293724060059  0.05188595295099574  0.005574627511384941
6.033293724060059  6.040642261505127  0.04896282031467805  0.005419280623284102
6.040642261505127  6.048008918762206  0.04670425146297312  0.005288215132843861
6.048008918762206  6.0553936958313  0.053965553678523015  0.005688468827207028
6.0553936958313  6.062796592712402  0.05810926851057076  0.005922708503439939
6.062796592712402  6.07021713256836  0.048134615401941305  0.005381613605477457
6.07021713256836  6.077656269073486  0.04144439066157073  0.005016217888871777
6.077656269073486  6.085113525390625  0.04634843834775787  0.005307404335061063
6.085113525390625  6.092588901519775  0.04951858923430937  0.005480793986236331
6.092588901519775  6.100082874298096  0.04352425437071703  0.005142611067997312
6.100082874298096  6.107595443725585  0.046063289020807585  0.005283821627600181
6.107595443725585  6.115126132965087  0.04238092070048432  0.005078926465431533
6.115126132965087  6.122675895690917  0.04058670091913554  0.004972198303746847
6.122675895690917  6.130244255065917  0.043428178928122854  0.0051711082584292075
6.130244255065917  6.137831211090088  0.04612852936464071  0.005304232012423127
6.137831211090088  6.145436763763428  0.04109369208264492  0.005038052868708395
6.145436763763428  6.153061389923097  0.042530675570205234  0.005110401957857082
6.153061389923097  6.160705089569092  0.048866360795376956  0.005463425227574679
6.160705089569092  6.168367385864258  0.05751841195835963  0.005932571214491799
6.168367385864258  6.17604923248291  0.050793105900445876  0.005587737923639405
6.17604923248291  6.1837496757507315  0.04458366675328023  0.005258065960402145
6.1837496757507315  6.191470146179199  0.0429725688818392  0.0051498295406087885
6.191470146179199  6.199209213256836  0.04237503416005098  0.005128858236352323
6.199209213256836  6.206967830657959  0.046881485393979544  0.005390812996681158
6.206967830657959  6.214745998382568  0.048232182260678304  0.005474218538753469
6.214745998382568  6.222543716430664  0.04025689329624476  0.0050075197238465576
6.222543716430664  6.230360984802246  0.054677108494927545  0.005828599349685993
6.230360984802246  6.2381978034973145  0.05963071691357217  0.00609780167536445
6.2381978034973145  6.246054649353027  0.05035255441374172  0.005607551452642908
6.246054649353027  6.253931045532227  0.05088290779273561  0.005657348284587306
6.253931045532227  6.26182746887207  0.04487100857347957  0.005301736897242034
6.26182746887207  6.269743919372559  0.04425060043217416  0.005279093505230245
6.269743919372559  6.277680397033691  0.055704472848137086  0.005916977818944634
6.277680397033691  6.285636901855469  0.05143859046226815  0.005693302689462306
6.285636901855469  6.293613433837891  0.0451912302408733  0.00535335125011534
6.293613433837891  6.301610469818115  0.04356536391953792  0.005244653500445562
6.301610469818115  6.309628009796143  0.04738382717467212  0.0054849583814381726
6.309628009796143  6.3176655769348145  0.0379683475041813  0.004916866924743891
6.3176655769348145  6.325723648071289  0.04860311185214689  0.005592498265608501
6.325723648071289  6.333802700042725  0.04495150114543825  0.0053767528084644215
6.333802700042725  6.341902256011963  0.0463909431351846  0.005457313750384749
6.341902256011963  6.350022315979004  0.04528740319944046  0.005388682457115123
6.350022315979004  6.358163356781006  0.04546832839266208  0.005396097816514617
6.358163356781006  6.366325378417969  0.05063332305424335  0.005710081835265642
6.366325378417969  6.374508380889893  0.0420725178231637  0.005252134920409372
6.374508380889893  6.382712364196777  0.07393431216110977  0.006927852790690842
6.382712364196777  6.390937328338623  0.08775254311274655  0.007545267915386138
6.390937328338623  6.399183750152588  0.10462486099590611  0.008257839455145693
6.399183750152588  6.407451629638672  0.09194268730453696  0.0077459518290163365
6.407451629638672  6.415740489959717  0.08903300363377252  0.007616904889051232
6.415740489959717  6.424051284790039  0.06377801876397464  0.006454754716899928
6.424051284790039  6.432383060455322  0.059154896512824434  0.006239160666238421
6.432383060455322  6.440736770629883  0.042340398867090345  0.00528174271018369
6.440736770629883  6.449112415313721  0.04693134810270852  0.0055738399382027105
6.449112415313721  6.457509517669678  0.04112889385399969  0.0052277477067763
6.457509517669678  6.46592903137207  0.051273761893245284  0.005819429367525515
6.46592903137207  6.474370002746582  0.06000193882821719  0.006302742606937387
6.474370002746582  6.482833385467529  0.04610794815842564  0.005554954537972373
6.482833385467529  6.491318702697754  0.04034202411490095  0.0051967809264553315
6.491318702697754  6.499826431274414  0.04102403789963843  0.005257053412768032
6.499826431274414  6.508356094360352  0.05378816201874743  0.006017672351677663
6.508356094360352  6.516908645629883  0.04211854481891254  0.005306437865465266
6.516908645629883  6.52548360824585  0.042638180562584206  0.005376337416013298
6.52548360824585  6.534080982208252  0.04677374381711272  0.0056351677064889645
6.534080982208252  6.542701244354248  0.04840341646569736  0.005719108778411402
6.542701244354248  6.55134391784668  0.0486027187023298  0.0057278853297532736
6.55134391784668  6.560009956359863  0.03577357126383116  0.004931103431737531
6.560009956359863  6.568698406219482  0.04864900113369514  0.0057629586459095414
6.568698406219482  6.5774102210998535  0.04552604953740113  0.005561892175721923
6.5774102210998535  6.586145401000977  0.04290634085621024  0.0054056908368239264
6.586145401000977  6.594903469085693  0.03601379230161365  0.004981631701924662
6.594903469085693  6.603684902191162  0.054752193160487475  0.0061214812912024534
6.603684902191162  6.612489700317383  0.05077972952712843  0.005903023653578478
6.612489700317383  6.621318340301514  0.0416358887672678  0.00539622263203801
6.621318340301514  6.6301703453063965  0.04615472878769958  0.0056543266388004694
6.6301703453063965  6.6390461921691895  0.04975772747637849  0.0058791274827806415
6.6390461921691895  6.647945404052734  0.055911578242034216  0.006269593717094286
6.647945404052734  6.656868934631348  0.049998272565914034  0.005922793283513209
6.656868934631348  6.665816307067871  0.04701582875849438  0.005795716353421567
6.665816307067871  6.674787998199463  0.04197279718846287  0.0054354395648167
6.674787998199463  6.683783531188965  0.04075404835992059  0.005351268714733799
6.683783531188965  6.692803382873535  0.03239030667720276  0.004775690176943802
6.692803382873535  6.701848030090332  0.037840827302823336  0.005202858352617326
6.701848030090332  6.710916519165039  0.03456675813265347  0.004956835126992861
6.710916519165039  6.720010280609131  0.041042589442298  0.005406415827672511
6.720010280609131  6.729128360748291  0.0455267033332205  0.005690837916652563
6.729128360748291  6.7382707595825195  0.048272886811351765  0.005902068182638025
6.7382707595825195  6.747438907623291  0.0429796824970774  0.005548653151215439
6.747438907623291  6.756631374359131  0.03334334419989535  0.004960722642387688
6.756631374359131  6.7658491134643555  0.03742623513974036  0.005208629385459645
6.7658491134643555  6.775092124938965  0.037653904264425116  0.0052216570210306505
6.775092124938965  6.784360408782959  0.043618050695696936  0.005631066131282169
6.784360408782959  6.793653964996338  0.03942150266102127  0.00536458702295952
6.793653964996338  6.80297327041626  0.0467481984820656  0.0058774998472223595
6.80297327041626  6.812317848205566  0.04033376238650487  0.0054754199167026145
6.812317848205566  6.821688175201416  0.04661924540466664  0.005873472840487555
6.821688175201416  6.831084728240967  0.042256081121635466  0.0056151951069432215
6.831084728240967  6.8405070304870605  0.03857304548649597  0.005387427953450153
6.8405070304870605  6.849955081939697  0.041675148878024065  0.005606099812674706
6.849955081939697  6.859429359436035  0.03798370559694795  0.0053771760756012605
6.859429359436035  6.868929862976074  0.042231583824360416  0.005643432770413608
6.868929862976074  6.878457069396973  0.03796080211696005  0.00536846811923662
6.878457069396973  6.888010501861572  0.037863187991993646  0.005434808198961651
6.888010501861572  6.897590160369873  0.03849503863725786  0.005444020572488637
6.897590160369873  6.907196998596191  0.04710201812278595  0.00604915854975625
6.907196998596191  6.916830539703369  0.041838090291207865  0.005713030830253002
6.916830539703369  6.926490783691406  0.0381753471918537  0.005453621027407671
6.926490783691406  6.936178207397461  0.03908558618171355  0.005527536607148174
6.936178207397461  6.945892810821533  0.03196588236049368  0.005037630812013916
6.945892810821533  6.955634593963623  0.03856330095432968  0.0055090429934756685
6.955634593963623  6.9654035568237305  0.032176268078226614  0.005070786335834806
6.9654035568237305  6.975200176239014  0.04267452964685271  0.005827247415980869
6.975200176239014  6.985024452209473  0.044309794486577916  0.005960509734419856
6.985024452209473  6.994876384735107  0.03968586212151783  0.005654238293748891
6.994876384735107  7.004756450653076  0.04004429920679169  0.005663119103397099
7.004756450653076  7.014664173126221  0.04585566370200634  0.006073731032800043
7.014664173126221  7.024599552154541  0.045266386522384634  0.006048975339430173
7.024599552154541  7.0345635414123535  0.043756685384823864  0.005975016806293208
7.0345635414123535  7.044556140899658  0.043855951531978896  0.006009190902806597
7.044556140899658  7.054576873779297  0.04835150482127227  0.006294829756965491
7.054576873779297  7.0646257400512695  0.04609730707601738  0.0061600117689773965
7.0646257400512695  7.074703693389893  0.04950969474675467  0.00641146103415947
7.074703693389893  7.084810733795166  0.04143020326172583  0.0058808896977076575
7.084810733795166  7.094946384429932  0.04413350266498363  0.006083453755312647
7.094946384429932  7.105111122131348  0.030937605500865474  0.0051116739343807505
7.105111122131348  7.115304946899414  0.05388414166461875  0.006755063559867266
7.115304946899414  7.125527858734131  0.036377684101751497  0.005571526104350396
7.125527858734131  7.135780334472656  0.030407268896752278  0.005146921271900296
7.135780334472656  7.14606237411499  0.036915369489606616  0.005629541070464863
7.14606237411499  7.156374454498291  0.03799461115257913  0.005727903147661713
7.156374454498291  7.1667160987854  0.03907761236815218  0.0058253465102383216
7.1667160987854  7.177087306976318  0.03579955463660979  0.00559095112153604
7.177087306976318  7.187489032745361  0.04817844040165838  0.00651832270012416
7.187489032745361  7.197920799255371  0.03332680671272977  0.005459391057996528
7.197920799255371  7.208383083343506  0.03716613451692495  0.005760241942247661
7.208383083343506  7.218875408172607  0.03457545122975963  0.005589448488796242
7.218875408172607  7.229398727416992  0.03487495225792881  0.005611085799104558
7.229398727416992  7.239952564239502  0.03418113798731388  0.005572046063350554
7.239952564239502  7.250537395477295  0.038149423803096875  0.005886583891941417
7.250537395477295  7.261152744293213  0.04081094669905118  0.006159501846880324
7.261152744293213  7.271799564361572  0.04418986020244921  0.006378256920833995
7.271799564361572  7.282477855682373  0.04993934864169375  0.00681926532609223
7.282477855682373  7.293187618255615  0.032557443943736275  0.005532457404825243
7.293187618255615  7.303928375244141  0.03197349814890475  0.00548340969459379
7.303928375244141  7.314701080322266  0.04240428890025962  0.00637360722103491
7.314701080322266  7.32550573348999  0.04380553223166754  0.006484868372333737
7.32550573348999  7.3363423347473145  0.031759959401599924  0.005528699285878643
7.3363423347473145  7.347210884094238  0.03880676229014981  0.006135887872680272
7.347210884094238  7.35811185836792  0.03276856689843276  0.005743994292771417
7.35811185836792  7.369045257568359  0.03820417019934119  0.0061760652078670375
7.369045257568359  7.380011081695557  0.04955867211269638  0.007034700805556396
7.380011081695557  7.39100980758667  0.04093108957840103  0.0064213472608197
7.39100980758667  7.402040958404541  0.047427202938734744  0.006917968553427463
7.402040958404541  7.413105487823486  0.03839879236972538  0.006290252333748813
7.413105487823486  7.424202919006348  0.04179259286473924  0.006586261288052611
7.424202919006348  7.435333251953125  0.032061194107256975  0.0057583604509729444
7.435333251953125  7.446497440338135  0.03220841004845509  0.0058195237635786734
7.446497440338135  7.457695484161377  0.045245807009056435  0.00689992088242605
7.457695484161377  7.468926906585693  0.03808328257535388  0.006380003962695587
7.468926906585693  7.480192184448242  0.03426833137453673  0.006057842373720661
7.480192184448242  7.491491794586182  0.044293833038062135  0.006917534534019988
7.491491794586182  7.5028252601623535  0.035971937830090485  0.006261910617646243
7.5028252601623535  7.514193058013916  0.03740566060092176  0.006415017869378968
7.514193058013916  7.525595664978027  0.037620841256382265  0.0064872193890955915
7.525595664978027  7.537032604217529  0.04595817080459356  0.007177460424072481
7.537032604217529  7.54850435256958  0.030124004096726838  0.005918313911842916
7.54850435256958  7.560011386871338  0.029678166281421607  0.005820367269100775
7.560011386871338  7.5715532302856445  0.029946789083733157  0.005873048534900106
7.5715532302856445  7.583130836486816  0.03604324792010314  0.0064735584287160496
7.583130836486816  7.594743251800538  0.04111213700558457  0.006949219502250298
7.594743251800538  7.606391906738282  0.04275621196578798  0.007126035327631329
7.606391906738282  7.618075847625732  0.027483899784954195  0.005777211551632318
7.618075847625732  7.629796028137207  0.03524916815096245  0.006545606200252737
7.629796028137207  7.641552448272705  0.030736141439856247  0.0061472282879712495
7.641552448272705  7.6533446311950675  0.03074688312904889  0.0062414161310926095
7.6533446311950675  7.6651740074157715  0.032562713488072284  0.006386073518892752
7.6651740074157715  7.67703914642334  0.031516062265338214  0.006303212453067642
7.67703914642334  7.688941955566406  0.030453482014941753  0.0062162909856359845
7.688941955566406  7.700881004333496  0.030689589204763  0.006264486163941359
7.700881004333496  7.712857723236084  0.03451580158620137  0.006734563354096369
7.712857723236084  7.7248711585998535  0.03109834238546377  0.006397191207748995
7.7248711585998535  7.73692274093628  0.03682161917851058  0.006958631944076104
7.73692274093628  7.749011516571045  0.03850736037914973  0.007150637307911817
7.749011516571045  7.761138439178467  0.037549873270898065  0.007096259031199127
7.761138439178467  7.773303031921387  0.03912843714138063  0.007312601045043977
7.773303031921387  7.785506248474121  0.03561415699298766  0.006984510825669269
7.785506248474121  7.797747611999512  0.030471621283714487  0.006496571486204795
7.797747611999512  7.810027599334717  0.04604818509808729  0.008061148820931603
7.810027599334717  7.822346210479736  0.04674072518315574  0.008136515877553206
7.822346210479736  7.834703445434571  0.022739378380168877  0.0057511855580413595
7.834703445434571  7.847100257873535  0.04489413336538064  0.008063224382319501
7.847100257873535  7.859536170959473  0.043921737975790485  0.00801897555139058
7.859536170959473  7.872011661529541  0.03847762918218433  0.007546083924490196
7.872011661529541  7.88452672958374  0.02805101320213977  0.006562448378747044
7.88452672958374  7.897081851959229  0.02721328424979369  0.006414232610462062
7.897081851959229  7.909677028656007  0.019864892354022425  0.005509529843384646
7.909677028656007  7.922312259674072  0.041704799284961576  0.008026092364557293
7.922312259674072  7.934988021850586  0.020299464800270107  0.0056300585539884795
7.934988021850586  7.947704315185547  0.036309250636101895  0.007571002121238255
7.947704315185547  7.960461139678956  0.036711837213623894  0.007654947225557498
7.960461139678956  7.973259449005127  0.03227874862456938  0.0072177476153164975
7.973259449005127  7.986098766326904  0.03426601352189035  0.0074774571775449
7.986098766326904  7.998979568481445  0.02638500625203859  0.006596251563009648
7.998979568481445  8.01190185546875  0.03331134972925179  0.007448644241687621
8.01190185546875  8.024866104125977  0.0453896876774313  0.008735249466332666
8.024866104125977  8.037872314453125  0.040497864664971156  0.008330752184671423
8.037872314453125  8.050921440124512  0.029097591681482536  0.00705720258552037
8.050921440124512  8.06401252746582  0.024193222915364906  0.006465910802224549
8.06401252746582  8.077145576477051  0.031418544011820024  0.007405421841921978
8.077145576477051  8.090322494506836  0.03526904943046974  0.007886399202833058
8.090322494506836  8.103541374206543  0.044317360167949106  0.008929500568594867
8.103541374206543  8.116804122924805  0.04497718406511191  0.008995436813022381
8.116804122924805  8.130110740661621  0.02905696627197241  0.0072642415679931025
8.130110740661621  8.143460273742676  0.03642849412030043  0.008221596939607154
8.143460273742676  8.156854629516602  0.048087150698685736  0.009430666144833672
8.156854629516602  8.170291900634766  0.022396744150606475  0.0064653831321619115
8.170291900634766  8.183774948120117  0.035782975119674834  0.008209177497152255
8.183774948120117  8.197301864624023  0.04726758759527854  0.009523941604567826
8.197301864624023  8.210873603820801  0.045998795480362786  0.009389464809127487
8.210873603820801  8.224490165710449  0.04252254861131102  0.009065837825197778
8.224490165710449  8.238151550292969  0.02533515211447673  0.007026706924648135
8.238151550292969  8.251859664916992  0.03143826653612277  0.007859566634030693
8.251859664916992  8.265612602233887  0.03368105835522949  0.008168856540070791
8.265612602233887  8.279411315917969  0.04994527986677715  0.009989055973355431
8.279411315917969  8.293256759643555  0.034240271896531484  0.008304485745839248
8.293256759643555  8.307147979736328  0.036539330191049005  0.008612402719368365
8.307147979736328  8.321085929870605  0.04270258701202555  0.009401180787071679
8.321085929870605  8.335071563720703  0.04508728075748748  0.009694065575276176
8.335071563720703  8.349102973937988  0.03945249030974663  0.009051022017431751
8.349102973937988  8.36318302154541  0.035557359581799716  0.008623926430813438
8.36318302154541  8.377309799194336  0.0376569805025481  0.008967832760684035
8.377309799194336  8.391484260559082  0.023336782301053426  0.007036304609709175
8.391484260559082  8.405707359313965  0.021370437825853607  0.006757925812471417
8.405707359313965  8.419979095458984  0.04091391688255683  0.009386296267130941
8.419979095458984  8.434298515319824  0.03011668454655819  0.008156481288708366
8.434298515319824  8.448666572570801  0.03499992760904635  0.008749981902261587
8.448666572570801  8.46308422088623  0.028658527506120655  0.007948445415585627
8.46308422088623  8.477551460266113  0.028605900077150182  0.008047989924074347
8.477551460266113  8.492067337036133  0.03358751098736014  0.008672258046306962
8.492067337036133  8.506633758544922  0.03838021944082847  0.009308570511112951
8.506633758544922  8.521249771118164  0.022772207274640882  0.007201204233732071
8.521249771118164  8.535916328430176  0.024988242125876522  0.0076625434169482
8.535916328430176  8.550633430480957  0.018540527187352055  0.006555066250475093
8.550633430480957  8.565401077270508  0.04206188225680851  0.009914080724419806
8.565401077270508  8.580220222473145  0.030610565359178356  0.008489843305650717
8.580220222473145  8.595090866088867  0.023712195578226458  0.007498454635056895
8.595090866088867  8.610013008117676  0.03580458542304292  0.009244704204087071
8.610013008117676  8.62498664855957  0.03363620886656278  0.008989654954903271
8.62498664855957  8.640012741088867  0.040516981699619786  0.010044044645203627
8.640012741088867  8.655091285705566  0.02922145635278451  0.008435507845696518
8.655091285705566  8.670223236083984  0.01962150670297135  0.00693725022338417
8.670223236083984  8.685406684875488  0.037067487545729284  0.009570784130024025
8.685406684875488  8.700644493103027  0.037352325003190974  0.009644328845299036
8.700644493103027  8.715935707092285  0.030111271715398704  0.008692375415263702
8.715935707092285  8.731280326843262  0.027812747836569007  0.008385858996606207
8.731280326843262  8.746679306030273  0.020384446177165522  0.007206990061302969
8.746679306030273  8.762133598327637  0.023114928472332485  0.007704976157444162
8.762133598327637  8.777641296386719  0.03591968762285633  0.009728104683606664
8.777641296386719  8.793204307556152  0.03651253653373508  0.009758385859378806
8.793204307556152  8.808823585510254  0.028898051641426975  0.008713090406084296
8.808823585510254  8.824497222900391  0.039370265083014035  0.010291955192444184
8.824497222900391  8.840227127075195  0.0183359278993793  0.0071169039068194485
8.840227127075195  8.856013298034668  0.02149298234736843  0.007598916782873489
8.856013298034668  8.871855735778809  0.024359319457860705  0.008119773152620236
8.871855735778809  8.887755393981934  0.0354504893905061  0.009832196710597069
8.887755393981934  8.903711318969727  0.021987230168312083  0.007773659775761455
8.903711318969727  8.91972541809082  0.0304835425680293  0.009191133907180007
8.91972541809082  8.935796737670898  0.04751830738753874  0.011524882382905307
8.935796737670898  8.951927185058594  0.036658643444285974  0.010167278355948068
8.951927185058594  8.968114852905273  0.033791343905979744  0.009906864026714091
8.968114852905273  8.98436164855957  0.025486854843585822  0.00867285671852466
8.98436164855957  9.000666618347168  0.043467220986946414  0.011223188199224066
9.000666618347168  9.017031669616699  0.04057921489638634  0.010990041300899991
9.017031669616699  9.033455848693848  0.03245425173246339  0.009785325077120252
9.033455848693848  9.04994010925293  0.026784421747831706  0.008928140582610569
9.04994010925293  9.066485404968262  0.03602523620213813  0.010399589909462149
9.066485404968262  9.083090782165527  0.045448106788045874  0.011734650713783863
9.083090782165527  9.099757194519043  0.05203501323940029  0.012620344459791811
9.099757194519043  9.116484642028809  0.021678220198535  0.008193597073117266
9.116484642028809  9.133273124694824  0.021979974643302667  0.008307649532812071
9.133273124694824  9.150124549865723  0.02876072818483042  0.009586909394943473
9.150124549865723  9.167037963867188  0.0327042751030343  0.010341999855032629
9.167037963867188  9.184013366699219  0.026950960633000093  0.009528603511543027
9.184013366699219  9.201052665710449  0.04531305105263695  0.01256757915523077
9.201052665710449  9.218154907226562  0.021604408511957093  0.008819962841489414
9.218154907226562  9.235321044921875  0.029519749042194083  0.010436807363330265
9.235321044921875  9.252551078796387  0.011219893557271883  0.006477808565569869
9.252551078796387  9.269845962524414  0.041283839509916244  0.012447545959967448
9.269845962524414  9.287204742431641  0.04495588497977496  0.012977646147365463
9.287204742431641  9.304629325866699  0.022447018708021786  0.009163957013560245
9.304629325866699  9.322118759155273  0.02623986407424489  0.009917736396655724
9.322118759155273  9.339674949645996  0.022597627409443502  0.009225442758444643
9.339674949645996  9.357296943664551  0.022748801615082984  0.009287159369459194
9.357296943664551  9.374985694885254  0.022942407305165984  0.009366198561459656
9.374985694885254  9.392741203308105  0.03473754423319327  0.011579181411064425
9.392741203308105  9.410564422607422  0.023380207095615245  0.009544929577476003
9.410564422607422  9.428455352783203  0.04328273781209175  0.013050236474730593
9.428455352783203  9.446413993835449  0.0397461122622023  0.012568824288530683
9.446413993835449  9.464441299438477  0.016068959202667172  0.008034479601333586
9.464441299438477  9.482538223266602  0.03657121341943831  0.012190404473146102
9.482538223266602  9.500703811645508  0.020565020033042492  0.009196956550505597
9.500703811645508  9.518939018249512  0.04582374324471386  0.013816378439299889
9.518939018249512  9.53724479675293  0.021112753245326826  0.009441910289746015
9.53724479675293  9.555621147155762  0.021420307638167192  0.009579452795579962
9.555621147155762  9.574068069458008  0.03915128984454673  0.013050429948182243
9.574068069458008  9.592586517333984  0.030936422132118977  0.011692868487957343
9.592586517333984  9.611177444458008  0.06288348792167608  0.016806319077732088
9.611177444458008  9.629839897155762  0.022272939752297827  0.010338683406746369
9.629839897155762  9.648574829101562  0.03253177706197238  0.01229585597328206
9.648574829101562  9.667383193969727  0.03785848849515496  0.013384996970198484
9.667383193969727  9.686264038085938  0.028940120306563677  0.011814754640973148
9.686264038085938  9.705220222473145  0.01476215503761236  0.008522934184784486
9.705220222473145  9.724249839782715  0.019474152366675893  0.010201581483510304
9.724249839782715  9.743354797363281  0.020527109466412504  0.010263554733206252
9.743354797363281  9.762534141540527  0.02621885295059301  0.011725427497919383
9.762534141540527  9.781789779663086  0.032164933992528434  0.01313127931533273
9.781789779663086  9.801121711730957  0.03291346991050256  0.013436867824196464
9.801121711730957  9.820529937744141  0.02810348422673489  0.012568260227114466
9.820529937744141  9.840014457702637  0.03390312552004013  0.014276814026438808
9.840014457702637  9.859577178955078  0.035597492377758146  0.014532615408020155
9.859577178955078  9.879218101501465  0.03054970625902064  0.013662243977564192
9.879218101501465  9.898937225341797  0.06297817796199956  0.019915448524733977
9.898937225341797  9.918734550476074  0.032470253212305254  0.014521138685869092
9.918734550476074  9.93861198425293  0.040188598608190865  0.016406926677932303
9.93861198425293  9.958569526672363  0.03454837564531343  0.015450503291023798
9.958569526672363  9.978606224060059           0.0  0.007128678247487685
9.978606224060059  9.998724937438965  0.022075293318790164  0.012745176540043448
9.998724937438965  10.01892375946045  0.015209574809142814  0.010754793486508974
10.01892375946045  10.039205551147461  0.03148643109654609  0.015743215548273046
10.039205551147461  10.059568405151367  0.03263545130017981  0.016317725650089904
10.059568405151367  10.080015182495117  0.01693352256331751  0.01197380863389722
10.080015182495117  10.100544929504395  0.008800252596935341  0.008800252596935341
10.100544929504395  10.1211576461792  0.018326411796027835  0.012958730055788419
10.1211576461792  10.141855239868164  0.06688822485193127  0.0252813726566829
10.141855239868164  10.162637710571289  0.018722058634755633  0.01453995400955839
10.162637710571289  10.18350601196289  0.010433436694552097  0.010433436694552097
10.18350601196289  10.204460144042969  0.04371714748048316  0.02185857374024158
10.204460144042969  10.225500106811523  0.05734159539242466  0.025643941047150055
10.225500106811523  10.246626853942871  0.06023586170327673  0.026938296290360608
10.246626853942871  10.267841339111328  0.08864393288926747  0.033504257379957283
10.267841339111328  10.289144515991211  0.03997129780664943  0.023077439548527746
10.289144515991211  10.310535430908203  0.028081129456088084  0.019856357061777193
10.310535430908203  10.332015037536621  0.044477745016200165  0.0256792380580507
10.332015037536621  10.353585243225098           0.0  0.015694216295447455
10.353585243225098  10.375246047973633  0.033320114875694404  0.023560879178518273
10.375246047973633  10.39699649810791  0.017726568754710098  0.017726568754710098
10.39699649810791  10.418839454650879  0.037785210915055774  0.02671817886659989
10.418839454650879  10.440773963928223  0.08068535373029521  0.04034267686514761
10.440773963928223  10.462800025939941           0.0  0.021594979507276284
10.462800025939941  10.484920501708984  0.02320480872384465  0.02320480872384465
10.484920501708984  10.507134437561033  0.025040111559721422  0.025040111559721422
10.507134437561033  10.52944278717041  0.05427872315403391  0.03838085321636465
10.52944278717041  10.55184555053711  0.02954225245632  0.02954225245632
10.55184555053711  10.574344635009766  0.06459436435350732  0.04567511306079963
10.574344635009766  10.596939086914062  0.070829927879611  0.05008432231462704
10.596939086914062  10.619630813598633           0.0  0.03874408161065636
10.619630813598633  10.642419815063477  0.041963569692396445  0.041963569692396445
10.642419815063477  10.665306091308594           0.0  0.044861255576652506
10.665306091308594  10.688291549682617           0.0  0.04745701903200917
10.688291549682617  10.711377143859863  0.04994726304881279  0.04994726304881279
10.711377143859863  10.734561920166016  0.05267590202799258  0.05267590202799258
10.734561920166016  10.757846832275389           0.0  0.05592606977410571
10.757846832275389  10.781233787536623           0.0  0.05973506135205975
10.781233787536623  10.80472183227539           0.0  0.06399126835207182
10.80472183227539  10.828312873840332  0.06860534613208914  0.06860534613208914
10.828312873840332  10.852007865905762  0.07357073718565214  0.07357073718565214
10.852007865905762  10.875805854797363  0.07891384605228928  0.07891384605228928
10.875805854797363  10.89970874786377           0.0  0.08468459172461276
10.89970874786377  10.92371654510498           0.0  0.09097990794312308
10.92371654510498  10.947831153869629  0.09796000730813718  0.09796000730813718
10.947831153869629  10.972051620483398           0.0  0.10585768693293683
10.972051620483398  10.996379852294922           0.0  0.11497742250443849
10.996379852294922  11.020816802978516           0.0  0.12572518305998
11.020816802978516  11.045361518859862           0.0  0.13866360924386137
11.045361518859862  11.070016860961914           0.0  0.15453990118155314
11.070016860961914  11.094781875610352           0.0  0.17421899787258954
11.094781875610352  11.119657516479492           0.0  0.1985605933102106
11.119657516479492  11.144645690917969           0.0  0.22810454341254885
11.144645690917969  11.169746398925781           0.0  0.26154640113972716
11.169746398925781  11.194960594177244           0.0  0.2966729517807974
11.194960594177244  11.220288276672363           0.0  0.3275524930169826
11.220288276672363  11.245731353759767           0.0  0.3450481052086774
11.245731353759767  11.271289825439453           0.0  0.3479234592223103
11.271289825439453  11.296964645385742           0.0  0.34460466487032204
11.296964645385742  11.32275676727295           0.0  0.34307317188028164
11.32275676727295  11.34866714477539           0.0  0.3457019804294991
11.34866714477539  11.374695777893066           0.0  0.351610902445004
11.374695777893066  11.40084457397461           0.0  0.36060953353446856
11.40084457397461  11.42711353302002           0.0  0.37246958232351157
11.42711353302002  11.45350456237793           0.0  0.3868283050242033
11.45350456237793  11.48001766204834           0.0  0.40342248775246936
11.48001766204834  11.506652832031248           0.0  0.4219032783834257
11.506652832031248  11.53341293334961           0.0  0.4422979640349083
11.53341293334961  11.560297012329102           0.0  0.464969936755248
11.560297012329102  11.587306976318361           0.0  0.4898576896758262
11.587306976318361  11.6144437789917           0.0  0.5169650231560188
11.6144437789917  11.641707420349121           0.0  0.546797454850749
11.641707420349121  11.669099807739258           0.0  0.5798739892229769
11.669099807739258  11.69662094116211           0.0  0.6162880282662987
11.69662094116211  11.724272727966309           0.0  0.6565598590424871
11.724272727966309  11.752055168151855           0.0  0.7015199295200364
11.752055168151855  11.779970169067383           0.0  0.7513481412614853
11.779970169067383  11.80801773071289           0.0  0.8059420886619005
11.80801773071289  11.836198806762695           0.0  0.8662996581690303
11.836198806762695  11.86451530456543           0.0  0.9338836264494854
11.86451530456543  11.892967224121092           0.0  1.0092986441010088
11.892967224121092  11.92155647277832           0.0  1.093222731976359
11.92155647277832  11.95028305053711           0.0  1.1877899484839736
11.95028305053711  11.979147911071777           0.0  1.2959133115278274
11.979147911071777  12.008153915405272           0.0  1.4198285962320136
12.008153915405272  12.037299156188965           0.0  1.5610513845043625
12.037299156188965  12.066587448120117           0.0  1.7219226426961376
12.066587448120117  12.096017837524412           0.0  1.9065625234236876
12.096017837524412  12.125593185424805           0.0  2.120817075925636
12.125593185424805  12.155312538146973           0.0  2.371925278284898
12.155312538146973  12.18517780303955           0.0  2.667956133608185
12.18517780303955  12.21519088745117           0.0  3.0175321188481132
12.21519088745117  12.245351791381834           0.0  3.4283287908524245
12.245351791381834  12.275662422180176           0.0  3.905734177229338
12.275662422180176  12.306122779846193           0.0  4.470488563817806
12.306122779846193  12.336734771728516           0.0  5.199794696143534
12.336734771728516  12.367499351501463           0.0  6.147982507931368
12.367499351501463  12.398418426513672           0.0  7.810946135120588
