# Plot Type : plot_data 
# 
# X-axis    : \frEnergy (keV) 
# Y-Axis    : \frCounts s\u-1\d keV\u-1\d 
# Residual  : NONE 
# 
# Index-   1,  Model Plotted-       no,  Data File: heg_-1.pha/part=1/order=-1,   Scale: 1.0000e+00 
# 
# Background included in data and model-    no 
# 
# XAXIS_COLS   :   1 set  (X 2 columns - bin_lo, bin_hi)
# DATA_COLS    :   1 set  (X 2 columns - Data, Error)
# 
#         X_LO          X_HI    DATA_VALUE    DATA_ERROR
0.5772075653076172  0.5772747397422791           0.0  0.9438517556579985
0.5772747397422791  0.5773419737815857           0.0  0.9430150076476636
0.5773419737815857  0.5774091482162476           0.0  0.9438517556579985
0.5774091482162476  0.577476441860199           0.0  0.9421797419190119
0.577476441860199  0.5775436758995056           0.0  0.9430150076476636
0.5775436758995056  0.5776109099388123           0.0  0.9430150076476636
0.5776109099388123  0.5776782035827637           0.0  0.9421797419190119
0.5776782035827637  0.5777454972267151           0.0  0.9421797419190119
0.5777454972267151  0.5778127908706665           0.0  0.9421797419190119
0.5778127908706665  0.5778801441192627           0.0  0.9413459545367826
0.5778801441192627  0.5779474973678589           0.0  0.9413459545367826
0.5779474973678589  0.5780148506164551           0.0  0.9413459545367826
0.5780148506164551  0.5780822038650513           0.0  0.9413459545367826
0.5780822038650513  0.5781496167182922           0.0  0.9405136415796326
0.5781496167182922  0.5782170295715332           0.0  0.9405136415796326
0.5782170295715332  0.5782844424247742           0.0  0.9405136415796326
0.5782844424247742  0.5783519148826599           0.0  0.9396827991400746
0.5783519148826599  0.5784193277359009           0.0  0.9405136415796326
0.5784193277359009  0.5784868001937866           0.0  0.9396827991400746
0.5784868001937866  0.5785542726516724           0.0  0.9396827991400746
0.5785542726516724  0.5786218047142029           0.0  0.9388534233244169
0.5786218047142029  0.5786893367767334           0.0  0.9388534233244169
0.5786893367767334  0.5787568688392639           0.0  0.9388534233244169
0.5787568688392639  0.5788244009017944           0.0  0.9388534233244169
0.5788244009017944  0.578891932964325           0.0  0.9388534233244169
0.578891932964325  0.5789595246315002           0.0  0.9380255102527024
0.5789595246315002  0.5790271162986755           0.0  0.9380255102527024
0.5790271162986755  0.5790947675704956           0.0  0.9371990560586471
0.5790947675704956  0.5791623592376709           0.0  0.9380255102527024
0.5791623592376709  0.579230010509491           0.0  0.9371990560586471
0.579230010509491  0.579297661781311           0.0  0.9371990560586471
0.579297661781311  0.5793653726577759           0.0  0.9363740568895813
0.5793653726577759  0.5794330239295959           0.0  0.9371990560586471
0.5794330239295959  0.5795007348060608           0.0  0.9363740568895813
0.5795007348060608  0.5795684456825256           0.0  0.9363740568895813
0.5795684456825256  0.5796362161636353           0.0  0.935550508906389
0.5796362161636353  0.5797039866447449           0.0  0.935550508906389
0.5797039866447449  0.5797717571258545           0.0  0.935550508906389
0.5797717571258545  0.5798395276069641           0.0  0.935550508906389
0.5798395276069641  0.5799072980880737           0.0  0.935550508906389
0.5799072980880737  0.5799751281738281           0.0  0.9347284082834485
0.5799751281738281  0.5800429582595825           0.0  0.9347284082834485
0.5800429582595825  0.5801108479499817           0.0  0.9339077512085728
0.5801108479499817  0.5801786780357361           0.0  0.9347284082834485
0.5801786780357361  0.5802465677261353           0.0  0.9339077512085728
0.5802465677261353  0.5803144574165344           0.0  0.9339077512085728
0.5803144574165344  0.5803824067115784           0.0  0.9330885338829513
0.5803824067115784  0.5804502964019775           0.0  0.9339077512085728
0.5804502964019775  0.5805182456970215           0.0  0.9330885338829513
0.5805182456970215  0.5805861949920654           0.0  0.9330885338829513
0.5805861949920654  0.5806542038917542           0.0  0.9322707525210907
0.5806542038917542  0.5807221531867981           0.0  0.9330885338829513
0.5807221531867981  0.5807901620864868           0.0  0.9322707525210907
0.5807901620864868  0.5808582305908203           0.0  0.9314544033507569
0.5808582305908203  0.580926239490509           0.0  0.9322707525210907
0.580926239490509  0.5809943079948425           0.0  0.9314544033507569
0.5809943079948425  0.581062376499176           0.0  0.9314544033507569
0.581062376499176  0.5811304450035095           0.0  0.9314544033507569
0.5811304450035095  0.5811985731124878           0.0  0.9306394826129173
0.5811985731124878  0.5812667012214661           0.0  0.9306394826129173
0.5812667012214661  0.5813348293304443           0.0  0.9306394826129173
0.5813348293304443  0.5814029574394226           0.0  0.9306394826129173
0.5814029574394226  0.5814711451530457           0.0  0.9298259865616822
0.5814711451530457  0.5815393328666687           0.0  0.9298259865616822
0.5815393328666687  0.5816075205802917           0.0  0.9298259865616822
0.5816075205802917  0.5816757678985596           0.0  0.9290139114642484
0.5816757678985596  0.5817439556121826           0.0  0.9298259865616822
0.5817439556121826  0.5818122029304504           0.0  0.9290139114642484
0.5818122029304504  0.581880509853363           0.0  0.9282032536008414
0.581880509853363  0.5819487571716309           0.0  0.9290139114642484
0.5819487571716309  0.5820170640945435           0.0  0.9282032536008414
0.5820170640945435  0.5820853710174561           0.0  0.9282032536008414
0.5820853710174561  0.5821536779403687           0.0  0.9282032536008414
0.5821536779403687  0.582222044467926           0.0  0.9273940092646594
0.582222044467926  0.5822904109954834           0.0  0.9273940092646594
0.5822904109954834  0.5823587775230408           0.0  0.9273940092646594
0.5823587775230408  0.5824272036552429           0.0  0.9265861747618157
0.5824272036552429  0.5824955701828003           0.0  0.9273940092646594
0.5824955701828003  0.5825639963150024           0.0  0.9265861747618157
0.5825639963150024  0.5826324224472046           0.0  0.9265861747618157
0.5826324224472046  0.5827009081840515           0.0  0.9257797464112831
0.5827009081840515  0.5827693939208984           0.0  0.9257797464112831
0.5827693939208984  0.5828378796577454           0.0  0.9257797464112831
0.5828378796577454  0.5829063653945923           0.0  0.9257797464112831
0.5829063653945923  0.582974910736084           0.0  0.9249747205448385
0.582974910736084  0.5830434560775757           0.0  0.9249747205448385
0.5830434560775757  0.5831120014190674           0.0  0.9249747205448385
0.5831120014190674  0.5831805467605591           0.0  0.9249747205448385
0.5831805467605591  0.5832491517066956           0.0  0.9241710935070063
0.5832491517066956  0.583317756652832           0.0  0.9241710935070063
0.583317756652832  0.5833863615989685           0.0  0.9241710935070063
0.5833863615989685  0.583454966545105           0.0  0.9241710935070063
0.583454966545105  0.5835236310958862           0.0  0.9233688616550036
0.5835236310958862  0.5835922956466675           0.0  0.9233688616550036
0.5835922956466675  0.5836609601974487           0.0  0.9233688616550036
0.5836609601974487  0.5837296843528748           0.0  0.9225680213586855
0.5837296843528748  0.5837984085083008           0.0  0.9225680213586855
0.5837984085083008  0.5838671326637268           0.0  0.9225680213586855
0.5838671326637268  0.5839358568191528           0.0  0.9225680213586855
0.5839358568191528  0.5840046405792236           0.0  0.9217685690004892
0.5840046405792236  0.5840734243392944           0.0  0.9217685690004892
0.5840734243392944  0.5841422080993652           0.0  0.9217685690004892
0.5841422080993652  0.5842110514640808           0.0  0.9209705009753805
0.5842110514640808  0.5842798352241516           0.0  0.9217685690004892
0.5842798352241516  0.5843486785888672           0.0  0.9209705009753805
0.5843486785888672  0.5844175815582275           0.0  0.9201738136907998
0.5844175815582275  0.5844864249229431           0.0  0.9209705009753805
0.5844864249229431  0.5845553278923035           0.0  0.9201738136907998
0.5845553278923035  0.5846242308616638           0.0  0.9201738136907998
0.5846242308616638  0.5846931934356689           0.0  0.9193785035666071
0.5846931934356689  0.5847620964050293           0.0  0.9201738136907998
0.5847620964050293  0.5848310589790344           0.0  0.9193785035666071
0.5848310589790344  0.5849000215530396           0.0  0.9193785035666071
0.5849000215530396  0.5849690437316895           0.0  0.9185845670350297
0.5849690437316895  0.5850380063056946           0.0  0.9193785035666071
0.5850380063056946  0.5851070880889893           0.0  0.9177920005406078
0.5851070880889893  0.5851761102676392           0.0  0.9185845670350297
0.5851761102676392  0.5852451324462891           0.0  0.9185845670350297
0.5852451324462891  0.5853142142295837           0.0  0.9177920005406078
0.5853142142295837  0.5853832960128784           0.0  0.9177920005406078
0.5853832960128784  0.5854524374008179           0.0  0.9170008005401418
0.5854524374008179  0.5855215191841125           0.0  0.9177920005406078
0.5855215191841125  0.585590660572052           0.0  0.9170008005401418
0.585590660572052  0.5856598019599915           0.0  0.9170008005401418
0.5856598019599915  0.5857290029525757           0.0  0.9162109635026394
0.5857290029525757  0.5857982039451599           0.0  0.9162109635026394
0.5857982039451599  0.5858674049377441           0.0  0.9162109635026394
0.5858674049377441  0.5859366059303284           0.0  0.9162109635026394
0.5859366059303284  0.5860058665275574           0.0  0.9154224859092637
0.5860058665275574  0.5860750675201416           0.0  0.9162109635026394
0.5860750675201416  0.5861443877220154           0.0  0.9146353642532797
0.5861443877220154  0.5862136483192444           0.0  0.9154224859092637
0.5862136483192444  0.5862829685211182           0.0  0.9146353642532797
0.5862829685211182  0.5863522887229919           0.0  0.9146353642532797
0.5863522887229919  0.5864216089248657           0.0  0.9146353642532797
0.5864216089248657  0.5864909291267395           0.0  0.9146353642532797
0.5864909291267395  0.5865603089332581           0.0  0.9138495950400037
0.5865603089332581  0.5866296887397766           0.0  0.9138495950400037
0.5866296887397766  0.5866990685462952           0.0  0.9138495950400037
0.5866990685462952  0.5867685079574585           0.0  0.9130651747867504
0.5867685079574585  0.5868379473686218           0.0  0.9130651747867504
0.5868379473686218  0.5869073867797852           0.0  0.9130651747867504
0.5869073867797852  0.5869768261909485           0.0  0.9130651747867504
0.5869768261909485  0.5870463252067566           0.0  0.9122821000227824
0.5870463252067566  0.5871158242225647           0.0  0.9122821000227824
0.5871158242225647  0.5871853232383728           0.0  0.9122821000227824
0.5871853232383728  0.5872548818588257           0.0  0.9115003672892581
0.5872548818588257  0.5873244404792786           0.0  0.9115003672892581
0.5873244404792786  0.5873939990997314           0.0  0.9115003672892581
0.5873939990997314  0.5874635577201843           0.0  0.9115003672892581
0.5874635577201843  0.587533175945282           0.0  0.910719973139182
0.587533175945282  0.5876027941703796           0.0  0.910719973139182
0.5876027941703796  0.5876724123954773           0.0  0.910719973139182
0.5876724123954773  0.587742030620575           0.0  0.910719973139182
0.587742030620575  0.5878117084503174           0.0  0.909940914137352
0.5878117084503174  0.5878813862800598           0.0  0.909940914137352
0.5878813862800598  0.5879510641098022           0.0  0.909940914137352
0.5879510641098022  0.5880208015441895           0.0  0.9091631868603115
0.5880208015441895  0.5880905389785767           0.0  0.9091631868603115
0.5880905389785767  0.5881602764129639           0.0  0.9091631868603115
0.5881602764129639  0.5882300138473511           0.0  0.9091631868603115
0.5882300138473511  0.5882998108863831           0.0  0.9083867878962976
0.5882998108863831  0.588369607925415           0.0  0.9083867878962976
0.588369607925415  0.588439404964447           0.0  0.9083867878962976
0.588439404964447  0.5885092616081238           0.0  0.9076117138451915
0.5885092616081238  0.5885791182518005           0.0  0.9076117138451915
0.5885791182518005  0.5886489748954773           0.0  0.9076117138451915
0.5886489748954773  0.5887188315391541           0.0  0.9076117138451915
0.5887188315391541  0.5887887477874756           0.0  0.9068379613184693
0.5887887477874756  0.5888586640357971           0.0  0.9068379613184693
0.5888586640357971  0.5889285802841187           0.0  0.9068379613184693
0.5889285802841187  0.5889984965324402           0.0  0.9068379613184693
0.5889984965324402  0.5890684723854065           0.0  0.906065526939152
0.5890684723854065  0.5891384482383728           0.0  0.906065526939152
0.5891384482383728  0.5892084240913391           0.0  0.906065526939152
0.5892084240913391  0.5892784595489502           0.0  0.9052944073417569
0.5892784595489502  0.5893484950065613           0.0  0.9052944073417569
0.5893484950065613  0.5894185304641724           0.0  0.9052944073417569
0.5894185304641724  0.5894885659217834           0.0  0.9052944073417569
0.5894885659217834  0.5895586609840393           0.0  0.9045245991722487
0.5895586609840393  0.5896287560462952           0.0  0.9045245991722487
0.5896287560462952  0.589698851108551           0.0  0.9045245991722487
0.589698851108551  0.5897690057754517           0.0  0.9037560990879902
0.5897690057754517  0.5898391604423523           0.0  0.9037560990879902
0.5898391604423523  0.5899093151092529           0.0  0.9037560990879902
0.5899093151092529  0.5899794697761536           0.0  0.9037560990879902
0.5899794697761536  0.590049684047699           0.0  0.9029889037576947
0.590049684047699  0.5901198983192444           0.0  0.9029889037576947
0.5901198983192444  0.5901901125907898           0.0  0.9029889037576947
0.5901901125907898  0.5902603268623352           0.0  0.9029889037576947
0.5902603268623352  0.5903306007385254           0.0  0.9022230098613778
0.5903306007385254  0.5904008746147156           0.0  0.9022230098613778
0.5904008746147156  0.5904712080955505           0.0  0.9014584140903087
0.5904712080955505  0.5905414819717407           0.0  0.9022230098613778
0.5905414819717407  0.5906118154525757           0.0  0.9014584140903087
0.5906118154525757  0.5906821489334106           0.0  0.9014584140903087
0.5906821489334106  0.5907525420188904           0.0  0.9006951131469638
0.5907525420188904  0.5908228754997253           0.0  0.9014584140903087
0.5908228754997253  0.5908932685852051           0.0  0.9006951131469638
0.5908932685852051  0.5909637212753296           0.0  0.8999331037449783
0.5909637212753296  0.5910341143608093           0.0  0.9006951131469638
0.5910341143608093  0.5911045670509338           0.0  0.8999331037449783
0.5911045670509338  0.5911750197410583           0.0  0.8999331037449783
0.5911750197410583  0.5912455320358276           0.0  0.8991723826090994
0.5912455320358276  0.5913160443305969           0.0  0.8991723826090994
0.5913160443305969  0.5913865566253662           0.0  0.8991723826090994
0.5913865566253662  0.5914570689201355           0.0  0.8991723826090994
0.5914570689201355  0.5915275812149048           0.0  0.8991723826090994
0.5915275812149048  0.5915981531143188           0.0  0.8984129464751389
0.5915981531143188  0.5916687250137329           0.0  0.8984129464751389
0.5916687250137329  0.5917393565177917           0.0  0.8976547920899278
0.5917393565177917  0.5918099284172058           0.0  0.8984129464751389
0.5918099284172058  0.5918805599212646           0.0  0.8976547920899278
0.5918805599212646  0.5919512510299683           0.0  0.8968979162112685
0.5919512510299683  0.5920218825340271           0.0  0.8976547920899278
0.5920218825340271  0.5920925736427307           0.0  0.8968979162112685
0.5920925736427307  0.5921632647514343           0.0  0.8968979162112685
0.5921632647514343  0.5922340154647827           0.0  0.8961423156078892
0.5922340154647827  0.5923047065734863           0.0  0.8968979162112685
0.5923047065734863  0.5923754572868347           0.0  0.8961423156078892
0.5923754572868347  0.5924462080001831           0.0  0.8961423156078892
0.5924462080001831  0.5925170183181763           0.0  0.8953879870593976
0.5925170183181763  0.5925878286361694           0.0  0.8953879870593976
0.5925878286361694  0.5926586389541626           0.0  0.8953879870593976
0.5926586389541626  0.5927294492721558           0.0  0.8953879870593976
0.5927294492721558  0.5928003191947937           0.0  0.8946349273562358
0.5928003191947937  0.5928711891174316           0.0  0.8946349273562358
0.5928711891174316  0.5929420590400696           0.0  0.8946349273562358
0.5929420590400696  0.5930129885673523           0.0  0.893883133299634
0.5930129885673523  0.5930838584899902           0.0  0.8946349273562358
0.5930838584899902  0.5931547880172729           0.0  0.893883133299634
0.5931547880172729  0.5932257771492004           0.0  0.8931326017015654
0.5932257771492004  0.5932967662811279           0.0  0.8931326017015654
0.5932967662811279  0.5933676958084106           0.0  0.893883133299634
0.5933676958084106  0.5934387445449829           0.0  0.8923833293847017
0.5934387445449829  0.5935097336769104           0.0  0.8931326017015654
0.5935097336769104  0.5935807824134827           0.0  0.8923833293847017
0.5935807824134827  0.5936518311500549           0.0  0.8923833293847017
0.5936518311500549  0.5937228798866272           0.0  0.8923833293847017
0.5937228798866272  0.5937939882278442           0.0  0.8916353131823674
0.5937939882278442  0.5938650965690613           0.0  0.8916353131823674
0.5938650965690613  0.5939362049102783           0.0  0.8916353131823674
0.5939362049102783  0.5940073728561401           0.0  0.8908885499384961
0.5940073728561401  0.594078540802002           0.0  0.8908885499384961
0.594078540802002  0.5941497087478638           0.0  0.8908885499384961
0.5941497087478638  0.5942208766937256           0.0  0.8908885499384961
0.5942208766937256  0.5942921042442322           0.0  0.8901430365075852
0.5942921042442322  0.5943633317947388           0.0  0.8901430365075852
0.5943633317947388  0.5944345593452454           0.0  0.8901430365075852
0.5944345593452454  0.594505786895752           0.0  0.8901430365075852
0.594505786895752  0.5945770740509033           0.0  0.8893987697546525
0.5945770740509033  0.5946483612060547           0.0  0.8893987697546525
0.5946483612060547  0.5947197079658508           0.0  0.8886557465551915
0.5947197079658508  0.5947909951210022           0.0  0.8893987697546525
0.5947909951210022  0.5948623418807983           0.0  0.8886557465551915
0.5948623418807983  0.5949336886405945           0.0  0.8886557465551915
0.5949336886405945  0.5950050950050354           0.0  0.887913963795129
0.5950050950050354  0.5950765013694763           0.0  0.887913963795129
0.5950765013694763  0.5951479077339172           0.0  0.887913963795129
0.5951479077339172  0.5952193140983582           0.0  0.887913963795129
0.5952193140983582  0.5952907800674438           0.0  0.8871734183707793
0.5952907800674438  0.5953622460365295           0.0  0.8871734183707793
0.5953622460365295  0.5954337120056152           0.0  0.8871734183707793
0.5954337120056152  0.5955052375793457           0.0  0.8864341071888038
0.5955052375793457  0.5955767035484314           0.0  0.8871734183707793
0.5955767035484314  0.5956482887268066           0.0  0.8856960271661652
0.5956482887268066  0.5957198143005371           0.0  0.8864341071888038
0.5957198143005371  0.5957913994789124           0.0  0.8856960271661652
0.5957913994789124  0.5958629846572876           0.0  0.8856960271661652
0.5958629846572876  0.5959345698356628           0.0  0.8856960271661652
0.5959345698356628  0.5960061550140381           0.0  0.8856960271661652
0.5960061550140381  0.5960777997970581           0.0  0.8849591752300868
0.5960777997970581  0.5961494445800781           0.0  0.8849591752300868
0.5961494445800781  0.5962211489677429           0.0  0.8842235483180088
0.5962211489677429  0.5962928533554077           0.0  0.8842235483180088
0.5962928533554077  0.5963645577430725           0.0  0.8842235483180088
0.5963645577430725  0.5964362621307373           0.0  0.8842235483180088
0.5964362621307373  0.5965079665184021           0.0  0.8842235483180088
0.5965079665184021  0.5965797305107117           0.0  0.8834891433775451
0.5965797305107117  0.5966514945030212           0.0  0.8834891433775451
0.5966514945030212  0.5967233180999756           0.0  0.8827559573664434
0.5967233180999756  0.5967951416969299           0.0  0.8827559573664434
0.5967951416969299  0.5968669652938843           0.0  0.8827559573664434
0.5968669652938843  0.5969387888908386           0.0  0.8827559573664434
0.5969387888908386  0.5970106720924377           0.0  0.8820239872525409
0.5970106720924377  0.5970824956893921           0.0  0.8827559573664434
0.5970824956893921  0.597154438495636           0.0  0.8812932300137235
0.597154438495636  0.5972263216972351           0.0  0.8820239872525409
0.5972263216972351  0.597298264503479           0.0  0.8812932300137235
0.597298264503479  0.5973702073097229           0.0  0.8812932300137235
0.5973702073097229  0.5974421501159668           0.0  0.8812932300137235
0.5974421501159668  0.5975141525268555           0.0  0.8805636826378844
0.5975141525268555  0.5975861549377441           0.0  0.8805636826378844
0.5975861549377441  0.5976581573486328           0.0  0.8805636826378844
0.5976581573486328  0.5977302193641663           0.0  0.8798353421228821
0.5977302193641663  0.5978022217750549           0.0  0.8805636826378844
0.5978022217750549  0.5978742837905884           0.0  0.8798353421228821
0.5978742837905884  0.5979464054107666           0.0  0.8791082054764994
0.5979464054107666  0.5980185270309448           0.0  0.8791082054764994
0.5980185270309448  0.598090648651123           0.0  0.8791082054764994
0.598090648651123  0.5981627702713013           0.0  0.8791082054764994
0.5981627702713013  0.5982348918914795           0.0  0.8791082054764994
0.5982348918914795  0.5983070731163025           0.0  0.8783822697164032
0.5983070731163025  0.5983792543411255           0.0  0.8783822697164032
0.5983792543411255  0.5984514951705933           0.0  0.8776575318701025
0.5984514951705933  0.5985236763954163           0.0  0.8783822697164032
0.5985236763954163  0.5985959768295288           0.0  0.8769339889749089
0.5985959768295288  0.5986682176589966           0.0  0.8776575318701025
0.5986682176589966  0.5987404584884644           0.0  0.8776575318701025
0.5987404584884644  0.5988127589225769           0.0  0.8769339889749089
0.5988127589225769  0.5988851189613342           0.0  0.8762116380778949
0.5988851189613342  0.5989574193954468           0.0  0.8769339889749089
0.5989574193954468  0.5990297794342041           0.0  0.8762116380778949
0.5990297794342041  0.5991021394729614           0.0  0.8762116380778949
0.5991021394729614  0.5991744995117188           0.0  0.8762116380778949
0.5991744995117188  0.5992469191551208           0.0  0.8754904762358555
0.5992469191551208  0.5993193387985229           0.0  0.8754904762358555
0.5993193387985229  0.599391758441925           0.0  0.8754904762358555
0.599391758441925  0.5994642376899719           0.0  0.8747705005152668
0.5994642376899719  0.599536657333374           0.0  0.8754904762358555
0.599536657333374  0.5996091961860657           0.0  0.874051707992247
0.5996091961860657  0.5996816754341125           0.0  0.8747705005152668
0.5996816754341125  0.5997542142868042           0.0  0.874051707992247
0.5997542142868042  0.5998267531394958           0.0  0.874051707992247
0.5998267531394958  0.5998992919921875           0.0  0.874051707992247
0.5998992919921875  0.5999718904495239           0.0  0.873334095752516
0.5999718904495239  0.6000444293022156           0.0  0.874051707992247
0.6000444293022156  0.6001170873641968           0.0  0.8726176608913572
0.6001170873641968  0.6001896858215332           0.0  0.873334095752516
0.6001896858215332  0.6002623438835144           0.0  0.8726176608913572
0.6002623438835144  0.6003350019454956           0.0  0.8726176608913572
0.6003350019454956  0.6004076600074768           0.0  0.8726176608913572
0.6004076600074768  0.6004803776741028           0.0  0.8719024005135774
0.6004803776741028  0.6005530953407288           0.0  0.8719024005135774
0.6005530953407288  0.6006258130073547           0.0  0.8719024005135774
0.6006258130073547  0.6006985902786255           0.0  0.8711883117334679
0.6006985902786255  0.6007713675498962           0.0  0.8711883117334679
0.6007713675498962  0.600844144821167           0.0  0.8711883117334679
0.600844144821167  0.6009169220924377           0.0  0.8711883117334679
0.6009169220924377  0.6009897589683533           0.0  0.8704753916747663
0.6009897589683533  0.6010625958442688           0.0  0.8704753916747663
0.6010625958442688  0.6011354327201843           0.0  0.8704753916747663
0.6011354327201843  0.6012083292007446           0.0  0.8697636374706168
0.6012083292007446  0.6012812256813049           0.0  0.8697636374706168
0.6012812256813049  0.6013541221618652           0.0  0.8697636374706168
0.6013541221618652  0.6014270186424255           0.0  0.8697636374706168
0.6014270186424255  0.6014999747276306           0.0  0.869053046263533
0.6014999747276306  0.6015729308128357           0.0  0.869053046263533
0.6015729308128357  0.6016459465026855           0.0  0.8683436152053586
0.6016459465026855  0.6017189025878906           0.0  0.869053046263533
0.6017189025878906  0.6017919182777405           0.0  0.8683436152053586
0.6017919182777405  0.6018649935722351           0.0  0.8676353414572302
0.6018649935722351  0.601938009262085           0.0  0.8683436152053586
0.601938009262085  0.6020110845565796           0.0  0.8676353414572302
0.6020110845565796  0.6020841598510742           0.0  0.8676353414572302
0.6020841598510742  0.6021572947502136           0.0  0.866928222189539
0.6021572947502136  0.602230429649353           0.0  0.866928222189539
0.602230429649353  0.6023035645484924           0.0  0.866928222189539
0.6023035645484924  0.6023766994476318           0.0  0.866928222189539
0.6023766994476318  0.602449893951416           0.0  0.8662222545818929
0.602449893951416  0.6025230884552002           0.0  0.8662222545818929
0.6025230884552002  0.6025962829589844           0.0  0.8662222545818929
0.6025962829589844  0.6026695370674133           0.0  0.8655174358230793
0.6026695370674133  0.6027427315711975           0.0  0.8662222545818929
0.6027427315711975  0.6028160452842712           0.0  0.8648137631110281
0.6028160452842712  0.6028892993927002           0.0  0.8655174358230793
0.6028892993927002  0.6029626131057739           0.0  0.8648137631110281
0.6029626131057739  0.6030359268188477           0.0  0.8648137631110281
0.6030359268188477  0.6031092405319214           0.0  0.8648137631110281
0.6031092405319214  0.6031826138496399           0.0  0.8641112336527738
0.6031826138496399  0.6032559871673584           0.0  0.8641112336527738
0.6032559871673584  0.6033293604850769           0.0  0.8641112336527738
0.6033293604850769  0.6034027934074402           0.0  0.8634098446644192
0.6034027934074402  0.6034762263298035           0.0  0.8634098446644192
0.6034762263298035  0.6035496592521667           0.0  0.8634098446644192
0.6035496592521667  0.60362309217453           0.0  0.8634098446644192
0.60362309217453  0.6036965847015381           0.0  0.8627095933710984
0.6036965847015381  0.6037700772285461           0.0  0.8627095933710984
0.6037700772285461  0.6038435697555542           0.0  0.8627095933710984
0.6038435697555542  0.603917121887207           0.0  0.8620104770069403
0.603917121887207  0.6039906740188599           0.0  0.8620104770069403
0.6039906740188599  0.6040642261505127           0.0  0.8620104770069403
0.6040642261505127  0.6041378378868103           0.0  0.8613124928150319
0.6041378378868103  0.6042114496231079           0.0  0.8613124928150319
0.6042114496231079  0.6042850613594055           0.0  0.8613124928150319
0.6042850613594055  0.6043586730957031           0.0  0.8613124928150319
0.6043586730957031  0.6044323444366455           0.0  0.8606156380473822
0.6044323444366455  0.6045060157775879           0.0  0.8606156380473822
0.6045060157775879  0.604579746723175           0.0  0.8599199099648863
0.604579746723175  0.6046534180641174           0.0  0.8606156380473822
0.6046534180641174  0.6047271490097046           0.0  0.8599199099648863
0.6047271490097046  0.6048008799552917           0.0  0.8599199099648863
0.6048008799552917  0.6048746705055237           0.0  0.8592253058372894
0.6048746705055237  0.6049484610557556           0.0  0.8592253058372894
0.6049484610557556  0.6050222516059875           0.0  0.8592253058372894
0.6050222516059875  0.6050961017608643           0.0  0.8585318229431512
0.6050961017608643  0.6051698923110962           0.0  0.8592253058372894
0.6051698923110962  0.6052437424659729           0.0  0.8585318229431512
0.6052437424659729  0.6053176522254944           0.0  0.8578394585698099
0.6053176522254944  0.6053915023803711           0.0  0.8585318229431512
0.6053915023803711  0.6054654121398926           0.0  0.8578394585698099
0.6054654121398926  0.6055393815040588           0.0  0.8571482100133476
0.6055393815040588  0.6056132912635803           0.0  0.8578394585698099
0.6056132912635803  0.6056872606277466           0.0  0.8571482100133476
0.6056872606277466  0.6057612299919128           0.0  0.8571482100133476
0.6057612299919128  0.6058352589607239           0.0  0.8564580745785543
0.6058352589607239  0.6059092879295349           0.0  0.8564580745785543
0.6059092879295349  0.6059833168983459           0.0  0.8564580745785543
0.6059833168983459  0.606057345867157           0.0  0.8564580745785543
0.606057345867157  0.6061314344406128           0.0  0.8557690495788934
0.6061314344406128  0.6062055230140686           0.0  0.8557690495788934
0.6062055230140686  0.6062796115875244           0.0  0.8557690495788934
0.6062796115875244  0.606353759765625           0.0  0.8550811323364667
0.606353759765625  0.6064279079437256           0.0  0.8550811323364667
0.6064279079437256  0.6065020561218262           0.0  0.8550811323364667
0.6065020561218262  0.6065762639045715           0.0  0.8543943201819796
0.6065762639045715  0.6066504716873169           0.0  0.8543943201819796
0.6066504716873169  0.6067246794700623           0.0  0.8543943201819796
0.6067246794700623  0.6067988872528076           0.0  0.8543943201819796
0.6067988872528076  0.6068731546401978           0.0  0.8537086104547066
0.6068731546401978  0.6069474220275879           0.0  0.8537086104547066
0.6069474220275879  0.607021689414978           0.0  0.8537086104547066
0.607021689414978  0.6070960164070129           0.0  0.8530240005024575
0.6070960164070129  0.6071703433990479           0.0  0.8530240005024575
0.6071703433990479  0.6072446703910828           0.0  0.8530240005024575
0.6072446703910828  0.6073190569877625           0.0  0.852340487681542
0.6073190569877625  0.6073934435844421           0.0  0.852340487681542
0.6073934435844421  0.6074678301811218           0.0  0.852340487681542
0.6074678301811218  0.6075422763824463           0.0  0.8516580693567369
0.6075422763824463  0.607616662979126           0.0  0.852340487681542
0.607616662979126  0.6076911687850952           0.0  0.8509767429012515
0.6076911687850952  0.6077656149864197           0.0  0.8516580693567369
0.6077656149864197  0.6078401207923889           0.0  0.8509767429012515
0.6078401207923889  0.6079146265983582           0.0  0.8509767429012515
0.6079146265983582  0.6079891324043274           0.0  0.8509767429012515
0.6079891324043274  0.6080636978149414           0.0  0.8502965056966941
0.6080636978149414  0.6081382632255554           0.0  0.8502965056966941
0.6081382632255554  0.6082128286361694           0.0  0.8502965056966941
0.6082128286361694  0.6082874536514282           0.0  0.8496173551330386
0.6082874536514282  0.608362078666687           0.0  0.8496173551330386
0.608362078666687  0.6084367036819458           0.0  0.8496173551330386
0.6084367036819458  0.6085113286972046           0.0  0.8496173551330386
0.6085113286972046  0.6085860133171082           0.0  0.8489392886085909
0.6085860133171082  0.6086606979370117           0.0  0.8489392886085909
0.6086606979370117  0.6087354421615601           0.0  0.8482623035299557
0.6087354421615601  0.6088101267814636           0.0  0.8489392886085909
0.6088101267814636  0.608884871006012           0.0  0.8482623035299557
0.608884871006012  0.6089596748352051           0.0  0.8475863973120034
0.6089596748352051  0.6090344190597534           0.0  0.8482623035299557
0.6090344190597534  0.6091092228889465           0.0  0.8475863973120034
0.6091092228889465  0.6091840863227844           0.0  0.8469115673778379
0.6091840863227844  0.6092588901519775           0.0  0.8475863973120034
0.6092588901519775  0.6093337535858154           0.0  0.8469115673778379
0.6093337535858154  0.6094086170196533           0.0  0.8469115673778379
0.6094086170196533  0.609483540058136           0.0  0.8462378111587624
0.609483540058136  0.6095584630966187           0.0  0.8462378111587624
0.6095584630966187  0.6096333861351013           0.0  0.8462378111587624
0.6096333861351013  0.609708309173584           0.0  0.8462378111587624
0.609708309173584  0.6097832918167114           0.0  0.8455651260942485
0.6097832918167114  0.6098582744598389           0.0  0.8455651260942485
0.6098582744598389  0.6099332571029663           0.0  0.8455651260942485
0.6099332571029663  0.6100082993507385           0.0  0.8448935096319019
0.6100082993507385  0.6100833415985107           0.0  0.8448935096319019
0.6100833415985107  0.610158383846283           0.0  0.8448935096319019
0.610158383846283  0.6102334856987           0.0  0.8442229592274322
0.6102334856987  0.6103085875511169           0.0  0.8442229592274322
0.6103085875511169  0.6103836894035339           0.0  0.8442229592274322
0.6103836894035339  0.6104587912559509           0.0  0.8442229592274322
0.6104587912559509  0.6105339527130127           0.0  0.8435534723446189
0.6105339527130127  0.6106091141700745           0.0  0.8435534723446189
0.6106091141700745  0.610684335231781           0.0  0.8428850464552808
0.610684335231781  0.6107595562934875           0.0  0.8428850464552808
0.6107595562934875  0.6108347773551941           0.0  0.8428850464552808
0.6108347773551941  0.6109099984169006           0.0  0.8428850464552808
0.6109099984169006  0.610985279083252           0.0  0.8422176790392434
0.610985279083252  0.6110605597496033           0.0  0.8422176790392434
0.6110605597496033  0.6111358404159546           0.0  0.8422176790392434
0.6111358404159546  0.6112111806869507           0.0  0.8415513675843073
0.6112111806869507  0.6112865209579468           0.0  0.8415513675843073
0.6112865209579468  0.6113618612289429           0.0  0.8415513675843073
0.6113618612289429  0.6114372611045837           0.0  0.8408861095862169
0.6114372611045837  0.6115126013755798           0.0  0.8415513675843073
0.6115126013755798  0.6115880608558655           0.0  0.8402219025486291
0.6115880608558655  0.6116634607315063           0.0  0.8408861095862169
0.6116634607315063  0.611738920211792           0.0  0.8402219025486291
0.611738920211792  0.6118143796920776           0.0  0.8402219025486291
0.6118143796920776  0.6118898987770081           0.0  0.8395587439830816
0.6118898987770081  0.6119653582572937           0.0  0.8402219025486291
0.6119653582572937  0.6120408773422241           0.0  0.8395587439830816
0.6120408773422241  0.6121164560317993           0.0  0.8388966314089624
0.6121164560317993  0.6121919751167297           0.0  0.8395587439830816
0.6121919751167297  0.6122676134109497           0.0  0.8382355623534786
0.6122676134109497  0.6123431921005249           0.0  0.8388966314089624
0.6123431921005249  0.6124187707901001           0.0  0.8388966314089624
0.6124187707901001  0.6124944090843201           0.0  0.8382355623534786
0.6124944090843201  0.6125701069831848           0.0  0.8375755343516255
0.6125701069831848  0.6126457452774048           0.0  0.8382355623534786
0.6126457452774048  0.6127214431762695           0.0  0.8375755343516255
0.6127214431762695  0.6127971410751343           0.0  0.8375755343516255
0.6127971410751343  0.6128728985786438           0.0  0.836916544946156
0.6128728985786438  0.6129486560821533           0.0  0.836916544946156
0.6129486560821533  0.6130244135856628           0.0  0.836916544946156
0.6130244135856628  0.6131001710891724           0.0  0.836916544946156
0.6131001710891724  0.6131759881973267           0.0  0.8362585916875506
0.6131759881973267  0.613251805305481           0.0  0.8362585916875506
0.613251805305481  0.61332768201828           0.0  0.8356016721339863
0.61332768201828  0.6134034991264343           0.0  0.8362585916875506
0.6134034991264343  0.6134793758392334           0.0  0.8356016721339863
0.6134793758392334  0.6135553121566772           0.0  0.8349457838513066
0.6135553121566772  0.6136311888694763           0.0  0.8356016721339863
0.6136311888694763  0.6137071251869202           0.0  0.8349457838513066
0.6137071251869202  0.6137831211090088           0.0  0.8342909244129918
0.6137831211090088  0.6138590574264526           0.0  0.8349457838513066
0.6138590574264526  0.6139350533485413           0.0  0.8342909244129918
0.6139350533485413  0.6140110492706299           0.0  0.8342909244129918
0.6140110492706299  0.6140871047973633           0.0  0.8336370914001289
0.6140871047973633  0.6141631603240967           0.0  0.8336370914001289
0.6141631603240967  0.6142392158508301           0.0  0.8336370914001289
0.6142392158508301  0.6143153309822083           0.0  0.8329842824013818
0.6143153309822083  0.6143913865089417           0.0  0.8336370914001289
0.6143913865089417  0.6144675016403198           0.0  0.8329842824013818
0.6144675016403198  0.6145436763763428           0.0  0.8323324950129612
0.6145436763763428  0.6146198511123657           0.0  0.8323324950129612
0.6146198511123657  0.6146960258483887           0.0  0.8323324950129612
0.6146960258483887  0.6147722005844116           0.0  0.8323324950129612
0.6147722005844116  0.6148484349250793           0.0  0.8316817268385961
0.6148484349250793  0.6149246692657471           0.0  0.8316817268385961
0.6149246692657471  0.6150009036064148           0.0  0.8316817268385961
0.6150009036064148  0.6150771975517273           0.0  0.8310319754895035
0.6150771975517273  0.6151534914970398           0.0  0.8310319754895035
0.6151534914970398  0.6152297854423523           0.0  0.8310319754895035
0.6152297854423523  0.6153061389923096           0.0  0.8303832385843594
0.6153061389923096  0.6153824925422668           0.0  0.8303832385843594
0.6153824925422668  0.6154588460922241           0.0  0.8303832385843594
0.6154588460922241  0.6155352592468262           0.0  0.8297355137492702
0.6155352592468262  0.6156116724014282           0.0  0.8297355137492702
0.6156116724014282  0.6156880855560303           0.0  0.8297355137492702
0.6156880855560303  0.6157644987106323           0.0  0.8297355137492702
0.6157644987106323  0.6158409714698792           0.0  0.8290887986177431
0.6158409714698792  0.615917444229126           0.0  0.8290887986177431
0.615917444229126  0.6159939765930176           0.0  0.8284430908306576
0.6159939765930176  0.6160705089569092           0.0  0.8284430908306576
0.6160705089569092  0.6161470413208008           0.0  0.8284430908306576
0.6161470413208008  0.6162235736846924           0.0  0.8284430908306576
0.6162235736846924  0.6163001656532288           0.0  0.8277983880362368
0.6163001656532288  0.6163767576217651           0.0  0.8277983880362368
0.6163767576217651  0.6164533495903015           0.0  0.8277983880362368
0.6164533495903015  0.6165300011634827           0.0  0.8271546878900189
0.6165300011634827  0.6166066527366638           0.0  0.8271546878900189
0.6166066527366638  0.6166833639144897           0.0  0.8265119880548285
0.6166833639144897  0.6167600154876709           0.0  0.8271546878900189
0.6167600154876709  0.6168367266654968           0.0  0.8265119880548285
0.6168367266654968  0.6169134974479675           0.0  0.8258702862007488
0.6169134974479675  0.6169902086257935           0.0  0.8265119880548285
0.6169902086257935  0.6170669794082642           0.0  0.8258702862007488
0.6170669794082642  0.6171438097953796           0.0  0.8252295800050927
0.6171438097953796  0.6172205805778503           0.0  0.8258702862007488
0.6172205805778503  0.6172974109649658           0.0  0.8252295800050927
0.6172974109649658  0.6173742413520813           0.0  0.8252295800050927
0.6173742413520813  0.6174511313438416           0.0  0.8245898671523756
0.6174511313438416  0.6175280213356018           0.0  0.8245898671523756
0.6175280213356018  0.6176049113273621           0.0  0.8245898671523756
0.6176049113273621  0.6176818609237671           0.0  0.823951145334287
0.6176818609237671  0.6177587509155273           0.0  0.8245898671523756
0.6177587509155273  0.6178357601165771           0.0  0.8233134122496628
0.6178357601165771  0.6179127097129822           0.0  0.823951145334287
0.6179127097129822  0.617989718914032           0.0  0.8233134122496628
0.617989718914032  0.6180667281150818           0.0  0.8233134122496628
0.6180667281150818  0.6181437373161316           0.0  0.8233134122496628
0.6181437373161316  0.6182208061218262           0.0  0.8226766656044582
0.6182208061218262  0.6182978749275208           0.0  0.8226766656044582
0.6182978749275208  0.6183750033378601           0.0  0.8220409031117191
0.6183750033378601  0.6184521317481995           0.0  0.8220409031117191
0.6184521317481995  0.6185292601585388           0.0  0.8220409031117191
0.6185292601585388  0.6186063885688782           0.0  0.8220409031117191
0.6186063885688782  0.6186835765838623           0.0  0.8214061224915555
0.6186835765838623  0.6187607645988464           0.0  0.8214061224915555
0.6187607645988464  0.6188379526138306           0.0  0.8214061224915555
0.6188379526138306  0.6189152002334595           0.0  0.8207723214711145
0.6189152002334595  0.6189924478530884           0.0  0.8207723214711145
0.6189924478530884  0.6190696954727173           0.0  0.8207723214711145
0.6190696954727173  0.619147002696991           0.0  0.8201394977845523
0.619147002696991  0.6192243099212646           0.0  0.8201394977845523
0.6192243099212646  0.6193016171455383           0.0  0.8201394977845523
0.6193016171455383  0.6193789839744568           0.0  0.819507649173008
0.6193789839744568  0.6194563508033752           0.0  0.819507649173008
0.6194563508033752  0.6195337176322937           0.0  0.819507649173008
0.6195337176322937  0.6196111440658569           0.0  0.8188767733845761
0.6196111440658569  0.6196885704994202           0.0  0.8188767733845761
0.6196885704994202  0.6197659969329834           0.0  0.8188767733845761
0.6197659969329834  0.6198434233665466           0.0  0.8188767733845761
0.6198434233665466  0.6199209094047546           0.0  0.8182468681742803
0.6199209094047546  0.6199984550476074           0.0  0.8176179313040464
0.6199984550476074  0.6200759410858154           0.0  0.8182468681742803
0.6200759410858154  0.6201534867286682           0.0  0.8176179313040464
0.6201534867286682  0.620231032371521           0.0  0.8176179313040464
0.620231032371521  0.6203086376190186           0.0  0.8169899605426761
0.6203086376190186  0.6203862428665161           0.0  0.8169899605426761
0.6203862428665161  0.6204638481140137           0.0  0.8169899605426761
0.6204638481140137  0.6205414533615112           0.0  0.8169899605426761
0.6205414533615112  0.6206191182136536           0.0  0.8163629536658209
0.6206191182136536  0.6206967830657959           0.0  0.8163629536658209
0.6206967830657959  0.620774507522583           0.0  0.8157369084559544
0.620774507522583  0.6208522319793701           0.0  0.8157369084559544
0.6208522319793701  0.6209299564361572           0.0  0.8157369084559544
0.6209299564361572  0.6210076808929443           0.0  0.8157369084559544
0.6210076808929443  0.6210854649543762           0.0  0.8151118227023483
0.6210854649543762  0.6211632490158081           0.0  0.8151118227023483
0.6211632490158081  0.6212410926818848           0.0  0.8144876942010448
0.6212410926818848  0.6213188767433167           0.0  0.8151118227023483
0.6213188767433167  0.6213967204093933           0.0  0.8144876942010448
0.6213967204093933  0.6214746236801147           0.0  0.8138645207548313
0.6214746236801147  0.6215525269508362           0.0  0.8138645207548313
0.6215525269508362  0.6216304302215576           0.0  0.8138645207548313
0.6216304302215576  0.6217083334922791           0.0  0.8138645207548313
0.6217083334922791  0.6217862963676453           0.0  0.8132423001732144
0.6217862963676453  0.6218642592430115           0.0  0.8132423001732144
0.6218642592430115  0.6219422221183777           0.0  0.8132423001732144
0.6219422221183777  0.6220202445983887           0.0  0.8126210302723945
0.6220202445983887  0.6220982670783997           0.0  0.8126210302723945
0.6220982670783997  0.6221762895584106           0.0  0.8126210302723945
0.6221762895584106  0.6222543716430664           0.0  0.81200070887524
0.6222543716430664  0.6223324537277222           0.0  0.81200070887524
0.6223324537277222  0.6224105954170227           0.0  0.811381333811262
0.6224105954170227  0.6224886775016785           0.0  0.81200070887524
0.6224886775016785  0.622566819190979           0.0  0.811381333811262
0.622566819190979  0.6226450204849243           0.0  0.8107629029165887
0.6226450204849243  0.6227231621742249           0.0  0.811381333811262
0.6227231621742249  0.6228013634681702           0.0  0.8107629029165887
0.6228013634681702  0.6228796243667603           0.0  0.8101454140339409
0.6228796243667603  0.6229578256607056           0.0  0.8107629029165887
0.6229578256607056  0.6230360865592957           0.0  0.8101454140339409
0.6230360865592957  0.6231144070625305           0.0  0.809528865012606
0.6231144070625305  0.6231926679611206           0.0  0.8101454140339409
0.6231926679611206  0.6232709884643555           0.0  0.809528865012606
0.6232709884643555  0.6233493685722351           0.0  0.8089132537084139
0.6233493685722351  0.62342768907547           0.0  0.809528865012606
0.62342768907547  0.6235060691833496           0.0  0.8089132537084139
0.6235060691833496  0.623584508895874           0.0  0.8082985779837115
0.623584508895874  0.6236628890037537           0.0  0.8089132537084139
0.6236628890037537  0.6237413287162781           0.0  0.8082985779837115
0.6237413287162781  0.6238198280334473           0.0  0.8076848357073381
0.6238198280334473  0.6238982677459717           0.0  0.8082985779837115
0.6238982677459717  0.6239767670631409           0.0  0.8076848357073381
0.6239767670631409  0.6240552663803101           0.0  0.8076848357073381
0.6240552663803101  0.624133825302124           0.0  0.8070720247546013
0.624133825302124  0.624212384223938           0.0  0.8070720247546013
0.624212384223938  0.624290943145752           0.0  0.8070720247546013
0.624290943145752  0.6243695616722107           0.0  0.8064601430072513
0.6243695616722107  0.6244481801986694           0.0  0.8064601430072513
0.6244481801986694  0.6245267987251282           0.0  0.8064601430072513
0.6245267987251282  0.6246054768562317           0.0  0.8058491883534579
0.6246054768562317  0.6246841549873352           0.0  0.8058491883534579
0.6246841549873352  0.6247628331184387           0.0  0.8058491883534579
0.6247628331184387  0.624841570854187           0.0  0.8052391586877854
0.624841570854187  0.6249203085899353           0.0  0.8052391586877854
0.6249203085899353  0.6249990463256836           0.0  0.8052391586877854
0.6249990463256836  0.6250778436660767           0.0  0.8046300519111683
0.6250778436660767  0.6251566410064697           0.0  0.8046300519111683
0.6251566410064697  0.6252354383468628           0.0  0.8046300519111683
0.6252354383468628  0.6253142356872559           0.0  0.8046300519111683
0.6253142356872559  0.6253930926322937           0.0  0.8040218659308876
0.6253930926322937  0.6254720091819763           0.0  0.8034145986605472
0.6254720091819763  0.6255508661270142           0.0  0.8040218659308876
0.6255508661270142  0.6256297826766969           0.0  0.8034145986594169
0.6256297826766969  0.6257087588310242           0.0  0.8028082480211772
0.6257087588310242  0.6257876753807068           0.0  0.8034145986605472
0.6257876753807068  0.6258666515350342           0.0  0.8028082480200486
0.6258666515350342  0.6259456276893616           0.0  0.8028082480200486
0.6259456276893616  0.6260246634483337           0.0  0.802202811935569
0.6260246634483337  0.6261036992073059           0.0  0.802202811935569
0.6261036992073059  0.6261827349662781           0.0  0.802202811935569
0.6261827349662781  0.626261830329895           0.0  0.8015982883395361
0.626261830329895  0.626340925693512           0.0  0.8015982883395361
0.626340925693512  0.6264200210571289           0.0  0.8015982883395361
0.6264200210571289  0.6264991760253906           0.0  0.8009946751706056
0.6264991760253906  0.6265783309936523           0.0  0.8009946751706056
0.6265783309936523  0.6266574859619141           0.0  0.8009946751706056
0.6266574859619141  0.6267367005348206           0.0  0.8003919703736376
0.6267367005348206  0.6268159151077271           0.0  0.8003919703736376
0.6268159151077271  0.6268951296806335           0.0  0.8003919703736376
0.6268951296806335  0.6269744038581848           0.0  0.7997901718996724
0.6269744038581848  0.6270536780357361           0.0  0.7997901718996724
0.6270536780357361  0.6271329522132874           0.0  0.7997901718996724
0.6271329522132874  0.6272122859954834           0.0  0.7991892777059085
0.6272122859954834  0.6272916197776794           0.0  0.7991892777059085
0.6272916197776794  0.6273709535598755           0.0  0.7991892777059085
0.6273709535598755  0.6274503469467163           0.0  0.7985892857556789
0.6274503469467163  0.6275297403335571           0.0  0.7985892857556789
0.6275297403335571  0.6276091337203979           0.0  0.7985892857556789
0.6276091337203979  0.6276885867118835           0.0  0.7979901940184281
0.6276885867118835  0.6277680397033691           0.0  0.7979901940184281
0.6277680397033691  0.6278474926948547           0.0  0.7979901940184281
0.6278474926948547  0.6279270052909851           0.0  0.7973920004696886
0.6279270052909851  0.6280065178871155           0.0  0.7973920004696886
0.6280065178871155  0.6280860304832458           0.0  0.7973920004696886
0.6280860304832458  0.628165602684021           0.0  0.7967947030910595
0.628165602684021  0.6282451748847961           0.0  0.7967947030910595
0.6282451748847961  0.6283247470855713           0.0  0.7967947030910595
0.6283247470855713  0.6284043788909912           0.0  0.796198299870183
0.6284043788909912  0.6284840106964111           0.0  0.796198299870183
0.6284840106964111  0.6285637021064758           0.0  0.7956027888007213
0.6285637021064758  0.6286433339118958           0.0  0.796198299870183
0.6286433339118958  0.6287230253219604           0.0  0.7956027888007213
0.6287230253219604  0.6288027763366699           0.0  0.7950081678823352
0.6288027763366699  0.6288825273513794           0.0  0.7950081678823352
0.6288825273513794  0.6289622783660889           0.0  0.7950081678823352
0.6289622783660889  0.6290420293807983           0.0  0.7950081678823352
0.6290420293807983  0.6291218400001526           0.0  0.7944144351206606
0.6291218400001526  0.6292016506195068           0.0  0.7944144351206606
0.6292016506195068  0.6292814612388611           0.0  0.7944144351206606
0.6292814612388611  0.6293613314628601           0.0  0.7938215885272869
0.6293613314628601  0.6294412016868591           0.0  0.7938215885272869
0.6294412016868591  0.6295211315155029           0.0  0.7932296261197349
0.6295211315155029  0.6296010613441467           0.0  0.7932296261197349
0.6296010613441467  0.6296809911727905           0.0  0.7932296261197349
0.6296809911727905  0.6297609210014343           0.0  0.7932296261197349
0.6297609210014343  0.6298409104347229           0.0  0.792638545921434
0.6298409104347229  0.6299208998680115           0.0  0.792638545921434
0.6299208998680115  0.6300009489059448           0.0  0.792048345961701
0.6300009489059448  0.6300809979438782           0.0  0.792048345961701
0.6300809979438782  0.6301610469818115           0.0  0.792048345961701
0.6301610469818115  0.6302411556243896           0.0  0.7914590242757176
0.6302411556243896  0.630321204662323           0.0  0.792048345961701
0.630321204662323  0.6304013729095459           0.0  0.7908705789045088
0.6304013729095459  0.630481481552124           0.0  0.7914590242757176
0.630481481552124  0.6305616497993469           0.0  0.7908705789045088
0.6305616497993469  0.6306418180465698           0.0  0.7908705789045088
0.6306418180465698  0.6307220458984375           0.0  0.7902830078949216
0.6307220458984375  0.6308022737503052           0.0  0.7902830078949216
0.6308022737503052  0.6308825016021729           0.0  0.7902830078949216
0.6308825016021729  0.6309627890586853           0.0  0.7896963092996023
0.6309627890586853  0.6310430765151976           0.0  0.7896963093006943
0.6310430765151976  0.6311233639717102           0.0  0.7896963092985104
0.6311233639717102  0.6312037110328674           0.0  0.7891104811769766
0.6312037110328674  0.6312840580940247           0.0  0.7891104811769766
0.6312840580940247  0.6313644051551819           0.0  0.7891104811769766
0.6313644051551819  0.6314448118209839           0.0  0.7885255215912265
0.6314448118209839  0.6315252184867859           0.0  0.7885255215912265
0.6315252184867859  0.6316056251525879           0.0  0.7885255215912265
0.6316056251525879  0.6316860914230347           0.0  0.78794142861227
0.6316860914230347  0.6317665576934814           0.0  0.78794142861227
0.6317665576934814  0.6318470239639282           0.0  0.78794142861227
0.6318470239639282  0.6319275498390197           0.0  0.7873582003168254
0.6319275498390197  0.6320080757141113           0.0  0.7873582003146542
0.6320080757141113  0.6320886611938477           0.0  0.7867758347829619
0.6320886611938477  0.6321691870689392           0.0  0.7873582003157398
0.6321691870689392  0.6322497725486755           0.0  0.7867758347829619
0.6322497725486755  0.6323304176330566           0.0  0.7861943301009345
0.6323304176330566  0.6324110627174377           0.0  0.7861943301009345
0.6324110627174377  0.6324917078018188           0.0  0.7861943301009345
0.6324917078018188  0.6325723528862           0.0  0.7861943301009345
0.6325723528862  0.6326530575752258           0.0  0.7856136843623075
0.6326530575752258  0.6327337622642517           0.0  0.7856136843623075
0.6327337622642517  0.6328145265579225           0.0  0.7850338956642819
0.6328145265579225  0.632895290851593           0.0  0.7850338956664404
0.632895290851593  0.6329760551452637           0.0  0.7850338956653612
0.6329760551452637  0.6330568790435791           0.0  0.7844549621139856
0.6330568790435791  0.6331377029418945           0.0  0.7844549621139856
0.6331377029418945  0.63321852684021           0.0  0.7844549621139856
0.63321852684021  0.6332993507385254           0.0  0.7844549621139856
0.6332993507385254  0.6333802342414856           0.0  0.7838768818176598
0.6333802342414856  0.6334611773490906           0.0  0.7832996528914318
0.6334611773490906  0.6335420608520508           0.0  0.7838768818176598
0.6335420608520508  0.6336230039596558           0.0  0.7832996528914318
0.6336230039596558  0.6337040066719055           0.0  0.7827232734558972
0.6337040066719055  0.6337849497795105           0.0  0.7832996528914318
0.6337849497795105  0.6338659524917603           0.0  0.7827232734558972
0.6338659524917603  0.6339470148086548           0.0  0.7821477416371796
0.6339470148086548  0.6340280771255493           0.0  0.7821477416371796
0.6340280771255493  0.6341091394424438           0.0  0.7821477416371796
0.6341091394424438  0.6341902017593384           0.0  0.7821477416371796
0.6341902017593384  0.6342713236808777           0.0  0.7815730555669098
0.6342713236808777  0.634352445602417           0.0  0.7815730555669098
0.634352445602417  0.6344335675239563           0.0  0.7815730555669098
0.6344335675239563  0.6345147490501404           0.0  0.7809992133822058
0.6345147490501404  0.6345959305763245           0.0  0.7809992133822058
0.6345959305763245  0.6346771717071533           0.0  0.7804262132256526
0.6346771717071533  0.6347584128379822           0.0  0.7804262132256526
0.6347584128379822  0.634839653968811           0.0  0.7804262132256526
0.634839653968811  0.6349209547042847           0.0  0.7798540532452819
0.6349209547042847  0.6350022554397583           0.0  0.7798540532452819
0.6350022554397583  0.6350835561752319           0.0  0.7798540532452819
0.6350835561752319  0.6351648569107056           0.0  0.7798540532452819
0.6351648569107056  0.635246217250824           0.0  0.7792827315945527
0.635246217250824  0.635327637195587           0.0  0.7787122464333931
0.635327637195587  0.6354089975357056           0.0  0.7792827315934894
0.6354089975357056  0.6354904174804688           0.0  0.7787122464323313
0.6354904174804688  0.6355718970298767           0.0  0.7781425959228708
0.6355718970298767  0.6356533765792847           0.0  0.7781425959228708
0.6356533765792847  0.6357348561286926           0.0  0.7781425959228708
0.6357348561286926  0.6358163356781007           0.0  0.7781425959218106
0.6358163356781007  0.6358978748321533           0.0  0.7775737782368515
0.6358978748321533  0.6359794139862061           0.0  0.7775737782357928
0.6359794139862061  0.6360609531402588           0.0  0.7775737782357928
0.6360609531402588  0.6361425518989563           0.0  0.7770057915460661
0.6361425518989563  0.6362241506576538           0.0  0.7770057915460661
0.6362241506576538  0.6363058090209961           0.0  0.7764386340339886
0.6363058090209961  0.6363874673843384           0.0  0.7764386340339886
0.6363874673843384  0.6364691257476807           0.0  0.7764386340339886
0.6364691257476807  0.6365508437156677           0.0  0.7758723038851673
0.6365508437156677  0.6366325616836548           0.0  0.7758723038851673
0.6366325616836548  0.6367142796516418           0.0  0.7758723038851673
0.6367142796516418  0.6367959976196289           0.0  0.7758723038851673
0.6367959976196289  0.6368777751922607           0.0  0.7753067992904988
0.6368777751922607  0.6369596123695374           0.0  0.7747421184461503
0.6369596123695374  0.6370413899421692           0.0  0.7753067992904988
0.6370413899421692  0.6371232271194458           0.0  0.7747421184461503
0.6371232271194458  0.6372051239013672           0.0  0.7741782595535404
0.6372051239013672  0.6372870206832886           0.0  0.7741782595535404
0.6372870206832886  0.63736891746521           0.0  0.7741782595535404
0.63736891746521  0.6374508142471313           0.0  0.7741782595535404
0.6374508142471313  0.6375327706336975           0.0  0.7736152208193195
0.6375327706336975  0.6376147270202637           0.0  0.7736152208193195
0.6376147270202637  0.6376967430114746           0.0  0.773053000455352
0.6376967430114746  0.6377787590026855           0.0  0.773053000455352
0.6377787590026855  0.6378607749938965           0.0  0.773053000455352
0.6378607749938965  0.6379427909851074           0.0  0.773053000455352
0.6379427909851074  0.6380248665809631           0.0  0.7724915966786959
0.6380248665809631  0.6381070017814636           0.0  0.7719310077115853
0.6381070017814636  0.6381890773773193           0.0  0.7724915966786959
0.6381890773773193  0.6382712125778198           0.0  0.7719310077115853
0.6382712125778198  0.6383534073829651           0.0  0.7713712317814101
0.6383534073829651  0.6384355425834656           0.0  0.7719310077115853
0.6384355425834656  0.638517737388611           0.0  0.7713712317803681
0.638517737388611  0.6385999917984009           0.0  0.7708122671217391
0.6385999917984009  0.6386822462081909           0.0  0.7708122671206988
0.6386822462081909  0.638764500617981           0.0  0.7708122671206988
0.638764500617981  0.638846755027771           0.0  0.7708122671206988
0.638846755027771  0.6389290690422058           0.0  0.7702541119670996
0.6389290690422058  0.6390113830566406           0.0  0.7702541119670996
0.6390113830566406  0.6390937566757202           0.0  0.7696967645633607
0.6390937566757202  0.6391761302947998           0.0  0.7696967645633607
0.6391761302947998  0.6392585039138794           0.0  0.7696967645633607
0.6392585039138794  0.6393409371376038           0.0  0.7691402231573133
0.6393409371376038  0.6394233107566833           0.0  0.7696967645633607
0.6394233107566833  0.6395058035850525           0.0  0.7685844860018529
0.6395058035850525  0.6395882964134216           0.0  0.7685844860018529
0.6395882964134216  0.6396707892417908           0.0  0.7685844860018529
0.6396707892417908  0.6397532820701599           0.0  0.7685844860018529
0.6397532820701599  0.6398358345031739           0.0  0.7680295513538872
0.6398358345031739  0.6399183869361877           0.0  0.7680295513559531
0.6399183869361877  0.6400009393692017           0.0  0.7680295513549201
0.6400009393692017  0.6400835514068604           0.0  0.7674754174794837
0.6400835514068604  0.640166163444519           0.0  0.7674754174794837
0.640166163444519  0.6402488350868225           0.0  0.7669220826435215
0.6402488350868225  0.640331506729126           0.0  0.7669220826435215
0.640331506729126  0.6404141783714294           0.0  0.7669220826435215
0.6404141783714294  0.6404969096183777           0.0  0.7663695451200032
0.6404969096183777  0.6405796408653259           0.0  0.7663695451200032
0.6405796408653259  0.6406623721122742           0.0  0.7663695451200032
0.6406623721122742  0.6407451629638672           0.0  0.7658178031868714
0.6407451629638672  0.6408279538154602           0.0  0.7658178031868714
0.6408279538154602  0.6409107446670532           0.0  0.7658178031868714
0.6409107446670532  0.640993595123291           0.0  0.7652668551270247
0.640993595123291  0.6410764455795288           0.0  0.7652668551270247
0.6410764455795288  0.6411593556404114           0.0  0.7647166992282993
0.6411593556404114  0.6412422060966492           0.0  0.7652668551270247
0.6412422060966492  0.6413251757621766           0.0  0.764167333782429
0.6413251757621766  0.6414080858230591           0.0  0.7647166992293233
0.6414080858230591  0.6414910554885864           0.0  0.7641673337834514
0.6414910554885864  0.6415740251541138           0.0  0.7641673337834514
0.6415740251541138  0.6416570544242859           0.0  0.7636187570901396
0.6416570544242859  0.641740083694458           0.0  0.7636187570901396
0.641740083694458  0.6418231725692749           0.0  0.7630709674509071
0.6418231725692749  0.641906201839447           0.0  0.7636187570901396
0.641906201839447  0.6419892907142639           0.0  0.7630709674509071
0.6419892907142639  0.6420724391937256           0.0  0.7625239631731645
0.6420724391937256  0.6421555876731873           0.0  0.7625239631731645
0.6421555876731873  0.6422387361526489           0.0  0.7625239631731645
0.6422387361526489  0.6423218846321106           0.0  0.7625239631731645
0.6423218846321106  0.642405092716217           0.0  0.7619777425691722
0.642405092716217  0.6424883604049683           0.0  0.7614323039560232
0.6424883604049683  0.6425715684890747           0.0  0.7619777425691722
0.6425715684890747  0.6426548361778259           0.0  0.7614323039560232
0.6426548361778259  0.6427381038665771           0.0  0.7614323039560232
0.6427381038665771  0.6428214311599731           0.0  0.7608876456556255
0.6428214311599731  0.6429047584533691           0.0  0.7608876456556255
0.6429047584533691  0.6429881453514099           0.0  0.760343765994685
0.6429881453514099  0.6430715322494507           0.0  0.760343765994685
0.6430715322494507  0.6431549191474915           0.0  0.760343765994685
0.6431549191474915  0.6432383060455322           0.0  0.760343765994685
0.6432383060455322  0.6433217525482178           0.0  0.7598006633046889
0.6433217525482178  0.6434051990509033           0.0  0.7598006633046889
0.6434051990509033  0.6434887051582336           0.0  0.7592583359218875
0.6434887051582336  0.6435722112655641           0.0  0.7592583359208781
0.6435722112655641  0.6436557173728943           0.0  0.7592583359228969
0.6436557173728943  0.6437392830848694           0.0  0.7587167821872784
0.6437392830848694  0.6438228487968445           0.0  0.7587167821872784
0.6438228487968445  0.6439064145088197           0.0  0.7587167821862705
0.6439064145088197  0.6439900398254395           0.0  0.7581760004475956
0.6439900398254395  0.6440736651420593           0.0  0.7581760004465889
0.6440736651420593  0.6441573500633239           0.0  0.7576359890512646
0.6441573500633239  0.6442410349845886           0.0  0.7576359890492543
0.6442410349845886  0.6443247199058533           0.0  0.7576359890502595
0.6443247199058533  0.6444084644317627           0.0  0.7570967463534266
0.6444084644317627  0.6444922089576721           0.0  0.7570967463534266
0.6444922089576721  0.6445759534835815           0.0  0.7570967463534266
0.6445759534835815  0.6446597576141357           0.0  0.7565582707159063
0.6446597576141357  0.6447435617446899           0.0  0.7565582707159063
0.6447435617446899  0.6448273658752441           0.0  0.7565582707159063
0.6448273658752441  0.6449112296104431           0.0  0.7560205605021779
0.6449112296104431  0.6449950933456421           0.0  0.7560205605021779
0.6449950933456421  0.6450790166854858           0.0  0.7554836140813668
0.6450790166854858  0.6451629400253296           0.0  0.7554836140813668
0.6451629400253296  0.6452468633651733           0.0  0.7554836140813668
0.6452468633651733  0.6453308463096619           0.0  0.7549474298272282
0.6453308463096619  0.6454148292541504           0.0  0.7549474298272282
0.6454148292541504  0.6454988121986389           0.0  0.7549474298272282
0.6454988121986389  0.6455828547477722           0.0  0.7544120061181308
0.6455828547477722  0.6456668972969055           0.0  0.7544120061181308
0.6456668972969055  0.6457509398460388           0.0  0.7544120061181308
0.6457509398460388  0.6458350419998169           0.0  0.7538773413370408
0.6458350419998169  0.6459192037582397           0.0  0.7533434338715046
0.6459192037582397  0.6460033059120178           0.0  0.7538773413370408
0.6460033059120178  0.6460874676704407           0.0  0.7533434338715046
0.6460874676704407  0.6461716294288635           0.0  0.7533434338715046
0.6461716294288635  0.6462558507919312           0.0  0.7528102821136337
0.6462558507919312  0.6463400721549988           0.0  0.7528102821136337
0.6463400721549988  0.6464243531227112           0.0  0.752277884460088
0.6464243531227112  0.6465085744857788           0.0  0.7528102821136337
0.6465085744857788  0.6465928554534912           0.0  0.752277884460088
0.6465928554534912  0.6466771960258484           0.0  0.7517462393120596
0.6466771960258484  0.6467615365982056           0.0  0.7517462393120596
0.6467615365982056  0.6468458771705627           0.0  0.7517462393120596
0.6468458771705627  0.6469302773475647           0.0  0.7512153450752573
0.6469302773475647  0.6470146775245667           0.0  0.7512153450752573
0.6470146775245667  0.6470990777015686           0.0  0.7512153450752573
0.6470990777015686  0.6471835374832153           0.0  0.7506852001598902
0.6471835374832153  0.6472679972648619           0.0  0.750685200160877
0.6472679972648619  0.6473525166511536           0.0  0.7501558029796664
0.6473525166511536  0.6474369764328003           0.0  0.7506852001598902
0.6474369764328003  0.6475215554237366           0.0  0.749627151956705
0.6475215554237366  0.6476060748100281           0.0  0.7501558029806519
0.6476060748100281  0.6476906538009644           0.0  0.749627151956705
0.6476906538009644  0.6477752923965453           0.0  0.7490992455126476
0.6477752923965453  0.6478598713874817           0.0  0.7496271519557209
0.6478598713874817  0.6479445099830627           0.0  0.7490992455116651
0.6479445099830627  0.6480292081832886           0.0  0.7485720820735851
0.6480292081832886  0.6481139063835144           0.0  0.7485720820735851
0.6481139063835144  0.6481986045837402           0.0  0.7485720820735851
0.6481986045837402  0.6482833027839661           0.0  0.7485720820735851
0.6482833027839661  0.6483680605888367           0.0  0.7480456600749398
0.6483680605888367  0.6484528779983521           0.0  0.7475199779526102
0.6484528779983521  0.6485376358032227           0.0  0.7480456600749398
0.6485376358032227  0.648622453212738           0.0  0.7475199779526102
0.648622453212738  0.6487073302268982           0.0  0.7469950341478683
0.6487073302268982  0.6487922072410583           0.0  0.7469950341478683
0.6487922072410583  0.6488770842552185           0.0  0.7469950341478683
0.6488770842552185  0.6489619612693787           0.0  0.7469950341478683
0.6489619612693787  0.6490468978881836           0.0  0.746470827106361
0.6490468978881836  0.6491318345069885           0.0  0.746470827106361
0.6491318345069885  0.6492168307304382           0.0  0.7459473552780957
0.6492168307304382  0.6493018269538879           0.0  0.7459473552780957
0.6493018269538879  0.6493868827819824           0.0  0.7454246171174244
0.6493868827819824  0.6494718790054321           0.0  0.7459473552780957
0.6494718790054321  0.6495569944381714           0.0  0.7449026110830284
0.6495569944381714  0.6496420502662659           0.0  0.7454246171174244
0.6496420502662659  0.6497271656990051           0.0  0.7449026110830284
0.6497271656990051  0.6498122811317444           0.0  0.7449026110830284
0.6498122811317444  0.6498974561691284           0.0  0.7443813356379038
0.6498974561691284  0.6499826312065125           0.0  0.7443813356379038
0.6499826312065125  0.6500678062438965           0.0  0.7443813356379038
0.6500678062438965  0.6501530408859253           0.0  0.7438607892493457
0.6501530408859253  0.6502382755279541           0.0  0.7438607892493457
0.6502382755279541  0.6503235697746277           0.0  0.743340970388934
0.6503235697746277  0.6504088640213013           0.0  0.743340970388934
0.6504088640213013  0.6504941582679749           0.0  0.743340970388934
0.6504941582679749  0.6505795121192933           0.0  0.7428218775315507
0.6505795121192933  0.6506648659706116           0.0  0.7428218775334833
0.6506648659706116  0.6507502198219298           0.0  0.7428218775334833
0.6507502198219298  0.6508356332778931           0.0  0.7423035091592336
0.6508356332778931  0.6509210467338562           0.0  0.7423035091601985
0.6509210467338562  0.6510064601898193           0.0  0.7423035091601985
0.6510064601898193  0.6510919332504272           0.0  0.7417858637563211
0.6510919332504272  0.6511774659156799           0.0  0.7412689398094524
0.6511774659156799  0.6512629389762878           0.0  0.7417858637563211
0.6512629389762878  0.6513484716415405           0.0  0.7412689398094524
0.6513484716415405  0.651434063911438           0.0  0.7407527358123708
0.651434063911438  0.6515196561813354           0.0  0.7407527358123708
0.6515196561813354  0.6516052484512329           0.0  0.7407527358123708
0.6516052484512329  0.6516908407211304           0.0  0.7407527358123708
0.6516908407211304  0.6517764925956726           0.0  0.7402372502620489
0.6517764925956726  0.6518622040748596           0.0  0.7397224816596414
0.6518622040748596  0.6519478559494019           0.0  0.7402372502620489
0.6519478559494019  0.6520335674285889           0.0  0.7397224816596414
0.6520335674285889  0.6521193385124207           0.0  0.7392084285104688
0.6521193385124207  0.6522051095962524           0.0  0.7392084285104688
0.6522051095962524  0.6522908806800842           0.0  0.7392084285104688
0.6522908806800842  0.6523766517639159           0.0  0.7392084285114254
0.6523766517639159  0.6524624824523926           0.0  0.7386950893230475
0.6524624824523926  0.6525483727455139           0.0  0.7381824626138546
0.6525483727455139  0.6526342034339905           0.0  0.7386950893240031
0.6526342034339905  0.6527200937271118           0.0  0.7381824626138546
0.6527200937271118  0.6528060436248779           0.0  0.7376705468977562
0.6528060436248779  0.652891993522644           0.0  0.7376705468977562
0.652891993522644  0.6529779434204102           0.0  0.7376705468977562
0.6529779434204102  0.6530638933181763           0.0  0.7376705468977562
0.6530638933181763  0.6531499028205872           0.0  0.7371593406975498
0.6531499028205872  0.6532359719276428           0.0  0.7366488425391721
0.6532359719276428  0.6533220410346985           0.0  0.7366488425391721
0.6533220410346985  0.6534081101417542           0.0  0.7366488425391721
0.6534081101417542  0.6534941792488098           0.0  0.7366488425391721
0.6534941792488098  0.6535803079605103           0.0  0.7361390509526397
0.6535803079605103  0.6536664366722107           0.0  0.7361390509526397
0.6536664366722107  0.6537526249885559           0.0  0.7356299644720363
0.6537526249885559  0.6538388133049011           0.0  0.7356299644720363
0.6538388133049011  0.6539250016212463           0.0  0.7356299644720363
0.6539250016212463  0.6540112495422363           0.0  0.7351215816354971
0.6540112495422363  0.6540974974632263           0.0  0.7351215816354971
0.6540974974632263  0.6541838049888611           0.0  0.7346139009851964
0.6541838049888611  0.6542701125144958           0.0  0.7346139009851964
0.6542701125144958  0.6543564200401306           0.0  0.7346139009851964
0.6543564200401306  0.6544427871704102           0.0  0.7341069210673322
0.6544427871704102  0.6545291543006897           0.0  0.7341069210673322
0.6545291543006897  0.654615581035614           0.0  0.7336006404321133
0.654615581035614  0.6547019481658936           0.0  0.7341069210673322
0.6547019481658936  0.6547884345054626           0.0  0.7330950576337453
0.6547884345054626  0.654874861240387           0.0  0.7336006404321133
0.654874861240387  0.6549613475799562           0.0  0.7330950576328044
0.6549613475799562  0.6550478935241699           0.0  0.7325901712313561
0.6550478935241699  0.6551343798637389           0.0  0.7330950576346864
0.6551343798637389  0.6552209854125977           0.0  0.7320859797833454
0.6552209854125977  0.6553075313568115           0.0  0.7325901712304161
0.6553075313568115  0.6553941369056702           0.0  0.7320859797842838
0.6553941369056702  0.6554807424545288           0.0  0.7320859797842838
0.6554807424545288  0.6555674076080322           0.0  0.7315824818614611
0.6555674076080322  0.6556540727615356           0.0  0.7315824818614611
0.6556540727615356  0.6557407975196838           0.0  0.7310796760320031
0.6557407975196838  0.6558274626731873           0.0  0.7315824818614611
0.6558274626731873  0.6559142470359802           0.0  0.7305775608698931
0.6559142470359802  0.6560009717941284           0.0  0.7310796760320031
0.6560009717941284  0.6560877561569214           0.0  0.7305775608698931
0.6560877561569214  0.6561746001243591           0.0  0.7300761349530299
0.6561746001243591  0.6562613844871521           0.0  0.7305775608698931
0.6562613844871521  0.6563482284545898           0.0  0.7300761349530299
0.6563482284545898  0.6564351320266724           0.0  0.7295753968632129
0.6564351320266724  0.6565220355987549           0.0  0.7295753968632129
0.6565220355987549  0.6566089391708373           0.0  0.729575396864145
0.6566089391708373  0.6566959023475646           0.0  0.7290753451861305
0.6566959023475646  0.656782865524292           0.0  0.7290753451851997
0.656782865524292  0.6568698287010193           0.0  0.7290753451861305
0.6568698287010193  0.6569568514823914           0.0  0.7285759785113455
0.6569568514823914  0.6570439338684082           0.0  0.7280772954322823
0.6570439338684082  0.6571309566497803           0.0  0.7285759785113455
0.6571309566497803  0.6572180390357971           0.0  0.7280772954322823
0.6572180390357971  0.6573051810264587           0.0  0.7275792945462136
0.6573051810264587  0.6573922634124756           0.0  0.7280772954322823
0.6573922634124756  0.657479465007782           0.0  0.7270819744542477
0.657479465007782  0.6575666069984436           0.0  0.7275792945462136
0.6575666069984436  0.65765380859375           0.0  0.7270819744542477
0.65765380859375  0.6577410101890564           0.0  0.7270819744542477
0.6577410101890564  0.6578282713890076           0.0  0.7265853337613144
0.6578282713890076  0.6579155325889587           0.0  0.7265853337613144
0.6579155325889587  0.6580028533935546           0.0  0.7260893710770764
0.6580028533935546  0.6580901741981506           0.0  0.72608937107523
0.6580901741981506  0.6581774950027467           0.0  0.72608937107523
0.6581774950027467  0.6582648754119873           0.0  0.725594085012221
0.6582648754119873  0.658352255821228           0.0  0.7255940850112991
0.658352255821228  0.6584396362304688           0.0  0.7255940850112991
0.6584396362304688  0.6585270762443542           0.0  0.7250994741830704
0.6585270762443542  0.6586145162582397           0.0  0.7250994741830704
0.6586145162582397  0.65870201587677           0.0  0.7246055372115561
0.65870201587677  0.6587895154953004           0.0  0.7246055372106368
0.6587895154953004  0.6588770151138306           0.0  0.7246055372124756
0.6588770151138306  0.6589645743370056           0.0  0.7241122727206021
0.6589645743370056  0.6590521335601807           0.0  0.7241122727206021
0.6590521335601807  0.6591397523880005           0.0  0.723619679337799
0.6591397523880005  0.6592273712158203           0.0  0.723619679337799
0.6592273712158203  0.6593149900436401           0.0  0.723619679337799
0.6593149900436401  0.6594026684761047           0.0  0.7231277556944694
0.6594026684761047  0.6594903469085693           0.0  0.7231277556944694
0.6594903469085693  0.6595780849456787           0.0  0.7226365004256552
0.6595780849456787  0.6596657633781433           0.0  0.7231277556944694
0.6596657633781433  0.6597535610198975           0.0  0.7221459121701048
0.6597535610198975  0.6598413586616516           0.0  0.7221459121701048
0.6598413586616516  0.6599291563034057           0.0  0.722145912171018
0.6599291563034057  0.6600169539451599           0.0  0.7221459121691917
0.6600169539451599  0.6601048111915588           0.0  0.7216559895702608
0.6601048111915588  0.6601926684379577           0.0  0.7216559895711727
0.6601926684379577  0.6602805852890015           0.0  0.7211667312713363
0.6602805852890015  0.6603685021400453           0.0  0.7211667312713363
0.6603685021400453  0.6604564189910889           0.0  0.7211667312731578
0.6604564189910889  0.6605443954467773           0.0  0.7206781359258566
0.6605443954467773  0.6606323719024658           0.0  0.7206781359258566
0.6606323719024658  0.6607204079627991           0.0  0.7201902021845392
0.6607204079627991  0.6608084440231323           0.0  0.7201902021845392
0.6608084440231323  0.6608965396881104           0.0  0.7197029287053887
0.6608965396881104  0.6609845757484436           0.0  0.7201902021845392
0.6609845757484436  0.6610727310180663           0.0  0.7192163141500366
0.6610727310180663  0.6611608266830445           0.0  0.7197029287035746
0.6611608266830445  0.6612489819526672           0.0  0.7192163141500366
0.6612489819526672  0.6613371968269348           0.0  0.718730357180111
0.6613371968269348  0.6614253520965576           0.0  0.7192163141491307
0.6614253520965576  0.6615135669708252           0.0  0.718730357180111
0.6615135669708252  0.6616018414497375           0.0  0.7182450564662824
0.6616018414497375  0.6616901159286499           0.0  0.7182450564662824
0.6616901159286499  0.6617783904075623           0.0  0.7182450564662824
0.6617783904075623  0.6618667244911194           0.0  0.7177604106791932
0.6618667244911194  0.6619550585746765           0.0  0.7177604106791932
0.6619550585746765  0.6620434522628783           0.0  0.7172764184948756
0.6620434522628783  0.6621318459510803           0.0  0.7172764184930739
0.6621318459510803  0.6622202396392822           0.0  0.7172764184939746
0.6622202396392822  0.6623086929321289           0.0  0.7167930785893292
0.6623086929321289  0.6623971462249756           0.0  0.7167930785893292
0.6623971462249756  0.662485659122467           0.0  0.7163103896475181
0.662485659122467  0.6625741124153137           0.0  0.7167930785893292
0.6625741124153137  0.66266268491745           0.0  0.7158283503543502
0.66266268491745  0.6627511978149414           0.0  0.7163103896475181
0.6627511978149414  0.6628398299217224           0.0  0.7153469593991691
0.6628398299217224  0.6629284024238588           0.0  0.715828350353453
0.6629284024238588  0.6630170345306396           0.0  0.7153469594000651
0.6630170345306396  0.6631056666374207           0.0  0.7153469593991691
0.6631056666374207  0.6631943583488465           0.0  0.7148662154739468
0.6631943583488465  0.6632830500602722           0.0  0.7148662154757366
0.6632830500602722  0.6633718013763428           0.0  0.7143861172777464
0.6633718013763428  0.6634605526924133           0.0  0.7143861172777464
0.6634605526924133  0.6635493040084839           0.0  0.7143861172777464
0.6635493040084839  0.6636381149291992           0.0  0.7139066635077613
0.6636381149291992  0.6637269258499146           0.0  0.7139066635077613
0.6637269258499146  0.6638157367706299           0.0  0.7139066635077613
0.6638157367706299  0.66390460729599           0.0  0.7134278528682525
0.66390460729599  0.6639934778213501           0.0  0.7134278528682525
0.6639934778213501  0.664082407951355           0.0  0.712949684066062
0.664082407951355  0.6641713380813599           0.0  0.712949684066062
0.6641713380813599  0.6642603278160095           0.0  0.7124721558114966
0.6642603278160095  0.6643492579460144           0.0  0.712949684066062
0.6643492579460144  0.6644383072853088           0.0  0.7119952668183163
0.6644383072853088  0.6645272970199585           0.0  0.7124721558114966
0.6645272970199585  0.6646164059638977           0.0  0.711519015803722
0.6646164059638977  0.6647054553031921           0.0  0.7119952668183163
0.6647054553031921  0.6647945642471313           0.0  0.711519015803722
0.6647945642471313  0.6648836731910706           0.0  0.711519015803722
0.6648836731910706  0.6649728417396545           0.0  0.7110434014883451
0.6649728417396545  0.6650620102882386           0.0  0.7110434014874599
0.6650620102882386  0.6651512384414673           0.0  0.7105684225971195
0.6651512384414673  0.6652404069900513           0.0  0.7110434014883451
0.6652404069900513  0.6653296947479248           0.0  0.7100940778548493
0.6653296947479248  0.6654189229011536           0.0  0.7105684225962353
0.6654189229011536  0.6655082702636718           0.0  0.7096203659959214
0.6655082702636718  0.6655975580215454           0.0  0.7100940778539665
0.6655975580215454  0.6656869053840637           0.0  0.7096203659950396
0.6656869053840637  0.665776252746582           0.0  0.7096203659950396
0.665776252746582  0.6658656597137452           0.0  0.7091472857501624
0.6658656597137452  0.6659550666809082           0.0  0.7091472857519235
0.6659550666809082  0.666044533252716           0.0  0.7086748358613487
0.666044533252716  0.6661339998245239           0.0  0.7086748358595899
0.6661339998245239  0.6662234663963318           0.0  0.7086748358604693
0.6662234663963318  0.6663129925727843           0.0  0.7082030150651688
0.6663129925727843  0.6664025187492371           0.0  0.7082030150634123
0.6664025187492371  0.6664920449256897           0.0  0.7082030150642905
0.6664920449256897  0.6665816307067871           0.0  0.7077318221068293
0.6665816307067871  0.6666712760925293           0.0  0.7072612557357476
0.6666712760925293  0.6667608618736267           0.0  0.7077318221068293
0.6667608618736267  0.666850507259369           0.0  0.7072612557348718
0.666850507259369  0.6669402122497559           0.0  0.7067913147029109
0.6669402122497559  0.6670299172401428           0.0  0.7067913147020362
0.6670299172401428  0.6671196222305298           0.0  0.7067913147020362
0.6671196222305298  0.6672093868255615           0.0  0.7063219977600029
0.6672093868255615  0.6672991514205933           0.0  0.7063219977600029
0.6672991514205933  0.6673889756202698           0.0  0.7058533036672624
0.6673889756202698  0.6674787998199463           0.0  0.7058533036672624
0.6674787998199463  0.6675686240196229           0.0  0.7058533036663899
0.6675686240196229  0.6676585078239441           0.0  0.7053852311855957
0.6676585078239441  0.6677483916282654           0.0  0.7053852311847244
0.6677483916282654  0.6678383350372314           0.0  0.7049177790765834
0.6678383350372314  0.6679282784461975           0.0  0.7049177790765834
0.6679282784461975  0.6680182218551636           0.0  0.7049177790765834
0.6680182218551636  0.6681082248687744           0.0  0.7044509461103076
0.6681082248687744  0.6681982278823853           0.0  0.7044509461103076
0.6681982278823853  0.6682882905006408           0.0  0.7039847310574954
0.6682882905006408  0.6683783531188966           0.0  0.7039847310548921
0.6683783531188966  0.6684684753417969           0.0  0.7035191326903933
0.6684684753417969  0.6685585379600525           0.0  0.7039847310566276
0.6685585379600525  0.6686487197875977           0.0  0.7030541497862289
0.6686487197875977  0.668738842010498           0.0  0.7035191326895266
0.668738842010498  0.6688290238380432           0.0  0.7030541497862289
0.6688290238380432  0.6689192652702332           0.0  0.7025897811271893
0.6689192652702332  0.6690095067024232           0.0  0.7025897811263249
0.6690095067024232  0.669099748134613           0.0  0.7025897811280535
0.669099748134613  0.6691900491714478           0.0  0.7021260254960822
0.6691900491714478  0.6692803502082825           0.0  0.7021260254960822
0.6692803502082825  0.669370710849762           0.0  0.7016628816797918
0.669370710849762  0.6694610714912415           0.0  0.7016628816797918
0.6694610714912415  0.6695514321327209           0.0  0.7016628816797918
0.6695514321327209  0.6696418523788452           0.0  0.7012003484684011
0.6696418523788452  0.6697322726249695           0.0  0.7012003484684011
0.6697322726249695  0.6698226928710938           0.0  0.7012003484684011
0.6698226928710938  0.6699131727218628           0.0  0.7007384246551808
0.6699131727218628  0.6700037121772766           0.0  0.7002771090365797
0.6700037121772766  0.6700942516326904           0.0  0.7002771090365797
0.6700942516326904  0.6701847910881041           0.0  0.7002771090374383
0.6701847910881041  0.6702753901481628           0.0  0.6998164004113558
0.6702753901481628  0.6703659892082214           0.0  0.6998164004122135
0.6703659892082214  0.67045658826828           0.0  0.6998164004122135
0.67045658826828  0.6705472469329834           0.0  0.699356297584855
0.6705472469329834  0.6706379055976868           0.0  0.699356297584855
0.6706379055976868  0.6707286238670349           0.0  0.6988967993604234
0.6707286238670349  0.6708193421363831           0.0  0.6988967993604234
0.6708193421363831  0.670910120010376           0.0  0.6984379045479739
0.670910120010376  0.6710008978843689           0.0  0.6984379045479739
0.6710008978843689  0.6710916757583618           0.0  0.6984379045479739
0.6710916757583618  0.6711825132369995           0.0  0.6979796119596878
0.6711825132369995  0.6712733507156371           0.0  0.697979611960541
0.6712733507156371  0.6713641881942749           0.0  0.6979796119588348
0.6713641881942749  0.6714550852775574           0.0  0.6975219204108618
0.6714550852775574  0.6715460419654846           0.0  0.6970648287198979
0.6715460419654846  0.6716369986534119           0.0  0.6970648287198979
0.6716369986534119  0.6717279553413391           0.0  0.6970648287198979
0.6717279553413391  0.6718189716339111           0.0  0.6966083357082936
0.6718189716339111  0.6719099879264832           0.0  0.6966083357082936
0.6719099879264832  0.6720010042190552           0.0  0.6966083357082936
0.6720010042190552  0.672092080116272           0.0  0.6961524402006311
0.672092080116272  0.6721831560134888           0.0  0.6961524402006311
0.6721831560134888  0.6722742915153505           0.0  0.6956971410237205
0.6722742915153505  0.6723654270172118           0.0  0.695697141026263
0.6723654270172118  0.6724566221237183           0.0  0.6952424370099801
0.6724566221237183  0.6725478172302246           0.0  0.6952424370108264
0.6725478172302246  0.672639012336731           0.0  0.6952424370108264
0.672639012336731  0.6727302670478821           0.0  0.6947883269931838
0.6727302670478821  0.6728215217590332           0.0  0.6947883269931838
0.6728215217590332  0.6729128360748292           0.0  0.6943348098076182
0.6729128360748292  0.673004150390625           0.0  0.6943348098093067
0.673004150390625  0.6730954647064209           0.0  0.6943348098084625
0.6730954647064209  0.6731868386268616           0.0  0.6938818842965195
0.6731868386268616  0.6732782125473022           0.0  0.6938818842965195
0.6732782125473022  0.6733696460723877           0.0  0.6934295493002376
0.6733696460723877  0.6734610795974731           0.0  0.6934295493002376
0.6734610795974731  0.6735525727272033           0.0  0.6929778036663552
0.6735525727272033  0.6736440658569336           0.0  0.6929778036646734
0.6736440658569336  0.6737355589866638           0.0  0.6929778036655143
0.6737355589866638  0.6738271117210389           0.0  0.692526646240413
0.6738271117210389  0.6739186644554138           0.0  0.6925266462420927
0.6739186644554138  0.6740102767944337           0.0  0.6920760758785135
0.6740102767944337  0.6741018891334534           0.0  0.6920760758801909
0.6741018891334534  0.6741935014724731           0.0  0.6920760758793522
0.6741935014724731  0.6742851734161377           0.0  0.6916260914346972
0.6742851734161377  0.6743768453598022           0.0  0.6916260914346972
0.6743768453598022  0.6744685769081117           0.0  0.6911766917643125
0.6744685769081117  0.6745603084564209           0.0  0.6911766917659856
0.6745603084564209  0.674652099609375           0.0  0.6907278757315353
0.674652099609375  0.674743890762329           0.0  0.6907278757323708
0.674743890762329  0.6748356819152832           0.0  0.6907278757306998
0.6748356819152832  0.6749275326728821           0.0  0.6902796421976407
0.6749275326728821  0.675019383430481           0.0  0.6902796421976407
0.675019383430481  0.6751112937927246           0.0  0.6898319900301974
0.6751112937927246  0.6752032041549683           0.0  0.6898319900301974
0.6752032041549683  0.6752951145172119           0.0  0.6898319900301974
0.6752951145172119  0.6753870844841003           0.0  0.6893849180988751
0.6753870844841003  0.6754790544509888           0.0  0.6893849180988751
0.6754790544509888  0.6755710840225219           0.0  0.6889384252771034
0.6755710840225219  0.6756631135940551           0.0  0.6889384252762724
0.6756631135940551  0.6757552027702332           0.0  0.6884925104370757
0.6757552027702332  0.6758472919464111           0.0  0.6884925104379058
0.6758472919464111  0.6759393811225891           0.0  0.6884925104379058
0.6759393811225891  0.6760315299034119           0.0  0.6880471724622022
0.6760315299034119  0.6761237382888794           0.0  0.6876024102304876
0.6761237382888794  0.676215887069702           0.0  0.688047172463031
0.676215887069702  0.6763080954551697           0.0  0.6876024102296597
0.6763080954551697  0.676400363445282           0.0  0.6871582226269796
0.676400363445282  0.6764926314353944           0.0  0.6871582226261528
0.6764926314353944  0.6765848994255066           0.0  0.6871582226278065
0.6765848994255066  0.6766772270202637           0.0  0.6867146085387763
0.6766772270202637  0.6767695546150208           0.0  0.6867146085387763
0.6767695546150208  0.6768619418144226           0.0  0.686271566855848
0.6768619418144226  0.6769543290138246           0.0  0.6862715668550233
0.6769543290138246  0.6770467758178711           0.0  0.6858290964718516
0.6770467758178711  0.6771391630172729           0.0  0.686271566855848
0.6771391630172729  0.6772316694259645           0.0  0.6853871962791802
0.6772316694259645  0.6773241758346558           0.0  0.6853871962808253
0.6773241758346558  0.6774166822433472           0.0  0.6853871962800028
0.6774166822433472  0.6775091886520386           0.0  0.6853871962800028
0.6775091886520386  0.6776017546653748           0.0  0.6849458651813035
0.6776017546653748  0.6776943802833557           0.0  0.6845051020762962
0.6776943802833557  0.6777870059013367           0.0  0.6845051020762962
0.6777870059013367  0.6778796315193176           0.0  0.6845051020762962
0.6778796315193176  0.6779723167419434           0.0  0.6840649058691732
0.6779723167419434  0.6780650019645691           0.0  0.6840649058691732
0.6780650019645691  0.6781577467918396           0.0  0.6836252754669436
0.6781577467918396  0.6782504916191101           0.0  0.6836252754669436
0.6782504916191101  0.6783432364463806           0.0  0.6836252754669436
0.6783432364463806  0.6784360408782959           0.0  0.6831862097794248
0.6784360408782959  0.6785288453102112           0.0  0.6831862097794248
0.6785288453102112  0.6786217093467712           0.0  0.6827477077192327
0.6786217093467712  0.6787145733833313           0.0  0.6827477077192327
0.6787145733833313  0.6788074970245361           0.0  0.6823097682017732
0.6788074970245361  0.6789004206657411           0.0  0.6823097682009581
0.6789004206657411  0.6789933443069458           0.0  0.6823097682025884
0.6789933443069458  0.6790863275527954           0.0  0.6818723901452336
0.6790863275527954  0.6791793107986449           0.0  0.6818723901460477
0.6791793107986449  0.6792723536491395           0.0  0.6814355724689468
0.6792723536491395  0.6793653964996339           0.0  0.681435572470573
0.6793653964996339  0.6794584989547729           0.0  0.6809993141023258
0.6794584989547729  0.6795516014099121           0.0  0.6809993141015138
0.6795516014099121  0.6796447038650513           0.0  0.6809993141015138
0.6796447038650513  0.6797378659248352           0.0  0.6805636139645326
0.6797378659248352  0.6798310279846191           0.0  0.6805636139645326
0.6798310279846191  0.6799242496490479           0.0  0.680128470988852
0.6799242496490479  0.6800174713134766           0.0  0.680128470988852
0.6800174713134766  0.68011075258255           0.0  0.6796938841064309
0.68011075258255  0.6802040338516234           0.0  0.6796938841072399
0.6802040338516234  0.680297315120697           0.0  0.679693884105622
0.680297315120697  0.6803906559944153           0.0  0.6792598522519568
0.6803906559944153  0.6804839968681334           0.0  0.6792598522527648
0.6804839968681334  0.6805773973464966           0.0  0.6788263743620293
0.6805773973464966  0.6806707978248596           0.0  0.6788263743628362
0.6806707978248596  0.6807642579078674           0.0  0.6783934493791864
0.6807642579078674  0.6808577179908751           0.0  0.6783934493799924
0.6808577179908751  0.6809511780738831           0.0  0.6783934493783806
0.6809511780738831  0.6810446977615356           0.0  0.6779610762438268
0.6810446977615356  0.6811382174491882           0.0  0.6779610762438268
0.6811382174491882  0.6812317967414856           0.0  0.6775292539022704
0.6812317967414856  0.681325376033783           0.0  0.6775292539022704
0.681325376033783  0.6814190149307252           0.0  0.6770979813019116
0.6814190149307252  0.6815126538276672           0.0  0.6770979813035173
0.6815126538276672  0.6816062927246093           0.0  0.6770979813035173
0.6816062927246093  0.6816999912261963           0.0  0.6766672573952316
0.6816999912261963  0.6817936897277832           0.0  0.6766672573960333
0.6817936897277832  0.6818874478340149           0.0  0.6762370811357689
0.6818874478340149  0.6819812059402466           0.0  0.6762370811357689
0.6819812059402466  0.682075023651123           0.0  0.6758074514781224
0.682075023651123  0.6821688413619995           0.0  0.6758074514781224
0.6821688413619995  0.682262659072876           0.0  0.6758074514781224
0.682262659072876  0.6823565363883971           0.0  0.6753783673827444
0.6823565363883971  0.6824504733085632           0.0  0.6749498278079361
0.6824504733085632  0.6825443506240845           0.0  0.6753783673819457
0.6825443506240845  0.6826383471488953           0.0  0.6745218317226154
0.6826383471488953  0.6827322840690613           0.0  0.6749498278087338
0.6827322840690613  0.6828262805938721           0.0  0.6745218317226154
0.6828262805938721  0.6829203367233276           0.0  0.674094378090345
0.6829203367233276  0.6830143928527832           0.0  0.674094378090345
0.6830143928527832  0.6831084489822388           0.0  0.674094378090345
0.6831084489822388  0.6832025647163391           0.0  0.6736674658812948
0.6832025647163391  0.6832966804504395           0.0  0.6736674658812948
0.6832966804504395  0.6833908557891846           0.0  0.6732410940674458
0.6833908557891846  0.6834850311279297           0.0  0.6732410940674458
0.6834850311279297  0.6835792660713196           0.0  0.6728152616233805
0.6835792660713196  0.6836735010147095           0.0  0.6728152616233805
0.6836735010147095  0.6837677359580994           0.0  0.6728152616233805
0.6837677359580994  0.683862030506134           0.0  0.6723899675262733
0.683862030506134  0.6839563250541687           0.0  0.6723899675262733
0.6839563250541687  0.6840506792068481           0.0  0.671965210755884
0.6840506792068481  0.6841450333595276           0.0  0.671965210755884
0.6841450333595276  0.6842394471168518           0.0  0.6715409902945482
0.6842394471168518  0.684333860874176           0.0  0.6715409902945482
0.684333860874176  0.6844282746315002           0.0  0.6715409902945482
0.6844282746315002  0.6845227479934691           0.0  0.6711173051279586
0.6845227479934691  0.684617280960083           0.0  0.6706941542404256
0.684617280960083  0.684711754322052           0.0  0.6711173051271699
0.684711754322052  0.6848063468933105           0.0  0.6702715366266946
0.6848063468933105  0.6849008798599243           0.0  0.6706941542412134
0.6849008798599243  0.6849954724311829           0.0  0.6702715366266946
0.6849954724311829  0.6850901246070862           0.0  0.669849451276174
0.6850901246070862  0.6851847767829895           0.0  0.669849451276174
0.6851847767829895  0.6852794289588928           0.0  0.669849451276174
0.6852794289588928  0.6853741407394409           0.0  0.6694278971847479
0.6853741407394409  0.6854689121246338           0.0  0.6690068733500405
0.6854689121246338  0.6855636239051819           0.0  0.6694278971847479
0.6855636239051819  0.6856584548950195           0.0  0.6685863787721964
0.6856584548950195  0.6857532262802124           0.0  0.6690068733500405
0.6857532262802124  0.68584805727005           0.0  0.6685863787721964
0.68584805727005  0.6859429478645325           0.0  0.6681664124538721
0.6859429478645325  0.6860378384590149           0.0  0.6681664124538721
0.6860378384590149  0.6861327290534974           0.0  0.6681664124530904
0.6861327290534974  0.6862276792526245           0.0  0.6677469734010095
0.6862276792526245  0.6863226294517517           0.0  0.6677469734002288
0.6863226294517517  0.6864176392555237           0.0  0.6673280606189237
0.6864176392555237  0.6865126490592957           0.0  0.6673280606189237
0.6865126490592957  0.6866077184677124           0.0  0.6669096731201031
0.6866077184677124  0.6867027878761292           0.0  0.6669096731201031
0.6867027878761292  0.6867978572845459           0.0  0.6669096731201031
0.6867978572845459  0.6868929862976074           0.0  0.6664918099163938
0.6868929862976074  0.6869881749153137           0.0  0.6660744700228957
0.6869881749153137  0.6870833039283752           0.0  0.6664918099163938
0.6870833039283752  0.6871785521507263           0.0  0.6656576524571742
0.6871785521507263  0.6872737407684326           0.0  0.6660744700228957
0.6872737407684326  0.6873689889907837           0.0  0.6656576524571742
0.6873689889907837  0.6874642968177795           0.0  0.6652413562392523
0.6874642968177795  0.6875596046447754           0.0  0.6652413562392523
0.6875596046447754  0.6876549124717712           0.0  0.6652413562392523
0.6876549124717712  0.6877502799034119           0.0  0.6648255803916027
0.6877502799034119  0.6878457069396973           0.0  0.6644103239391408
0.6878457069396973  0.6879411339759827           0.0  0.6644103239391408
0.6879411339759827  0.6880365610122681           0.0  0.6644103239391408
0.6880365610122681  0.6881319880485535           0.0  0.6644103239391408
0.6881319880485535  0.6882275342941284           0.0  0.6635813653316059
0.6882275342941284  0.6883230209350586           0.0  0.6639955859092161
0.6883230209350586  0.6884185671806335           0.0  0.6635813653316059
0.6884185671806335  0.6885141730308533           0.0  0.6631676612385066
0.6885141730308533  0.688609778881073           0.0  0.6631676612385066
0.688609778881073  0.6887053847312927           0.0  0.6631676612385066
0.6887053847312927  0.6888010501861572           0.0  0.6627544726645261
0.6888010501861572  0.6888967156410217           0.0  0.6627544726645261
0.6888967156410217  0.688992440700531           0.0  0.6623417986466777
0.688992440700531  0.6890881657600403           0.0  0.6623417986466777
0.6890881657600403  0.6891838908195496           0.0  0.6623417986466777
0.6891838908195496  0.6892796754837036           0.0  0.6619296382243711
0.6892796754837036  0.6893755197525026           0.0  0.6615179904386393
0.6893755197525026  0.6894713640213013           0.0  0.661517990440172
0.6894713640213013  0.6895672082901001           0.0  0.6615179904394057
0.6895672082901001  0.6896631121635437           0.0  0.6611068543359629
0.6896631121635437  0.6897590160369873           0.0  0.6611068543359629
0.6897590160369873  0.6898549795150757           0.0  0.660696228960599
0.6898549795150757  0.6899509429931641           0.0  0.660696228960599
0.6899509429931641  0.6900469660758972           0.0  0.6602861133622373
0.6900469660758972  0.6901429891586304           0.0  0.6602861133622373
0.6901429891586304  0.6902390122413635           0.0  0.6602861133622373
0.6902390122413635  0.6903350949287413           0.0  0.659876506592924
0.6903350949287413  0.6904312372207642           0.0  0.6594674077032462
0.6904312372207642  0.6905273795127869           0.0  0.6594674077040077
0.6905273795127869  0.6906235218048096           0.0  0.6594674077040077
0.6906235218048096  0.6907197237014771           0.0  0.6590588157537574
0.6907197237014771  0.6908159255981445           0.0  0.6590588157537574
0.6908159255981445  0.690912127494812           0.0  0.6590588157537574
0.690912127494812  0.691008448600769           0.0  0.658243148902577
0.691008448600769  0.6911047101020814           0.0  0.6586507297989705
0.6911047101020814  0.6912010312080383           0.0  0.6582431489033357
0.6912010312080383  0.6912974119186402           0.0  0.657836072124514
0.6912974119186402  0.6913937330245972           0.0  0.6582431489033357
0.6913937330245972  0.6914901733398438           0.0  0.6574294985331053
0.6914901733398438  0.6915866136550903           0.0  0.6574294985331053
0.6915866136550903  0.6916830539703369           0.0  0.6574294985331053
0.6916830539703369  0.6917795538902283           0.0  0.6570234271936779
0.6917795538902283  0.6918760538101196           0.0  0.6570234271936779
0.6918760538101196  0.691972553730011           0.0  0.6570234271936779
0.691972553730011  0.6920691132545472           0.0  0.6566178571761366
0.6920691132545472  0.692165732383728           0.0  0.656212787555698
0.692165732383728  0.692262351512909           0.0  0.6562127875541901
0.692262351512909  0.6923589706420897           0.0  0.6562127875564522
0.6923589706420897  0.6924556493759155           0.0  0.6558082174015677
0.6924556493759155  0.6925523281097412           0.0  0.6558082174023209
0.6925523281097412  0.6926490664482117           0.0  0.6554041457957883
0.6926490664482117  0.6927458047866821           0.0  0.6554041457957883
0.6927458047866821  0.6928426027297974           0.0  0.655000571814387
0.6928426027297974  0.6929394006729126           0.0  0.655000571814387
0.6929394006729126  0.6930362582206726           0.0  0.6545974945394243
0.6930362582206726  0.6931331157684326           0.0  0.6545974945394243
0.6931331157684326  0.6932299733161927           0.0  0.6545974945386739
0.6932299733161927  0.6933268904685973           0.0  0.6541949130559666
0.6933268904685973  0.693423867225647           0.0  0.6537928264445892
0.693423867225647  0.6935208439826964           0.0  0.6537928264460862
0.6935208439826964  0.6936178207397461           0.0  0.6537928264445892
0.6936178207397461  0.6937148571014403           0.0  0.6533912338008486
0.6937148571014403  0.6938118934631348           0.0  0.6533912337993534
0.6938118934631348  0.6939089894294739           0.0  0.6529901342090634
0.6939089894294739  0.694006085395813           0.0  0.6529901342090634
0.694006085395813  0.6941031813621521           0.0  0.6529901342090634
0.6941031813621521  0.6942003965377808           0.0  0.6521894105619647
0.6942003965377808  0.6942975521087646           0.0  0.6525895267647635
0.6942975521087646  0.6943947672843933           0.0  0.6521894105619647
0.6943947672843933  0.694491982460022           0.0  0.6521894105619647
0.694491982460022  0.6945892572402954           0.0  0.6517897846976497
0.6945892572402954  0.6946865916252136           0.0  0.651390648271013
0.6946865916252136  0.6947838664054871           0.0  0.6517897846976497
0.6947838664054871  0.69488126039505           0.0  0.6509920003834544
0.69488126039505  0.6949785947799683           0.0  0.651390648271013
0.6949785947799683  0.6950760483741759           0.0  0.6505938401393127
0.6950760483741759  0.695173442363739           0.0  0.6509920003827123
0.695173442363739  0.6952708959579468           0.0  0.6505938401385716
0.6952708959579468  0.6953684091567992           0.0  0.6501961666428945
0.6953684091567992  0.6954659223556519           0.0  0.650196166641414
0.6954659223556519  0.6955634355545044           0.0  0.6501961666421544
0.6955634355545044  0.6956610083580017           0.0  0.6497989790021775
0.6956610083580017  0.6957586407661438           0.0  0.6494022763287939
0.6957586407661438  0.6958562135696412           0.0  0.6497989790014381
0.6958562135696412  0.695953905582428           0.0  0.6490060577350661
0.695953905582428  0.696051597595215           0.0  0.649006057733591
0.696051597595215  0.6961492896080017           0.0  0.6490060577350661
0.6961492896080017  0.6962469816207886           0.0  0.6490060577343285
0.6962469816207886  0.696344792842865           0.0  0.6482150692422696
0.696344792842865  0.6964425444602966           0.0  0.648610322333271
0.6964425444602966  0.696540355682373           0.0  0.6482150692422696
0.696540355682373  0.6966382265090942           0.0  0.6478202975801245
0.6966382265090942  0.6967360973358154           0.0  0.6478202975801245
0.6967360973358154  0.6968339681625365           0.0  0.6478202975808594
0.6968339681625365  0.6969318985939026           0.0  0.6474260064670472
0.6969318985939026  0.6970298290252686           0.0  0.6474260064677811
0.6970298290252686  0.6971278190612793           0.0  0.6470321950283239
0.6971278190612793  0.6972258687019348           0.0  0.6466388623869692
0.6972258687019348  0.6973238587379456           0.0  0.6470321950283239
0.6973238587379456  0.6974219679832458           0.0  0.6462460076710598
0.6974219679832458  0.6975200176239014           0.0  0.6466388623869692
0.6975200176239014  0.6976181268692017           0.0  0.6462460076710598
0.6976181268692017  0.6977162957191467           0.0  0.6458536300100574
0.6977162957191467  0.6978144645690918           0.0  0.6458536300100574
0.6978144645690918  0.6979126930236816           0.0  0.6454617285355366
0.6979126930236816  0.6980109214782715           0.0  0.6454617285355366
0.6980109214782715  0.6981091499328613           0.0  0.6454617285355366
0.6981091499328613  0.6982074379920959           0.0  0.6450703023811792
0.6982074379920959  0.6983057260513305           0.0  0.6450703023819077
0.6983057260513305  0.69840407371521           0.0  0.6446793506820385
0.69840407371521  0.6985024809837341           0.0  0.6442888725781735
0.6985024809837341  0.6986008286476136           0.0  0.6446793506820385
0.6986008286476136  0.6986992955207825           0.0  0.6438988672080894
0.6986992955207825  0.6987977027893066           0.0  0.6442888725781735
0.6987977027893066  0.6988961696624755           0.0  0.6438988672080894
0.6988961696624755  0.6989946961402893           0.0  0.643509333711655
0.6989946961402893  0.699093222618103           0.0  0.6435093337123802
0.699093222618103  0.6991918087005615           0.0  0.6431202712373425
0.6991918087005615  0.69929039478302           0.0  0.6431202712373425
0.69929039478302  0.6993889808654785           0.0  0.6431202712373425
0.6993889808654785  0.6994876265525818           0.0  0.6427316789284377
0.6994876265525818  0.6995863318443297           0.0  0.6423435559346382
0.6995863318443297  0.6996850371360778           0.0  0.6423435559339158
0.6996850371360778  0.6997837424278259           0.0  0.6423435559331931
0.6997837424278259  0.6998825073242188           0.0  0.6419559014040823
0.6998825073242188  0.6999812722206115           0.0  0.641955901404804
0.6999812722206115  0.7000800967216491           0.0  0.6415687144912934
0.7000800967216491  0.7001789212226868           0.0  0.6415687144905726
0.7001789212226868  0.7002778053283691           0.0  0.6411819943499484
0.7002778053283691  0.7003766894340515           0.0  0.6411819943499484
0.7003766894340515  0.7004756331443787           0.0  0.6407957401364847
0.7004756331443787  0.7005745768547059           0.0  0.6407957401357656
0.7005745768547059  0.7006735801696777           0.0  0.6404099510100886
0.7006735801696777  0.7007725834846497           0.0  0.6404099510093705
0.7007725834846497  0.7008715867996216           0.0  0.6404099510093705
0.7008715867996216  0.7009706497192383           0.0  0.6400246261291
0.7009706497192383  0.7010697722434998           0.0  0.6396397646581866
0.7010697722434998  0.7011688947677612           0.0  0.6396397646581866
0.7011688947677612  0.7012680172920227           0.0  0.6396397646581866
0.7012680172920227  0.701367199420929           0.0  0.6392553657611565
0.701367199420929  0.7014663815498351           0.0  0.639255365761872
0.7014663815498351  0.7015656232833861           0.0  0.6388714286045432
0.7015656232833861  0.7016648650169373           0.0  0.6388714286038285
0.7016648650169373  0.7017641663551331           0.0  0.6384879523568814
0.7017641663551331  0.7018634676933289           0.0  0.6384879523568814
0.7018634676933289  0.7019628286361694           0.0  0.6381049361887009
0.7019628286361694  0.70206218957901           0.0  0.6381049361887009
0.70206218957901  0.7021616101264955           0.0  0.6377223792718085
0.7021616101264955  0.7022610306739806           0.0  0.6377223792739448
0.7022610306739806  0.7023605108261108           0.0  0.6373402807821315
0.7023605108261108  0.702459990978241           0.0  0.6373402807828427
0.702459990978241  0.702559471130371           0.0  0.637340280783554
0.702559471130371  0.702659010887146           0.0  0.6369586398954359
0.702659010887146  0.7027586102485657           0.0  0.6365774557908823
0.7027586102485657  0.7028582096099855           0.0  0.6365774557901728
0.7028582096099855  0.702957808971405           0.0  0.636577455791592
0.702957808971405  0.7030574679374695           0.0  0.6361967276474668
0.7030574679374695  0.7031571865081787           0.0  0.6358164546482752
0.7031571865081787  0.7032568454742432           0.0  0.6361967276474668
0.7032568454742432  0.7033566236495973           0.0  0.63543663597693
0.7033566236495973  0.7034564018249512           0.0  0.6354366359783441
0.7034564018249512  0.7035561800003052           0.0  0.635436635977637
0.7035561800003052  0.703656017780304           0.0  0.6350572708218295
0.703656017780304  0.7037558555603026           0.0  0.6350572708225356
0.7037558555603026  0.7038557529449463           0.0  0.6346783583683664
0.7038557529449463  0.7039556503295898           0.0  0.6346783583690718
0.7039556503295898  0.7040555477142334           0.0  0.6346783583690718
0.7040555477142334  0.7041555047035217           0.0  0.6342998978095196
0.7041555047035217  0.7042555212974548           0.0  0.6339218883352589
0.7042555212974548  0.7043555378913881           0.0  0.6339218883345552
0.7043555378913881  0.7044556140899658           0.0  0.6335443291410032
0.7044556140899658  0.7045556902885436           0.0  0.6335443291410032
0.7045556902885436  0.7046557664871216           0.0  0.6335443291395976
0.7046557664871216  0.7047559022903442           0.0  0.6331672194205741
0.7047559022903442  0.7048560976982117           0.0  0.632790558373923
0.7048560976982117  0.7049562931060791           0.0  0.632790558373923
0.7049562931060791  0.7050564885139465           0.0  0.632790558373923
0.7050564885139465  0.7051567435264587           0.0  0.6324143452000978
0.7051567435264587  0.7052570581436157           0.0  0.6320385791007513
0.7052570581436157  0.705357313156128           0.0  0.6324143451993974
0.705357313156128  0.7054576873779298           0.0  0.6316632592794326
0.7054576873779298  0.7055580615997314           0.0  0.6316632592801312
0.7055580615997314  0.7056584358215332           0.0  0.6316632592794326
0.7056584358215332  0.7057588696479798           0.0  0.6312883849408835
0.7057588696479798  0.7058593034744263           0.0  0.6312883849422791
0.7058593034744263  0.7059597969055176           0.0  0.6309139552945222
0.7059597969055176  0.7060602903366089           0.0  0.6309139552945222
0.7060602903366089  0.706160843372345           0.0  0.6305399695474596
0.706160843372345  0.7062613964080811           0.0  0.6305399695474596
0.7062613964080811  0.7063619494438171           0.0  0.6305399695474596
0.7063619494438171  0.7064626216888428           0.0  0.6297933265995053
0.7064626216888428  0.7065632343292236           0.0  0.6301664269114717
0.7065632343292236  0.7066639065742493           0.0  0.6297933265995053
0.7066639065742493  0.7067646384239197           0.0  0.6294206678263694
0.7067646384239197  0.7068653702735901           0.0  0.6294206678263694
0.7068653702735901  0.7069661617279053           0.0  0.6290484498087311
0.7069661617279053  0.7070669531822205           0.0  0.6290484498087311
0.7070669531822205  0.7071677446365358           0.0  0.6290484498080382
0.7071677446365358  0.7072685956954956           0.0  0.6286766717658011
0.7072685956954956  0.7073695063591003           0.0  0.6283053329158679
0.7073695063591003  0.7074704170227051           0.0  0.6283053329158679
0.7074704170227051  0.7075713276863099           0.0  0.6283053329151768
0.7075713276863099  0.7076722979545593           0.0  0.6279344324839043
0.7076722979545593  0.7077732682228088           0.0  0.6279344324832138
0.7077732682228088  0.7078742980957031           0.0  0.6275639696911886
0.7078742980957031  0.7079753875732422           0.0  0.627193943765663
0.7079753875732422  0.7080764174461366           0.0  0.6275639696904989
0.7080764174461366  0.7081775665283203           0.0  0.6268243539350218
0.7081775665283203  0.7082787156105043           0.0  0.6268243539336458
0.7082787156105043  0.708379864692688           0.0  0.6268243539350218
0.708379864692688  0.7084810733795166           0.0  0.6264551994267165
0.7084810733795166  0.7085822820663452           0.0  0.6264551994267165
0.7085822820663452  0.7086835503578187           0.0  0.6260864794734539
0.7086835503578187  0.708784818649292           0.0  0.6260864794748267
0.708784818649292  0.7088861465454102           0.0  0.6257181933097439
0.7088861465454102  0.7089874744415283           0.0  0.6257181933097439
0.7089874744415283  0.7090888619422913           0.0  0.6253503401684681
0.7090888619422913  0.7091902494430542           0.0  0.6253503401684681
0.7091902494430542  0.7092916965484619           0.0  0.6249829192870531
0.7092916965484619  0.7093931436538697           0.0  0.6249829192863691
0.7093931436538697  0.709494650363922           0.0  0.624615929905397
0.709494650363922  0.7095961570739745           0.0  0.6246159299040308
0.7095961570739745  0.7096976637840271           0.0  0.6246159299033476
0.7096976637840271  0.7097992897033693           0.0  0.6238832425955438
0.7097992897033693  0.7099008560180664           0.0  0.6242493712604033
0.7099008560180664  0.7100024819374084           0.0  0.6238832425962254
0.7100024819374084  0.7101041674613953           0.0  0.6235175431574235
0.7101041674613953  0.7102058529853821           0.0  0.6235175431574235
0.7102058529853821  0.7103075385093689           0.0  0.6235175431574235
0.7103075385093689  0.7104093432426453           0.0  0.6227874289382695
0.7104093432426453  0.7105110883712769           0.0  0.6231522721889656
0.7105110883712769  0.7106128931045532           0.0  0.6227874289382695
0.7106128931045532  0.7107147574424744           0.0  0.6224230126545139
0.7107147574424744  0.7108166217803955           0.0  0.6224230126545139
0.7108166217803955  0.7109184861183167           0.0  0.6224230126545139
0.7109184861183167  0.7110204100608827           0.0  0.6220590225879566
0.7110204100608827  0.7111223936080933           0.0  0.6216954579939932
0.7111223936080933  0.711224377155304           0.0  0.6216954579933165
0.711224377155304  0.7113263607025146           0.0  0.6216954579933165
0.7113263607025146  0.7114284038543701           0.0  0.6213323181229933
0.7114284038543701  0.7115305066108704           0.0  0.620969602233838
0.7115305066108704  0.7116325497627259           0.0  0.6213323181223173
0.7116325497627259  0.7117347121238707           0.0  0.6206073095851087
0.7117347121238707  0.7118368744850159           0.0  0.6206073095830854
0.7118368744850159  0.7119390368461609           0.0  0.6206073095837599
0.7119390368461609  0.7120412588119507           0.0  0.6202454394323991
0.7120412588119507  0.7121435403823853           0.0  0.6198839910411215
0.7121435403823853  0.712245762348175           0.0  0.6202454394323991
0.712245762348175  0.7123481035232543           0.0  0.6195229636736858
0.7123481035232543  0.7124504446983337           0.0  0.6195229636723415
0.7124504446983337  0.7125527858734131           0.0  0.6195229636730136
0.7125527858734131  0.7126551866531372           0.0  0.619162356592878
0.7126551866531372  0.7127575874328612           0.0  0.6191623565935493
0.7127575874328612  0.7128600478172301           0.0  0.6188021690672276
0.7128600478172301  0.7129625678062439           0.0  0.6184424003636119
0.7129625678062439  0.7130650281906128           0.0  0.6188021690672276
0.7130650281906128  0.7131676077842712           0.0  0.6180830497539596
0.7131676077842712  0.7132701873779297           0.0  0.6180830497539596
0.7132701873779297  0.7133727669715881           0.0  0.6180830497539596
0.7133727669715881  0.7134754061698914           0.0  0.6177241165078771
0.7134754061698914  0.7135780453681947           0.0  0.617724116507209
0.7135780453681947  0.7136807441711426           0.0  0.6173655999000083
0.7136807441711426  0.7137834429740905           0.0  0.6173655999000083
0.7137834429740905  0.7138862013816833           0.0  0.6170074992026769
0.7138862013816833  0.713988959789276           0.0  0.6170074992040102
0.713988959789276  0.7140917778015137           0.0  0.6166498136958932
0.7140917778015137  0.7141945958137512           0.0  0.6166498136965591
0.7141945958137512  0.7142974734306335           0.0  0.6162925426573375
0.7142974734306335  0.7144003510475159           0.0  0.6162925426573375
0.7144003510475159  0.714503288269043           0.0  0.6159356853657003
0.714503288269043  0.714606285095215           0.0  0.6155792411026724
0.714606285095215  0.7147092223167419           0.0  0.6159356853663647
0.7147092223167419  0.7148122787475586           0.0  0.6152232091535942
0.7148122787475586  0.7149152755737305           0.0  0.6155792411033358
0.7149152755737305  0.7150183916091919           0.0  0.6148675888014823
0.7150183916091919  0.7151214480400087           0.0  0.6152232091529314
0.7151214480400087  0.7152246236801147           0.0  0.6145123793343207
0.7152246236801147  0.7153277993202209           0.0  0.6145123793336594
0.7153277993202209  0.7154309749603273           0.0  0.6145123793329982
0.7154309749603273  0.7155342102050781           0.0  0.6141575800390926
0.7155342102050781  0.7156374454498292           0.0  0.6141575800377717
0.7156374454498292  0.7157407402992247           0.0  0.6138031902070693
0.7157407402992247  0.7158440351486206           0.0  0.6138031902050901
0.7158440351486206  0.7159473896026611           0.0  0.6134492091271997
0.7159473896026611  0.7160507440567015           0.0  0.6134492091278587
0.7160507440567015  0.716154158115387           0.0  0.6130956360953443
0.716154158115387  0.7162575721740723           0.0  0.6130956360960025
0.7162575721740723  0.7163610458374023           0.0  0.6127424704070071
0.7163610458374023  0.7164645195007324           0.0  0.6127424704070071
0.7164645195007324  0.7165680527687073           0.0  0.6123897113566864
0.7165680527687073  0.7166715860366821           0.0  0.6123897113566864
0.7166715860366821  0.7167751789093016           0.0  0.6120373582437885
0.7167751789093016  0.7168787717819214           0.0  0.6120373582424767
0.7168787717819214  0.7169824242591858           0.0  0.611685410366052
0.7169824242591858  0.7170860767364502           0.0  0.611685410366052
0.7170860767364502  0.7171897888183594           0.0  0.6113338670267612
0.7171897888183594  0.7172935009002686           0.0  0.6113338670267612
0.7172935009002686  0.7173972725868225           0.0  0.6109827275281817
0.7173972725868225  0.7175011038780212           0.0  0.610631991174836
0.7175011038780212  0.7176048755645752           0.0  0.6109827275281817
0.7176048755645752  0.7177087664604187           0.0  0.6102816572728424
0.7177087664604187  0.7178125977516174           0.0  0.610631991174836
0.7178125977516174  0.7179165482521058           0.0  0.6099317251292593
0.7179165482521058  0.718020498752594           0.0  0.6099317251305623
0.718020498752594  0.7181244492530823           0.0  0.6099317251299108
0.7181244492530823  0.7182284593582153           0.0  0.6095821940553378
0.7182284593582153  0.7183324694633484           0.0  0.6095821940553378
0.7183324694633484  0.7184365391731263           0.0  0.6092330633593526
0.7184365391731263  0.7185406088829041           0.0  0.6092330633606524
0.7185406088829041  0.7186447381973268           0.0  0.6088843323557128
0.7186447381973268  0.7187489271163942           0.0  0.6085360003584465
0.7187489271163942  0.7188530564308167           0.0  0.6088843323570111
0.7188530564308167  0.7189573049545288           0.0  0.608188066681855
0.7189573049545288  0.719061553478241           0.0  0.608188066681855
0.719061553478241  0.719165802001953           0.0  0.6081880666825028
0.719165802001953  0.7192701101303101           0.0  0.6078405306431041
0.7192701101303101  0.7193744182586669           0.0  0.607840530644398
0.7193744182586669  0.7194787859916687           0.0  0.6074933915622118
0.7194787859916687  0.7195832133293152           0.0  0.6071466487594546
0.7195832133293152  0.7196876406669617           0.0  0.6071466487594546
0.7196876406669617  0.7197920680046082           0.0  0.6071466487594546
0.7197920680046082  0.7198965549468993           0.0  0.6068003015560152
0.7198965549468993  0.7200011014938354           0.0  0.606454349273338
0.7200011014938354  0.7201056480407715           0.0  0.606454349273982
0.7201056480407715  0.7202101945877075           0.0  0.606454349273982
0.7202101945877075  0.7203148007392883           0.0  0.6061087912402077
0.7203148007392883  0.7204194664955139           0.0  0.6057636267805037
0.7204194664955139  0.7205241322517395           0.0  0.6057636267805037
0.7205241322517395  0.720628798007965           0.0  0.6057636267811461
0.720628798007965  0.7207335233688354           0.0  0.6054188552222178
0.7207335233688354  0.7208383083343506           0.0  0.6050744758967944
0.7208383083343506  0.7209430932998657           0.0  0.6050744758967944
0.7209430932998657  0.7210478782653809           0.0  0.6050744758967944
0.7210478782653809  0.7211527228355408           0.0  0.604730488133351
0.7211527228355408  0.7212576270103455           0.0  0.6043868912650934
0.7212576270103455  0.72136253118515           0.0  0.6043868912657331
0.72136253118515  0.7214674949645996           0.0  0.6040436846254623
0.7214674949645996  0.7215724587440491           0.0  0.6040436846261013
0.7215724587440491  0.7216774225234985           0.0  0.6040436846261013
0.7216774225234985  0.7217825055122374           0.0  0.6033584393804244
0.7217825055122374  0.7218875288963318           0.0  0.603700867551328
0.7218875288963318  0.7219926118850709           0.0  0.6033584393791495
0.7219926118850709  0.7220977544784546           0.0  0.6030163994488025
0.7220977544784546  0.7222028970718385           0.0  0.6030163994475291
0.7222028970718385  0.7223080992698669           0.0  0.6026747470978396
0.7223080992698669  0.7224133014678955           0.0  0.6026747470972037
0.7224133014678955  0.7225185632705688           0.0  0.6023334816684962
0.7225185632705688  0.7226238250732421           0.0  0.6023334816691316
0.7226238250732421  0.7227291464805602           0.0  0.6019926025051299
0.7227291464805602  0.7228344678878784           0.0  0.6019926025044953
0.7228344678878784  0.7229398488998413           0.0  0.6016521089516766
0.7229398488998413  0.7230452299118042           0.0  0.6016521089516766
0.7230452299118042  0.7231506705284119           0.0  0.6013120003541912
0.7231506705284119  0.7232561707496643           0.0  0.600972276060206
0.7232561707496643  0.7233616709709167           0.0  0.600972276060206
0.7233616709709167  0.7234671711921692           0.0  0.600972276060206
0.7234671711921692  0.7235727310180664           0.0  0.6006329354187264
0.7235727310180664  0.7236782908439637           0.0  0.6006329354180947
0.7236782908439637  0.7237839102745056           0.0  0.6002939777808592
0.7237839102745056  0.7238895893096924           0.0  0.5999554024966522
0.7238895893096924  0.7239952683448792           0.0  0.5999554024966522
0.7239952683448792  0.7241009473800659           0.0  0.5999554024966522
0.7241009473800659  0.7242066860198976           0.0  0.5996172089207709
0.7242066860198976  0.7243124842643738           0.0  0.5992793964099609
0.7243124842643738  0.7244182825088501           0.0  0.599279396409332
0.7244182825088501  0.7245240807533264           0.0  0.599279396409332
0.7245240807533264  0.7246299386024475           0.0  0.5989419643167593
0.7246299386024475  0.7247358560562134           0.0  0.5986049120014432
0.7247358560562134  0.7248417735099791           0.0  0.5986049120020706
0.7248417735099791  0.7249477505683899           0.0  0.5982682388219629
0.7249477505683899  0.7250537276268005           0.0  0.5982682388225896
0.7250537276268005  0.725159764289856           0.0  0.5979319441408456
0.725159764289856  0.7252658009529114           0.0  0.5979319441408456
0.7252658009529114  0.7253718376159668           0.0  0.5979319441408456
0.7253718376159668  0.7254779934883118           0.0  0.5972604877184527
0.7254779934883118  0.725584089756012           0.0  0.5975960273182946
0.725584089756012  0.7256903052330017           0.0  0.596925324706265
0.7256903052330017  0.7257965207099915           0.0  0.596925324706265
0.7257965207099915  0.7259027361869812           0.0  0.596925324706265
0.7259027361869812  0.7260090112686156           0.0  0.5965905376487244
0.7260090112686156  0.7261152863502504           0.0  0.5965905376468548
0.7261152863502504  0.7262216210365295           0.0  0.5962561259123739
0.7262216210365295  0.7263279557228087           0.0  0.5962561259123739
0.7263279557228087  0.7264343500137329           0.0  0.5959220888658009
0.7264343500137329  0.7265408039093018           0.0  0.5955884258827349
0.7265408039093018  0.7266472578048706           0.0  0.5955884258827349
0.7266472578048706  0.7267537117004393           0.0  0.5955884258833559
0.7267537117004393  0.7268602252006531           0.0  0.595255136332096
0.7268602252006531  0.7269667983055116           0.0  0.5949222195891813
0.7269667983055116  0.72707337141037           0.0  0.5949222195898011
0.72707337141037  0.727180004119873           0.0  0.5945896750294422
0.727180004119873  0.7272866368293762           0.0  0.594589675028823
0.7272866368293762  0.7273932695388795           0.0  0.594589675028204
0.7273932695388795  0.7274999618530273           0.0  0.5942575020266321
0.7274999618530273  0.7276067137718201           0.0  0.5939256999589975
0.7276067137718201  0.7277134656906128           0.0  0.5939256999589975
0.7277134656906128  0.7278202772140504           0.0  0.5935942682061711
0.7278202772140504  0.7279270887374878           0.0  0.5935942682074051
0.7279270887374878  0.7280339598655701           0.0  0.5932632061497849
0.7280339598655701  0.7281408905982971           0.0  0.5929325131697684
0.7281408905982971  0.7282477617263794           0.0  0.5932632061497849
0.7282477617263794  0.7283547520637512           0.0  0.5926021886498966
0.7283547520637512  0.728461742401123           0.0  0.5926021886498966
0.728461742401123  0.7285687327384949           0.0  0.5926021886498966
0.7285687327384949  0.7286757826805115           0.0  0.5922722319747017
0.7286757826805115  0.7287828922271729           0.0  0.5919426425300859
0.7287828922271729  0.7288900017738343           0.0  0.5919426425294724
0.7288900017738343  0.7289971113204955           0.0  0.5919426425313131
0.7289971113204955  0.7291042804718016           0.0  0.5916134197033173
0.7291042804718016  0.7292115092277527           0.0  0.5912845628824143
0.7292115092277527  0.7293187379837036           0.0  0.5912845628830263
0.7293187379837036  0.7294260263442993           0.0  0.5909560714592025
0.7294260263442993  0.729533314704895           0.0  0.5909560714592025
0.729533314704895  0.7296406626701355           0.0  0.5906279448231896
0.7296406626701355  0.729748010635376           0.0  0.5906279448231896
0.729748010635376  0.7298554182052612           0.0  0.5903001823676828
0.7298554182052612  0.7299628257751464           0.0  0.5903001823682928
0.7299628257751464  0.7300702929496765           0.0  0.589972783486115
0.7300702929496765  0.7301777601242065           0.0  0.5899727834867246
0.7301777601242065  0.7302852869033813           0.0  0.589645747575701
0.7302852869033813  0.7303928732872008           0.0  0.5893190740319458
0.7303928732872008  0.7305004596710204           0.0  0.5893190740313375
0.7305004596710204  0.7306080460548402           0.0  0.5893190740301213
0.7306080460548402  0.7307156920433043           0.0  0.5889927622529118
0.7307156920433043  0.7308233976364136           0.0  0.5886668116355661
0.7308233976364136  0.7309311032295227           0.0  0.5886668116361728
0.7309311032295227  0.7310388088226318           0.0  0.5886668116361728
0.7310388088226318  0.7311466336250305           0.0  0.588015991501694
0.7311466336250305  0.7312543988227844           0.0  0.5883412215854892
0.7312543988227844  0.7313622236251831           0.0  0.588015991501694
0.7313622236251831  0.7314701080322267           0.0  0.5876911207875523
0.7314701080322267  0.7315780520439148           0.0  0.5873666088501703
0.7315780520439148  0.7316859364509583           0.0  0.5876911207881571
0.7316859364509583  0.7317939400672913           0.0  0.587042455091923
0.7317939400672913  0.7319019436836243           0.0  0.587042455091923
0.7319019436836243  0.7320099472999573           0.0  0.587042455091923
0.7320099472999573  0.7321180105209351           0.0  0.5867186589225397
0.7321180105209351  0.7322261333465576           0.0  0.5863952197500355
0.7322261333465576  0.7323342561721801           0.0  0.5863952197506377
0.7323342561721801  0.7324423789978028           0.0  0.5863952197488314
0.7324423789978028  0.7325505614280701           0.0  0.5860721369849344
0.7325505614280701  0.7326588034629822           0.0  0.5857494100366545
0.7326588034629822  0.7327670454978943           0.0  0.5857494100366545
0.7327670454978943  0.7328753471374512           0.0  0.5854270383195181
0.7328753471374512  0.7329836487770081           0.0  0.5854270383195181
0.7329836487770081  0.7330920100212097           0.0  0.5851050212467351
0.7330920100212097  0.7332003712654114           0.0  0.5851050212467351
0.7332003712654114  0.7333087921142578           0.0  0.5847833582334054
0.7333087921142578  0.733417272567749           0.0  0.5844620486959146
0.733417272567749  0.7335257530212402           0.0  0.5844620486959146
0.7335257530212402  0.7336342334747314           0.0  0.5844620486959146
0.7336342334747314  0.7337427735328674           0.0  0.58414109205193
0.7337427735328674  0.7338513731956482           0.0  0.5838204877203975
0.7338513731956482  0.733959972858429           0.0  0.5838204877203975
0.733959972858429  0.7340685725212097           0.0  0.5838204877203975
0.7340685725212097  0.73417729139328           0.0  0.5831803336768445
0.73417729139328  0.7342859506607056           0.0  0.5835002351215384
0.7342859506607056  0.7343947291374207           0.0  0.5828607828090764
0.7343947291374207  0.734503448009491           0.0  0.5831803336768445
0.734503448009491  0.7346122860908508           0.0  0.5825415819422587
0.7346122860908508  0.7347211241722108           0.0  0.5825415819416644
0.7347211241722108  0.7348299622535707           0.0  0.5825415819422587
0.7348299622535707  0.7349388599395752           0.0  0.5822227305022709
0.7349388599395752  0.7350478172302246           0.0  0.5819042279138754
0.7350478172302246  0.735156774520874           0.0  0.5819042279138754
0.735156774520874  0.7352657318115234           0.0  0.5819042279138754
0.7352657318115234  0.7353747487068176           0.0  0.5815860736066508
0.7353747487068176  0.7354838252067567           0.0  0.5812682670084599
0.7354838252067567  0.7355929017066956           0.0  0.5812682670096432
0.7355929017066956  0.7357020378112793           0.0  0.5809508075513732
0.7357020378112793  0.7358111739158629           0.0  0.5809508075519642
0.7358111739158629  0.7359203696250917           0.0  0.5806336946639746
0.7359203696250917  0.7360296249389648           0.0  0.5803169277837673
0.7360296249389648  0.7361388206481934           0.0  0.5806336946651552
0.7361388206481934  0.7362481355667114           0.0  0.5800005063394571
0.7362481355667114  0.7363574504852295           0.0  0.5800005063394571
0.7363574504852295  0.7364668250083923           0.0  0.5796844297692449
0.7364668250083923  0.7365761995315552           0.0  0.5796844297692449
0.7365761995315552  0.7366855740547179           0.0  0.5796844297698334
0.7366855740547179  0.7367950677871703           0.0  0.5790533089964967
0.7367950677871703  0.736904501914978           0.0  0.5793686975084342
0.736904501914978  0.7370140552520751           0.0  0.5787382636711874
0.7370140552520751  0.7371235489845276           0.0  0.5790533089959096
0.7371235489845276  0.7372331619262695           0.0  0.5784235609714868
0.7372331619262695  0.7373427748680115           0.0  0.5784235609714868
0.7373427748680115  0.7374523878097534           0.0  0.5784235609714868
0.7374523878097534  0.73756206035614           0.0  0.5781092003411094
0.73756206035614  0.7376717925071717           0.0  0.5777951812191265
0.7376717925071717  0.7377815246582031           0.0  0.5777951812208802
0.7377815246582031  0.7378913164138793           0.0  0.5774815030551791
0.7378913164138793  0.7380011081695557           0.0  0.5774815030540112
0.7380011081695557  0.7381109595298767           0.0  0.5771681652884234
0.7381109595298767  0.7382208108901976           0.0  0.5771681652890067
0.7382208108901976  0.7383307218551636           0.0  0.5768551673674024
0.7383307218551636  0.7384406328201294           0.0  0.576855167367985
0.7384406328201294  0.73855060338974           0.0  0.5765425087406854
0.73855060338974  0.7386606335639954           0.0  0.576230188855127
0.7386606335639954  0.7387706637382508           0.0  0.5762301888545456
0.7387706637382508  0.7388807535171508           0.0  0.5759182071622684
0.7388807535171508  0.738990843296051           0.0  0.5759182071605261
0.738990843296051  0.7391009330749512           0.0  0.5759182071611069
0.7391009330749512  0.7392111420631408           0.0  0.5752952561533997
0.7392111420631408  0.7393213510513306           0.0  0.5752952561522405
0.7393213510513306  0.7394315600395203           0.0  0.5752952561528202
0.7394315600395203  0.7395418286323547           0.0  0.5749842857440889
0.7395418286323547  0.7396520972251892           0.0  0.5749842857440889
0.7396520972251892  0.7397624254226685           0.0  0.5746736513379603
0.7397624254226685  0.7398728132247925           0.0  0.5743633523901536
0.7398728132247925  0.7399832010269165           0.0  0.5743633523901536
0.7399832010269165  0.7400936484336854           0.0  0.574053388356986
0.7400936484336854  0.7402040958404542           0.0  0.574053388357563
0.7402040958404542  0.7403146028518677           0.0  0.5737437586988313
0.7403146028518677  0.7404251098632812           0.0  0.5737437586982548
0.7404251098632812  0.7405356764793396           0.0  0.5734344628714633
0.7405356764793396  0.7406462430953979           0.0  0.5734344628714633
0.7406462430953979  0.7407568693161011           0.0  0.5731255003375886
0.7407568693161011  0.740867555141449           0.0  0.572816870558193
0.740867555141449  0.740978240966797           0.0  0.5728168705576184
0.740978240966797  0.7410889863967896           0.0  0.572508572996572
0.7410889863967896  0.7411997318267822           0.0  0.5725085729959981
0.7411997318267822  0.7413105368614197           0.0  0.5722006071148813
0.7413105368614197  0.7414213418960571           0.0  0.5722006071148813
0.7414213418960571  0.7415322065353394           0.0  0.5718929723798734
0.7415322065353394  0.7416431307792662           0.0  0.5715856682577265
0.7416431307792662  0.7417540550231935           0.0  0.5715856682560102
0.7417540550231935  0.7418649792671204           0.0  0.5715856682577265
0.7418649792671204  0.7419759631156922           0.0  0.5712786942134803
0.7419759631156922  0.7420870065689087           0.0  0.570972049719607
0.7420870065689087  0.7421980500221252           0.0  0.5709720497190361
0.7421980500221252  0.7423091530799866           0.0  0.5706657342417191
0.7423091530799866  0.7424202561378479           0.0  0.5706657342417191
0.7424202561378479  0.742531418800354           0.0  0.5703597472528495
0.742531418800354  0.7426426410675048           0.0  0.5700540882248801
0.7426426410675048  0.7427538633346558           0.0  0.570054088223742
0.7427538633346558  0.7428650856018066           0.0  0.570054088224311
0.7428650856018066  0.7429763674736023           0.0  0.5697487566291186
0.7429763674736023  0.7430877089500427           0.0  0.5694437519414156
0.7430877089500427  0.7431990504264832           0.0  0.5694437519414156
0.7431990504264832  0.7433104515075682           0.0  0.5691390736370383
0.7433104515075682  0.7434219121932983           0.0  0.5688347211901095
0.7434219121932983  0.7435333728790283           0.0  0.5688347211906761
0.7435333728790283  0.7436448335647582           0.0  0.5688347211912427
0.7436448335647582  0.7437563538551331           0.0  0.5685306940809756
0.7437563538551331  0.7438679337501527           0.0  0.5682269917871292
0.7438679337501527  0.7439795136451721           0.0  0.5682269917882601
0.7439795136451721  0.7440911531448364           0.0  0.5679236137888758
0.7440911531448364  0.7442027926445007           0.0  0.5679236137888758
0.7442027926445007  0.7443144917488097           0.0  0.5676205595665004
0.7443144917488097  0.7444261908531188           0.0  0.5676205595659362
0.7444261908531188  0.7445379495620728           0.0  0.5673178286002707
0.7445379495620728  0.7446497678756714           0.0  0.5670154203766335
0.7446497678756714  0.7447615861892701           0.0  0.5670154203760706
0.7447615861892701  0.7448734641075134           0.0  0.5667133343780607
0.7448734641075134  0.7449853420257568           0.0  0.5667133343774984
0.7449853420257568  0.745097279548645           0.0  0.5664115700886925
0.745097279548645  0.7452092170715332           0.0  0.5664115700886925
0.7452092170715332  0.7453212141990663           0.0  0.5661101269960138
0.7453212141990663  0.7454332709312439           0.0  0.5658090045891586
0.7454332709312439  0.7455453276634216           0.0  0.5658090045885981
0.7455453276634216  0.7456573843955995           0.0  0.5658090045880374
0.7456573843955995  0.7457695603370668           0.0  0.5652077197803211
0.7457695603370668  0.7458816766738892           0.0  0.5655082023538638
0.7458816766738892  0.7459939122200011           0.0  0.5649075563609223
0.7459939122200011  0.7461061477661133           0.0  0.5649075563598047
0.7461061477661133  0.7462183833122253           0.0  0.5649075563603635
0.7462183833122253  0.7463306784629822           0.0  0.5646077115852253
0.7463306784629822  0.7464430332183838           0.0  0.5643081849477796
0.7464430332183838  0.7465553879737854           0.0  0.5643081849477796
0.7465553879737854  0.7466678023338318           0.0  0.5640089759419747
0.7466678023338318  0.7467802166938783           0.0  0.5640089759414177
0.7467802166938783  0.7468926906585693           0.0  0.5637100840633886
0.7468926906585693  0.7470051646232604           0.0  0.5637100840633886
0.7470051646232604  0.7471176981925964           0.0  0.5634115088058872
0.7471176981925964  0.7472302913665771           0.0  0.5631132496699652
0.7472302913665771  0.7473428845405579           0.0  0.5631132496699652
0.7473428845405579  0.7474555373191835           0.0  0.5628153061510667
0.7474555373191835  0.7475681900978088           0.0  0.562815306152176
0.7475681900978088  0.7476809024810791           0.0  0.5625176777506951
0.7476809024810791  0.7477936148643494           0.0  0.5625176777506951
0.7477936148643494  0.7479063868522644           0.0  0.5622203639675288
0.7479063868522644  0.7480192184448242           0.0  0.5619233643035205
0.7480192184448242  0.748132050037384           0.0  0.5619233643035205
0.748132050037384  0.7482449412345886           0.0  0.5616266782611217
0.7482449412345886  0.7483578324317931           0.0  0.561626678261674
0.7483578324317931  0.7484707832336427           0.0  0.56133030534273
0.7484707832336427  0.7485837340354919           0.0  0.5613303053443852
0.7485837340354919  0.7486967444419861           0.0  0.5610342450562049
0.7486967444419861  0.748809814453125           0.0  0.5607384969038294
0.748809814453125  0.748922884464264           0.0  0.5607384969032788
0.748922884464264  0.7490360140800476           0.0  0.5604430603938927
0.7490360140800476  0.7491491436958313           0.0  0.5604430603933427
0.7491491436958313  0.7492623329162598           0.0  0.5601479350324194
0.7492623329162598  0.7493755817413329           0.0  0.5598531203303195
0.7493755817413329  0.7494888305664061           0.0  0.5598531203297707
0.7494888305664061  0.7496020793914795           0.0  0.5598531203292219
0.7496020793914795  0.7497153878211974           0.0  0.55955861579569
0.7497153878211974  0.7498287558555604           0.0  0.5592644209382129
0.7498287558555604  0.749942123889923           0.0  0.5592644209404037
0.749942123889923  0.7500555515289307           0.0  0.5589705352735278
0.7500555515289307  0.7501690387725831           0.0  0.5586769583117247
0.7501690387725831  0.7502825260162354           0.0  0.5586769583128177
0.7502825260162354  0.7503960132598877           0.0  0.5586769583122712
0.7503960132598877  0.7505096197128295           0.0  0.5580907285559307
0.7505096197128295  0.7506231665611266           0.0  0.5583836895677504
0.7506231665611266  0.7507368326187135           0.0  0.5577980747899771
0.7507368326187135  0.7508504986763002           0.0  0.5577980747910669
0.7508504986763002  0.7509641647338866           0.0  0.5577980747921565
0.7509641647338866  0.7510778903961182           0.0  0.5575057277911561
0.7510778903961182  0.7511916756629944           0.0  0.557213687075204
0.7511916756629944  0.7513054609298706           0.0  0.557213687075204
0.7513054609298706  0.7514193058013915           0.0  0.5569219521610481
0.7514193058013915  0.7515331506729125           0.0  0.556921952160505
0.7515331506729125  0.7516470551490784           0.0  0.5566305225669951
0.7516470551490784  0.7517610192298888           0.0  0.5563393978177829
0.7517610192298888  0.7518749833106995           0.0  0.5563393978166988
0.7518749833106995  0.7519890069961549           0.0  0.5560485774310134
0.7519890069961549  0.7521030306816101           0.0  0.5560485774320962
0.7521030306816101  0.7522171139717102           0.0  0.5557580609334192
0.7522171139717102  0.7523311972618103           0.0  0.5557580609334192
0.7523311972618103  0.7524453401565553           0.0  0.5554678478462296
0.7524453401565553  0.7525595426559448           0.0  0.5551779376970765
0.7525595426559448  0.7526737451553345           0.0  0.5551779376965367
0.7526737451553345  0.7527880072593689           0.0  0.5548883300086407
0.7527880072593689  0.7529022693634033           0.0  0.5548883300086407
0.7529022693634033  0.7530165910720825           0.0  0.5545990243099919
0.7530165910720825  0.7531309723854065           0.0  0.5543100201284858
0.7531309723854065  0.7532453536987305           0.0  0.5543100201284858
0.7532453536987305  0.7533597946166992           0.0  0.5540213169930024
0.7533597946166992  0.753474235534668           0.0  0.5540213169930024
0.753474235534668  0.7535887360572815           0.0  0.5537329144334017
0.7535887360572815  0.753703236579895           0.0  0.5537329144334017
0.753703236579895  0.7538177967071534           0.0  0.5534448119799862
0.7538177967071534  0.7539324164390563           0.0  0.5531570091672517
0.7539324164390563  0.7540470361709595           0.0  0.5531570091656443
0.7540470361709595  0.7541617155075073           0.0  0.5528695055231624
0.7541617155075073  0.7542763948440552           0.0  0.5528695055231624
0.7542763948440552  0.7543911337852478           0.0  0.5525823005852283
0.7543911337852478  0.7545059323310851           0.0  0.5522953938876393
0.7545059323310851  0.7546207308769225           0.0  0.552295393887105
0.7546207308769225  0.7547355890274047           0.0  0.5520087849644859
0.7547355890274047  0.7548504471778871           0.0  0.5520087849634188
0.7548504471778871  0.7549653649330139           0.0  0.5517224733545602
0.7549653649330139  0.7550802826881409           0.0  0.5517224733540271
0.7550802826881409  0.7551952600479125           0.0  0.5514364585938785
0.7551952600479125  0.7553102970123291           0.0  0.5511507402204859
0.7553102970123291  0.7554253339767456           0.0  0.5511507402210178
0.7554253339767456  0.7555404305458069           0.0  0.550865317776574
0.7555404305458069  0.7556555867195129           0.0  0.5505801908004991
0.7556555867195129  0.755770742893219           0.0  0.5505801908004991
0.755770742893219  0.7558858990669249           0.0  0.55058019080103
0.7558858990669249  0.7560011148452758           0.0  0.5502953588342289
0.7560011148452758  0.7561163902282715           0.0  0.5500108214196174
0.7561163902282715  0.7562316656112672           0.0  0.5500108214196174
0.7562316656112672  0.7563470005989075           0.0  0.5497265781021128
0.7563470005989075  0.7564623951911926           0.0  0.5494426284228122
0.7564623951911926  0.7565777897834778           0.0  0.5494426284228122
0.7565777897834778  0.7566932439804077           0.0  0.5491589719290473
0.7566932439804077  0.7568086981773376           0.0  0.5491589719290473
0.7568086981773376  0.7569242119789125           0.0  0.5488756081659144
0.7569242119789125  0.7570397257804871           0.0  0.5488756081669695
0.7570397257804871  0.7571553587913513           0.0  0.5483097570240023
0.7571553587913513  0.7572709321975708           0.0  0.5485925366820859
0.7572709321975708  0.7573866248130798           0.0  0.548027268741146
0.7573866248130798  0.7575022578239441           0.0  0.5483097570240023
0.7575022578239441  0.7576180100440978           0.0  0.5477450713839261
0.7576180100440978  0.7577337622642517           0.0  0.5477450713828754
0.7577337622642517  0.7578495740890503           0.0  0.5474631645015772
0.7578495740890503  0.7579653859138488           0.0  0.547463164502102
0.7579653859138488  0.7580812573432922           0.0  0.5471815476468854
0.7580812573432922  0.7581971287727356           0.0  0.5471815476474097
0.7581971287727356  0.7583130598068237           0.0  0.5469002203735549
0.7583130598068237  0.7584290504455566           0.0  0.5466191822335891
0.7584290504455566  0.7585450410842897           0.0  0.5466191822330658
0.7585450410842897  0.7586610913276672           0.0  0.5463384327825279
0.7586610913276672  0.758777141571045           0.0  0.5463384327814826
0.758777141571045  0.7588932514190674           0.0  0.5460579715747338
0.7588932514190674  0.7590094208717346           0.0  0.5457777981665286
0.7590094208717346  0.7591255903244017           0.0  0.5457777981670503
0.7591255903244017  0.7592418193817139           0.0  0.5454979121156658
0.7592418193817139  0.7593580484390258           0.0  0.545497912116708
0.7593580484390258  0.7594743371009827           0.0  0.5452183129808041
0.7594743371009827  0.7595906853675842           0.0  0.5449390003209859
0.7595906853675842  0.7597070336341858           0.0  0.5449390003209859
0.7597070336341858  0.7598234415054322           0.0  0.5446599736945981
0.7598234415054322  0.7599398493766785           0.0  0.544659973695637
0.7599398493766785  0.7600563168525696           0.0  0.5443812326645673
0.7600563168525696  0.7601727843284607           0.0  0.5443812326645673
0.7601727843284607  0.7602893710136414           0.0  0.5438246056373029
0.7602893710136414  0.7604058980941771           0.0  0.5441027767915999
0.7604058980941771  0.7605225443840027           0.0  0.5435467187662504
0.7605225443840027  0.7606391906738281           0.0  0.5435467187667676
0.7606391906738281  0.7607558369636536           0.0  0.5435467187667676
0.7607558369636536  0.7608726024627686           0.0  0.5429917961340298
0.7608726024627686  0.7609893083572388           0.0  0.5432691157439042
0.7609893083572388  0.7611061334609986           0.0  0.5427147595028334
0.7611061334609986  0.7612229585647582           0.0  0.5427147595043808
0.7612229585647582  0.7613397836685181           0.0  0.5427147595028334
0.7613397836685181  0.7614566683769225           0.0  0.542438005419467
0.7614566683769225  0.7615736126899719           0.0  0.5421615334482948
0.7615736126899719  0.7616906166076659           0.0  0.5418853431622892
0.7616906166076659  0.7618076205253601           0.0  0.5418853431612609
0.7618076205253601  0.7619246244430542           0.0  0.5418853431617751
0.7619246244430542  0.7620416879653931           0.0  0.5416094341275786
0.7620416879653931  0.7621588110923766           0.0  0.5413338059173398
0.7621588110923766  0.762275993824005           0.0  0.5410584581009992
0.762275993824005  0.7623931765556335           0.0  0.5410584581004866
0.7623931765556335  0.762510359287262           0.0  0.5410584581009992
0.762510359287262  0.7626276016235352           0.0  0.5407833902524476
0.7626276016235352  0.7627449035644532           0.0  0.540508601943881
0.7627449035644532  0.7628622651100159           0.0  0.5402340927514325
0.7628622651100159  0.7629796266555786           0.0  0.5402340927509215
0.7629796266555786  0.7630969882011414           0.0  0.5402340927509215
0.7630969882011414  0.7632144689559937           0.0  0.539685910008404
0.7632144689559937  0.7633318901062012           0.0  0.539959862246987
0.7633318901062012  0.7634494304656981           0.0  0.5394122356123576
0.7634494304656981  0.7635669708251953           0.0  0.5394122356113386
0.7635669708251953  0.7636845707893372           0.0  0.5391388386348528
0.7636845707893372  0.7638021707534791           0.0  0.5391388386343438
0.7638021707534791  0.7639198303222656           0.0  0.5388657186563162
0.7639198303222656  0.7640374898910524           0.0  0.5388657186552992
0.7640374898910524  0.7641552090644836           0.0  0.5385928752544646
0.7641552090644836  0.7642729878425598           0.0  0.5383203080093949
0.7642729878425598  0.7643907666206359           0.0  0.5383203080099024
0.7643907666206359  0.7645086050033569           0.0  0.5380480165025605
0.7645086050033569  0.7646265029907228           0.0  0.5377760003162603
0.7646265029907228  0.7647444009780884           0.0  0.537776000317273
0.7647444009780884  0.7648623585700989           0.0  0.53750425903313
0.7648623585700989  0.7649803161621093           0.0  0.537504259033636
0.7649803161621093  0.7650983333587646           0.0  0.5372327922351332
0.7650983333587646  0.7652164101600647           0.0  0.536961599508614
0.7652164101600647  0.7653344869613646           0.0  0.5369615995091189
0.7653344869613646  0.7654526233673096           0.0  0.5366906804367128
0.7654526233673096  0.7655707597732544           0.0  0.5366906804372172
0.7655707597732544  0.765688955783844           0.0  0.5364200346074455
0.765688955783844  0.7658072113990783           0.0  0.5361496616066347
0.7658072113990783  0.7659254670143127           0.0  0.5361496616056279
0.7659254670143127  0.7660437822341918           0.0  0.5358795610214421
0.7660437822341918  0.766162097454071           0.0  0.5358795610204364
0.766162097454071  0.7662805318832396           0.0  0.5353401754542334
0.7662805318832396  0.7663989067077637           0.0  0.5356097324398624
0.7663989067077637  0.7665174007415771           0.0  0.5350708896511893
0.7665174007415771  0.7666358947753907           0.0  0.5350708896506879
0.7666358947753907  0.7667543888092041           0.0  0.5350708896516907
0.7667543888092041  0.7668729424476622           0.0  0.5348018746242135
0.7668729424476622  0.7669915556907654           0.0  0.5345331299625974
0.7669915556907654  0.7671101689338684           0.0  0.5345331299630977
0.7671101689338684  0.767228901386261           0.0  0.5339964501137371
0.767228901386261  0.7673475742340088           0.0  0.5342646552619611
0.7673475742340088  0.7674663066864014           0.0  0.5339964501137371
0.7674663066864014  0.7675850987434387           0.0  0.5337285141126765
0.7675850987434387  0.7677039504051208           0.0  0.5334608468538438
0.7677039504051208  0.767822802066803           0.0  0.5334608468538438
0.767822802066803  0.7679417133331299           0.0  0.533193447933115
0.7679417133331299  0.7680606245994568           0.0  0.533193447933115
0.7680606245994568  0.7681795954704285           0.0  0.5329263169471765
0.7681795954704285  0.7682985663414001           0.0  0.5329263169471765
0.7682985663414001  0.7684176564216615           0.0  0.5323928571699563
0.7684176564216615  0.7685366868972778           0.0  0.5326594534940193
0.7685366868972778  0.7686558365821838           0.0  0.5321265275770708
0.7686558365821838  0.7687749862670898           0.0  0.5321265275770708
0.7687749862670898  0.7688941955566406           0.0  0.5318604643132822
0.7688941955566406  0.7690134048461914           0.0  0.5318604643132822
0.7690134048461914  0.7691326737403871           0.0  0.5315946669792975
0.7691326737403871  0.7692519426345825           0.0  0.5315946669802871
0.7692519426345825  0.7693713307380675           0.0  0.5310638685110103
0.7693713307380675  0.769490659236908           0.0  0.5313291351776098
0.769490659236908  0.7696101069450378           0.0  0.530798866580122
0.7696101069450378  0.7697295546531677           0.0  0.530798866580122
0.7697295546531677  0.7698490023612977           0.0  0.5307988665796286
0.7698490023612977  0.7699685692787169           0.0  0.5302696553482252
0.7699685692787169  0.7700881361961365           0.0  0.5302696553467481
0.7700881361961365  0.7702077031135559           0.0  0.5302696553472405
0.7702077031135559  0.7703273296356201           0.0  0.53000544525489
0.7703273296356201  0.7704470157623291           0.0  0.5297414983200022
0.7704470157623291  0.770566701889038           0.0  0.5297414983204936
0.770566701889038  0.7706864476203918           0.0  0.5294778141491181
0.7706864476203918  0.7708062529563904           0.0  0.5292143923515246
0.7708062529563904  0.770926058292389           0.0  0.5292143923510342
0.770926058292389  0.7710459232330322           0.0  0.5289512325348332
0.7710459232330322  0.7711658477783203           0.0  0.5286883343074377
0.7711658477783203  0.7712857723236084           0.0  0.5286883343074377
0.7712857723236084  0.7714057564735414           0.0  0.5284256972804671
0.7714057564735414  0.771525740623474           0.0  0.5284256972819339
0.771525740623474  0.7716457843780518           0.0  0.5281633210653329
0.7716457843780518  0.7717658877372743           0.0  0.5279012052732412
0.7717658877372743  0.7718859910964965           0.0  0.5279012052747051
0.7718859910964965  0.7720061540603638           0.0  0.5276393495166576
0.7720061540603638  0.772126317024231           0.0  0.5276393495171451
0.772126317024231  0.7722465395927428           0.0  0.5273777534097901
0.7722465395927428  0.7723668217658998           0.0  0.5271164165632313
0.7723668217658998  0.7724871635437011           0.0  0.5268553385975865
0.7724871635437011  0.7726075053215028           0.0  0.5268553385956422
0.7726075053215028  0.7727278470993042           0.0  0.5268553385971004
0.7727278470993042  0.7728483080863953           0.0  0.5263339577568353
0.7728483080863953  0.7729687094688414           0.0  0.5265945191225472
0.7729687094688414  0.7730892300605774           0.0  0.5260736541174997
0.7730892300605774  0.7732097506523132           0.0  0.5260736541179845
0.7732097506523132  0.773330330848694           0.0  0.5258136078228299
0.773330330848694  0.7734509110450745           0.0  0.5258136078237982
0.7734509110450745  0.7735716104507446           0.0  0.5252942857415133
0.7735716104507446  0.77369225025177           0.0  0.5255538184913856
0.77369225025177  0.773813009262085           0.0  0.5250350091937633
0.773813009262085  0.7739337682723999           0.0  0.5250350091937633
0.7739337682723999  0.7740545272827148           0.0  0.5250350091937633
0.7740545272827148  0.7741753458976746           0.0  0.5247759884689513
0.7741753458976746  0.7742962241172791           0.0  0.5245172231886412
0.7742962241172791  0.7744171619415283           0.0  0.5242587129751427
0.7744171619415283  0.7745380997657776           0.0  0.5242587129751427
0.7745380997657776  0.7746590971946715           0.0  0.5240004574519904
0.7746590971946715  0.7747800946235658           0.0  0.5240004574505479
0.7747800946235658  0.7749011516571045           0.0  0.5237424562420188
0.7749011516571045  0.7750222682952881           0.0  0.523484708969766
0.7750222682952881  0.7751433849334717           0.0  0.523484708969766
0.7751433849334717  0.7752645611763           0.0  0.523227215261468
0.7752645611763  0.7753857970237732           0.0  0.5229699747426571
0.7753857970237732  0.7755070328712463           0.0  0.5229699747426571
0.7755070328712463  0.7756283283233643           0.0  0.5227129870400808
0.7756283283233643  0.7757496237754822           0.0  0.5227129870400808
0.7757496237754822  0.7758709788322449           0.0  0.5224562517812202
0.7758709788322449  0.7759923934936523           0.0  0.5221997685942878
0.7759923934936523  0.7761138677597046           0.0  0.5219435371082259
0.7761138677597046  0.7762353420257568           0.0  0.5219435371082259
0.7762353420257568  0.7763568162918091           0.0  0.5219435371082259
0.7763568162918091  0.7764784097671509           0.0  0.5214318277581198
0.7764784097671509  0.7765999436378479           0.0  0.5216875569527044
0.7765999436378479  0.7767215967178345           0.0  0.5211763491555926
0.7767215967178345  0.776843249797821           0.0  0.5211763491555926
0.776843249797821  0.7769649624824524           0.0  0.520921120776966
0.7769649624824524  0.7770867347717285           0.0  0.5206661422548039
0.7770867347717285  0.7772085070610046           0.0  0.5206661422548039
0.7772085070610046  0.7773303389549255           0.0  0.5204114132223897
0.7773303389549255  0.7774521708488464           0.0  0.5204114132223897
0.7774521708488464  0.7775740623474121           0.0  0.5201569333137235
0.7775740623474121  0.7776960134506226           0.0  0.5199027021635212
0.7776960134506226  0.777817964553833           0.0  0.5199027021635212
0.777817964553833  0.7779399752616882           0.0  0.5196487194072127
0.7779399752616882  0.7780620455741882           0.0  0.5193949846809397
0.7780620455741882  0.7781841158866882           0.0  0.5193949846809397
0.7781841158866882  0.778306245803833           0.0  0.5191414976215541
0.778306245803833  0.7784284353256226           0.0  0.5188882578666167
0.7784284353256226  0.7785506248474121           0.0  0.5188882578666167
0.7785506248474121  0.7786728739738464           0.0  0.5186352650543952
0.7786728739738464  0.7787951231002808           0.0  0.5186352650543952
0.7787951231002808  0.7789174318313599           0.0  0.5183825188238618
0.7789174318313599  0.7790398001670837           0.0  0.5181300188146928
0.7790398001670837  0.7791622281074524           0.0  0.517877764667266
0.7791622281074524  0.779284656047821           0.0  0.517877764667266
0.779284656047821  0.7794070839881897           0.0  0.517877764667266
0.7794070839881897  0.7795296311378479           0.0  0.517373992522648
0.7795296311378479  0.7796521782875061           0.0  0.517373992522648
0.7796521782875061  0.7797747254371643           0.0  0.517373992522648
0.7797747254371643  0.7798973917961121           0.0  0.5168711995269993
0.7798973917961121  0.7800200581550598           0.0  0.5168711995269993
0.7800200581550598  0.7801427245140076           0.0  0.5168711995269993
0.7801427245140076  0.7802655100822449           0.0  0.5163693828284293
0.7802655100822449  0.7803882360458374           0.0  0.5166201693183897
0.7803882360458374  0.7805110812187195           0.0  0.5161188397023602
0.7805110812187195  0.7806339263916016           0.0  0.5161188397023602
0.7806339263916016  0.7807568311691284           0.0  0.5158685395861127
0.7807568311691284  0.7808797955513           0.0  0.5156184821263037
0.7808797955513  0.7810027599334717           0.0  0.5156184821263037
0.7810027599334717  0.7811257839202881           0.0  0.5153686669702346
0.7811257839202881  0.7812488079071045           0.0  0.5153686669702346
0.7812488079071045  0.7813718914985657           0.0  0.5151190937658907
0.7813718914985657  0.7814950346946716           0.0  0.5148697621619381
0.7814950346946716  0.7816181778907776           0.0  0.5148697621619381
0.7816181778907776  0.7817413806915283           0.0  0.5146206718077235
0.7817413806915283  0.7818646430969238           0.0  0.5143718223532709
0.7818646430969238  0.7819879055023193           0.0  0.5143718223532709
0.7819879055023193  0.7821112275123596           0.0  0.514123213449282
0.7821112275123596  0.7822346091270447           0.0  0.5138748447471325
0.7822346091270447  0.7823579907417297           0.0  0.5138748447471325
0.7823579907417297  0.7824814319610596           0.0  0.5136267158988723
0.7824814319610596  0.7826049327850342           0.0  0.5133788265572222
0.7826049327850342  0.7827284336090088           0.0  0.5133788265572222
0.7827284336090088  0.7828519940376282           0.0  0.5131311763755737
0.7828519940376282  0.7829756140708923           0.0  0.5128837650079867
0.7829756140708923  0.7830992341041565           0.0  0.5128837650079867
0.7830992341041565  0.7832229137420654           0.0  0.5126365921091877
0.7832229137420654  0.7833465933799744           0.0  0.5126365921091877
0.7833465933799744  0.7834703922271729           0.0  0.512142960340185
0.7834703922271729  0.7835941314697266           0.0  0.5123896573345685
0.7835941314697266  0.7837179899215698           0.0  0.5118965007827547
0.7837179899215698  0.7838418483734131           0.0  0.5118965007827547
0.7838418483734131  0.7839657664299011           0.0  0.5116502783196558
0.7839657664299011  0.7840896844863892           0.0  0.5116502783196558
0.7840896844863892  0.7842137217521667           0.0  0.5111585433092573
0.7842137217521667  0.7843376994132996           0.0  0.5114042926089252
0.7843376994132996  0.7844617962837219           0.0  0.5109130300800021
0.7844617962837219  0.7845858931541443           0.0  0.5109130300800021
0.7845858931541443  0.7847100496292114           0.0  0.5106677525811639
0.7847100496292114  0.7848342061042786           0.0  0.5106677525811639
0.7848342061042786  0.7849584221839905           0.0  0.5104227104733995
0.7849584221839905  0.7850826978683472           0.0  0.5101779034180165
0.7850826978683472  0.7852069735527039           0.0  0.5101779034180165
0.7852069735527039  0.7853313684463501           0.0  0.5096889931128723
0.7853313684463501  0.7854557037353516           0.0  0.5099333310769725
0.7854557037353516  0.7855801582336426           0.0  0.5094448891889676
0.7855801582336426  0.7857046127319336           0.0  0.5094448891889676
0.7857046127319336  0.7858290672302246           0.0  0.5094448891889676
0.7858290672302246  0.7859536409378052           0.0  0.5089573821179734
0.7859536409378052  0.7860782146453857           0.0  0.5089573821179734
0.7860782146453857  0.7862028479576111           0.0  0.5087139783006047
0.7862028479576111  0.7863274812698364           0.0  0.5087139783006047
0.7863274812698364  0.7864521741867065           0.0  0.5084708071828702
0.7864521741867065  0.7865769267082214           0.0  0.50822786843123
0.7865769267082214  0.7867016792297363           0.0  0.50822786843123
0.7867016792297363  0.786826491355896           0.0  0.5079851617127815
0.786826491355896  0.7869513630867004           0.0  0.5077426866952575
0.7869513630867004  0.7870762348175049           0.0  0.5077426866952575
0.7870762348175049  0.7872011661529541           0.0  0.507500443047025
0.7872011661529541  0.7873261570930481           0.0  0.5072584304370836
0.7873261570930481  0.7874511480331421           0.0  0.5072584304370836
0.7874511480331421  0.7875761985778809           0.0  0.507016648535064
0.7875761985778809  0.7877013087272644           0.0  0.5067750970112265
0.7877013087272644  0.7878264188766479           0.0  0.5067750970112265
0.7878264188766479  0.7879515886306763           0.0  0.5065337755364592
0.7879515886306763  0.7880768179893494           0.0  0.5062926837822772
0.7880768179893494  0.7882020473480225           0.0  0.5062926837822772
0.7882020473480225  0.7883273363113403           0.0  0.5060518214208204
0.7883273363113403  0.788452684879303           0.0  0.5058111881248524
0.788452684879303  0.7885780334472656           0.0  0.5058111881248524
0.7885780334472656  0.7887035012245178           0.0  0.505330607423546
0.7887035012245178  0.7888289093971252           0.0  0.5055707835677588
0.7888289093971252  0.7889544367790222           0.0  0.5050906593668397
0.7889544367790222  0.7890799641609192           0.0  0.5050906593668397
0.7890799641609192  0.7892054915428162           0.0  0.5050906593668397
0.7892054915428162  0.7893311381340027           0.0  0.5046114462175353
0.7893311381340027  0.7894567847251892           0.0  0.5046114462175353
0.7894567847251892  0.7895824313163757           0.0  0.5046114462175353
0.7895824313163757  0.7897081971168518           0.0  0.5041331415291774
0.7897081971168518  0.7898339629173279           0.0  0.5041331415291774
0.7898339629173279  0.7899597883224487           0.0  0.5038943290509543
0.7899597883224487  0.7900856137275696           0.0  0.5038943290509543
0.7900856137275696  0.7902114987373352           0.0  0.5036557427209112
0.7902114987373352  0.7903374433517456           0.0  0.5034173822179671
0.7903374433517456  0.790463387966156           0.0  0.5034173822179671
0.790463387966156  0.7905893921852112           0.0  0.5031792472216483
0.7905893921852112  0.7907154560089111           0.0  0.5029413374120871
0.7907154560089111  0.7908415794372559           0.0  0.502703652470021
0.7908415794372559  0.7909677028656006           0.0  0.502703652470021
0.7909677028656006  0.7910938858985901           0.0  0.50246619207679
0.7910938858985901  0.7912200689315796           0.0  0.50246619207679
0.7912200689315796  0.7913463115692139           0.0  0.5022289559143364
0.7913463115692139  0.7914726138114929           0.0  0.5019919436652027
0.7914726138114929  0.7915989756584167           0.0  0.5017551550125304
0.7915989756584167  0.7917253375053406           0.0  0.5017551550125304
0.7917253375053406  0.7918517589569092           0.0  0.5015185896400586
0.7918517589569092  0.7919781804084778           0.0  0.5015185896400586
0.7919781804084778  0.7921046614646912           0.0  0.5012822472321228
0.7921046614646912  0.7922312021255493           0.0  0.5010461274736525
0.7922312021255493  0.7923578023910522           0.0  0.5008102300501716
0.7923578023910522  0.7924844026565552           0.0  0.5008102300501716
0.7924844026565552  0.7926110625267029           0.0  0.500574554647795
0.7926110625267029  0.7927377820014954           0.0  0.5003391009532289
0.7927377820014954  0.7928645014762878           0.0  0.5003391009532289
0.7928645014762878  0.7929912805557251           0.0  0.500103868653768
0.7929912805557251  0.7931181192398071           0.0  0.4998688574372953
0.7931181192398071  0.7932449579238892           0.0  0.4998688574372953
0.7932449579238892  0.793371856212616           0.0  0.49963406699228013
0.793371856212616  0.7934988141059875           0.0  0.4993994970077767
0.7934988141059875  0.7936257719993591           0.0  0.4993994970077767
0.7936257719993591  0.7937527894973755           0.0  0.49916514717342303
0.7937527894973755  0.7938798666000366           0.0  0.4989310171794392
0.7938798666000366  0.7940069437026978           0.0  0.4989310171794392
0.7940069437026978  0.7941340804100037           0.0  0.49869710671662654
0.7941340804100037  0.7942612767219543           0.0  0.4984634154763657
0.7942612767219543  0.7943885326385498           0.0  0.49822994315061564
0.7943885326385498  0.7945157885551453           0.0  0.49822994315061564
0.7945157885551453  0.7946431040763855           0.0  0.49799668943191217
0.7946431040763855  0.7947704195976257           0.0  0.49799668943191217
0.7947704195976257  0.7948977947235107           0.0  0.49776365401336664
0.7948977947235107  0.7950252294540405           0.0  0.4975308365886643
0.7950252294540405  0.7951527237892151           0.0  0.49729823685206376
0.7951527237892151  0.7952802181243896           0.0  0.49729823685206376
0.7952802181243896  0.795407772064209           0.0  0.4970658544983946
0.795407772064209  0.7955353856086731           0.0  0.49683368922305665
0.7955353856086731  0.7956629991531372           0.0  0.49683368922305665
0.7956629991531372  0.7957906723022461           0.0  0.4966017407220188
0.7957906723022461  0.7959184050559998           0.0  0.49637000869181724
0.7959184050559998  0.7960461378097534           0.0  0.49637000869181724
0.7960461378097534  0.7961739301681519           0.0  0.4961384928295543
0.7961739301681519  0.7963017821311951           0.0  0.4959071928328972
0.7963017821311951  0.7964296340942383           0.0  0.4959071928328972
0.7964296340942383  0.7965575456619263           0.0  0.49567610840007664
0.7965575456619263  0.796685516834259           0.0  0.49544523922988565
0.796685516834259  0.7968135476112366           0.0  0.4952145850216781
0.7968135476112366  0.7969415783882141           0.0  0.4952145850216781
0.7969415783882141  0.7970696687698364           0.0  0.49498414547536734
0.7970696687698364  0.7971977591514587           0.0  0.49498414547536734
0.7971977591514587  0.7973259687423706           0.0  0.4945239091708807
0.7973259687423706  0.7974541783332825           0.0  0.4945239091708807
0.7974541783332825  0.7975823879241943           0.0  0.4945239091708807
0.7975823879241943  0.7977107167243958           0.0  0.49406452792687616
0.7977107167243958  0.7978390455245972           0.0  0.49406452792687616
0.7978390455245972  0.7979674339294434           0.0  0.49383515720824717
0.7979674339294434  0.7980958223342896           0.0  0.49383515720824717
0.7980958223342896  0.7982242703437805           0.0  0.49360599936267485
0.7982242703437805  0.7983527779579163           0.0  0.49337705409395377
0.7983527779579163  0.798481285572052           0.0  0.49337705409395377
0.798481285572052  0.7986099123954773           0.0  0.49291980010498815
0.7986099123954773  0.7987385392189026           0.0  0.49291980010498815
0.7987385392189026  0.7988671660423279           0.0  0.49291980010498815
0.7988671660423279  0.7989958524703979           0.0  0.49269149079507385
0.7989958524703979  0.7991245985031128           0.0  0.49246339288266866
0.7991245985031128  0.7992534041404724           0.0  0.492235506074301
0.7992534041404724  0.7993822693824768           0.0  0.4920078300770418
0.7993822693824768  0.7995111346244812           0.0  0.4920078300770418
0.7995111346244812  0.7996399998664856           0.0  0.4920078300770418
0.7996399998664856  0.7997689843177795           0.0  0.4915531093468412
0.7997689843177795  0.7998979687690735           0.0  0.4915531093468412
0.7998979687690735  0.8000270128250122           0.0  0.4913260640307457
0.8000270128250122  0.8001561164855957           0.0  0.49109922835944797
0.8001561164855957  0.8002852201461792           0.0  0.49109922835944797
0.8002852201461792  0.8004143834114075           0.0  0.49087260204271543
0.8004143834114075  0.8005435466766357           0.0  0.49087260204271543
0.8005435466766357  0.8006728291511536           0.0  0.4904199763146908
0.8006728291511536  0.8008021116256714           0.0  0.4904199763146908
0.8008021116256714  0.800931453704834           0.0  0.49019397632560574
0.800931453704834  0.8010607957839966           0.0  0.49019397632560574
0.8010607957839966  0.801190197467804           0.0  0.4899681845354972
0.801190197467804  0.8013196587562561           0.0  0.48974260065679764
0.8013196587562561  0.801449179649353           0.0  0.4895172244024687
0.801449179649353  0.80157870054245           0.0  0.4895172244024687
0.80157870054245  0.8017082810401917           0.0  0.48929205548600013
0.8017082810401917  0.8018379211425781           0.0  0.48906709362140893
0.8018379211425781  0.8019675612449646           0.0  0.48906709362140893
0.8019675612449646  0.8020972609519958           0.0  0.4888423385232373
0.8020972609519958  0.8022270202636719           0.0  0.4886177899065523
0.8022270202636719  0.8023567795753479           0.0  0.4886177899065523
0.8023567795753479  0.8024866580963135           0.0  0.48816931098052524
0.8024866580963135  0.8026165366172791           0.0  0.48816931098052524
0.8026165366172791  0.8027464151382446           0.0  0.48816931098052524
0.8027464151382446  0.8028764128684998           0.0  0.4877216545743074
0.8028764128684998  0.8030064105987549           0.0  0.4877216545743074
0.8030064105987549  0.80313640832901           0.0  0.4877216545743074
0.80313640832901  0.8032665252685547           0.0  0.48727481842719395
0.8032665252685547  0.8033966422080994           0.0  0.48727481842719395
0.8033966422080994  0.8035268187522888           0.0  0.4870517072465954
0.8035268187522888  0.8036569952964783           0.0  0.4870517072465954
0.8036569952964783  0.8037872910499573           0.0  0.48660609726741283
0.8037872910499573  0.8039175868034363           0.0  0.48660609726741283
0.8039175868034363  0.8040478825569153           0.0  0.48660609726741283
0.8040478825569153  0.8041782975196838           0.0  0.48616130193170215
0.8041782975196838  0.8043087124824524           0.0  0.48616130193170215
0.8043087124824524  0.8044391870498657           0.0  0.48593920905736154
0.8044391870498657  0.8045696616172791           0.0  0.48593920905736154
0.8045696616172791  0.8047001957893372           0.0  0.4857173190075637
0.8047001957893372  0.80483078956604           0.0  0.4854956315045935
0.80483078956604  0.8049614429473877           0.0  0.4852741462712429
0.8049614429473877  0.8050920963287354           0.0  0.4852741462712429
0.8050920963287354  0.8052228093147278           0.0  0.48505286303080913
0.8052228093147278  0.805353581905365           0.0  0.4848317815070941
0.805353581905365  0.805484414100647           0.0  0.4846109014244029
0.805484414100647  0.805615246295929           0.0  0.4846109014244029
0.805615246295929  0.8057461380958557           0.0  0.48439022250754293
0.8057461380958557  0.8058770895004272           0.0  0.4841697444818227
0.8058770895004272  0.8060080409049988           0.0  0.4841697444818227
0.8060080409049988  0.8061390519142151           0.0  0.48394946707305025
0.8061390519142151  0.8062701225280762           0.0  0.4837293900075327
0.8062701225280762  0.8064011931419373           0.0  0.4837293900075327
0.8064011931419373  0.8065323233604431           0.0  0.48350951301207473
0.8065323233604431  0.8066635131835938           0.0  0.4832898358139775
0.8066635131835938  0.8067947626113892           0.0  0.4830703581410374
0.8067947626113892  0.8069260120391846           0.0  0.4830703581410374
0.8069260120391846  0.8070573806762695           0.0  0.48263200028428505
0.8070573806762695  0.8071886897087097           0.0  0.48285107972154534
0.8071886897087097  0.8073201179504395           0.0  0.48241311955853255
0.8073201179504395  0.8074515461921692           0.0  0.48241311955853255
0.8074515461921692  0.8075830340385437           0.0  0.48219443727405453
0.8075830340385437  0.807714581489563           0.0  0.48197595316110764
0.807714581489563  0.8078461289405823           0.0  0.48197595316110764
0.8078461289405823  0.8079777359962463           0.0  0.4817576669504368
0.8079777359962463  0.8081094026565552           0.0  0.48153957837327493
0.8081094026565552  0.8082411289215088           0.0  0.4813216871613413
0.8082411289215088  0.8083728551864624           0.0  0.4813216871613413
0.8083728551864624  0.8085046410560608           0.0  0.4811039930468406
0.8085046410560608  0.808636486530304           0.0  0.48088649576246134
0.808636486530304  0.8087683320045471           0.0  0.48088649576246134
0.8087683320045471  0.8089002370834351           0.0  0.4806691950413757
0.8089002370834351  0.8090322017669678           0.0  0.48045209061723776
0.8090322017669678  0.8091642260551453           0.0  0.4802351822241826
0.8091642260551453  0.8092962503433228           0.0  0.4802351822241826
0.8092962503433228  0.809428334236145           0.0  0.48001846959682504
0.809428334236145  0.8095604777336121           0.0  0.47980195247025903
0.8095604777336121  0.8096926212310791           0.0  0.47980195247025903
0.8096926212310791  0.8098248839378357           0.0  0.4793695036622642
0.8098248839378357  0.8099571466445923           0.0  0.4793695036622642
0.8099571466445923  0.8100894093513489           0.0  0.4793695036622642
0.8100894093513489  0.810221791267395           0.0  0.4789378336904837
0.810221791267395  0.8103541731834412           0.0  0.4789378336904837
0.8103541731834412  0.8104866147041321           0.0  0.4787222901109651
0.8104866147041321  0.810619056224823           0.0  0.4787222901109651
0.810619056224823  0.8107515573501587           0.0  0.47850694045279557
0.8107515573501587  0.8108841180801392           0.0  0.47829178445439047
0.8108841180801392  0.8110167384147644           0.0  0.4780768218546356
0.8110167384147644  0.8111494183540344           0.0  0.4778620523928861
0.8111494183540344  0.8112820982933044           0.0  0.4778620523928861
0.8112820982933044  0.8114148378372192           0.0  0.4776474758089647
0.8114148378372192  0.8115476369857788           0.0  0.4774330918431618
0.8115476369857788  0.8116804361343384           0.0  0.4774330918431618
0.8116804361343384  0.8118132948875427           0.0  0.4772189002362335
0.8118132948875427  0.8119462132453918           0.0  0.4770049007294011
0.8119462132453918  0.812079131603241           0.0  0.4770049007294011
0.812079131603241  0.8122121691703796           0.0  0.4765774769832278
0.8122121691703796  0.8123452067375183           0.0  0.4765774769832278
0.8123452067375183  0.8124783039093018           0.0  0.47636405222864503
0.8124783039093018  0.8126114010810852           0.0  0.47636405222864503
0.8126114010810852  0.8127445578575134           0.0  0.4761508185436725
0.8127445578575134  0.8128777742385864           0.0  0.4759377756718409
0.8128777742385864  0.8130110502243042           0.0  0.4757249233571396
0.8130110502243042  0.8131443858146667           0.0  0.47551226134401625
0.8131443858146667  0.8132777214050293           0.0  0.47551226134401625
0.8132777214050293  0.8134111166000366           0.0  0.47529978937737466
0.8134111166000366  0.8135445117950439           0.0  0.47529978937737466
0.8135445117950439  0.8136780261993408           0.0  0.4748754145654306
0.8136780261993408  0.8138115406036377           0.0  0.4748754145654306
0.8138115406036377  0.8139451146125793           0.0  0.47466351121221084
0.8139451146125793  0.814078688621521           0.0  0.47466351121221084
0.814078688621521  0.8142123222351074           0.0  0.47445179688963623
0.8142123222351074  0.8143460750579834           0.0  0.4740289343255635
0.8143460750579834  0.8144797682762146           0.0  0.4742402713448794
0.8144797682762146  0.8146135807037354           0.0  0.47381778557976145
0.8146135807037354  0.8147473931312561           0.0  0.47381778557976145
0.8147473931312561  0.8148812651634216           0.0  0.4736068248559948
0.8148812651634216  0.8150151968002319           0.0  0.4733960519032329
0.8150151968002319  0.8151491284370422           0.0  0.4733960519032329
0.8151491284370422  0.8152831792831421           0.0  0.4729750683088325
0.8152831792831421  0.8154172301292419           0.0  0.4729750683088325
0.8154172301292419  0.8155512809753418           0.0  0.4729750683088325
0.8155512809753418  0.8156854510307312           0.0  0.47255483279722976
0.8156854510307312  0.8158196210861206           0.0  0.47255483279722976
0.8158196210861206  0.8159538507461548           0.0  0.472344994949629
0.8159538507461548  0.816088080406189           0.0  0.472344994949629
0.816088080406189  0.8162224292755127           0.0  0.47192587782899925
0.8162224292755127  0.8163567781448364           0.0  0.47192587782899925
0.8163567781448364  0.8164911866188049           0.0  0.4717165980605607
0.8164911866188049  0.8166256546974182           0.0  0.4715075038238318
0.8166256546974182  0.8167601227760315           0.0  0.4715075038238318
0.8167601227760315  0.8168946504592896           0.0  0.471298594872204
0.8168946504592896  0.8170292377471924           0.0  0.47108987095950594
0.8170292377471924  0.8171638250350952           0.0  0.47108987095950594
0.8171638250350952  0.8172985315322876           0.0  0.4706729772683913
0.8172985315322876  0.81743323802948           0.0  0.4706729772683913
0.81743323802948  0.8175680041313171           0.0  0.47046480699980736
0.8175680041313171  0.8177027702331543           0.0  0.47046480699980736
0.8177027702331543  0.817837655544281           0.0  0.47004901839441643
0.817837655544281  0.8179725408554077           0.0  0.47004901839441643
0.8179725408554077  0.8181074857711792           0.0  0.4698413995700373
0.8181074857711792  0.8182424306869507           0.0  0.4698413995700373
0.8182424306869507  0.8183774352073669           0.0  0.4696339640735383
0.8183774352073669  0.8185125589370728           0.0  0.46921964209376466
0.8185125589370728  0.8186476230621338           0.0  0.46942671166220845
0.8186476230621338  0.8187828063964844           0.0  0.4690127551263512
0.8187828063964844  0.818917989730835           0.0  0.4690127551263512
0.818917989730835  0.8190532326698303           0.0  0.46880605051853874
0.8190532326698303  0.8191885352134705           0.0  0.46859952802932353
0.8191885352134705  0.8193238973617554           0.0  0.4683931874181261
0.8193238973617554  0.8194592595100403           0.0  0.4683931874181261
0.8194592595100403  0.81959468126297           0.0  0.46818702844479065
0.81959468126297  0.8197301626205444           0.0  0.4679810508695839
0.8197301626205444  0.8198656439781189           0.0  0.4679810508695839
0.8198656439781189  0.8200012445449829           0.0  0.4675696389567316
0.8200012445449829  0.8201368451118469           0.0  0.4675696389567316
0.8201368451118469  0.8202725052833557           0.0  0.46736420414172425
0.8202725052833557  0.8204081654548645           0.0  0.46736420414172425
0.8204081654548645  0.8205439448356628           0.0  0.4669538756042864
0.8205439448356628  0.8206797242164612           0.0  0.4669538756042864
0.8206797242164612  0.8208155035972595           0.0  0.4669538756042864
0.8208155035972595  0.8209514021873474           0.0  0.46654426694147566
0.8209514021873474  0.8210873007774353           0.0  0.46654426694147566
0.8210873007774353  0.821223258972168           0.0  0.4663397319713128
0.821223258972168  0.8213592767715454           0.0  0.46613537626054535
0.8213592767715454  0.8214953541755676           0.0  0.4659311995736156
0.8214953541755676  0.8216314315795898           0.0  0.4659311995736156
0.8216314315795898  0.8217675685882568           0.0  0.46572720167537845
0.8217675685882568  0.8219037652015686           0.0  0.4655233823311004
0.8219037652015686  0.8220400214195251  0.24936409192260683  0.5792417990913139
0.8220400214195251  0.8221762776374817           0.0  0.46531974130645865
0.8221762776374817  0.822312593460083           0.0  0.4651162783675402
0.822312593460083  0.8224489688873291           0.0  0.4649129932808411
0.8224489688873291  0.82258540391922           0.0  0.46470988581326533
0.82258540391922  0.8227218985557556           0.0  0.4645069557321242
0.8227218985557556  0.8228583931922913           0.0  0.4645069557321242
0.8228583931922913  0.8229949474334717           0.0  0.464304202805135
0.8229949474334717  0.8231315016746521           0.0  0.464304202805135
0.8231315016746521  0.8232681751251221           0.0  0.4638992274865087
0.8232681751251221  0.823404848575592           0.0  0.4638992274865087
0.823404848575592  0.8235415816307068           0.0  0.4636970046323297
0.8235415816307068  0.8236783742904663           0.0  0.4634949580072176
0.8236783742904663  0.8238151669502258           0.0  0.4634949580072176
0.8238151669502258  0.8239520788192749           0.0  0.4630913925235369
0.8239520788192749  0.824088990688324           0.0  0.4630913925235369
0.824088990688324  0.824225902557373           0.0  0.4630913925235369
0.824225902557373  0.8243629336357117           0.0  0.4626885291981576
0.8243629336357117  0.8244999647140503           0.0  0.4626885291981576
0.8244999647140503  0.8246370553970337           0.0  0.46248736027241927
0.8246370553970337  0.8247742056846619           0.0  0.46228636620015834
0.8247742056846619  0.8249114155769348           0.0  0.46208554675350316
0.8249114155769348  0.8250486254692078           0.0  0.46208554675350316
0.8250486254692078  0.8251859545707703           0.0  0.4616844308275018
0.8251859545707703  0.825323224067688           0.0  0.461884901704978
0.825323224067688  0.8254606127738953           0.0  0.4614841338943881
0.8254606127738953  0.8255980610847473           0.0  0.46128401067934277
0.8255980610847473  0.8257355093955994           0.0  0.46128401067934277
0.8257355093955994  0.8258730173110962           0.0  0.4610840609564649
0.8258730173110962  0.8260105848312378           0.0  0.4608842845002446
0.8260105848312378  0.8261481523513794           0.0  0.4608842845002446
0.8261481523513794  0.8262858390808105           0.0  0.46048525048769023
0.8262858390808105  0.8264235258102417           0.0  0.46048525048769023
0.8264235258102417  0.8265612125396729           0.0  0.46048525048769023
0.8265612125396729  0.8266990184783936           0.0  0.4600869068453999
0.8266990184783936  0.8268368244171143           0.0  0.4600869068453999
0.8268368244171143  0.8269747495651245           0.0  0.45968925178330355
0.8269747495651245  0.8271126747131348           0.0  0.45968925178330355
0.8271126747131348  0.827250599861145           0.0  0.45968925178330355
0.827250599861145  0.8273886442184448           0.0  0.45929228351751483
0.8273886442184448  0.8275266885757446           0.0  0.45929228351751483
0.8275266885757446  0.8276647925376892           0.0  0.4590940563774555
0.8276647925376892  0.8278029561042786           0.0  0.4588960002703039
0.8278029561042786  0.8279411196708679           0.0  0.4588960002703039
0.8279411196708679  0.8280794024467468           0.0  0.4585004002700709
0.8280794024467468  0.8282176852226257           0.0  0.4585004002700709
0.8282176852226257  0.8283560276031494           0.0  0.45830285593561587
0.8283560276031494  0.8284943699836731           0.0  0.45830285593561587
0.8284943699836731  0.8286328315734863           0.0  0.45790827749744484
0.8286328315734863  0.8287712931632996           0.0  0.45790827749744484
0.8287712931632996  0.8289098143577576           0.0  0.45771124295463184
0.8289098143577576  0.8290483951568604           0.0  0.45751437790389865
0.8290483951568604  0.8291869759559631           0.0  0.45751437790389865
0.8291869759559631  0.8293256759643555           0.0  0.45712115540462583
0.8293256759643555  0.8294643759727478           0.0  0.45712115540462583
0.8294643759727478  0.8296031355857849           0.0  0.45692479752000187
0.8296031355857849  0.829741895198822           0.0  0.45692479752000187
0.829741895198822  0.8298807740211487           0.0  0.4565325873933752
0.8298807740211487  0.8300196528434753           0.0  0.4565325873933752
0.8300196528434753  0.8301585912704468           0.0  0.45633673471753083
0.8301585912704468  0.830297589302063           0.0  0.4561410500113912
0.830297589302063  0.8304365873336792           0.0  0.4561410500113912
0.8304365873336792  0.830575704574585           0.0  0.45575018364462905
0.830575704574585  0.8307148218154907           0.0  0.45575018364462905
0.8307148218154907  0.8308539986610413           0.0  0.45555500155313255
0.8308539986610413  0.8309931755065918           0.0  0.45555500155313255
0.8309931755065918  0.8311324715614319           0.0  0.4551651384794884
0.8311324715614319  0.831271767616272           0.0  0.4551651384794884
0.831271767616272  0.8314111232757568           0.0  0.454970457068676
0.8314111232757568  0.8315505385398865           0.0  0.4547759421233709
0.8315505385398865  0.8316900134086609           0.0  0.45458159343015575
0.8316900134086609  0.8318294882774353           0.0  0.45458159343015575
0.8318294882774353  0.8319690227508545           0.0  0.454387410775978
0.8319690227508545  0.8321086168289185           0.0  0.4541933939481488
0.8321086168289185  0.8322482705116272           0.0  0.4539995427343425
0.8322482705116272  0.8323879241943359           0.0  0.4539995427343425
0.8323879241943359  0.8325276970863342           0.0  0.4536123363013068
0.8325276970863342  0.8326674699783325           0.0  0.4536123363013068
0.8326674699783325  0.8328073024749756           0.0  0.45341898065923464
0.8328073024749756  0.8329471945762634           0.0  0.45322578978549827
0.8329471945762634  0.8330870866775513           0.0  0.45322578978549827
0.8330870866775513  0.8332270383834839           0.0  0.453032763469576
0.8332270383834839  0.8333670496940613           0.0  0.45283990150130454
0.8333670496940613  0.8335071206092834           0.0  0.45264720367087846
0.8335071206092834  0.8336472511291504           0.0  0.4524546697688491
0.8336472511291504  0.8337873816490173           0.0  0.4524546697688491
0.8337873816490173  0.8339275717735291           0.0  0.45226229958612435
0.8339275717735291  0.8340678215026855           0.0  0.45207009291396705
0.8340678215026855  0.8342081308364868           0.0  0.4518780495439951
0.8342081308364868  0.8343484997749329           0.0  0.45168616926818017
0.8343484997749329  0.8344888687133789           0.0  0.45168616926818017
0.8344888687133789  0.8346292972564697           0.0  0.45149445187884735
0.8346292972564697  0.8347697854042053           0.0  0.4513028971686739
0.8347697854042053  0.8349103331565857           0.0  0.4511115049306889
0.8349103331565857  0.8350509405136108           0.0  0.4509202749582723
0.8350509405136108  0.835191547870636           0.0  0.4509202749582723
0.835191547870636  0.8353322148323059           0.0  0.45072920704515435
0.8353322148323059  0.8354729413986206           0.0  0.45053830098541475
0.8354729413986206  0.8356137275695801           0.0  0.4503475565734819
0.8356137275695801  0.8357545137405396           0.0  0.4503475565734819
0.8357545137405396  0.8358954191207886           0.0  0.44996655187248913
0.8358954191207886  0.8360363245010376           0.0  0.44996655187248913
0.8360363245010376  0.8361772894859314           0.0  0.449776291174023
0.8361772894859314  0.83631831407547           0.0  0.4495861913045497
0.83631831407547  0.8364593386650085           0.0  0.4495861913045497
0.8364593386650085  0.8366004228591919           0.0  0.44939625206023004
0.8366004228591919  0.83674156665802           0.0  0.44920647323756946
0.83674156665802  0.8368827700614929           0.0  0.44901685463341684
0.8368827700614929  0.8370240330696106           0.0  0.4488273960449639
0.8370240330696106  0.837165355682373           0.0  0.44863809726974463
0.837165355682373  0.8373066782951355           0.0  0.44863809726974463
0.8373066782951355  0.8374480605125427           0.0  0.44844895810563423
0.8374480605125427  0.8375895023345947           0.0  0.4482599783508489
0.8375895023345947  0.8377310037612915           0.0  0.4480711578039446
0.8377310037612915  0.8378725051879883           0.0  0.4480711578039446
0.8378725051879883  0.8380141258239746           0.0  0.4476939935296988
0.8380141258239746  0.8381557464599609           0.0  0.4476939935296988
0.8381557464599609  0.838297426700592           0.0  0.447505649401163
0.838297426700592  0.8384391069412231           0.0  0.447505649401163
0.8384391069412231  0.8385809063911438           0.0  0.4471294361608089
0.8385809063911438  0.8387227058410645           0.0  0.4471294361608089
0.8387227058410645  0.8388645648956299           0.0  0.446941566649817
0.8388645648956299  0.8390064835548401           0.0  0.4467538549460581
0.8390064835548401  0.8391484618186951           0.0  0.4465663008507827
0.8391484618186951  0.8392904996871948           0.0  0.44637890416557463
0.8392904996871948  0.8394325375556946           0.0  0.44637890416557463
0.8394325375556946  0.8395746350288391           0.0  0.44619166469235083
0.8395746350288391  0.8397167921066284           0.0  0.4460045822333603
0.8397167921066284  0.8398590087890625           0.0  0.4458176565911837
0.8398590087890625  0.8400012850761414           0.0  0.4456308875687324
0.8400012850761414  0.8401435613632202           0.0  0.4456308875687324
0.8401435613632202  0.8402858972549438           0.0  0.44544427496924804
0.8402858972549438  0.8404282927513123           0.0  0.44525781859630154
0.8404282927513123  0.8405707478523254           0.0  0.4450715182537926
0.8405707478523254  0.8407132625579834           0.0  0.4448853737459491
0.8407132625579834  0.8408557772636414           0.0  0.4448853737459491
0.8408557772636414  0.8409983515739441           0.0  0.44469938487732624
0.8409983515739441  0.8411410450935364           0.0  0.44432787327759576
0.8411410450935364  0.8412836790084839           0.0  0.44451355145280586
0.8412836790084839  0.8414264321327209           0.0  0.44414235015722947
0.8414264321327209  0.8415692448616028           0.0  0.4439569818975645
0.8415692448616028  0.8417120575904846           0.0  0.4439569818975645
0.8417120575904846  0.8418549299240112           0.0  0.4437717683047828
0.8418549299240112  0.8419978618621826           0.0  0.44358670918538967
0.8419978618621826  0.8421408534049988           0.0  0.4434018043462128
0.8421408534049988  0.8422838449478149           0.0  0.4434018043462128
0.8422838449478149  0.8424269556999207           0.0  0.4430324567374279
0.8424269556999207  0.8425700664520264           0.0  0.4430324567374279
0.8425700664520264  0.8427132368087769           0.0  0.4428480135830826
0.8427132368087769  0.8428564667701721           0.0  0.4426637239394775
0.8428564667701721  0.8429997563362122           0.0  0.4424795876150434
0.8429997563362122  0.8431430459022522           0.0  0.4424795876150434
0.8431430459022522  0.843286395072937           0.0  0.4422956044185299
0.843286395072937  0.8434298634529114           0.0  0.4419280966458515
0.8434298634529114  0.843573272228241           0.0  0.4421117741590044
0.843573272228241  0.8437168002128601           0.0  0.44174457168877257
0.8437168002128601  0.843860387802124           0.0  0.44156119909778513
0.843860387802124  0.8440039753913879           0.0  0.44156119909778513
0.8440039753913879  0.8441476225852966           0.0  0.4413779786832217
0.8441476225852966  0.8442913293838501           0.0  0.4411949102557297
0.8442913293838501  0.8444350957870483           0.0  0.44101199362627047
0.8444350957870483  0.8445789217948914           0.0  0.44082922860611873
0.8445789217948914  0.8447228074073792           0.0  0.44064661500686175
0.8447228074073792  0.8448666930198669           0.0  0.44064661500686175
0.8448666930198669  0.8450106382369995           0.0  0.4404641526403993
0.8450106382369995  0.8451546430587769           0.0  0.4402818413189422
0.8451546430587769  0.845298707485199           0.0  0.4400996808550121
0.845298707485199  0.8454427719116211           0.0  0.4400996808550121
0.8454427719116211  0.8455869555473328           0.0  0.4397358117513701
0.8455869555473328  0.8457311391830444           0.0  0.4397358117513701
0.8457311391830444  0.8458753824234009           0.0  0.4395541027382497
0.8458753824234009  0.8460196852684021           0.0  0.43937254383583824
0.8460196852684021  0.8461640477180481           0.0  0.4391911348582016
0.8461640477180481  0.8463084101676941           0.0  0.4391911348582016
0.8463084101676941  0.8464528918266296           0.0  0.43882876593505127
0.8464528918266296  0.8465973734855652           0.0  0.43882876593505127
0.8465973734855652  0.8467419147491455           0.0  0.43864780561920186
0.8467419147491455  0.8468865156173706           0.0  0.43846699448745446
0.8468865156173706  0.8470311760902405           0.0  0.4382863323554036
0.8470311760902405  0.8471758365631104           0.0  0.4382863323554036
0.8471758365631104  0.8473206162452698           0.0  0.43792545435428754
0.8473206162452698  0.8474653959274292           0.0  0.43792545435428754
0.8474653959274292  0.8476102352142334           0.0  0.43774523811792776
0.8476102352142334  0.8477551341056824           0.0  0.437565170146674
0.8477551341056824  0.8479000329971313           0.0  0.437565170146674
0.8479000329971313  0.8480450510978699           0.0  0.43720547826821393
0.8480450510978699  0.8481900691986084           0.0  0.43720547826821393
0.8481900691986084  0.8483351469039917           0.0  0.4370258539961235
0.8483351469039917  0.8484802842140198           0.0  0.43684637725936937
0.8484802842140198  0.8486254811286926           0.0  0.436667047876258
0.8486254811286926  0.8487707376480103           0.0  0.4364878656653937
0.8487707376480103  0.8489160537719727           0.0  0.4363088304456786
0.8489160537719727  0.8490613698959351           0.0  0.4363088304456786
0.8490613698959351  0.8492067456245422           0.0  0.4361299420363118
0.8492067456245422  0.8493521809577942           0.0  0.4359512002567887
0.8493521809577942  0.8494976758956909           0.0  0.4357726049269006
0.8494976758956909  0.8496432304382324           0.0  0.43559415586673395
0.8496432304382324  0.8497887849807739           0.0  0.43559415586673395
0.8497887849807739  0.849934458732605           0.0  0.43523769583738314
0.849934458732605  0.850080132484436           0.0  0.43523769583738314
0.850080132484436  0.8502258658409119           0.0  0.4350596845098423
0.8502258658409119  0.8503716588020325           0.0  0.4348818187353084
0.8503716588020325  0.8505174517631531           0.0  0.4348818187353084
0.8505174517631531  0.8506633639335632           0.0  0.4345265231317665
0.8506633639335632  0.8508092761039734           0.0  0.4345265231317665
0.8508092761039734  0.8509553074836731           0.0  0.4341718076026793
0.8509553074836731  0.8511013388633728           0.0  0.4341718076026793
0.8511013388633728  0.8512474298477173           0.0  0.4339946669223029
0.8512474298477173  0.8513935208320618           0.0  0.4339946669223029
0.8513935208320618  0.8515397310256958           0.0  0.43364081884491
0.8515397310256958  0.8516860008239746           0.0  0.4334641110947695
0.8516860008239746  0.8518322706222534           0.0  0.4334641110947695
0.8518322706222534  0.851978600025177  0.23219809129738464  0.5393673127180219
0.851978600025177  0.8521249890327454           0.0  0.4331111272909465
0.8521249890327454  0.8522714376449585           0.0  0.43293485088586264
0.8522714376449585  0.8524178862571716           0.0  0.43293485088586264
0.8524178862571716  0.8525644540786743  0.23182037988413146  0.538489936040156
0.8525644540786743  0.852711021900177           0.0  0.4325827281929908
0.852711021900177  0.8528577089309692           0.0  0.432231177824691
0.8528577089309692  0.8530043959617615           0.0  0.432231177824691
0.8530043959617615  0.8531511425971985           0.0  0.4320556168263869
0.8531511425971985  0.8532978892326355           0.0  0.4320556168263869
0.8532978892326355  0.8534447550773621           0.0  0.4317049223322096
0.8534447550773621  0.8535916209220886           0.0  0.4317049223322096
0.8535916209220886  0.8537386059761047  0.23116233338811  0.5369613757999772
0.8537386059761047  0.8538855910301208           0.0  0.4313547966855492
0.8538855910301208  0.8540326356887817           0.0  0.43117994674769533
0.8540326356887817  0.8541797399520874           0.0  0.43100523850347017
0.8541797399520874  0.8543268442153931           0.0  0.43100523850347017
0.8543268442153931  0.8544740676879883           0.0  0.43065624640751593
0.8544740676879883  0.8546212911605835           0.0  0.43065624640751593
0.8546212911605835  0.8547685742378235           0.0  0.4304819622122883
0.8547685742378235  0.854915976524353           0.0  0.43013381667066897
0.854915976524353  0.8550633788108826           0.0  0.43013381667066897
0.8550633788108826  0.8552107810974121           0.0  0.43013381667066897
0.8552107810974121  0.8553583025932312           0.0  0.42978623378851083
0.8553583025932312  0.8555058240890503           0.0  0.42978623378851083
0.8555058240890503  0.8556534647941589           0.0  0.42943921220289233
0.8556534647941589  0.8558011054992676           0.0  0.42943921220289233
0.8558011054992676  0.855948805809021           0.0  0.4292659114715756
0.855948805809021  0.8560965657234192           0.0  0.42909275055529017
0.8560965657234192  0.8562443852424622           0.0  0.42891972928490496
0.8562443852424622  0.8563922047615051           0.0  0.42891972928490496
0.8563922047615051  0.8565401434898376           0.0  0.4285741050066738
0.8565401434898376  0.8566880822181702           0.0  0.4285741050066738
0.8566880822181702  0.8568361401557922           0.0  0.42822903728927714
0.8568361401557922  0.8569841980934143           0.0  0.42822903728927714
0.8569841980934143  0.8571323156356812           0.0  0.4280567117209515
0.8571323156356812  0.857280433177948           0.0  0.4280567117209515
0.857280433177948  0.8574286699295044           0.0  0.42771247632752896
0.8574286699295044  0.8575769662857056           0.0  0.4275405661682333
0.8575769662857056  0.8577252626419067           0.0  0.4275405661682333
0.8577252626419067  0.8578736186027527           0.0  0.42736879414486323
0.8578736186027527  0.8580220341682434           0.0  0.4271971600909898
0.8580220341682434  0.8581705093383789           0.0  0.4270256638404514
0.8581705093383789  0.8583190441131592           0.0  0.4268543052273533
0.8583190441131592  0.8584676384925842           0.0  0.4266830840860668
0.8584676384925842  0.8586162328720093           0.0  0.4266830840860668
0.8586162328720093  0.8587649464607239           0.0  0.42634105355774127
0.8587649464607239  0.8589136600494385           0.0  0.42634105355774127
0.8589136600494385  0.8590624332427979           0.0  0.426170243840771
0.8590624332427979  0.859211266040802           0.0  0.42599957093574864
0.859211266040802  0.8593601584434509           0.0  0.42582903467836847
0.8593601584434509  0.8595091104507446           0.0  0.4256586349045876
0.8595091104507446  0.8596580624580383           0.0  0.4256586349045876
0.8596580624580383  0.8598071336746216           0.0  0.4253182441529646
0.8598071336746216  0.8599562048912048           0.0  0.4253182441529646
0.8599562048912048  0.8601053357124329           0.0  0.42514825284834706
0.8601053357124329  0.8602545261383057           0.0  0.42497839737377724
0.8602545261383057  0.8604037761688232  0.22765427880793898  0.5288126009276132
0.8604037761688232  0.8605530858039856           0.0  0.42463909326409754
0.8605530858039856  0.8607024550437927           0.0  0.42446964430429546
0.8607024550437927  0.8608518242835999           0.0  0.42446964430429546
0.8608518242835999  0.8610013127326965           0.0  0.42413115176497784
0.8610013127326965  0.8611508011817932           0.0  0.42413115176497784
0.8611508011817932  0.8613003492355347           0.0  0.4239621078623214
0.8613003492355347  0.8614499568939209           0.0  0.4237931986560017
0.8614499568939209  0.8615996241569519           0.0  0.4236244239850913
0.8615996241569519  0.8617493510246277           0.0  0.42345578368891895
0.8617493510246277  0.8618990778923035  0.2269292651811621  0.5271284843641495
0.8618990778923035  0.8620489239692688           0.0  0.4231189055793812
0.8620489239692688  0.8621987700462341           0.0  0.4231189055793812
0.8621987700462341  0.862348735332489           0.0  0.42278256304712425
0.862348735332489  0.8624987006187439           0.0  0.42278256304712425
0.8624987006187439  0.8626487255096436           0.0  0.42261459222350595
0.8626487255096436  0.862798810005188           0.0  0.42244675481595095
0.862798810005188  0.8629488945007324           0.0  0.42244675481595095
0.8629488945007324  0.8630990982055664           0.0  0.4221114796137161
0.8630990982055664  0.8632493615150452           0.0  0.4219440415020089
0.8632493615150452  0.8633996248245239           0.0  0.4219440415020089
0.8633996248245239  0.8635499477386475  0.22602946635015037  0.525038363490382
0.8635499477386475  0.8637003302574158           0.0  0.42160956346673184
0.8637003302574158  0.8638507723808289           0.0  0.4214425232276404
0.8638507723808289  0.8640012741088867           0.0  0.4212756152976493
0.8640012741088867  0.8641518354415894           0.0  0.4211088395196217
0.8641518354415894  0.8643024563789368           0.0  0.42094219573666974
0.8643024563789368  0.8644530773162842           0.0  0.42094219573666974
0.8644530773162842  0.8646038174629211           0.0  0.42060930352968146
0.8646038174629211  0.8647545576095581           0.0  0.42060930352968146
0.8647545576095581  0.8649053573608398           0.0  0.42044305479310845
0.8649053573608398  0.8650562167167664           0.0  0.4202769374265367
0.8650562167167664  0.8652071356773376           0.0  0.4201109512743145
0.8652071356773376  0.8653581142425537  0.225047893460355  0.5227582916394566
0.8653581142425537  0.8655091524124146           0.0  0.4197793719915408
0.8655091524124146  0.8656602501869202           0.0  0.419613778550913
0.8656602501869202  0.8658113479614258           0.0  0.419613778550913
0.8658113479614258  0.8659625053405762           0.0  0.4194483157044812
0.8659625053405762  0.8661137819290161           0.0  0.4191177811767393
0.8661137819290161  0.8662650585174561           0.0  0.4191177811767393
0.8662650585174561  0.8664163947105408           0.0  0.41895270918730376
0.8664163947105408  0.8665677905082703           0.0  0.41878776717581273
0.8665677905082703  0.8667192459106445           0.0  0.41862295498880925
0.8667192459106445  0.8668707013130188           0.0  0.41862295498880925
0.8668707013130188  0.8670222759246826           0.0  0.41829371947564464
0.8670222759246826  0.8671739101409912           0.0  0.4181292958437753
0.8671739101409912  0.8673255443572998           0.0  0.4181292958437753
0.8673255443572998  0.8674772381782532           0.0  0.4179650014249762
0.8674772381782532  0.8676289916038513           0.0  0.41780083606699314
0.8676289916038513  0.8677808046340942           0.0  0.4176367996178109
0.8677808046340942  0.8679326772689819           0.0  0.4174728919256533
0.8679326772689819  0.8680846095085144           0.0  0.41730911283898176
0.8680846095085144  0.8682366013526917           0.0  0.4171454622064959
0.8682366013526917  0.8683886528015137           0.0  0.4169819398771323
0.8683886528015137  0.8685407042503357           0.0  0.4169819398771323
0.8685407042503357  0.8686928153038025           0.0  0.41681854570006444
0.8686928153038025  0.8688450455665588           0.0  0.4164921412006909
0.8688450455665588  0.8689972758293152           0.0  0.4164921412006909
0.8689972758293152  0.8691495656967163           0.0  0.4163291305779117
0.8691495656967163  0.8693019151687622           0.0  0.4161662475064806
0.8693019151687622  0.8694543242454529           0.0  0.4160034918367479
0.8694543242454529  0.8696067929267883           0.0  0.41584086341929805
0.8696067929267883  0.8697592616081238           0.0  0.41584086341929805
0.8697592616081238  0.8699118494987488           0.0  0.41551598774475174
0.8699118494987488  0.8700644373893738           0.0  0.41551598774475174
0.8700644373893738  0.8702171444892883           0.0  0.4151916192921797
0.8702171444892883  0.8703698515892029           0.0  0.4151916192921797
0.8703698515892029  0.8705226182937622           0.0  0.41502962490306844
0.8705226182937622  0.8706754446029663           0.0  0.4148677568746351
0.8706754446029663  0.8708283305168152           0.0  0.41470601505908944
0.8708283305168152  0.8709812760353088           0.0  0.41454439930887155
0.8709812760353088  0.8711342811584473           0.0  0.41438290947665146
0.8711342811584473  0.8712873458862305           0.0  0.4142215454153288
0.8712873458862305  0.8714404106140137           0.0  0.4142215454153288
0.8714404106140137  0.8715935945510864           0.0  0.4138991940181184
0.8715935945510864  0.8717467784881592           0.0  0.4138991940181184
0.8717467784881592  0.8719000220298767           0.0  0.4137382063891732
0.8719000220298767  0.872053325176239           0.0  0.41357734394500945
0.872053325176239  0.8722067475318909           0.0  0.41325599402741425
0.8722067475318909  0.8723601698875427           0.0  0.41325599402741425
0.8723601698875427  0.8725136518478394           0.0  0.4130955062627434
0.8725136518478394  0.872667133808136           0.0  0.4130955062627434
0.872667133808136  0.8728207349777222           0.0  0.412774904395252
0.8728207349777222  0.8729743957519531           0.0  0.41261479000254636
0.8729743957519531  0.8731280565261841           0.0  0.41261479000254636
0.8731280565261841  0.8732818365097046           0.0  0.4122949335761878
0.8732818365097046  0.8734356164932251           0.0  0.4122949335761878
0.8734356164932251  0.8735894560813904           0.0  0.4121351912539963
0.8735894560813904  0.8737433552742004           0.0  0.4119755726671435
0.8737433552742004  0.8738973736763           0.0  0.4116567061248314
0.8738973736763  0.8740513324737549           0.0  0.4118160776719181
0.8740513324737549  0.8742054104804993           0.0  0.4114974578826168
0.8742054104804993  0.8743595480918884           0.0  0.4113383328022291
0.8743595480918884  0.8745137453079224           0.0  0.4111793307408444
0.8745137453079224  0.8746680021286011           0.0  0.41102045155585953
0.8746680021286011  0.8748222589492798           0.0  0.41102045155585953
0.8748222589492798  0.874976634979248           0.0  0.41070306124577777
0.874976634979248  0.8751310110092163           0.0  0.41070306124577777
0.8751310110092163  0.8752854466438293           0.0  0.41054454983657446
0.8752854466438293  0.8754399418830872           0.0  0.4103861607355572
0.8754399418830872  0.8755945563316345           0.0  0.41006974889227615
0.8755945563316345  0.8757491707801819  0.21975571092331503  0.5104652092223375
0.8757491707801819  0.875903844833374           0.0  0.4099117258676549
0.875903844833374  0.8760585188865662           0.0  0.4099117258676549
0.8760585188865662  0.8762133121490479           0.0  0.409596044908188
0.8762133121490479  0.8763681650161743           0.0  0.40943838669228805
0.8763681650161743  0.8765230774879456           0.0  0.40928084979860113
0.8765230774879456  0.8766779899597168           0.0  0.40928084979860113
0.8766779899597168  0.8768330216407776           0.0  0.40896613941813315
0.8768330216407776  0.8769880533218384           0.0  0.40896613941813315
0.8769880533218384  0.8771431446075439           0.0  0.4088089656520232
0.8771431446075439  0.8772982954978943           0.0  0.40865191264946765
0.8772982954978943  0.8774535655975342           0.0  0.4083381683787195
0.8774535655975342  0.8776088356971741           0.0  0.4083381683787195
0.8776088356971741  0.8777641654014587           0.0  0.40818147683291045
0.8777641654014587  0.8779195547103882  0.21865988267551947  0.5079197363723604
0.8779195547103882  0.8780749440193176           0.0  0.40802490549542175
0.8780749440193176  0.8782304525375366           0.0  0.40771212289251224
0.8782304525375366  0.8783860206604004           0.0  0.40755591135117414
0.8783860206604004  0.8785415887832642           0.0  0.40755591135117414
0.8785415887832642  0.8786972761154175           0.0  0.4072438471005224
0.8786972761154175  0.8788529634475708           0.0  0.4072438471005224
0.8788529634475708  0.8790087699890137           0.0  0.40693226037741564
0.8790087699890137  0.8791645765304565           0.0  0.40693226037741564
0.8791645765304565  0.8793204426765442           0.0  0.4067766457462962
0.8793204426765442  0.8794764280319214           0.0  0.40646577326196576
0.8794764280319214  0.8796324133872986           0.0  0.40646577326196576
0.8796324133872986  0.8797884583473206           0.0  0.40631051513619726
0.8797884583473206  0.8799445629119873           0.0  0.406155375573335
0.8799445629119873  0.8801007270812988           0.0  0.40600035443762
0.8801007270812988  0.8802568912506104           0.0  0.40600035443762
0.8802568912506104  0.8804131746292114           0.0  0.405690666905631
0.8804131746292114  0.8805695176124573           0.0  0.4055360002388732
0.8805695176124573  0.8807258605957031           0.0  0.4055360002388732
0.8807258605957031  0.8808823227882385  0.2171605006228873  0.5044368581800928
0.8808823227882385  0.8810387849807739           0.0  0.40522702042916736
0.8810387849807739  0.8811953663825989  0.21699517096881585  0.5040528179378544
0.8811953663825989  0.8813519477844238           0.0  0.4049185110873865
0.8813519477844238  0.8815085887908936           0.0  0.404764432506303
0.8815085887908936  0.8816653490066528           0.0  0.40445662685420697
0.8816653490066528  0.8818221092224121           0.0  0.40445662685420697
0.8818221092224121  0.8819789290428162           0.0  0.40430289951598797
0.8819789290428162  0.882135808467865           0.0  0.40414928899185576
0.882135808467865  0.8822927474975586           0.0  0.4039957951487141
0.8822927474975586  0.882449746131897           0.0  0.40384241785366903
0.882449746131897  0.8826067447662354           0.0  0.40384241785366903
0.8826067447662354  0.8827638626098633           0.0  0.40353601237730063
0.8827638626098633  0.882921040058136           0.0  0.40338298393119626
0.882921040058136  0.8830782175064087           0.0  0.40338298393119626
0.8830782175064087  0.8832355141639709           0.0  0.4030772749626997
0.8832355141639709  0.883392870426178           0.0  0.40292459417672893
0.883392870426178  0.883550226688385           0.0  0.40292459417672893
0.883550226688385  0.8837076425552368           0.0  0.40277202901422354
0.8837076425552368  0.8838651776313782           0.0  0.40246724503464415
0.8838651776313782  0.8840227127075195           0.0  0.40246724503464415
0.8840227127075195  0.8841803073883057           0.0  0.40231502595558416
0.8841803073883057  0.8843379616737366           0.0  0.40216292197601683
0.8843379616737366  0.884495735168457           0.0  0.4018590587935642
0.884495735168457  0.8846535086631775           0.0  0.4018590587935642
0.8846535086631775  0.8848113417625427           0.0  0.4017072993302736
0.8848113417625427  0.8849692344665527           0.0  0.4015556544456642
0.8849692344665527  0.8851271271705627           0.0  0.4015556544456642
0.8851271271705627  0.8852851390838623  0.21503067300455647  0.4994895332790432
0.8852851390838623  0.8854432106018066           0.0  0.4011014059677845
0.8854432106018066  0.8856013417243958           0.0  0.4009502181027382
0.8856013417243958  0.8857594728469849           0.0  0.4009502181027382
0.8857594728469849  0.8859177231788635           0.0  0.40064818404013725
0.8859177231788635  0.886076033115387           0.0  0.4004973375853028
0.886076033115387  0.8862343430519104           0.0  0.4004973375853028
0.8862343430519104  0.8863927721977234           0.0  0.4001959851868188
0.8863927721977234  0.8865512013435364           0.0  0.4001959851868188
0.8865512013435364  0.8867096900939941           0.0  0.4000454789870494
0.8867096900939941  0.8868682980537415           0.0  0.39974480594760026
0.8868682980537415  0.8870269060134888           0.0  0.39974480594760026
0.8870269060134888  0.8871855735778809           0.0  0.39959463885295426
0.8871855735778809  0.8873443007469177           0.0  0.39944458453870235
0.8873443007469177  0.8875031471252441           0.0  0.3991448137435513
0.8875031471252441  0.8876619935035706           0.0  0.3991448137435513
0.8876619935035706  0.8878208994865417           0.0  0.39899509700921404
0.8878208994865417  0.8879798650741577           0.0  0.39884549254839313
0.8879798650741577  0.8881388902664185           0.0  0.3986960002348443
0.8881388902664185  0.888297975063324           0.0  0.398546619942512
0.888297975063324  0.8884570598602295           0.0  0.398546619942512
0.8884570598602295  0.8886162638664246           0.0  0.3982481949182196
0.8886162638664246  0.8887755274772644           0.0  0.3980991499350915
0.8887755274772644  0.888934850692749           0.0  0.3979502164708434
0.888934850692749  0.8890941739082336           0.0  0.3979502164708434
0.8890941739082336  0.8892536163330078           0.0  0.3976526835987157
0.8892536163330078  0.8894131183624268           0.0  0.3975040839411676
0.8894131183624268  0.8895726203918457           0.0  0.3975040839411676
0.8895726203918457  0.8897322416305542           0.0  0.3972072175603303
0.8897322416305542  0.8898918628692627           0.0  0.3972072175603303
0.8898918628692627  0.8900516033172607           0.0  0.39691079426364345
0.8900516033172607  0.8902113437652588           0.0  0.39691079426364345
0.8902113437652588  0.8903711438179016           0.0  0.3967627484619785
0.8903711438179016  0.890531063079834           0.0  0.3964669879338667
0.890531063079834  0.8906909823417664           0.0  0.3964669879338667
0.8906909823417664  0.8908509612083435           0.0  0.396319272960717
0.8908509612083435  0.8910110592842102           0.0  0.3960241729808505
0.8910110592842102  0.8911711573600769           0.0  0.3960241729808505
0.8911711573600769  0.8913313150405884           0.0  0.3958767877285316
0.8913313150405884  0.8914915323257446           0.0  0.3957295121378588
0.8914915323257446  0.8916518092155457           0.0  0.3955823460864873
0.8916518092155457  0.8918121457099916           0.0  0.3954352894519806
0.8918121457099916  0.891972541809082           0.0  0.3952883421134525
0.891972541809082  0.8921329975128174           0.0  0.3951415039474608
0.8921329975128174  0.8922935128211975           0.0  0.394994774833481
0.8922935128211975  0.8924540877342224           0.0  0.39484815464980116
0.8924540877342224  0.8926147222518921           0.0  0.394701643275163
0.8926147222518921  0.8927754163742065           0.0  0.3945552405884883
0.8927754163742065  0.8929361701011658           0.0  0.3944089464688782
0.8929361701011658  0.8930969834327698           0.0  0.39426276079561323
0.8930969834327698  0.8932577967643738           0.0  0.39426276079561323
0.8932577967643738  0.8934187293052673           0.0  0.393970714306135
0.8934187293052673  0.8935797214508057           0.0  0.393824853249376
0.8935797214508057  0.8937407732009888           0.0  0.3936791001578699
0.8937407732009888  0.8939018249511719           0.0  0.3936791001578699
0.8939018249511719  0.8940629959106445           0.0  0.39338791739148093
0.8940629959106445  0.894224226474762           0.0  0.393242487477473
0.894224226474762  0.8943854570388794           0.0  0.393242487477473
0.8943854570388794  0.8945468068122864           0.0  0.3929519499913426
0.8945468068122864  0.8947081565856934           0.0  0.3929519499913426
0.8947081565856934  0.8948696255683899           0.0  0.3926618415011312
0.8948696255683899  0.8950310945510864           0.0  0.3926618415011312
0.8950310945510864  0.8951926827430725           0.0  0.39237216105738265
0.8951926827430725  0.8953542709350586           0.0  0.39237216105738265
0.8953542709350586  0.8955159783363342           0.0  0.3920829077134406
0.8955159783363342  0.8956776857376099           0.0  0.3920829077134406
0.8956776857376099  0.895839512348175           0.0  0.39179408052543807
0.895839512348175  0.8960013389587402           0.0  0.39179408052543807
0.8960013389587402  0.8961632251739502           0.0  0.3916498264457159
0.8961632251739502  0.8963252305984497           0.0  0.3913616367279486
0.8963252305984497  0.8964872360229492           0.0  0.3913616367279486
0.8964872360229492  0.8966493010520935           0.0  0.3912177008556691
0.8966493010520935  0.8968114852905273           0.0  0.3909301465000236
0.8968114852905273  0.8969736695289612           0.0  0.3909301465000236
0.8969736695289612  0.8971359133720398           0.0  0.3907865277834549
0.8971359133720398  0.897298276424408           0.0  0.3904996066911029
0.897298276424408  0.8974606394767761           0.0  0.3904996066911029
0.8974606394767761  0.8976230621337891           0.0  0.39035630408314287
0.8976230621337891  0.8977855443954468           0.0  0.3902131066128263
0.8977855443954468  0.8979480862617493           0.0  0.39007001416449005
0.8979480862617493  0.8981107473373413           0.0  0.3897841438719547
0.8981107473373413  0.8982734084129333           0.0  0.3897841438719547
0.8982734084129333  0.8984361290931702           0.0  0.3896413657972764
0.8984361290931702  0.8985989093780518           0.0  0.3894986922836194
0.8985989093780518  0.8987617492675781           0.0  0.38935612321616564
0.8987617492675781  0.8989246487617493           0.0  0.38921365848026507
0.8989246487617493  0.89908766746521           0.0  0.3889290415453618
0.89908766746521  0.8992506861686707           0.0  0.3889290415453618
0.8992506861686707  0.8994137644767761  0.20835026101428336  0.48397176634603206
0.8994137644767761  0.8995769023895264           0.0  0.38864484056505827
0.8995769023895264  0.8997400999069214           0.0  0.38850289577303304
0.8997400999069214  0.8999033570289612           0.0  0.38836105462817244
0.8999033570289612  0.9000666737556458           0.0  0.3882193170169943
0.9000666737556458  0.9002300500869751           0.0  0.3880776828261819
0.9002300500869751  0.9003934860229492           0.0  0.38793615194258363
0.9003934860229492  0.9005569815635681           0.0  0.38779472425321343
0.9005569815635681  0.9007205367088319           0.0  0.38765339964498624
0.9007205367088319  0.900884211063385           0.0  0.3873710592233379
0.900884211063385  0.9010478854179382  0.20759152007832454  0.4822093054343567
0.9010478854179382  0.9012116193771362           0.0  0.38723004318404236
0.9012116193771362  0.901375412940979           0.0  0.3870891297767702
0.901375412940979  0.9015392661094666           0.0  0.38694831888925585
0.9015392661094666  0.9017031788825989           0.0  0.3868076104096598
0.9017031788825989  0.9018671512603761           0.0  0.38666700422604294
0.9018671512603761  0.9020311832427979           0.0  0.3865265002279376
0.9020311832427979  0.9021952748298645  0.20706368112425688  0.48098320113430565
0.9021952748298645  0.9023594260215759           0.0  0.38624579833934797
0.9023594260215759  0.9025236368179321           0.0  0.38610560022742807
0.9025236368179321  0.9026879072189331           0.0  0.38596550385579265
0.9026879072189331  0.9028522372245789           0.0  0.3858255091137339
0.9028522372245789  0.9030166268348694           0.0  0.38568561589070505
0.9030166268348694  0.9031810760498047           0.0  0.38554582407631915
0.9031810760498047  0.9033456444740295           0.0  0.3852665442327289
0.9033456444740295  0.9035102128982544           0.0  0.3852665442327289
0.9035102128982544  0.903674840927124           0.0  0.3851270559835498
0.903674840927124  0.9038395285606384           0.0  0.3849876687030635
0.9038395285606384  0.9040042757987976           0.0  0.38484838228168033
0.9040042757987976  0.9041690826416016           0.0  0.38470919660996905
0.9041690826416016  0.9043339490890503           0.0  0.38457011157865667
0.9043339490890503  0.9044988751411438           0.0  0.38443112707862825
0.9044988751411438  0.9046638607978821           0.0  0.38429224300092646
0.9046638607978821  0.9048289656639099           0.0  0.38401477567746006
0.9048289656639099  0.9049940705299377           0.0  0.38401477567746006
0.9049940705299377  0.9051592350006104           0.0  0.38387619221456676
0.9051592350006104  0.9053244590759277  0.2056444134686433  0.4776864187311484
0.9053244590759277  0.9054897427558899           0.0  0.38359932514481226
0.9054897427558899  0.9056551456451416           0.0  0.3833228571627259
0.9056551456451416  0.9058205485343933           0.0  0.3833228571627259
0.9058205485343933  0.9059860110282898           0.0  0.3831847725600016
0.9059860110282898  0.9061515331268309           0.0  0.3830467874062938
0.9061515331268309  0.9063171744346619           0.0  0.3827711150147
0.9063171744346619  0.9064828157424927           0.0  0.3827711150149566
0.9064828157424927  0.9066485166549683           0.0  0.3826334275635124
0.9066485166549683  0.9068142771720886           0.0  0.38249583913216983
0.9068142771720886  0.9069801568984984           0.0  0.38222095890308166
0.9069801568984984  0.9071460366249084  0.20483158969985543  0.47579833011924444
0.9071460366249084  0.9073120355606079           0.0  0.38194647347452937
0.9073120355606079  0.9074780344963074           0.0  0.38194647347452937
0.9074780344963074  0.9076440930366516           0.0  0.3818093785450698
0.9076440930366516  0.9078102707862853           0.0  0.3815354837257084
0.9078102707862853  0.9079764485359192           0.0  0.38153548372519863
0.9079764485359192  0.9081427454948425           0.0  0.38126198158658225
0.9081427454948425  0.9083090424537659  0.20431767531723272  0.47460457086836694
0.9083090424537659  0.9084754586219788           0.0  0.3809888712845861
0.9084754586219788  0.9086418747901917           0.0  0.3809888712845861
0.9086418747901917  0.9088084101676941           0.0  0.3807161519780116
0.9088084101676941  0.9089749455451965           0.0  0.3807161519780116
0.9089749455451965  0.9091416001319885           0.0  0.38044382282781275
0.9091416001319885  0.9093083143234253           0.0  0.3803078042998085
0.9093083143234253  0.9094750285148621           0.0  0.3803078042998085
0.9094750285148621  0.9096418619155884           0.0  0.3800360588162074
0.9096418619155884  0.9098087549209595           0.0  0.37990033165234444
0.9098087549209595  0.9099756479263306           0.0  0.37990033165234444
0.9099756479263306  0.9101426601409912           0.0  0.37962916796094376
0.9101426601409912  0.9103097319602966           0.0  0.3794937312260308
0.9103097319602966  0.9104768633842468           0.0  0.3793583910936392
0.9104768633842468  0.9106440544128418           0.0  0.37922314746045077
0.9106440544128418  0.9108113050460815           0.0  0.3790880002232945
0.9108113050460815  0.9109786152839661           0.0  0.3789529492791466
0.9109786152839661  0.9111459255218506           0.0  0.3789529492791466
0.9111459255218506  0.9113133549690247           0.0  0.3786831358585135
0.9113133549690247  0.9114808440208435           0.0  0.3785483731767133
0.9114808440208435  0.9116484522819519           0.0  0.37827913535795316
0.9116484522819519  0.9118160605430603           0.0  0.37827913535795316
0.9118160605430603  0.9119837284088135           0.0  0.3781446600165533
0.9119837284088135  0.9121514558792114           0.0  0.37801028025108896
0.9121514558792114  0.9123192429542542           0.0  0.3778759959597031
0.9123192429542542  0.9124870896339417           0.0  0.3777418070406834
0.9124870896339417  0.9126550555229187           0.0  0.3774737149136141
0.9126550555229187  0.9128230214118958           0.0  0.3774737149136141
0.9128230214118958  0.9129910469055176           0.0  0.3773398115028608
0.9129910469055176  0.913159191608429           0.0  0.37707228948123517
0.913159191608429  0.9133273363113403           0.0  0.37707228948123517
0.9133273363113403  0.9134955406188965           0.0  0.3769386706685204
0.9134955406188965  0.9136638641357422           0.0  0.3766717169357523
0.9136638641357422  0.9138321876525878           0.0  0.37667171693600077
0.9138321876525878  0.9140006303787231           0.0  0.37640514105656875
0.9140006303787231  0.9141691327095032           0.0  0.37627199456192584
0.9141691327095032  0.9143376350402832           0.0  0.37627199456192584
0.9143376350402832  0.9145062565803528           0.0  0.3760059839613165
0.9145062565803528  0.9146749377250671           0.0  0.3758731196560298
0.9146749377250671  0.9148436784744264  0.20135864151702726  0.46773110304552185
0.9148436784744264  0.9150124192237854  0.20135864151729221  0.4677311030461373
0.9150124192237854  0.9151812791824341           0.0  0.37547508952579045
0.9151812791824341  0.9153501987457275  0.2011454884033448  0.46723597484923907
0.9153501987457275  0.9155191779136658  0.4021490752275691  0.5345189207196347
0.9155191779136658  0.9156882166862488  0.20100363686004202  0.46690647134088276
0.9156882166862488  0.9158573150634767  0.2009327860890747  0.46674189380397396
0.9158573150634767  0.9160264730453491           0.0  0.3748135759785985
0.9160264730453491  0.9161956906318665           0.0  0.37468155288008603
0.9161956906318665  0.9163650274276733           0.0  0.3744177855074144
0.9163650274276733  0.9165343642234802           0.0  0.3744177855074144
0.9165343642234802  0.9167037606239319           0.0  0.3742860410367925
0.9167037606239319  0.9168732762336731  0.20043822578589282  0.4655930916746637
0.9168732762336731  0.9170427918434143           0.0  0.3740228300374699
0.9170427918434143  0.9172123670578003           0.0  0.3738913633133794
0.9172123670578003  0.9173820614814758           0.0  0.37362870692889516
0.9173820614814758  0.9175518155097961           0.0  0.37349751707393414
0.9175518155097961  0.9177215695381165  0.600470134271502  0.5877585273655408
0.9177215695381165  0.9178914427757263           0.0  0.3732354135531805
0.9178914427757263  0.918061375617981           0.0  0.3731044996936389
0.918061375617981  0.9182313084602356           0.0  0.3731044996936389
0.9182313084602356  0.9184013605117798           0.0  0.3728429472928722
0.9184013605117798  0.9185714721679688           0.0  0.3727123085587122
0.9185714721679688  0.9187416434288025           0.0  0.3725817613403028
0.9187416434288025  0.918911874294281  0.1995960483666244  0.4636368181802324
0.918911874294281  0.9190821647644043           0.0  0.37232094106635083
0.9190821647644043  0.9192525148391724  0.19945637303536712  0.46331236974203766
0.9192525148391724  0.91942298412323  0.1993168930542235  0.4629883750778824
0.91942298412323  0.9195934534072876           0.0  0.37193039462467287
0.9195934534072876  0.91976398229599           0.0  0.37180039448674046
0.91976398229599  0.9199345707893372           0.0  0.371670485194467
0.9199345707893372  0.9201052784919739           0.0  0.37141093876625847
0.9201052784919739  0.9202759861946106           0.0  0.37141093876625847
0.9202759861946106  0.920446813106537  0.19889962112167087  0.4620191042295474
0.920446813106537  0.9206176996231079           0.0  0.371022298091125
0.9206176996231079  0.920788586139679           0.0  0.371022298090884
0.920788586139679  0.9209595918655396           0.0  0.3707636558475303
0.9209595918655396  0.9211306571960449           0.0  0.3706344699047262
0.9211306571960449  0.9213017821311951  0.19855322679731077  0.4612144732576606
0.9213017821311951  0.9214729666709899           0.0  0.3703763679064256
0.9214729666709899  0.9216442108154297  0.19841500666018433  0.46089340505460663
0.9216442108154297  0.9218155145645143           0.0  0.3701186251307847
0.9218155145645143  0.9219868779182434  0.19827697882972123  0.46057278355603526
0.9219868779182434  0.9221583008766174           0.0  0.3698612408298207
0.9221583008766174  0.922329843044281  0.19807029678077806  0.4600926868390353
0.922329843044281  0.9225013852119446           0.0  0.3696042142552344
0.9225013852119446  0.9226729869842529           0.0  0.3694758348824469
0.9226729869842529  0.9228447079658508           0.0  0.36921934350106367
0.9228447079658508  0.9230164289474487           0.0  0.36921934350106367
0.9230164289474487  0.9231882691383363  0.19772678256493617  0.4592947460013487
0.9231882691383363  0.9233601689338685           0.0  0.3688352734488781
0.9233601689338685  0.9235321283340454           0.0  0.3687074276004337
0.9235321283340454  0.9237041473388672           0.0  0.3685796703487749
0.9237041473388672  0.9238762259483337           0.0  0.36845200160255087
0.9238762259483337  0.9240483641624451           0.0  0.36832442126958603
0.9240483641624451  0.9242205619812012           0.0  0.36819692925807007
0.9242205619812012  0.9243928194046021           0.0  0.3680695254763198
0.9243928194046021  0.9245651364326477           0.0  0.36794220983277914
0.9245651364326477  0.9247375130653381           0.0  0.36781498223601816
0.9247375130653381  0.9249100089073181           0.0  0.36756079081774856
0.9249100089073181  0.9250825047492981           0.0  0.36756079081774856
0.9250825047492981  0.9252551198005676           0.0  0.3673069504925982
0.9252551198005676  0.9254277944564819           0.0  0.3671801617627078
0.9254277944564819  0.9256004691123962           0.0  0.3671801617627078
0.9256004691123962  0.9257732629776001           0.0  0.36692684671492387
0.9257732629776001  0.9259461164474487           0.0  0.36680032021605663
0.9259461164474487  0.9261190295219421           0.0  0.3666738809467647
0.9261190295219421  0.9262920022010803  0.19643222403000662  0.45628764738895367
0.9262920022010803  0.9264650344848633           0.0  0.36642126373632944
0.9264650344848633  0.9266381859779358           0.0  0.3661689943637055
0.9266381859779358  0.9268113374710083           0.0  0.3661689943637055
0.9268113374710083  0.9269845485687257  0.1961618424414019  0.45565958455674294
0.9269845485687257  0.9271578788757324           0.0  0.3657912409309648
0.9271578788757324  0.9273312091827393           0.0  0.36579124093073057
0.9273312091827393  0.9275046586990356           0.0  0.36553983801600154
0.9275046586990356  0.9276781678199768           0.0  0.3654142661032513
0.9276781678199768  0.9278517365455627           0.0  0.36528878043494656
0.9278517365455627  0.9280253648757935           0.0  0.3651633809222672
0.9280253648757935  0.9281990528106689           0.0  0.36503806747651496
0.9281990528106689  0.9283728003501892           0.0  0.364912840009113
0.9283728003501892  0.9285466074943542           0.0  0.36478769843160647
0.9285466074943542  0.9287204742431641           0.0  0.36466264265566145
0.9287204742431641  0.9288944602012634           0.0  0.3644127881557261
0.9288944602012634  0.9290684461593628           0.0  0.3644127881557261
0.9290684461593628  0.9292425513267517           0.0  0.3641632758050546
0.9292425513267517  0.9294166564941406           0.0  0.3641632758050546
0.9294166564941406  0.9295908808708191           0.0  0.3639141049013221
0.9295908808708191  0.9297651648521422           0.0  0.3637896472733386
0.9297651648521422  0.9299395084381104           0.0  0.363665274743893
0.9299395084381104  0.9301139116287231           0.0  0.36354098722712386
0.9301139116287231  0.9302883744239807           0.0  0.36341678463497246
0.9302883744239807  0.9304629564285278           0.0  0.3631686338772839
0.9304629564285278  0.930637538433075           0.0  0.3631686338772839
0.930637538433075  0.9308121800422668  0.19455505601879836  0.45192721935929814
0.9308121800422668  0.9309869408607483           0.0  0.36279704250564954
0.9309869408607483  0.9311617612838745           0.0  0.36267334763946957
0.9311617612838745  0.9313365817070007           0.0  0.36267334763946957
0.9313365817070007  0.9315115213394165           0.0  0.3624262107756608
0.9315115213394165  0.9316865205764771           0.0  0.36230276860577804
0.9316865205764771  0.9318615794181824           0.0  0.36217941049593616
0.9318615794181824  0.9320367574691772           0.0  0.36193294611315563
0.9320367574691772  0.9322119355201721           0.0  0.36193294611315563
0.9322119355201721  0.9323871731758118           0.0  0.3618098396688995
0.9323871731758118  0.932562530040741           0.0  0.3615638778472347
0.932562530040741  0.9327378869056702           0.0  0.3615638778472347
0.9327378869056702  0.9329133629798889           0.0  0.3613182502128276
0.9329133629798889  0.9330888986587524           0.0  0.3611955615030779
0.9330888986587524  0.9332644939422607           0.0  0.3610729560850524
0.9332644939422607  0.9334401488304138           0.0  0.3609504338739615
0.9334401488304138  0.9336158633232117           0.0  0.3608279947851304
0.9336158633232117  0.9337916374206543           0.0  0.36070563873399947
0.9337916374206543  0.9339674711227417           0.0  0.36058336563612353
0.9339674711227417  0.9341434240341187           0.0  0.3603390679629283
0.9341434240341187  0.9343194365501404           0.0  0.3602170432192904
0.9343194365501404  0.9344954490661621           0.0  0.3602170432192904
0.9344954490661621  0.9346715807914734           0.0  0.3599732414979913
0.9346715807914734  0.9348477721214294           0.0  0.35985146435269433
0.9348477721214294  0.9350240230560303           0.0  0.3597297695727306
0.9350240230560303  0.9352003335952759           0.0  0.35960815707456534
0.9352003335952759  0.9353767037391663           0.0  0.3594866267747767
0.9353767037391663  0.9355531930923462           0.0  0.35924381243720516
0.9355531930923462  0.9357296824455261           0.0  0.35924381243720516
0.9357296824455261  0.9359062910079957           0.0  0.35900132589466605
0.9359062910079957  0.9360829591751099           0.0  0.3588802053398222
0.9360829591751099  0.9362596869468689  0.19225845333392216  0.446592496702443
0.9362596869468689  0.9364364743232727           0.0  0.3586382092469873
0.9364364743232727  0.9366133213043213           0.0  0.35851733354451115
0.9366133213043213  0.9367902278900146           0.0  0.3583965392946646
0.9367902278900146  0.9369671940803528           0.0  0.35827582641514466
0.9369671940803528  0.9371442794799805           0.0  0.3580346444384263
0.9371442794799805  0.9373213648796082           0.0  0.3580346444384263
0.9373213648796082  0.9374985694885254           0.0  0.3577937869581448
0.9374985694885254  0.9376758337020874           0.0  0.3576734796995846
0.9376758337020874  0.9378531575202942           0.0  0.3575532533198536
0.9378531575202942  0.9380305409431458           0.0  0.3574331077374209
0.9380305409431458  0.9382079839706421           0.0  0.3573130428708648
0.9382079839706421  0.9383854866027832           0.0  0.3571930586388732
0.9383854866027832  0.9385631084442139           0.0  0.35695333175388066
0.9385631084442139  0.9387407302856445           0.0  0.35695333175388066
0.9387407302856445  0.9389184713363647           0.0  0.35671392643412625
0.9389184713363647  0.9390962719917297           0.0  0.35659434415908964
0.9390962719917297  0.9392741322517395           0.0  0.356474842033031
0.9392741322517395  0.9394520521163942           0.0  0.3563554199751761
0.9394520521163942  0.9396300315856934           0.0  0.3562360779059705
0.9396300315856934  0.9398081302642822           0.0  0.35599763340915813
0.9398081302642822  0.9399862289428711           0.0  0.35599763340915813
0.9399862289428711  0.9401644468307495           0.0  0.355759507901861
0.9401644468307495  0.9403427243232726           0.0  0.35564056456945065
0.9403427243232726  0.9405210614204407           0.0  0.35552170074395123
0.9405210614204407  0.9406994581222534           0.0  0.3554029163469978
0.9406994581222534  0.9408779144287108           0.0  0.3552842112983387
0.9408779144287108  0.9410564303398132           0.0  0.3551655855178307
0.9410564303398132  0.9412350654602051           0.0  0.3549285714469685
0.9412350654602051  0.9414137005805968           0.0  0.35492857144718903
0.9414137005805968  0.9415924549102783           0.0  0.3546918734998012
0.9415924549102783  0.9417712688446045           0.0  0.35457364287552146
0.9417712688446045  0.9419501423835754  0.18995212067146927  0.4412351725167423
0.9419501423835754  0.9421290755271912           0.0  0.35433741793023465
0.9421290755271912  0.9423080682754517  0.18982561243259383  0.4409413095979832
0.9423080682754517  0.9424871802330017           0.0  0.35398367009203474
0.9424871802330017  0.9426662921905518           0.0  0.35398367009203474
0.9426662921905518  0.9428455233573912           0.0  0.3537482303382851
0.9428455233573912  0.9430248141288757           0.0  0.3536306278676548
0.9430248141288757  0.9432041645050049           0.0  0.353513103564827
0.9432041645050049  0.9433835744857788           0.0  0.3533956573510181
0.9433835744857788  0.9435630440711975           0.0  0.3532782891486431
0.9435630440711975  0.9437426328659059           0.0  0.3530437864672774
0.9437426328659059  0.943922221660614           0.0  0.3530437864677139
0.943922221660614  0.9441019296646118  0.18907008760699145  0.4391863193110261
0.9441019296646118  0.9442816972732544           0.0  0.3526926155923622
0.9442816972732544  0.9444615244865417           0.0  0.3525757138304821
0.9444615244865417  0.9446414113044739           0.0  0.3524588895382917
0.9446414113044739  0.9448213577270508  0.18881958070058932  0.43860442289590706
0.9448213577270508  0.9450014233589172           0.0  0.35210888071054763
0.9450014233589172  0.9451815485954285           0.0  0.3519923655283138
0.9451815485954285  0.9453616738319397           0.0  0.3519923655283138
0.9453616738319397  0.9455419182777405  0.188507379012923  0.4378792171702194
0.9455419182777405  0.945722222328186           0.0  0.35164328219059976
0.945722222328186  0.9459026455879211  0.18832055306741965  0.43744524371415383
0.9459026455879211  0.9460830688476564           0.0  0.3514109443759201
0.9460830688476564  0.9462635517120361           0.0  0.35129489056381064
0.9462635517120361  0.9464441537857056           0.0  0.3510630127480411
0.9464441537857056  0.9466248154640198           0.0  0.3509471885933898
0.9466248154640198  0.9468055367469788           0.0  0.3508314408398959
0.9468055367469788  0.9469863176345825  0.18794800993573335  0.43657987231214757
0.9469863176345825  0.9471672177314757           0.0  0.3504846552313731
0.9471672177314757  0.9473481178283691           0.0  0.35048465523094285
0.9473481178283691  0.947529137134552           0.0  0.35025384544832544
0.947529137134552  0.9477102160453796           0.0  0.35013855451828985
0.9477102160453796  0.9478913545608521  0.18757693785293822  0.43571791797392023
0.9478913545608521  0.9480725526809692           0.0  0.34990820020610675
0.9480725526809692  0.9482538104057313           0.0  0.3497931366740917
0.9482538104057313  0.9484351277351379           0.0  0.3496781487926416
0.9484351277351379  0.9486165642738342           0.0  0.3494483996802117
0.9486165642738342  0.9487980604171753  0.18720732812317872  0.43485936050008
0.9487980604171753  0.9489796161651611           0.0  0.34921895227398697
0.9489796161651611  0.9491612315177917           0.0  0.3491043415249637
0.9491612315177917  0.9493429064750672           0.0  0.34898980597963064
0.9493429064750672  0.9495247006416321           0.0  0.34876096020564396
0.9495247006416321  0.9497064948081969  0.18690043086407454  0.434146476302804
0.9497064948081969  0.9498884081840515           0.0  0.34853241435973625
0.9498884081840515  0.9500703811645508  0.18671677501967873  0.43371986659768863
0.9500703811645508  0.9502524137496948           0.0  0.3483041678541468
0.9502524137496948  0.9504345655441284           0.0  0.3480762201003155
0.9504345655441284  0.950616717338562           0.0  0.3480762201003155
0.950616717338562  0.9507989883422853           0.0  0.34784857051207213
0.9507989883422853  0.9509813189506531  0.1863505440128886  0.43286915747745985
0.9509813189506531  0.9511637091636658           0.0  0.3476212185054132
0.9511637091636658  0.9513461589813232           0.0  0.34750765391263133
0.9513461589813232  0.9515286684036255           0.0  0.3473941634965919
0.9515286684036255  0.9517112970352173           0.0  0.34716740490423126
0.9517112970352173  0.9518939256668091           0.0  0.34716740490423126
0.9518939256668091  0.9520766735076904           0.0  0.34694094214825977
0.9520766735076904  0.9522594809532166           0.0  0.34682782152806146
0.9522594809532166  0.9524423480033875           0.0  0.3467147746501188
0.9524423480033875  0.9526253342628479           0.0  0.34648890183275716
0.9526253342628479  0.9528083205223083           0.0  0.34648890183275716
0.9528083205223083  0.9529914259910583           0.0  0.3462633231206264
0.9529914259910583  0.9531745910644531           0.0  0.3461506438745735
0.9531745910644531  0.9533578157424927           0.0  0.3460380379396761
0.9533578157424927  0.9535411596298219           0.0  0.3458130457171392
0.9535411596298219  0.9537245035171509           0.0  0.34581304571755805
0.9537245035171509  0.9539079666137695           0.0  0.34558834588257453
0.9539079666137695  0.954091489315033           0.0  0.3454761054324665
0.954091489315033  0.9542750716209412           0.0  0.34536393786576763
0.9542750716209412  0.9544587135314941           0.0  0.34525184311151064
0.9544587135314941  0.9546424150466919           0.0  0.34513982109882035
0.9546424150466919  0.9548262357711792           0.0  0.3449159950150987
0.9548262357711792  0.9550101161003113           0.0  0.34480419080277613
0.9550101161003113  0.9551940560340881           0.0  0.34469245904943757
0.9551940560340881  0.9553780555725098           0.0  0.34458079968466615
0.9553780555725098  0.9555621147155762           0.0  0.3444692126381362
0.9555621147155762  0.9557462930679321           0.0  0.3442462552189529
0.9557462930679321  0.9559304714202882           0.0  0.3442462552187454
0.9559304714202882  0.9561147689819336           0.0  0.3440235862313083
0.9561147689819336  0.9562991857528685           0.0  0.3438012051154508
0.9562991857528685  0.9564836025238036           0.0  0.3438012051152438
0.9564836025238036  0.9566680788993834           0.0  0.3436901223349158
0.9566680788993834  0.9568526744842529           0.0  0.34346817198124785
0.9568526744842529  0.9570373296737671           0.0  0.34335730426938815
0.9570373296737671  0.957222044467926           0.0  0.34324650810795887
0.957222044467926  0.9574068188667297           0.0  0.343135783427924
0.9574068188667297  0.957591712474823           0.0  0.342914548235514
0.957591712474823  0.957776665687561           0.0  0.3428040375850997
0.957776665687561  0.9579616189002991           0.0  0.3428040375850997
0.9579616189002991  0.9581467509269714           0.0  0.34247293259065176
0.9581467509269714  0.9583318829536437  0.18353068710090825  0.4263189802715832
0.9583318829536437  0.9585170745849609           0.0  0.342362706348866
0.9585170745849609  0.9587023854255676           0.0  0.34214246658943853
0.9587023854255676  0.9588877558708192           0.0  0.3420324529343818
0.9588877558708192  0.9590731859207153           0.0  0.34192251000552915
0.9590731859207153  0.9592586755752563           0.0  0.3418126377334718
0.9592586755752563  0.9594442844390869  0.18305918886804085  0.4252237484658778
0.9594442844390869  0.9596298933029175           0.0  0.3415931048897124
0.9596298933029175  0.9598156213760376           0.0  0.3413738538596163
0.9598156213760376  0.9600014090538025  0.18288300100580018  0.4248144859553235
0.9600014090538025  0.9601873159408569           0.0  0.3410455045291967
0.9601873159408569  0.9603732228279114           0.0  0.3410455045291967
0.9603732228279114  0.9605592489242554           0.0  0.3408269556637502
0.9605592489242554  0.9607453346252441           0.0  0.3407177862352865
0.9607453346252441  0.9609314799308777           0.0  0.34060868672000144
0.9609314799308777  0.9611177444458008           0.0  0.34039069716050063
0.9611177444458008  0.9613040089607239           0.0  0.34039069716050063
0.9613040089607239  0.9614903926849365           0.0  0.34017298644917315
0.9614903926849365  0.9616768360137939           0.0  0.340064235494426
0.9616768360137939  0.9618633389472961  0.182181628039335  0.4231852837081315
0.9618633389472961  0.9620499610900879  0.18206525523317765  0.4229149641401289
0.9620499610900879  0.9622365832328796           0.0  0.33973839943358813
0.9622365832328796  0.9624233245849608           0.0  0.33952152206421854
0.9624233245849608  0.962610125541687           0.0  0.3394131871812164
0.962610125541687  0.9627970457077026           0.0  0.3391967246895932
0.9627970457077026  0.9629839658737184           0.0  0.33919672468939177
0.9629839658737184  0.9631710052490234           0.0  0.33898053812211465
0.9631710052490234  0.9633581042289734           0.0  0.3388725481448118
0.9633581042289734  0.963545262813568           0.0  0.33876462695133613
0.963545262813568  0.9637324810028076           0.0  0.3386567744749868
0.9637324810028076  0.9639198184013367           0.0  0.3384412754141153
0.9639198184013367  0.9641072154045105           0.0  0.33833362869801664
0.9641072154045105  0.9642946720123292           0.0  0.33822605043749904
0.9642946720123292  0.9644821882247925           0.0  0.3381185405680846
0.9644821882247925  0.9646698236465454           0.0  0.3379037257390612
0.9646698236465454  0.9648574590682983           0.0  0.3379037257390612
0.9648574590682983  0.9650452136993408           0.0  0.33768918369097284
0.9650452136993408  0.965233027935028           0.0  0.3375820147975859
0.965233027935028  0.9654209613800049           0.0  0.3373678809470143
0.9654209613800049  0.9656088948249817           0.0  0.3373678809472136
0.9656088948249817  0.965796947479248           0.0  0.33715401858211236
0.965796947479248  0.9659850597381592           0.0  0.3370471890451725
0.9659850597381592  0.9661732912063599           0.0  0.3368337329406474
0.9661732912063599  0.9663615226745605           0.0  0.3368337329406474
0.9663615226745605  0.9665498733520509  0.1803944032071972  0.41903378250695034
0.9665498733520509  0.9667382836341858           0.0  0.336514055244287
0.9667382836341858  0.9669267535209655  0.18028030175060564  0.4187687390017469
0.9669267535209655  0.967115342617035           0.0  0.3361949837627408
0.967115342617035  0.967303991317749           0.0  0.33608876101964946
0.967303991317749  0.9674926996231079  0.18005253131240656  0.4182396565769878
0.9674926996231079  0.9676814675331116           0.0  0.335876516775044
0.9676814675331116  0.96787029504776           0.0  0.3357704951472741
0.96787029504776  0.968059241771698           0.0  0.33555865256358497
0.968059241771698  0.9682482481002808  0.17976862634344976  0.41758018061265956
0.9682482481002808  0.9684373140335083           0.0  0.3353470771206067
0.9684373140335083  0.9686264395713806           0.0  0.33524138941902437
0.9686264395713806  0.9688156843185424           0.0  0.33503021374084674
0.9688156843185424  0.9690049886703491           0.0  0.3349247256378906
0.9690049886703491  0.9691943526268005           0.0  0.3348193039428909
0.9691943526268005  0.9693837761878967           0.0  0.33471394859237397
0.9693837761878967  0.9695733189582825           0.0  0.33450343667502025
0.9695733189582825  0.969762921333313           0.0  0.33439827998320165
0.969762921333313  0.9699525833129883           0.0  0.3342931893860982
0.9699525833129883  0.9701423048973083           0.0  0.3341881648214151
0.9701423048973083  0.9703320860862732           0.0  0.33408320622693605
0.9703320860862732  0.9705219864845275           0.0  0.3338734867003096
0.9705219864845275  0.9707119464874269           0.0  0.33376872564333887
0.9707119464874269  0.9709020256996155           0.0  0.3335594006356807
0.9709020256996155  0.9710921049118042           0.0  0.3335594006354859
0.9710921049118042  0.9712823033332825           0.0  0.33335033802148684
0.9712823033332825  0.9714725613594056           0.0  0.3332459049580024
0.9714725613594056  0.9716628789901733           0.0  0.33314153730885837
0.9716628789901733  0.9718533158302307           0.0  0.33293299800518444
0.9718533158302307  0.9720438122749329           0.0  0.3328288262285871
0.9720438122749329  0.9722343683242798           0.0  0.33272471962044553
0.9722343683242798  0.9724249839782715           0.0  0.33262067811962615
0.9724249839782715  0.9726157188415527           0.0  0.33241279019580133
0.9726157188415527  0.972806453704834           0.0  0.33241279019580133
0.972806453704834  0.9729973077774048           0.0  0.3322051619695704
0.9729973077774048  0.9731882810592651           0.0  0.3319977929546081
0.9731882810592651  0.9733792543411255           0.0  0.3319977929546081
0.9733792543411255  0.9735703468322754           0.0  0.33179068266580297
0.9735703468322754  0.9737614989280701           0.0  0.33168722439244286
0.9737614989280701  0.9739527702331543           0.0  0.3314805012859347
0.9739527702331543  0.9741440415382385           0.0  0.3314805012859347
0.9741440415382385  0.9743354320526123           0.0  0.3312740356980892
0.9743354320526123  0.974526882171631           0.0  0.3311708993231468
0.974526882171631  0.974718451499939           0.0  0.33096481911237735
0.974718451499939  0.9749100804328918           0.0  0.3308618751560076
0.9749100804328918  0.9751017093658447           0.0  0.3308618751560076
0.9751017093658447  0.9752935171127319           0.0  0.3305534271679815
0.9752935171127319  0.9754853248596191           0.0  0.3305534271679815
0.9754853248596191  0.9756772518157959           0.0  0.3303481144802995
0.9756772518157959  0.9758692383766174           0.0  0.33024555374932146
0.9758692383766174  0.9760612845420837           0.0  0.33014305668111865
0.9760612845420837  0.9762534499168396           0.0  0.32993825329608073
0.9762534499168396  0.9764456152915955           0.0  0.32993825329608073
0.9764456152915955  0.9766379594802856  0.176648997252891  0.41033366988619263
0.9766379594802856  0.9768303036689758           0.0  0.32963152421027714
0.9768303036689758  0.9770227670669556           0.0  0.3294273547929899
0.9770227670669556  0.9772152304649353           0.0  0.3294273547929899
0.9772152304649353  0.9774078726768494           0.0  0.3291215744512885
0.9774078726768494  0.9776005148887634           0.0  0.3291215744512885
0.9776005148887634  0.977793276309967           0.0  0.3289180360626358
0.977793276309967  0.9779860973358154           0.0  0.3288163612446876
0.9779860973358154  0.9781789779663086           0.0  0.32871474926655264
0.9781789779663086  0.9783719778060913           0.0  0.32851171359683895
0.9783719778060913  0.978564977645874           0.0  0.32851171359683895
0.978564977645874  0.9787581562995911  0.17588593462976837  0.40856117023225663
0.9787581562995911  0.9789513349533081           0.0  0.3282076299372306
0.9789513349533081  0.9791446328163147           0.0  0.32800522005136123
0.9791446328163147  0.9793379306793214           0.0  0.32800522005117283
0.9793379306793214  0.9795314073562623           0.0  0.32770207289789416
0.9795314073562623  0.979724884033203           0.0  0.32770207289827025
0.979724884033203  0.9799184799194336           0.0  0.32750028590700564
0.9799184799194336  0.9801121354103088           0.0  0.32739948557296533
0.9801121354103088  0.980305850505829           0.0  0.32729874726952457
0.980305850505829  0.9804996848106385           0.0  0.3270974565272338
0.9804996848106385  0.9806935787200928           0.0  0.3269969039739236
0.9806935787200928  0.9808875322341919           0.0  0.3268964132226688
0.9808875322341919  0.9810816049575806           0.0  0.3266956169000505
0.9810816049575806  0.981275737285614  0.17502189565093007  0.40655411505150246
0.981275737285614  0.9814699292182922           0.0  0.3264950671045317
0.9814699292182922  0.9816641807556152           0.0  0.3263948845126003
0.9816641807556152  0.9818585515022278           0.0  0.32619470365733344
0.9818585515022278  0.9820529818534851           0.0  0.32609470528098233
0.9820529818534851  0.9822474718093872           0.0  0.3259947681969244
0.9822474718093872  0.9824420213699341           0.0  0.32589489234882485
0.9824420213699341  0.9826366901397704           0.0  0.32569532413569224
0.9826366901397704  0.9828314185142517           0.0  0.32559563165777716
0.9828314185142517  0.9830262660980225           0.0  0.32539642968080895
0.9830262660980225  0.9832211136817932           0.0  0.32539642968080895
0.9832211136817932  0.9834160804748535           0.0  0.3251974713013037
0.9834160804748535  0.9836111664772034           0.0  0.3249987560728886
0.9836111664772034  0.9838062524795532           0.0  0.3249987560728886
0.9838062524795532  0.9840014576911926           0.0  0.324800283550096
0.9840014576911926  0.9841967225074769           0.0  0.3247011381642123
0.9841967225074769  0.9843921065330505           0.0  0.3245030288673486
0.9843921065330505  0.984587550163269           0.0  0.3244040648449419
0.984587550163269  0.9847830533981323           0.0  0.3243051611666355
0.9847830533981323  0.9849786162376404  0.17374163795643988  0.40358023551439914
0.9849786162376404  0.985174298286438           0.0  0.3240088116437906
0.985174298286438  0.9853700399398804  0.17358292147840415  0.4032115568583263
0.9853700399398804  0.9855658411979675           0.0  0.32381154600504247
0.9855658411979675  0.9857617616653443           0.0  0.3236145204216494
0.9857617616653443  0.9859577417373657           0.0  0.3235160975143452
0.9859577417373657  0.986153781414032           0.0  0.3234177344562373
0.986153781414032  0.9863499402999877  0.17321370833649402  0.4023539206087794
0.9863499402999877  0.9865461587905884           0.0  0.3231230038353471
0.9865461587905884  0.9867424368858337           0.0  0.3230248796315106
0.9867424368858337  0.9869387745857239  0.17305595450366704  0.40198747805790636
0.9869387745857239  0.9871352314949037           0.0  0.32273086426758596
0.9871352314949037  0.987331748008728           0.0  0.3226329780488824
0.987331748008728  0.9875283837318422           0.0  0.32243738363927366
0.9875283837318422  0.9877250194549559           0.0  0.32243738363981983
0.9877250194549559  0.9879217743873596           0.0  0.32224202624234
0.9879217743873596  0.9881186485290527           0.0  0.3220469054273583
0.9881186485290527  0.9883155226707458           0.0  0.3220469054273583
0.9883155226707458  0.9885125160217285           0.0  0.3218520207644673
0.9885125160217285  0.9887096285820008           0.0  0.32165737182520876
0.9887096285820008  0.9889067411422729  0.17237566197018456  0.40040724303703945
0.9889067411422729  0.9891039729118347           0.0  0.3214629581827031
0.9891039729118347  0.989301323890686           0.0  0.3212687794100164
0.989301323890686  0.9894986748695374           0.0  0.3212687794100164
0.9894986748695374  0.9896961450576782           0.0  0.3210748350819694
0.9896961450576782  0.9898936748504638           0.0  0.32097795070222157
0.9898936748504638  0.9900913238525391           0.0  0.3207843572454665
0.9900913238525391  0.990289032459259           0.0  0.3206876480634804
0.990289032459259  0.9904868006706238           0.0  0.3205909971749742
0.9904868006706238  0.9906846880912781           0.0  0.32039787006824233
0.9906846880912781  0.9908825755119324           0.0  0.32039787006824233
0.9908825755119324  0.991080641746521           0.0  0.32010861529538504
0.991080641746521  0.9912787079811095           0.0  0.32010861529556445
0.9912787079811095  0.9914768934249878           0.0  0.31991606875968975
0.9914768934249878  0.9916751384735107           0.0  0.3198198823290933
0.9916751384735107  0.9918735027313232           0.0  0.31962768288057825
0.9918735027313232  0.9920719265937805           0.0  0.31953166975865555
0.9920719265937805  0.9922704100608826           0.0  0.3194357143022716
0.9922704100608826  0.9924689531326295           0.0  0.31933981645931236
0.9924689531326295  0.9926676154136658           0.0  0.3191481934074884
0.9926676154136658  0.9928663372993469           0.0  0.31905246809435045
0.9928663372993469  0.9930651783943176           0.0  0.3188611896362603
0.9930651783943176  0.9932640790939331           0.0  0.3187656363879426
0.9932640790939331  0.9934630393981934           0.0  0.31867014039142133
0.9934630393981934  0.9936620593070984           0.0  0.3185747015952574
0.9936620593070984  0.993861198425293           0.0  0.31838399539855267
0.993861198425293  0.9940603971481323           0.0  0.31828872789544116
0.9940603971481323  0.9942597150802612           0.0  0.3180983638237334
0.9942597150802612  0.9944590926170349           0.0  0.3180032671529341
0.9944590926170349  0.9946585297584535           0.0  0.3179082273239606
0.9946585297584535  0.9948580861091614  0.17026472943112198  0.39550380905719246
0.9948580861091614  0.9950576424598695           0.0  0.31771831798864175
0.9950576424598695  0.9952573776245117           0.0  0.31743387902929143
0.9952573776245117  0.9954571127891541           0.0  0.317433879029115
0.9954571127891541  0.9956569671630859           0.0  0.3172445358265924
0.9956569671630859  0.9958569407463074           0.0  0.3170554183685736
0.9958569407463074  0.9960569143295288           0.0  0.3170554183685736
0.9960569143295288  0.9962570071220398           0.0  0.31686652625158307
0.9962570071220398  0.9964571595191957           0.0  0.31677216456997453
0.9964571595191957  0.9966574311256409           0.0  0.3165836097104625
0.9966574311256409  0.996857762336731           0.0  0.3164894164315872
0.996857762336731  0.9970582127571106           0.0  0.31630119792642414
0.9970582127571106  0.9972586631774902           0.0  0.31630119792642414
0.9972586631774902  0.9974592328071594  0.16940455100596707  0.3935057214629253
0.9974592328071594  0.9976599216461182           0.0  0.31592543172752136
0.9976599216461182  0.9978606700897217           0.0  0.3158316296397163
0.9978606700897217  0.99806147813797           0.0  0.3157378832373299
0.99806147813797  0.998262345790863           0.0  0.3156441924707906
0.998262345790863  0.9984633326530457           0.0  0.3154569776472611
0.9984633326530457  0.9986643791198729           0.0  0.31536345349159556
0.9986643791198729  0.99886554479599           0.0  0.31517657144473404
0.99886554479599  0.9990667700767518           0.0  0.31508321345556206
0.9990667700767518  0.9992680549621582           0.0  0.3149899107572257
0.9992680549621582  0.9994694590568542           0.0  0.31480347103479267
0.9994694590568542  0.9996709227561951           0.0  0.3147103339131847
0.9996709227561951  0.9998724460601807           0.0  0.3146172518859995
0.9998724460601807  1.0000741481781006           0.0  0.31433833588255444
1.0000741481781006  1.0002758502960205           0.0  0.31433833588255444
1.0002758502960205  1.0004775524139404           0.0  0.31433833588255444
1.0004775524139404  1.0006794929504395           0.0  0.3139672162416069
1.0006794929504395  1.0008814334869385           0.0  0.3139672162416069
1.0008814334869385  1.001083493232727           0.0  0.3137819848455943
1.001083493232727  1.0012855529785156           0.0  0.3137819848455943
1.0012855529785156  1.0014877319335938           0.0  0.3135969718828315
1.0014877319335938  1.0016900300979614           0.0  0.3134121769671669
1.0016900300979614  1.0018924474716187           0.0  0.31322759971335823
1.0018924474716187  1.0020948648452759           0.0  0.31322759971335823
1.0020948648452759  1.0022974014282227           0.0  0.31304323973707016
1.0022974014282227  1.0024999380111694           0.0  0.31304323973707016
1.0024999380111694  1.0027027130126953           0.0  0.31267517008423407
1.0027027130126953  1.0029054880142212           0.0  0.31267517008423407
1.0029054880142212  1.003108263015747           0.0  0.31267517008423407
1.003108263015747  1.003311276435852           0.0  0.3123079649520154
1.003311276435852  1.003514289855957           0.0  0.3123079649520154
1.003514289855957  1.003717303276062           0.0  0.3123079649520154
1.003717303276062  1.003920555114746           0.0  0.3119416212981127
1.003920555114746  1.0041238069534302           0.0  0.3119416212981127
1.0041238069534302  1.0043271780014038           0.0  0.31175877157871174
1.0043271780014038  1.0045305490493774           0.0  0.31175877157871174
1.0045305490493774  1.0047340393066406           0.0  0.3115761360944828
1.0047340393066406  1.0049376487731934           0.0  0.3113937144691348
1.0049376487731934  1.0051413774490356           0.0  0.31121150632725697
1.0051413774490356  1.005345106124878           0.0  0.31121150632725697
1.005345106124878  1.0055489540100098           0.0  0.31102951129431705
1.0055489540100098  1.0057529211044312           0.0  0.31084772899665825
1.0057529211044312  1.0059568881988525           0.0  0.31084772899665825
1.0059568881988525  1.0061609745025635           0.0  0.31066615906149664
1.0061609745025635  1.006365180015564           0.0  0.310484801116919
1.006365180015564  1.0065693855285645           0.0  0.310484801116919
1.0065693855285645  1.0067737102508545           0.0  0.31030365479187993
1.0067737102508545  1.006978154182434           0.0  0.31012271971619954
1.006978154182434  1.0071827173233032           0.0  0.30994199552056073
1.0071827173233032  1.0073872804641724  0.1660974108785196  0.3858236458982353
1.0073872804641724  1.007591962814331           0.0  0.3097614818365068
1.007591962814331  1.0077966451644897           0.0  0.3097614818365068
1.0077966451644897  1.0080015659332275           0.0  0.3094010845336138
1.0080015659332275  1.0082064867019653           0.0  0.3094010845336138
1.0082064867019653  1.0084114074707031           0.0  0.3094010845336138
1.0084114074707031  1.00861656665802           0.0  0.3090415248769798
1.00861656665802  1.008821725845337           0.0  0.3090415248769798
1.008821725845337  1.0090268850326538           0.0  0.3090415248769798
1.0090268850326538  1.0092322826385498           0.0  0.30868279994967046
1.0092322826385498  1.0094376802444458  0.16542261002178735  0.38425616736005325
1.0094376802444458  1.0096431970596313           0.0  0.30850374960167176
1.0096431970596313  1.0098488330841064           0.0  0.30832490684827957
1.0098488330841064  1.0100544691085815           0.0  0.30832490684827957
1.0100544691085815  1.0102602243423462           0.0  0.30814627132866873
1.0102602243423462  1.0104660987854004           0.0  0.30796784268285016
1.0104660987854004  1.0106719732284546  0.16503946558629973  0.3833661704466542
1.0106719732284546  1.0108779668807983           0.0  0.3077896205516679
1.0108779668807983  1.0110840797424316           0.0  0.3076116045767971
1.0110840797424316  1.0112903118133545           0.0  0.30743379440074114
1.0112903118133545  1.0114965438842773  0.16475326998123677  0.38270137361929
1.0114965438842773  1.0117028951644897           0.0  0.3072561896668297
1.0117028951644897  1.0119092464447021           0.0  0.3072561896668297
1.0119092464447021  1.0121158361434937           0.0  0.3069015951028749
1.0121158361434937  1.0123224258422852  0.16446806524381974  0.3820388784543403
1.0123224258422852  1.0125291347503662           0.0  0.30672460456359985
1.0125291347503662  1.0127358436584473           0.0  0.30672460456359985
1.0127358436584473  1.0129426717758179           0.0  0.30654781804800124
1.0129426717758179  1.013149619102478           0.0  0.30637123520350357
1.013149619102478  1.0133566856384277           0.0  0.3061948556783432
1.0133566856384277  1.0135637521743774           0.0  0.3061948556783432
1.0135637521743774  1.0137709379196167           0.0  0.3060186791215662
1.0137709379196167  1.0139782428741455           0.0  0.305842705183026
1.0139782428741455  1.0141855478286743           0.0  0.305842705183026
1.0141855478286743  1.0143929719924927           0.0  0.3056669335133806
1.0143929719924927  1.0146005153656006           0.0  0.30549136376409086
1.0146005153656006  1.014808177947998           0.0  0.305315995587418
1.014808177947998  1.0150158405303955           0.0  0.305315995587418
1.0150158405303955  1.0152236223220825           0.0  0.3051408286364212
1.0152236223220825  1.015431523323059           0.0  0.3049658625649554
1.015431523323059  1.0156394243240356           0.0  0.3049658625649554
1.0156394243240356  1.0158474445343018           0.0  0.3047910970276689
1.0158474445343018  1.0160555839538574           0.0  0.30461653168000125
1.0160555839538574  1.0162638425827026           0.0  0.304442166178181
1.0162638425827026  1.0164721012115479           0.0  0.304442166178181
1.0164721012115479  1.0166804790496826           0.0  0.30426800017922323
1.0166804790496826  1.016888976097107           0.0  0.3040940333409275
1.016888976097107  1.0170974731445312           0.0  0.3040940333409275
1.0170974731445312  1.0173060894012451           0.0  0.30392026532187555
1.0173060894012451  1.0175148248672485           0.0  0.30374669578142904
1.0175148248672485  1.0177236795425415           0.0  0.3035733243797273
1.0177236795425415  1.0179325342178345           0.0  0.3035733243797273
1.0179325342178345  1.018141508102417           0.0  0.3034001507776852
1.018141508102417  1.018350601196289           0.0  0.303227174636991
1.018350601196289  1.0185596942901611           0.0  0.303227174636991
1.0185596942901611  1.0187690258026123           0.0  0.30288181339025183
1.0187690258026123  1.0189783573150635           0.0  0.30288181339025183
1.0189783573150635  1.0191876888275146           0.0  0.30288181339025183
1.0191876888275146  1.019397258758545           0.0  0.3025372379483972
1.019397258758545  1.0196068286895752           0.0  0.3025372379483972
1.0196068286895752  1.0198163986206055           0.0  0.3025372379483972
1.0198163986206055  1.0200262069702148           0.0  0.3021934456325467
1.0200262069702148  1.0202360153198242           0.0  0.3021934456325467
1.0202360153198242  1.0204459428787231           0.0  0.3020218423130506
1.0204459428787231  1.0206559896469116           0.0  0.3018504337759831
1.0206559896469116  1.0208660364151           0.0  0.3018504337759831
1.0208660364151  1.0210763216018677           0.0  0.3015081997240829
1.0210763216018677  1.0212864875793457  0.3233388055218827  0.429767765241113
1.0212864875793457  1.0214968919754028  0.1614862079702774  0.37511239453902084
1.0214968919754028  1.02170729637146  0.3229724159405548  0.42928077627200123
1.02170729637146  1.0219178199768066  0.3227895323528195  0.4290376954247351
1.0219178199768066  1.0221284627914429  0.1613034278820258  0.3746878191066054
1.0221284627914429  1.0223392248153687  0.3224243858230086  0.4285523586652048
1.0223392248153687  1.0225499868392944  0.1612121929115043  0.3744758916071107
1.0225499868392944  1.0227608680725098  0.4833631832688631  0.4731306630686998
1.0227608680725098  1.0229718685150146  0.6441201289661913  0.5119868648766699
1.0229718685150146  1.0231828689575195  0.16103003224154783  0.37405275500642476
1.0231828689575195  1.023393988609314  0.1609391061928513  0.3738415450939423
1.023393988609314  1.023605227470398  0.3216965655389838  0.4275849718510622
1.023605227470398  1.0238165855407715           0.0  0.2999777012483261
1.0238165855407715  1.024027943611145           0.0  0.2999777012483261
1.024027943611145  1.024239420890808           0.0  0.29980860446070023
1.024239420890808  1.0244510173797607           0.0  0.299639698204666
1.0244510173797607  1.024662733078003           0.0  0.29947098215837964
1.024662733078003  1.0248744487762451           0.0  0.29947098215837964
1.0248744487762451  1.0250862836837769           0.0  0.2993024560007216
1.0250862836837769  1.0252982378005981           0.0  0.2991341194112948
1.0252982378005981  1.0255101919174194           0.0  0.2991341194112948
1.0255101919174194  1.0257222652435303           0.0  0.2989659720704228
1.0257222652435303  1.0259344577789307  0.1601253691390672  0.3719513350344785
1.0259344577789307  1.0261467695236206           0.0  0.2986302438592264
1.0261467695236206  1.0263592004776  0.15994565492005589  0.37153388123533765
1.0263592004776  1.0265716314315796           0.0  0.2984626623531325
1.0265716314315796  1.0267841815948486           0.0  0.2982952688240506
1.0267841815948486  1.0269967317581177           0.0  0.2982952688240506
1.0269967317581177  1.0272095203399658           0.0  0.29796104443321136
1.0272095203399658  1.027422308921814           0.0  0.29796104443321136
1.027422308921814  1.0276352167129517           0.0  0.29779421294136743
1.0276352167129517  1.0278481245040894  0.15958743396838726  0.37070177847781177
1.0278481245040894  1.0280612707138062           0.0  0.29746110979490054
1.0280612707138062  1.028274416923523           0.0  0.29746110979490054
1.028274416923523  1.0284876823425293           0.0  0.2972948375144115
1.0284876823425293  1.0287009477615356           0.0  0.2972948375144115
1.0287009477615356  1.028914451599121           0.0  0.29696284997949873
1.028914451599121  1.0291279554367065           0.0  0.29696284997949873
1.0291279554367065  1.029341459274292           0.0  0.29696284997949873
1.029341459274292  1.0295552015304565           0.0  0.29663160307489245
1.0295552015304565  1.029768943786621           0.0  0.29663160307489245
1.029768943786621  1.0299828052520752           0.0  0.2964662565848842
1.0299828052520752  1.0301967859268188           0.0  0.2963010943249483
1.0301967859268188  1.030410885810852  0.15869886250976592  0.36863773739497313
1.030410885810852  1.0306249856948853  0.15869886250976592  0.36863773739497313
1.0306249856948853  1.030839204788208           0.0  0.29597132126504294
1.030839204788208  1.0310535430908203           0.0  0.29580670985165863
1.0310535430908203  1.0312678813934326           0.0  0.29580670985165863
1.0312678813934326  1.031482458114624  0.15834619837085534  0.36781854242298434
1.031482458114624  1.0316970348358154           0.0  0.29547803572960124
1.0316970348358154  1.0319116115570068  0.15834619837085534  0.36781854242298434
1.0319116115570068  1.0321264266967773           0.0  0.2951500911838414
1.0321264266967773  1.0323412418365479           0.0  0.2951500911838414
1.0323412418365479  1.032556176185608           0.0  0.2949863917433623
1.032556176185608  1.0327712297439575           0.0  0.2948228737878505
1.0327712297439575  1.0329862833023071           0.0  0.2948228737878505
1.0329862833023071  1.0332015752792358           0.0  0.29449638112584836
1.0332015752792358  1.0334168672561646           0.0  0.29449638112584836
1.0334168672561646  1.0336322784423828           0.0  0.2943334058180864
1.0336322784423828  1.033847689628601           0.0  0.2943334058180864
1.033847689628601  1.0340632200241089           0.0  0.2941706107927446
1.0340632200241089  1.0342788696289062           0.0  0.294007995750847
1.0342788696289062  1.0344946384429932           0.0  0.29384556039407855
1.0344946384429932  1.0347105264663696           0.0  0.2936833044247831
1.0347105264663696  1.034926414489746           0.0  0.2936833044247831
1.034926414489746  1.035142421722412           0.0  0.2935212275459615
1.035142421722412  1.0353585481643677           0.0  0.29335932946126986
1.0353585481643677  1.0355747938156128  0.1571241218674419  0.3649798105630495
1.0355747938156128  1.035791039466858           0.0  0.29319760987501775
1.035791039466858  1.0360074043273926           0.0  0.2930360684921665
1.0360074043273926  1.0362238883972168           0.0  0.29287470501832724
1.0362238883972168  1.036440372467041  0.15695107768036323  0.3645778504192576
1.036440372467041  1.0366570949554443           0.0  0.29255251062336757
1.0366570949554443  1.0368738174438477           0.0  0.29255251062336757
1.0368738174438477  1.0370906591415405           0.0  0.2923916791167027
1.0370906591415405  1.0373075008392334           0.0  0.2923916791167027
1.0373075008392334  1.0375245809555054           0.0  0.292070546025965
1.0375245809555054  1.0377416610717773           0.0  0.292070546025965
1.0377416610717773  1.0379588603973389           0.0  0.29191024386019876
1.0379588603973389  1.03817617893219           0.0  0.2917501175607692
1.03817617893219  1.038393497467041           0.0  0.2917501175607692
1.038393497467041  1.0386109352111816           0.0  0.29159016683842226
1.0386109352111816  1.0388284921646118           0.0  0.2914303914045382
1.0388284921646118  1.0390461683273315           0.0  0.29127079097112935
1.0390461683273315  1.0392639636993408  0.1560061067693156  0.36238280041673326
1.0392639636993408  1.03948175907135           0.0  0.29111136525083864
1.03948175907135  1.039699673652649           0.0  0.2909521139569377
1.039699673652649  1.0399177074432373           0.0  0.2907930368033254
1.0399177074432373  1.0401357412338257           0.0  0.2907930368033254
1.0401357412338257  1.0403540134429932           0.0  0.2904754037756866
1.0403540134429932  1.0405722856521606           0.0  0.2904754037756866
1.0405722856521606  1.0407906770706177           0.0  0.2903168473325776
1.0407906770706177  1.0410090684890747  0.15558032591022905  0.3613937643893951
1.0410090684890747  1.0412276983261108           0.0  0.29000025316972855
1.0412276983261108  1.041446328163147           0.0  0.29000025316972855
1.041446328163147  1.0416650772094727           0.0  0.2898422148846225
1.0416650772094727  1.041883945465088           0.0  0.28968434875451105
1.041883945465088  1.0421028137207031           0.0  0.28968434875451105
1.0421028137207031  1.0423219203948975           0.0  0.28936913183530044
1.0423219203948975  1.0425410270690918           0.0  0.28936913183530044
1.0425410270690918  1.0427601337432861           0.0  0.28936913183530044
1.0427601337432861  1.0429794788360596           0.0  0.2890546001702621
1.0429794788360596  1.043198823928833           0.0  0.2890546001702621
1.043198823928833  1.0434184074401855           0.0  0.2887407515272976
1.0434184074401855  1.0436378717422485           0.0  0.28889759061014786
1.0436378717422485  1.0438575744628906           0.0  0.2885840826442117
1.0438575744628906  1.0440773963928223           0.0  0.2884275836839925
1.0440773963928223  1.044297218322754           0.0  0.2884275836839925
1.044297218322754  1.044517159461975           0.0  0.2882712543703427
1.044517159461975  1.0447372198104858           0.0  0.2881150944275635
1.0447372198104858  1.0449572801589966           0.0  0.2881150944275635
1.0449572801589966  1.0451775789260864           0.0  0.2878032815548064
1.0451775789260864  1.0453978776931763           0.0  0.2878032815548064
1.0453978776931763  1.0456182956695557  0.1541498956557813  0.35807105265623135
1.0456182956695557  1.045838713645935           0.0  0.2876476280764101
1.045838713645935  1.0460593700408936           0.0  0.28733682566898017
1.0460593700408936  1.046280026435852           0.0  0.28733682566898017
1.046280026435852  1.0465008020401           0.0  0.2871816761950768
1.0465008020401  1.0467216968536377  0.1538171381907931  0.357298098414124
1.0467216968536377  1.0469427108764648  0.1537341731755877  0.35710538099318867
1.0469427108764648  1.047163724899292           0.0  0.2868718793491274
1.047163724899292  1.0473848581314087           0.0  0.28671723143573163
1.0473848581314087  1.047606110572815           0.0  0.2865627501687943
1.047606110572815  1.0478274822235107           0.0  0.2864084352790965
1.0478274822235107  1.0480488538742065           0.0  0.2864084352790965
1.0480488538742065  1.0482704639434814           0.0  0.28610030355744065
1.0482704639434814  1.0484920740127563           0.0  0.28610030355744065
1.0484920740127563  1.0487138032913208           0.0  0.2859464861899367
1.0487138032913208  1.0489355325698853           0.0  0.2859464861899367
1.0489355325698853  1.0491575002670288           0.0  0.2856393471070259
1.0491575002670288  1.0493794679641724           0.0  0.2856393471070259
1.0493794679641724  1.0496015548706055           0.0  0.2854860248595181
1.0496015548706055  1.0498237609863281           0.0  0.28533286712085953
1.0498237609863281  1.0500460863113403           0.0  0.2851798736264248
1.0500460863113403  1.0502684116363525           0.0  0.2851798736264248
1.0502684116363525  1.0504908561706543           0.0  0.2850270441121555
1.0504908561706543  1.0507134199142456           0.0  0.2848743783145593
1.0507134199142456  1.0509361028671265           0.0  0.2847218759707078
1.0509361028671265  1.0511587858200073           0.0  0.2847218759707078
1.0511587858200073  1.0513817071914673  0.15241880057087678  0.3540499338830865
1.0513817071914673  1.0516046285629272           0.0  0.28441736059533806
1.0516046285629272  1.0518276691436768           0.0  0.2842653470407708
1.0518276691436768  1.0520508289337158           0.0  0.2841134958938473
1.0520508289337158  1.0522739887237549           0.0  0.2841134958938473
1.0522739887237549  1.052497386932373           0.0  0.2838102797829681
1.052497386932373  1.0527207851409912           0.0  0.2838102797829681
1.0527207851409912  1.052944302558899           0.0  0.2836589143004172
1.052944302558899  1.0531678199768066           0.0  0.2836589143004172
1.0531678199768066  1.0533915758132935  0.15185037670087354  0.3527295558664741
1.0533915758132935  1.0536153316497803           0.0  0.2833566671887492
1.0536153316497803  1.0538392066955566           0.0  0.28320578504434624
1.0538392066955566  1.0540632009506226  0.15168874777410304  0.35235411195389665
1.0540632009506226  1.054287314414978  0.15160806226996787  0.35216668955392116
1.054287314414978  1.0545114278793335  0.30321612453993574  0.40302157985110754
1.0545114278793335  1.054735779762268  0.15144694849497323  0.3517924422749053
1.054735779762268  1.0549601316452026  0.15144694849497323  0.3517924422749053
1.0549601316452026  1.0551846027374268           0.0  0.28245377818018175
1.0551846027374268  1.0554090738296509           0.0  0.28245377818018175
1.0554090738296509  1.055633783340454           0.0  0.2821540924738898
1.055633783340454  1.0558584928512573  0.15120591886872128  0.35123256040391077
1.0558584928512573  1.05608332157135           0.0  0.28200448797098737
1.05608332157135  1.0563082695007324           0.0  0.2818550420314161
1.0563082695007324  1.0565333366394043           0.0  0.2817057544032215
1.0565333366394043  1.0567584037780762           0.0  0.2817057544032215
1.0567584037780762  1.0569837093353271           0.0  0.2814076530758107
1.0569837093353271  1.0572090148925781           0.0  0.2814076530758107
1.0572090148925781  1.0574344396591187           0.0  0.2812588388753475
1.0574344396591187  1.0576599836349487           0.0  0.2811101819837644
1.0576599836349487  1.0578855276107788           0.0  0.2811101819837644
1.0578855276107788  1.0581111907958984           0.0  0.28096168215176026
1.0581111907958984  1.0583370923995972  0.1504079984525275  0.34937909042816456
1.0583370923995972  1.058562994003296           0.0  0.2806651526719167
1.058562994003296  1.0587888956069946           0.0  0.2806651526719167
1.0587888956069946  1.0590150356292725           0.0  0.2803692484519147
1.0590150356292725  1.0592411756515503           0.0  0.2803692484519147
1.0592411756515503  1.0594675540924072           0.0  0.2800739675162097
1.0594675540924072  1.0596939325332642           0.0  0.2800739675162097
1.0596939325332642  1.0599204301834106  0.150012187930284  0.34845967176914305
1.0599204301834106  1.0601469278335571           0.0  0.2799265601648854
1.0601469278335571  1.0603736639022827           0.0  0.27963221046965414
1.0603736639022827  1.0606003999710083           0.0  0.27963221046965414
1.0606003999710083  1.0608272552490234           0.0  0.2794852676370374
1.0608272552490234  1.0610542297363281           0.0  0.2793384791561356
1.0610542297363281  1.0612813234329224           0.0  0.2791918447838752
1.0612813234329224  1.0615084171295166           0.0  0.2791918447838752
1.0615084171295166  1.06173574924469  0.14946154015078114  0.347180585401873
1.06173574924469  1.0619630813598633           0.0  0.27889903739553346
1.0619630813598633  1.0621905326843262           0.0  0.2787528638958502
1.0621905326843262  1.0624181032180786           0.0  0.278606843537602
1.0624181032180786  1.062645673751831           0.0  0.278606843537602
1.062645673751831  1.0628734827041626           0.0  0.2783152612837688
1.0628734827041626  1.0631012916564941           0.0  0.2783152612837688
1.0631012916564941  1.0633292198181152           0.0  0.2781696989086204
1.0633292198181152  1.0635572671890259           0.0  0.27802428871577745
1.0635572671890259  1.063785433769226           0.0  0.2778790304667096
1.063785433769226  1.0640136003494263           0.0  0.2778790304667096
1.0640136003494263  1.064241886138916           0.0  0.277733923923385
1.064241886138916  1.0644704103469849           0.0  0.27744416500432034
1.0644704103469849  1.0646989345550537           0.0  0.27744416500432034
1.0646989345550537  1.0649274587631226           0.0  0.27744416500432034
1.0649274587631226  1.0651562213897705           0.0  0.2771550100642429
1.0651562213897705  1.065385103225708           0.0  0.2770106584965012
1.065385103225708  1.0656139850616455           0.0  0.2770106584965012
1.0656139850616455  1.0658429861068726           0.0  0.27686645721670083
1.0658429861068726  1.0660721063613892           0.0  0.27672240599026127
1.0660721063613892  1.0663013458251953           0.0  0.2765785045830901
1.0663013458251953  1.0665305852890015           0.0  0.2765785045830901
1.0665305852890015  1.0667600631713867           0.0  0.27629115029261414
1.0667600631713867  1.066989541053772           0.0  0.27629115029261414
1.066989541053772  1.0672191381454468           0.0  0.2761476969435525
1.0672191381454468  1.0674488544464111           0.0  0.27600439248224296
1.0674488544464111  1.067678689956665           0.0  0.27586123667701357
1.067678689956665  1.067908525466919           0.0  0.27586123667701357
1.067908525466919  1.068138599395752           0.0  0.2755753701105089
1.068138599395752  1.068368673324585           0.0  0.2755753701105089
1.068368673324585  1.0685988664627075           0.0  0.275432658888287
1.0685988664627075  1.0688291788101196           0.0  0.27529009540024957
1.0688291788101196  1.0690596103668213           0.0  0.27514767941711443
1.0690596103668213  1.069290041923523           0.0  0.27514767941711443
1.069290041923523  1.0695207118988037           0.0  0.2748632890507918
1.0695207118988037  1.0697513818740845           0.0  0.2748632890507918
1.0697513818740845  1.0699821710586548           0.0  0.2747213142114061
1.0699821710586548  1.0702130794525146           0.0  0.27457948596452364
1.0702130794525146  1.070444107055664  0.1470707724806706  0.34162712918543436
1.070444107055664  1.0706751346588135           0.0  0.274437804083221
1.0706751346588135  1.070906400680542           0.0  0.27415487851200115
1.070906400680542  1.0711376667022705           0.0  0.27415487851200115
1.0711376667022705  1.0713690519332886  0.29368692124424484  0.3903557805873685
1.0713690519332886  1.0716005563735962           0.0  0.2738725356917004
1.0716005563735962  1.0718321800231934           0.0  0.2737315822507886
1.0718321800231934  1.0720638036727905  0.146692309350252  0.340748006362003
1.0720638036727905  1.0722956657409668           0.0  0.27345011018677745
1.0722956657409668  1.072527527809143           0.0  0.27345011018677745
1.072527527809143  1.0727595090866089           0.0  0.27330959111679454
1.0727595090866089  1.0729916095733643           0.0  0.27316921639100267
1.0729916095733643  1.0732238292694092           0.0  0.2730289857871058
1.0732238292694092  1.0734561681747437           0.0  0.2728888990832643
1.0734561681747437  1.0736885070800781           0.0  0.2728888990832643
1.0736885070800781  1.0739210844039917           0.0  0.27260915649066236
1.0739210844039917  1.0741536617279053           0.0  0.27260915649066236
1.0741536617279053  1.0743863582611084  0.14601596161246908  0.3391769346113585
1.0743863582611084  1.074619174003601  0.14594119665516622  0.3390032649059764
1.074619174003601  1.0748521089553833           0.0  0.27219061633228364
1.0748521089553833  1.0750850439071655  0.14586650822289643  0.33882977295873684
1.0750850439071655  1.0753182172775269           0.0  0.2719123028186515
1.0753182172775269  1.0755513906478882           0.0  0.2719123028186515
1.0755513906478882  1.075784683227539           0.0  0.2717733593833838
1.075784683227539  1.0760180950164795           0.0  0.2716345578719521
1.0760180950164795  1.0762516260147095  0.1454942098353954  0.3379649700670606
1.0762516260147095  1.076485276222229           0.0  0.27135737975167457
1.076485276222229  1.0767189264297485  0.14541997809568347  0.33779253895988354
1.0767189264297485  1.0769526958465576           0.0  0.2712190027094759
1.0769526958465576  1.0771867036819458           0.0  0.27094267158088753
1.0771867036819458  1.077420711517334           0.0  0.27094267158088753
1.077420711517334  1.0776548385620117           0.0  0.2708047170637893
1.0776548385620117  1.077889084815979           0.0  0.27066690295841334
1.077889084815979  1.0781233310699463           0.0  0.27066690295841334
1.0781233310699463  1.0783578157424927           0.0  0.2703916951262238
1.0783578157424927  1.078592300415039           0.0  0.2703916951262238
1.078592300415039  1.078826904296875           0.0  0.27025430097219627
1.078826904296875  1.0790616273880005           0.0  0.27011704637546075
1.0790616273880005  1.0792964696884155           0.0  0.2699799311234935
1.0792964696884155  1.0795314311981201           0.0  0.269842955004202
1.0795314311981201  1.0797665119171143           0.0  0.269706117805924
1.0797665119171143  1.0800015926361084           0.0  0.269706117805924
1.0800015926361084  1.0802369117736816           0.0  0.26943285932790384
1.0802369117736816  1.0804722309112549           0.0  0.26943285932790384
1.0804722309112549  1.0807076692581177  0.14431552256584285  0.3352270260057579
1.0807076692581177  1.08094322681427           0.0  0.26916015400469745
1.08094322681427  1.081178903579712           0.0  0.2690240082515338
1.081178903579712  1.0814145803451538           0.0  0.2690240082515338
1.0814145803451538  1.0816504955291748           0.0  0.268752129516565
1.0816504955291748  1.0818864107131958           0.0  0.268752129516565
1.0818864107131958  1.0821224451065063  0.1439510894280503  0.3343804931118039
1.0821224451065063  1.082358717918396           0.0  0.2683453402186086
1.082358717918396  1.0825949907302856           0.0  0.2683453402186086
1.0825949907302856  1.0828312635421753           0.0  0.2683453402186086
1.0828312635421753  1.083067774772644           0.0  0.2680748308030656
1.083067774772644  1.0833044052124023           0.0  0.2679397805104696
1.0833044052124023  1.0835410356521606           0.0  0.2679397805104696
1.0835410356521606  1.083777904510498           0.0  0.26767008772686574
1.083777904510498  1.0840147733688354           0.0  0.26767008772686574
1.0840147733688354  1.0842517614364624           0.0  0.26753544482559466
1.0842517614364624  1.084488868713379           0.0  0.2674009373118563
1.084488868713379  1.0847259759902954           0.0  0.2674009373118563
1.0847259759902954  1.084963321685791           0.0  0.26713232763098055
1.084963321685791  1.0852007865905762           0.0  0.26699822505686854
1.0852007865905762  1.0854382514953613  0.14308391419053193  0.3323661527918533
1.0854382514953613  1.085675835609436           0.0  0.26686425705633826
1.085675835609436  1.0859136581420898           0.0  0.2665967239665575
1.0859136581420898  1.0861514806747437           0.0  0.2665967239665575
1.0861514806747437  1.0863893032073975           0.0  0.2665967239665575
1.0863893032073975  1.0866273641586304           0.0  0.26632972674676125
1.0866273641586304  1.0868655443191528           0.0  0.26619642858522635
1.0868655443191528  1.0871037244796753  0.14265423276653635  0.33136805623692284
1.0871037244796753  1.0873421430587769           0.0  0.2659302321566411
1.0873421430587769  1.0875805616378784           0.0  0.2659302321566411
1.0875805616378784  1.0878190994262695           0.0  0.26579733348989615
1.0878190994262695  1.0880577564239502           0.0  0.26566456758905205
1.0880577564239502  1.0882965326309204           0.0  0.26553193425525823
1.0882965326309204  1.0885354280471802           0.0  0.265399433290061
1.0885354280471802  1.0887744426727295           0.0  0.2652670644954026
1.0887744426727295  1.0890134572982788           0.0  0.2652670644954026
1.0890134572982788  1.0892527103424072           0.0  0.265002722627445
1.0892527103424072  1.0894919633865356           0.0  0.265002722627445
1.0894919633865356  1.0897313356399536           0.0  0.2648707491600011
1.0897313356399536  1.0899708271026611  0.14187314936164241  0.32955369654622785
1.0899708271026611  1.0902104377746582  0.14180256570524358  0.3293897394832695
1.0902104377746582  1.0904501676559448           0.0  0.26447561626717164
1.0904501676559448  1.090690016746521           0.0  0.26434416715371883
1.090690016746521  1.0909298658370972           0.0  0.26434416715371883
1.0909298658370972  1.0911699533462524           0.0  0.2640816605329107
1.0911699533462524  1.0914100408554077           0.0  0.2640816605329107
1.0914100408554077  1.091650366783142           0.0  0.26381967475857254
1.091650366783142  1.0918906927108765           0.0  0.26381967475857254
1.0918906927108765  1.0921311378479004           0.0  0.2636888767046516
1.0921311378479004  1.0923717021942139           0.0  0.2635582082821022
1.0923717021942139  1.092612385749817           0.0  0.2634276692983072
1.092612385749817  1.09285306930542           0.0  0.2634276692983072
1.09285306930542  1.093093991279602           0.0  0.26316697887841767
1.093093991279602  1.0933349132537842           0.0  0.26316697887841767
1.0933349132537842  1.0935760736465454           0.0  0.262906803911657
1.0935760736465454  1.0938172340393066           0.0  0.262906803911657
1.0938172340393066  1.0940585136413574           0.0  0.2627769092456928
1.0940585136413574  1.0942999124526978           0.0  0.26264714287075663
1.0942999124526978  1.0945414304733276  0.14068270338970368  0.3267884384804402
1.0945414304733276  1.094783067703247           0.0  0.2623879942344757
1.094783067703247  1.095024824142456  0.14054396305105504  0.32646616191389144
1.095024824142456  1.0952666997909546           0.0  0.26212935648757135
1.0952666997909546  1.0955085754394531           0.0  0.26212935648757135
1.0955085754394531  1.0957506895065308           0.0  0.2618712281207692
1.0957506895065308  1.0959928035736084  0.14033636487815834  0.3259839371547867
1.0959928035736084  1.0962350368499756           0.0  0.261742354484883
1.0962350368499756  1.0964773893356323           0.0  0.261613607630734
1.0964773893356323  1.0967198610305786           0.0  0.2614849873713285
1.0967198610305786  1.0969624519348145  0.14006051944350842  0.3253431824871606
1.0969624519348145  1.0972051620483398  0.13999172743985247  0.3251833872108899
1.0972051620483398  1.0974479913711548           0.0  0.2610998842971439
1.0974479913711548  1.0976909399032593           0.0  0.26097176855411297
1.0976909399032593  1.0979338884353638           0.0  0.26097176855411297
1.0979338884353638  1.0981770753860474           0.0  0.2607159138790599
1.0981770753860474  1.098420262336731           0.0  0.2607159138790599
1.098420262336731  1.098663568496704           0.0  0.2605881745777963
1.098663568496704  1.0989069938659668           0.0  0.260460560388483
1.0989069938659668  1.099150538444519           0.0  0.26033307112740195
1.099150538444519  1.0993942022323608  0.13944381461229924  0.3239106537971487
1.0993942022323608  1.0996379852294922  0.13937562692789224  0.3237522622793994
1.0996379852294922  1.099881887435913           0.0  0.2599513510817606
1.099881887435913  1.1001259088516235           0.0  0.25982435970360634
1.1001259088516235  1.100369930267334           0.0  0.25982435970360634
1.100369930267334  1.1006141901016235  0.13910354176063428  0.32312024224566704
1.1006141901016235  1.100858449935913  0.13910354176063428  0.32312024224566704
1.100858449935913  1.1011029481887817           0.0  0.2593176325271976
1.1011029481887817  1.1013474464416504           0.0  0.2593176325271976
1.1013474464416504  1.1015920639038086           0.0  0.2591912594119309
1.1015920639038086  1.1018368005752563           0.0  0.2590650094073464
1.1018368005752563  1.1020816564559937           0.0  0.258938882333633
1.1020816564559937  1.1023266315460205           0.0  0.2588128780113295
1.1023266315460205  1.102571725845337           0.0  0.258686996261324
1.102571725845337  1.1028168201446533           0.0  0.258686996261324
1.1028168201446533  1.1030621528625488           0.0  0.25843559976349967
1.1030621528625488  1.1033076047897339           0.0  0.25831008465919486
1.1033076047897339  1.103553056716919           0.0  0.25831008465919486
1.103553056716919  1.1037986278533936           0.0  0.25818469141421463
1.1037986278533936  1.1040444374084473           0.0  0.25793426979305634
1.1040444374084473  1.104290246963501           0.0  0.25793426979305634
1.104290246963501  1.1045361757278442           0.0  0.25780924106315184
1.1045361757278442  1.104782223701477  0.13809261485830407  0.32077198467120727
1.104782223701477  1.1050283908843994           0.0  0.25755954688294536
1.1050283908843994  1.1052746772766113           0.0  0.25743488108096907
1.1052746772766113  1.1055210828781128           0.0  0.25731033590386176
1.1055210828781128  1.1057674884796143           0.0  0.25731033590386176
1.1057674884796143  1.1060141324996948  0.13775889660103413  0.3199967986280192
1.1060141324996948  1.106260895729065           0.0  0.25693742237356626
1.106260895729065  1.106507658958435           0.0  0.25693742237356626
1.106507658958435  1.1067546606063843           0.0  0.2566894132786111
1.1067546606063843  1.1070016622543335           0.0  0.2566894132786111
1.1070016622543335  1.1072487831115723  0.13749308107454877  0.31937934219072445
1.1072487831115723  1.1074960231781006           0.0  0.25644188250399336
1.1074960231781006  1.107743501663208           0.0  0.25619482866728427
1.107743501663208  1.1079909801483154           0.0  0.25619482866728427
1.1079909801483154  1.1082385778427124           0.0  0.2560714801700925
1.1082385778427124  1.108486294746399           0.0  0.25594825039137736
1.108486294746399  1.1087340116500854           0.0  0.25594825039137736
1.1087340116500854  1.108981966972351           0.0  0.2557021463044626
1.108981966972351  1.1092300415039062           0.0  0.2555792716546286
1.1092300415039062  1.1094781160354614  0.2739290312998939  0.3640944594522259
1.1094781160354614  1.1097264289855957  0.13683300867380682  0.31784607602562254
1.1097264289855957  1.1099748611450195           0.0  0.25521135523669974
1.1099748611450195  1.1102232933044434           0.0  0.25521135523669974
1.1102232933044434  1.1104718446731567           0.0  0.25508895170900825
1.1104718446731567  1.1107206344604492  0.13657075087088627  0.31723688373807946
1.1107206344604492  1.1109694242477417           0.0  0.25484449655643615
1.1109694242477417  1.1112183332443237           0.0  0.2547224445944838
1.1112183332443237  1.1114673614501953           0.0  0.2546005094845774
1.1114673614501953  1.1117165088653564           0.0  0.2544786910589867
1.1117165088653564  1.1119657754898071           0.0  0.25435698915030236
1.1119657754898071  1.1122151613235474           0.0  0.2542354035914351
1.1122151613235474  1.1124646663665771           0.0  0.254113934215615
1.1124646663665771  1.1127142906188965           0.0  0.25399258085639076
1.1127142906188965  1.1129639148712158           0.0  0.25399258085639076
1.1129639148712158  1.1132137775421143           0.0  0.2537502215235125
1.1132137775421143  1.1134637594223022           0.0  0.2536292152185418
1.1134637594223022  1.1137137413024902           0.0  0.2536292152185418
1.1137137413024902  1.1139639616012573           0.0  0.25338754850561324
1.1139639616012573  1.1142141819000244           0.0  0.25338754850561324
1.1142141819000244  1.1144646406173706  0.13566071254999507  0.31512297780170007
1.1144646406173706  1.1147150993347168           0.0  0.2531463418911386
1.1147150993347168  1.1149656772613525           0.0  0.2530259107104102
1.1149656772613525  1.1152163743972778  0.13553169618047534  0.3148232888071193
1.1152163743972778  1.1154673099517822           0.0  0.252665303711773
1.1154673099517822  1.1157182455062866           0.0  0.252665303711773
1.1157182455062866  1.1159693002700806           0.0  0.25254532968341986
1.1159693002700806  1.116220474243164           0.0  0.25242546953644146
1.116220474243164  1.116471767425537           0.0  0.25230572310876764
1.116471767425537  1.1167231798171997           0.0  0.2521860902386355
1.1167231798171997  1.1169745922088623           0.0  0.2521860902386355
1.1169745922088623  1.117226243019104           0.0  0.25194716452547716
1.117226243019104  1.1174780130386353           0.0  0.2518278713604556
1.1174780130386353  1.117729902267456           0.0  0.25170869110898353
1.117729902267456  1.1179817914962769           0.0  0.25170869110898353
1.1179817914962769  1.1182339191436768           0.0  0.25147066870604357
1.1182339191436768  1.1184861660003662           0.0  0.2513518262350105
1.1184861660003662  1.1187384128570557           0.0  0.2513518262350105
1.1187384128570557  1.1189908981323242  0.13457183997523117  0.3125936621158507
1.1189908981323242  1.1192433834075928           0.0  0.2511144779571682
1.1192433834075928  1.1194959878921509           0.0  0.25099597183260136
1.1194959878921509  1.119748830795288           0.0  0.2507592948200293
1.119748830795288  1.1200016736984253           0.0  0.2507592948200293
1.1200016736984253  1.120254635810852           0.0  0.2506411236160614
1.120254635810852  1.120507836341858           0.0  0.2504051150250858
1.120507836341858  1.1207610368728638           0.0  0.2504051150250858
1.1207610368728638  1.1210143566131592           0.0  0.2502872773238975
1.1210143566131592  1.1212677955627441           0.0  0.25016955047661443
1.1212677955627441  1.1215213537216187           0.0  0.250051934326884
1.1215213537216187  1.1217750310897827  0.13393945350918215  0.3111247069367349
1.1217750310897827  1.1220288276672363           0.0  0.24981703349614007
1.1220288276672363  1.1222827434539795           0.0  0.24969974850388835
1.1222827434539795  1.1225367784500122           0.0  0.24958257358671151
1.1225367784500122  1.1227909326553345           0.0  0.2494655085897196
1.1227909326553345  1.1230452060699463           0.0  0.24934855335831327
1.1230452060699463  1.123299479484558           0.0  0.24934855335831327
1.123299479484558  1.123553991317749  0.1335003077599717  0.3101046259303849
1.123553991317749  1.1238086223602295           0.0  0.24899834471595608
1.1238086223602295  1.1240633726119995           0.0  0.24888182700668332
1.1240633726119995  1.1243181228637695           0.0  0.24888182700668332
1.1243181228637695  1.1245731115341187           0.0  0.24864911842603188
1.1245731115341187  1.1248282194137573  0.1331883911530559  0.30938008241185594
1.1248282194137573  1.125083327293396           0.0  0.2485329272491973
1.125083327293396  1.1253386735916138  0.13306403224441624  0.30909121212015483
1.1253386735916138  1.1255940198898315           0.0  0.2483008703610094
1.1255940198898315  1.1258496046066284  0.13293990534866587  0.3088028807655652
1.1258496046066284  1.1261051893234253  0.13293990534866587  0.3088028807655652
1.1261051893234253  1.1263610124588013  0.13281600981712005  0.308515086841273
1.1263610124588013  1.1266168355941772           0.0  0.24783805420003832
1.1266168355941772  1.1268728971481323  0.26538469000702014  0.3527376955866305
1.1268728971481323  1.1271289587020874  0.13269234500351007  0.30822782884607625
1.1271289587020874  1.127385139465332  0.2652611978292598  0.35257355519780464
1.127385139465332  1.1276415586471558  0.13250727897142706  0.30779794345019607
1.1276415586471558  1.1278979778289795  0.13250727897142706  0.30779794345019607
1.1278979778289795  1.1281545162200928           0.0  0.24714705590765904
1.1281545162200928  1.1284112930297852  0.1323227284436117  0.30736925550667216
1.1284112930297852  1.1286680698394775           0.0  0.24691757860412358
1.1286680698394775  1.1289249658584595           0.0  0.24680299968133743
1.1289249658584595  1.129181981086731  0.13219998008698497  0.30708412632716686
1.129181981086731  1.1294392347335815           0.0  0.24645990005249407
1.1294392347335815  1.1296964883804321           0.0  0.24645990005249407
1.1296964883804321  1.1299538612365723           0.0  0.24634574539753692
1.1299538612365723  1.130211353302002           0.0  0.24623169644133433
1.130211353302002  1.1304689645767212           0.0  0.2461177530371505
1.1304689645767212  1.13072669506073           0.0  0.2460039150385209
1.13072669506073  1.1309845447540283           0.0  0.24589018229925205
1.1309845447540283  1.1312425136566162           0.0  0.2457765546734206
1.1312425136566162  1.1315007209777832           0.0  0.24554961417972399
1.1315007209777832  1.1317589282989502           0.0  0.24554961417972399
1.1317589282989502  1.1320172548294067           0.0  0.24543630102135772
1.1320172548294067  1.1322757005691528           0.0  0.24532309239542538
1.1322757005691528  1.1325342655181885           0.0  0.2452099881573454
1.1325342655181885  1.1327929496765137           0.0  0.24509698816280287
1.1327929496765137  1.1330517530441284           0.0  0.2449840922677486
1.1330517530441284  1.1333106756210327           0.0  0.24487130032839882
1.1333106756210327  1.1335697174072266           0.0  0.24475861220123435
1.1335697174072266  1.13382887840271           0.0  0.24464602774300007
1.13382887840271  1.134088158607483           0.0  0.24453354681070447
1.134088158607483  1.1343475580215454           0.0  0.24442116926161864
1.1343475580215454  1.1346070766448975           0.0  0.24430889495327615
1.1346070766448975  1.134866714477539           0.0  0.24419672374347212
1.134866714477539  1.1351264715194702           0.0  0.24408465549026262
1.1351264715194702  1.135386347770691           0.0  0.2439726900519643
1.135386347770691  1.1356463432312012           0.0  0.2438608272871537
1.1356463432312012  1.135906457901001           0.0  0.24374906705466645
1.135906457901001  1.1361666917800903  0.13056489100666038  0.3032860175727768
1.1361666917800903  1.1364270448684692           0.0  0.2435258536232977
1.1364270448684692  1.1366875171661377           0.0  0.24341440014337856
1.1366875171661377  1.1369481086730957  0.13038570771616634  0.3028697970546074
1.1369481086730957  1.1372088193893433  0.13032608919411962  0.30273131063620107
1.1372088193893433  1.1374696493148804           0.0  0.24308065096585108
1.1374696493148804  1.137730598449707  0.13020701556306058  0.30245471738756136
1.137730598449707  1.1379916667938232           0.0  0.24285865950378185
1.1379916667938232  1.138252854347229           0.0  0.24274781575229676
1.138252854347229  1.1385141611099243           0.0  0.24263707313562144
1.1385141611099243  1.1387755870819092           0.0  0.24252643151540457
1.1387755870819092  1.1390371322631836           0.0  0.24241589075354705
1.1390371322631836  1.1392987966537476           0.0  0.24230545071220144
1.1392987966537476  1.139560580253601           0.0  0.24219511125377147
1.139560580253601  1.1398224830627441           0.0  0.24208487224091135
1.1398224830627441  1.1400845050811768           0.0  0.24197473353652513
1.1400845050811768  1.140346646308899           0.0  0.24186469500376634
1.140346646308899  1.1406089067459106           0.0  0.24175475650603737
1.1406089067459106  1.140871286392212           0.0  0.24164491790698875
1.140871286392212  1.1411337852478027           0.0  0.2415351790705187
1.1411337852478027  1.141396403312683           0.0  0.24142553986077267
1.141396403312683  1.141659140586853           0.0  0.24131600014214252
1.141659140586853  1.1419219970703125           0.0  0.24120655977926628
1.1419219970703125  1.142185091972351           0.0  0.24098797658055382
1.142185091972351  1.1424481868743896  0.1291450643713365  0.2999879367292124
1.1424481868743896  1.1427114009857178  0.12908657475884946  0.29985207262743285
1.1427114009857178  1.1429747343063354           0.0  0.24076978918663747
1.1429747343063354  1.1432381868362427           0.0  0.24066084358067066
1.1432381868362427  1.143501877784729           0.0  0.24044324788123067
1.143501877784729  1.1437655687332153           0.0  0.24044324788123067
1.1437655687332153  1.1440293788909912           0.0  0.24033459752068784
1.1440293788909912  1.1442933082580566           0.0  0.24022604530861888
1.1442933082580566  1.1445574760437012           0.0  0.24000923479841252
1.1445574760437012  1.1448216438293457           0.0  0.24000923479841252
1.1448216438293457  1.1450860500335693           0.0  0.23979281529002802
1.1450860500335693  1.145350456237793           0.0  0.23979281529002802
1.145350456237793  1.1456149816513062           0.0  0.2396847518311321
1.1456149816513062  1.1458797454833984           0.0  0.23946891684524185
1.1458797454833984  1.1461445093154907           0.0  0.23946891684524185
1.1461445093154907  1.146409511566162           0.0  0.23925347022639779
1.146409511566162  1.1466745138168335  0.128215545239559  0.2978287792898659
1.1466745138168335  1.146939754486084           0.0  0.2390384109273178
1.146939754486084  1.1472049951553345           0.0  0.2390384109273178
1.1472049951553345  1.147470474243164           0.0  0.23882373790448236
1.147470474243164  1.1477360725402832           0.0  0.2387165459215809
1.1477360725402832  1.1480016708374023           0.0  0.2387165459215809
1.1480016708374023  1.1482675075531006           0.0  0.23850245036470055
1.1482675075531006  1.1485334634780884           0.0  0.2383955465321749
1.1485334634780884  1.1487995386123657           0.0  0.2382887384916139
1.1487995386123657  1.149065613746643           0.0  0.2382887384916139
1.149065613746643  1.1493319272994995           0.0  0.23807540927183626
1.1493319272994995  1.1495983600616455  0.1275271396275345  0.2962296985956921
1.1495983600616455  1.149864912033081  0.1274701060230499  0.2960972166195759
1.149864912033081  1.1501315832138062           0.0  0.23775613067200813
1.1501315832138062  1.1503983736038208           0.0  0.23764989468868733
1.1503983736038208  1.150665283203125           0.0  0.2375437536012873
1.150665283203125  1.1509323120117188           0.0  0.2374377072827153
1.1509323120117188  1.151199460029602           0.0  0.23733175560610542
1.151199460029602  1.151466727256775  0.2542579456445492  0.3379485147725612
1.151466727256775  1.1517342329025269           0.0  0.23701446716278174
1.1517342329025269  1.1520017385482788           0.0  0.23701446716278174
1.1520017385482788  1.1522693634033203  0.12695909000781275  0.2949101899159785
1.1522693634033203  1.1525371074676514  0.12690256325357951  0.2947788852900141
1.1525371074676514  1.1528050899505615  0.38036898185169876  0.37231678957674824
1.1528050899505615  1.1530730724334717           0.0  0.23659273323544583
1.1530730724334717  1.153341293334961           0.0  0.23638242858368097
1.153341293334961  1.1536095142364502           0.0  0.23638242858368097
1.1536095142364502  1.1538779735565186  0.1265644569571668  0.29399350637716337
1.1538779735565186  1.154146432876587           0.0  0.2361724974748145
1.154146432876587  1.1544151306152344           0.0  0.23596293891449963
1.1544151306152344  1.1546839475631714           0.0  0.23585829903028036
1.1546839475631714  1.154952883720398           0.0  0.2357537519119159
1.154952883720398  1.1552218198776245           0.0  0.2357537519119159
1.1552218198776245  1.1554909944534302  0.12622814750555342  0.2932123013115021
1.1554909944534302  1.1557602882385254           0.0  0.23544066592000099
1.1557602882385254  1.1560297012329102           0.0  0.23533648863419565
1.1560297012329102  1.1562992334365845           0.0  0.23523240349990368
1.1562992334365845  1.1565688848495483           0.0  0.23512841039490814
1.1565688848495483  1.1568386554718018           0.0  0.23502450919720821
1.1568386554718018  1.1571085453033447           0.0  0.23492069978501864
1.1571085453033447  1.1573786735534668  0.12578250532548085  0.292177129903518
1.1573786735534668  1.1576488018035889           0.0  0.23471335583110423
1.1576488018035889  1.1579190492630005           0.0  0.23460982104688233
1.1579190492630005  1.1581895351409912           0.0  0.23440302525926937
1.1581895351409912  1.158460021018982           0.0  0.23440302525926937
1.158460021018982  1.1587307453155518           0.0  0.23419659370906304
1.1587307453155518  1.1590014696121216           0.0  0.23419659370906304
1.1590014696121216  1.1592724323272705           0.0  0.23399052543479196
1.1592724323272705  1.159543514251709           0.0  0.23388762722659726
1.159543514251709  1.1598145961761475           0.0  0.23388762722659726
1.1598145961761475  1.160085916519165           0.0  0.23368210207086212
1.160085916519165  1.1603573560714722  0.12517486037221764  0.2907656461841773
1.1603573560714722  1.1606289148330688           0.0  0.2334769378021432
1.1606289148330688  1.160900592803955  0.12506500968299236  0.2905104766833575
1.160900592803955  1.1611723899841309           0.0  0.23327213347073783
1.1611723899841309  1.1614443063735962           0.0  0.2331698659856564
1.1614443063735962  1.1617164611816406           0.0  0.2329655997868078
1.1617164611816406  1.161988615989685           0.0  0.2329655997868078
1.161988615989685  1.162260890007019  0.12479122463552522  0.2898745080391295
1.162260890007019  1.1625334024429321           0.0  0.23265987065322932
1.1625334024429321  1.1628059148788452           0.0  0.23265987065322932
1.1628059148788452  1.1630786657333374           0.0  0.23245649664042056
1.1630786657333374  1.1633515357971191           0.0  0.23235494290663267
1.1633515357971191  1.1636244058609009  0.12451863567826107  0.2892413177638147
1.1636244058609009  1.1638975143432617  0.12440993324641623  0.288988815522205
1.1638975143432617  1.164170742034912  0.12435565317082879  0.28886272965155835
1.164170742034912  1.164444088935852           0.0  0.23194961374325435
1.164444088935852  1.1647175550460815           0.0  0.23184850231616486
1.1647175550460815  1.1649911403656006           0.0  0.2317474790036088
1.1649911403656006  1.1652648448944092           0.0  0.23164654369045393
1.1652648448944092  1.1655387878417969  0.12403096478134883  0.2881085188691783
1.1655387878417969  1.1658127307891846  0.12403096478134883  0.2881085188691783
1.1658127307891846  1.1660869121551514  0.12392311176849548  0.28785798972233556
1.1660869121551514  1.1663610935211182  0.12392311176849548  0.28785798972233556
1.1663610935211182  1.166635513305664  0.12381544616313622  0.28760789589981395
1.166635513305664  1.16690993309021  0.12381544616313622  0.28760789589981395
1.16690993309021  1.167184591293335           0.0  0.2308422154137509
1.167184591293335  1.1674593687057495  0.1236542980770237  0.28723356892033486
1.1674593687057495  1.1677342653274536           0.0  0.23064200533967139
1.1677342653274536  1.1680092811584473  0.12354709885892486  0.28698455845746507
1.1680092811584473  1.1682844161987305  0.24698713784015566  0.32828447578859715
1.1682844161987305  1.1685596704483032           0.0  0.23034234054278138
1.1685596704483032  1.168835163116455           0.0  0.23014299624114334
1.168835163116455  1.169110655784607           0.0  0.23014299624114334
1.169110655784607  1.169386386871338           0.0  0.22994399667673246
1.169386386871338  1.1696621179580688           0.0  0.22994399667673246
1.1696621179580688  1.169938087463379           0.0  0.22974534095606142
1.169938087463379  1.1702141761779785           0.0  0.22964614175875742
1.1702141761779785  1.1704902648925781           0.0  0.22964614175875742
1.1704902648925781  1.1707665920257568           0.0  0.22944800013515196
1.1707665920257568  1.171043038368225           0.0  0.2293490574874007
1.171043038368225  1.171319603919983           0.0  0.22925020013503544
1.171319603919983  1.1715964078903198           0.0  0.22905274087565985
1.1715964078903198  1.1718732118606567           0.0  0.22905274087565985
1.1718732118606567  1.1721501350402832           0.0  0.22895413874872242
1.1721501350402832  1.1724272966384888  0.12259060519033961  0.28476274252102013
1.1724272966384888  1.1727045774459839           0.0  0.22865884106331993
1.1727045774459839  1.172981858253479           0.0  0.22865884106331993
1.172981858253479  1.1732593774795532           0.0  0.22846239876000093
1.1732593774795532  1.173537015914917           0.0  0.2283643041276437
1.173537015914917  1.1738147735595703  0.12232753522211999  0.2841516636744085
1.1738147735595703  1.1740926504135132           0.0  0.22816836735876542
1.1740926504135132  1.1743706464767456           0.0  0.2280705250056956
1.1743706464767456  1.1746488809585571           0.0  0.22787509182231452
1.1746488809585571  1.1749271154403687           0.0  0.22787509182231452
1.1749271154403687  1.1752055883407593           0.0  0.2276799932847955
1.1752055883407593  1.17548406124115  0.12201333778576183  0.28342182207250505
1.17548406124115  1.1757627725601196           0.0  0.227485228534338
1.1757627725601196  1.176041603088379           0.0  0.22738797106168546
1.176041603088379  1.1763205528259277           0.0  0.22729079671507788
1.1763205528259277  1.1765996217727661           0.0  0.227193705387989
1.1765996217727661  1.176878809928894           0.0  0.2270966969740744
1.176878809928894  1.177158236503601           0.0  0.22690292846129786
1.177158236503601  1.177437663078308           0.0  0.22690292846129786
1.177437663078308  1.1777173280715942  0.12149324683185832  0.2822137154140545
1.1777173280715942  1.1779969930648804           0.0  0.22670949032961732
1.1779969930648804  1.1782768964767456           0.0  0.226516381734788
1.1782768964767456  1.1785569190979004           0.0  0.22641995075065227
1.1785569190979004  1.1788370609283447  0.1212864498159743  0.28173335164313695
1.1788370609283447  1.1791173219680786           0.0  0.22622733488442456
1.1791173219680786  1.179397702217102  0.12118331507973623  0.28149378246656964
1.179397702217102  1.1796783208847046  0.12108035559368717  0.2812546203744145
1.1796783208847046  1.1799589395523071           0.0  0.22593902477199754
1.1799589395523071  1.1802397966384888           0.0  0.22574722593942367
1.1802397966384888  1.1805206537246704  0.12097757091151935  0.28101586432995407
1.1805206537246704  1.1808017492294312           0.0  0.22555575246534446
1.1808017492294312  1.1810829639434814           0.0  0.22546013747913615
1.1810829639434814  1.1813642978668213           0.0  0.22536460352257717
1.1813642978668213  1.1816457509994507           0.0  0.22526915049270738
1.1816457509994507  1.1819274425506592           0.0  0.2250784868020661
1.1819274425506592  1.1822091341018677  0.12061919469637732  0.28018340091467275
1.1822091341018677  1.1824910640716553  0.12051719114906538  0.27994645934941725
1.1824910640716553  1.1827731132507324  0.12046625404376148  0.2798281387833355
1.1827731132507324  1.1830551624298096           0.0  0.22479309565227484
1.1830551624298096  1.1833374500274658           0.0  0.22460323661878473
1.1833374500274658  1.1836198568344116           0.0  0.22450842731670842
1.1836198568344116  1.1839025020599365           0.0  0.22431904863487231
1.1839025020599365  1.1841851472854614  0.12021221301878517  0.27923803304992484
1.1841851472854614  1.1844680309295654           0.0  0.22412998917542445
1.1844680309295654  1.1847509145736694           0.0  0.22412998917542445
1.1847509145736694  1.1850340366363525           0.0  0.22394124813190833
1.1850340366363525  1.1853172779083252           0.0  0.2238469967648494
1.1853172779083252  1.1856006383895874           0.0  0.2237528247005815
1.1856006383895874  1.1858841180801392           0.0  0.22365873183905896
1.1858841180801392  1.1861677169799805  0.11980796850253872  0.27829902327085826
1.1861677169799805  1.1864515542984009           0.0  0.22337692747302906
1.1864515542984009  1.1867353916168213           0.0  0.22337692747302906
1.1867353916168213  1.1870194673538208           0.0  0.22318945208278732
1.1870194673538208  1.1873036623001099           0.0  0.22309583234617542
1.1873036623001099  1.1875879764556885           0.0  0.22300229111668016
1.1875879764556885  1.1878724098205566           0.0  0.22290882829559186
1.1878724098205566  1.188157081604004           0.0  0.22272213748462402
1.188157081604004  1.1884417533874512           0.0  0.22272213748462402
1.1884417533874512  1.1887266635894775  0.11925655107428434  0.27701814910517647
1.1887266635894775  1.189011573791504           0.0  0.2225357591268963
1.189011573791504  1.1892967224121094           0.0  0.22234969243866312
1.1892967224121094  1.1895819902420044           0.0  0.22225677572640293
1.1895819902420044  1.189867377281189           0.0  0.22216393663879788
1.189867377281189  1.1901530027389526           0.0  0.22197849094878225
1.1901530027389526  1.1904386281967163  0.11895791196474943  0.2763244475631769
1.1904386281967163  1.190724492073059           0.0  0.22179335459269484
1.190724492073059  1.1910104751586914           0.0  0.2217009021731064
1.1910104751586914  1.1912965774536133           0.0  0.22160852679720094
1.1912965774536133  1.1915827989578247           0.0  0.22151622836871396
1.1915827989578247  1.1918691396713257  0.11866076480746862  0.2756342116408709
1.1918691396713257  1.1921555995941162           0.0  0.22133186196973875
1.1921555995941162  1.1924422979354858           0.0  0.22114780220926494
1.1924422979354858  1.192729115486145           0.0  0.2210558870795022
1.192729115486145  1.1930159330368042           0.0  0.2210558870795022
1.1930159330368042  1.1933029890060425           0.0  0.22087228584438628
1.1933029890060425  1.1935902833938599           0.0  0.22068898934161085
1.1935902833938599  1.1938775777816772           0.0  0.22068898934161085
1.1938775777816772  1.1941649913787842           0.0  0.22059745512786486
1.1941649913787842  1.1944526433944702           0.0  0.22041461430305936
1.1944526433944702  1.1947404146194458           0.0  0.22032330750343088
1.1947404146194458  1.195028305053711           0.0  0.22023207632019964
1.195028305053711  1.1953163146972656           0.0  0.2201409206594711
1.1953163146972656  1.1956044435501099           0.0  0.22004984042750605
1.1956044435501099  1.1958928108215332  0.11782685285966911  0.27369713780957905
1.1958928108215332  1.196181297302246  0.1177781640774957  0.2735840398187486
1.196181297302246  1.196469783782959  0.3533344922324871  0.34585460453245037
1.196469783782959  1.196758508682251           0.0  0.2195955674291008
1.196758508682251  1.1970473527908325  0.1176323388640279  0.27324530596837465
1.1970473527908325  1.1973364353179932           0.0  0.21932390280960093
1.1973364353179932  1.1976255178451538           0.0  0.21932390280960093
1.1976255178451538  1.1979148387908936  0.35231539810573503  0.3448570840414215
1.1979148387908936  1.1982042789459229  0.11739009763901961  0.27268260970402464
1.1982042789459229  1.1984938383102417           0.0  0.21896272717714377
1.1984938383102417  1.19878351688385  0.23458696054941533  0.31180270375312025
1.19878351688385  1.199073314666748           0.0  0.218782585073337
1.199073314666748  1.199363350868225           0.0  0.21860273913410697
1.199363350868225  1.1996535062789917  0.23420144376954777  0.3112902917502392
1.1996535062789917  1.1999437808990479  0.23410526247847196  0.3111624517946949
1.1999437808990479  1.2002341747283936  0.1170045800769867  0.27178710031255
1.2002341747283936  1.2005246877670288  0.11695656834942127  0.2716755750354419
1.2005246877670288  1.2008153200149536           0.0  0.2181544152228393
1.2008153200149536  1.2011061906814575  0.2336255385799505  0.3105248238197058
1.2011061906814575  1.201397180557251  0.11676491481668973  0.2712303876941302
1.201397180557251  1.201688289642334           0.0  0.21779707793336697
1.201688289642334  1.2019795179367065           0.0  0.21770792644833492
1.2019795179367065  1.2022708654403687  0.11662158636151375  0.27089745350301625
1.2022708654403687  1.2025624513626099           0.0  0.2174409093676542
1.2025624513626099  1.202854037284851           0.0  0.2174409093676542
1.202854037284851  1.2031458616256714  0.11643102821386421  0.2704548106051355
1.2031458616256714  1.2034378051757812           0.0  0.21717454647336962
1.2034378051757812  1.2037299871444702           0.0  0.21699733346115144
1.2037299871444702  1.2040221691131592  0.2325770355508279  0.30913119955939705
1.2040221691131592  1.2043145895004272  0.11619370447107198  0.2699035370409179
1.2043145895004272  1.2046071290969849           0.0  0.21673205554738476
1.2046071290969849  1.204899787902832           0.0  0.21664377365103146
1.204899787902832  1.2051925659179688  0.11605177405030116  0.26957385031000486
1.2051925659179688  1.205485463142395           0.0  0.21646742544293132
1.205485463142395  1.2057785987854004           0.0  0.2162913640964954
1.2057785987854004  1.2060718536376953  0.11586307197867465  0.2691355188460861
1.2060718536376953  1.2063652276992798           0.0  0.2161155889123455
1.2063652276992798  1.2066587209701538  0.1157689508803979  0.2689168872304516
1.2066587209701538  1.206952452659607           0.0  0.2158524611661048
1.206952452659607  1.20724618434906           0.0  0.2158524611661048
1.20724618434906  1.2075401544570923           0.0  0.2156773983427746
1.2075401544570923  1.207834243774414  0.11553431579551666  0.26837185908446365
1.207834243774414  1.2081284523010254           0.0  0.21550261925173508
1.2081284523010254  1.2084228992462158           0.0  0.21532812320375797
1.2084228992462158  1.2087173461914062  0.11539399071560308  0.26804590136087925
1.2087173461914062  1.2090120315551758           0.0  0.21515390951184554
1.2090120315551758  1.2093068361282349           0.0  0.21506690833533448
1.2093068361282349  1.2096017599105835           0.0  0.21497997749122158
1.2096017599105835  1.2098969221115112           0.0  0.21480632645932235
1.2098969221115112  1.2101922035217285           0.0  0.21471960610144616
1.2101922035217285  1.2104874849319458  0.23013577478202632  0.30588638276951235
1.2104874849319458  1.2107830047607422  0.11497505327452182  0.2670727617431915
1.2107830047607422  1.2110787630081177  0.34464710649037433  0.33735112574305925
1.2110787630081177  1.2113745212554932  0.34464710649037433  0.33735112574305925
1.2113745212554932  1.2116705179214478  0.6887390021768979  0.41302255773256186
1.2116705179214478  1.211966633796692  0.34423086602359854  0.3369436968472343
1.211966633796692  1.2122628688812256  0.4587897900483535  0.36467474882563605
1.2122628688812256  1.2125592231750488  0.11465131016393389  0.26632074672621553
1.2125592231750488  1.2128558158874512           0.0  0.21377028308411666
1.2128558158874512  1.213152527809143  0.22902624111493744  0.30441163926078035
1.213152527809143  1.2134493589401245  0.11446713135242556  0.26589292223348265
1.2134493589401245  1.2137463092803955           0.0  0.2135128319202257
1.2137463092803955  1.214043378829956  0.22875052734152457  0.304045172600354
1.214043378829956  1.2143406867980957  0.11428354333101028  0.2654664700727233
1.2143406867980957  1.214638113975525           0.0  0.21317052677887063
1.214638113975525  1.2149356603622437  0.11419196997898222  0.2652537565550368
1.2149356603622437  1.215233325958252  0.11414623831299144  0.2651475275776419
1.215233325958252  1.2155312299728394           0.0  0.2128293174522938
1.2155312299728394  1.2158292531967163           0.0  0.21274418572531287
1.2158292531967163  1.2161273956298828           0.0  0.2126591220764823
1.2161273956298828  1.2164256572723389           0.0  0.21257412642417353
1.2164256572723389  1.216724157333374           0.0  0.21240433878325965
1.216724157333374  1.2170226573944092  0.11382713940396949  0.2644063004638066
1.2170226573944092  1.2173213958740234           0.0  0.21223482215214773
1.2173213958740234  1.2176202535629272           0.0  0.21215016526257766
1.2176202535629272  1.2179193496704102           0.0  0.2119810539311607
1.2179193496704102  1.218218445777893           0.0  0.2119810539311607
1.218218445777893  1.218517780303955           0.0  0.21181221199254566
1.218517780303955  1.2188172340393066           0.0  0.21172789184445948
1.2188172340393066  1.2191169261932373           0.0  0.2115594527896906
1.2191169261932373  1.219416618347168           0.0  0.2115594527896906
1.219416618347168  1.2197165489196777  0.11328424366754358  0.2631452211293211
1.2197165489196777  1.220016598701477           0.0  0.21130729611175297
1.220016598701477  1.220316767692566           0.0  0.21122337740797548
1.220316767692566  1.2206171751022339           0.0  0.21105573980685804
1.2206171751022339  1.2209175825119019           0.0  0.21105573980685804
1.2209175825119019  1.221218228340149  0.11301473317507518  0.262519181745191
1.221218228340149  1.221519112586975  0.11292518108856561  0.2623111633761378
1.221519112586975  1.2218199968338013           0.0  0.2107212616138202
1.2218199968338013  1.2221211194992065           0.0  0.21055441975981085
1.2221211194992065  1.2224223613739014  0.11279111874457444  0.261999753209882
1.2224223613739014  1.2227237224578857           0.0  0.21038784189607682
1.2227237224578857  1.2230252027511597           0.0  0.21030465176484073
1.2230252027511597  1.2233269214630127           0.0  0.21013846871326836
1.2233269214630127  1.2236287593841553  0.11256838746743271  0.2614823761300836
1.2236287593841553  1.2239307165145874           0.0  0.20997254809051805
1.2239307165145874  1.2242329120635986           0.0  0.2098068892754565
1.2242329120635986  1.2245352268218994  0.11239083480581215  0.26106994336016237
1.2245352268218994  1.2248375415802002  0.11239083480581215  0.26106994336016237
1.2248375415802002  1.2251402139663696           0.0  0.20947635459365188
1.2251402139663696  1.225442886352539           0.0  0.20947635459365188
1.225442886352539  1.2257457971572876  0.11216968007380543  0.26055622839880827
1.2257457971572876  1.2260488271713257  0.11212555352774964  0.26045372791556715
1.2260488271713257  1.2263519763946533  0.11208146168601635  0.2603513080461548
1.2263519763946533  1.22665536403656           0.0  0.2089825007124881
1.22665536403656  1.2269587516784668           0.0  0.2089825007124881
1.2269587516784668  1.2272623777389526           0.0  0.20881839980890546
1.2272623777389526  1.2275662422180176           0.0  0.20865455641949088
1.2275662422180176  1.2278701066970825  0.1118176371390897  0.25973847640697206
1.2278701066970825  1.2281742095947266           0.0  0.20849096993856614
1.2281742095947266  1.2284784317016602           0.0  0.20840927285003222
1.2284784317016602  1.2287827730178833           0.0  0.20832763976235105
1.2287827730178833  1.2290873527526855  0.11155505168983938  0.2591285230377189
1.2290873527526855  1.2293920516967773  0.11151140730341925  0.2590271425513974
1.2293920516967773  1.2296968698501587           0.0  0.20800174591837395
1.2296968698501587  1.2300018072128296           0.0  0.20792043170964902
1.2300018072128296  1.2303069829940796           0.0  0.20775799387237587
1.2303069829940796  1.2306122779846191  0.11129369662926185  0.2585214277084622
1.2306122779846191  1.2309176921844482           0.0  0.20759580964608984
1.2309176921844482  1.2312233448028564           0.0  0.20743387843731756
1.2312233448028564  1.2315289974212646           0.0  0.20743387843731756
1.2315289974212646  1.231834888458252           0.0  0.20727219965443577
1.231834888458252  1.2321410179138184  0.2219806519217598  0.2950469509813404
1.2321410179138184  1.2324471473693848           0.0  0.2071107727076644
1.2324471473693848  1.2327535152435303  0.11090395216635782  0.2576160997515065
1.2327535152435303  1.2330600023269653  0.1108608156622091  0.2575158990125911
1.2330600023269653  1.2333667278289795           0.0  0.20670830326983372
1.2333667278289795  1.2336734533309937           0.0  0.20670830326983372
1.2336734533309937  1.233980417251587           0.0  0.2065477531313717
1.233980417251587  1.2342876195907593  0.11060269967696532  0.2569163276528412
1.2342876195907593  1.2345948219299316           0.0  0.206387452197626
1.2345948219299316  1.234902262687683  0.22103385581042237  0.29378851109735643
1.234902262687683  1.2352098226547241  0.11047409188664327  0.2566175877369658
1.2352098226547241  1.2355175018310547  0.11043128906142566  0.2565181620927438
1.2355175018310547  1.2358254194259644  0.110345782836833  0.2563195417581772
1.2358254194259644  1.2361334562301636           0.0  0.2058283530624157
1.2361334562301636  1.2364416122436523           0.0  0.2057487289413084
1.2364416122436523  1.2367500066757202  0.11017516701489742  0.2559232224048596
1.2367500066757202  1.2370585203170776           0.0  0.20551022577792977
1.2370585203170776  1.2373671531677246           0.0  0.2054308475524458
1.2373671531677246  1.2376759052276611  0.11004755099132804  0.2556267862399119
1.2376759052276611  1.2379848957061768  0.10996263775753842  0.25542954334929463
1.2379848957061768  1.238294005393982  0.2198404605225913  0.2922023023987976
1.238294005393982  1.2386032342910767  0.10987785546165751  0.25523260461116876
1.2386032342910767  1.2389127016067505  0.10979320380105531  0.2550359693225623
1.2389127016067505  1.2392222881317139           0.0  0.204798022454094
1.2392222881317139  1.2395319938659668           0.0  0.20471919334614402
1.2395319938659668  1.2398418188095093           0.0  0.20464042489930057
1.2398418188095093  1.2401518821716309  0.10958214420128397  0.25454570409895105
1.2401518821716309  1.240462064743042           0.0  0.2044044828260116
1.240462064743042  1.2407724857330322  0.10945589749137465  0.2542524486794822
1.2407724857330322  1.2410829067230225  0.10945589749137465  0.2542524486794822
1.2410829067230225  1.2413935661315918  0.10937189450020708  0.25405732016936755
1.2413935661315918  1.2417044639587402  0.10928802034798299  0.25386249093610885
1.2417044639587402  1.2420153617858887  0.10928802034798299  0.25386249093610885
1.2420153617858887  1.2423264980316162  0.21840854947704186  0.29029906901152575
1.2423264980316162  1.2426377534866333  0.1091624500450171  0.253570806725918
1.2426377534866333  1.2429492473602295           0.0  0.2035439970582787
1.2429492473602295  1.2432608604431152           0.0  0.20346613018870782
1.2432608604431152  1.2435725927352905           0.0  0.2033883228731481
1.2435725927352905  1.2438844442367554           0.0  0.2033105750433036
1.2438844442367554  1.2441965341567993           0.0  0.20315525756809863
1.2441965341567993  1.2445087432861328  0.10882900231673906  0.2527962490879617
1.2445087432861328  1.2448211908340454  0.10874595843858817  0.25260334847820365
1.2448211908340454  1.245133638381958  0.10874595843858817  0.25260334847820365
1.245133638381958  1.2454463243484497           0.0  0.2027680001194366
1.2454463243484497  1.2457592487335205           0.0  0.20261351021458368
1.2457592487335205  1.2460721731185913           0.0  0.20261351021458368
1.2460721731185913  1.2463853359222412           0.0  0.20245925554369326
1.2463853359222412  1.2466987371444702           0.0  0.20230523556990573
1.2466987371444702  1.2470121383666992  0.10841504643116759  0.25183468100470585
1.2470121383666992  1.2473257780075073           0.0  0.20215144975799398
1.2473257780075073  1.2476396560668945  0.21650068899927047  0.2877632245043988
1.2476396560668945  1.2479535341262817           0.0  0.20199789757435704
1.2479535341262817  1.248267650604248           0.0  0.2018445784870141
1.248267650604248  1.248581886291504           0.0  0.20176800618865032
1.248581886291504  1.2488963603973389           0.0  0.20161503575181283
1.2488963603973389  1.2492109537124634           0.0  0.20153863748134984
1.2492109537124634  1.2495256662368774           0.0  0.20146229708836447
1.2495256662368774  1.2498406171798706           0.0  0.20130978967194635
1.2498406171798706  1.2501556873321533           0.0  0.20123362251732207
1.2501556873321533  1.2504708766937256           0.0  0.20115751297779208
1.2504708766937256  1.2507861852645874           0.0  0.20108146098800841
1.2507861852645874  1.2511017322540283           0.0  0.2009295293967821
1.2511017322540283  1.2514175176620483           0.0  0.2007778272228321
1.2514175176620483  1.2517333030700684  0.10759651078427317  0.24993332440972887
1.2517333030700684  1.2520493268966675           0.0  0.20062635394691897
1.2520493268966675  1.2523654699325562           0.0  0.20055070298389224
1.2523654699325562  1.252681851387024           0.0  0.20039957208488401
1.252681851387024  1.2529983520507812           0.0  0.20032409202006862
1.2529983520507812  1.2533149719238281           0.0  0.2002486687926514
1.2533149719238281  1.253631830215454           0.0  0.2000979925934094
1.253631830215454  1.2539488077163696  0.10719186049926273  0.2489933720802451
1.2539488077163696  1.2542659044265747  0.10715156280734571  0.24889976554938786
1.2542659044265747  1.2545832395553589  0.10707105825226881  0.2487127634715897
1.2545832395553589  1.2549006938934326           0.0  0.19972229226935118
1.2549006938934326  1.255218267440796  0.10699067457490224  0.24852604217769209
1.255218267440796  1.2555360794067383           0.0  0.19949754850460702
1.2555360794067383  1.2558540105819702           0.0  0.19942274627419657
1.2558540105819702  1.2561720609664917           0.0  0.19934800011742215
1.2561720609664917  1.2564903497695923           0.0  0.19919867577276487
1.2564903497695923  1.2568087577819824           0.0  0.1991240974591098
1.2568087577819824  1.2571274042129517           0.0  0.1989751082354217
1.2571274042129517  1.257446050643921           0.0  0.1989751082354217
1.257446050643921  1.2577650547027588  0.10651089576514934  0.24741157562084148
1.2577650547027588  1.2580840587615967           0.0  0.1987520419705838
1.2580840587615967  1.2584033012390137           0.0  0.19860360878016514
1.2584033012390137  1.2587226629257202  0.10639162264559149  0.24713451898520783
1.2587226629257202  1.2590422630310059           0.0  0.19838137423098925
1.2590422630310059  1.259361982345581           0.0  0.19830740652993373
1.259361982345581  1.2596818208694458           0.0  0.19823349396693335
1.2596818208694458  1.2600018978118896           0.0  0.1980858340086712
1.2600018978118896  1.260322093963623  0.10611435482782562  0.24649046029835137
1.260322093963623  1.260642409324646           0.0  0.1979383938642658
1.260642409324646  1.260962963104248           0.0  0.19779117304324365
1.260962963104248  1.2612836360931396  0.10595656396562811  0.24612393173285196
1.2612836360931396  1.2616045475006104           0.0  0.1975707519737304
1.2616045475006104  1.2619255781173706           0.0  0.1974973874167405
1.2619255781173706  1.2622467279434204           0.0  0.19742407732490058
1.2622467279434204  1.2625681161880493  0.10572075558885001  0.24557617817558303
1.2625681161880493  1.2628896236419678  0.10568155619856864  0.2454851228629484
1.2628896236419678  1.2632112503051758           0.0  0.19713138039780662
1.2632112503051758  1.263533115386963  0.2111282644944738  0.28062243337780823
1.263533115386963  1.2638550996780393  0.10552504889586678  0.2451215758466599
1.2638550996780393  1.2641773223876953  0.10544696894833266  0.24494020583089735
1.2641773223876953  1.264499545097351  0.10544696894840534  0.24494020583106615
1.264499545097351  1.2648221254348755           0.0  0.19654858252523363
1.2648221254348755  1.2651447057724  0.10533006543515877  0.24466865349644193
1.2651447057724  1.2654675245285034           0.0  0.19640342109057687
1.2654675245285034  1.265790581703186           0.0  0.1962584739163403
1.265790581703186  1.2661137580871582  0.10513580120528941  0.24421740183008916
1.2661137580871582  1.26643705368042           0.0  0.1961137405284964
1.26643705368042  1.2667604684829712           0.0  0.1960414538567203
1.2667604684829712  1.2670841217041016  0.10498090499725216  0.24385759718650893
1.2670841217041016  1.267408013343811  0.10490362792327552  0.24367809214625386
1.267408013343811  1.2677319049835205           0.0  0.19575283927614362
1.2677319049835205  1.2680561542510986  0.10478792539247779  0.24340932954462197
1.2680561542510986  1.2683804035186768  0.10478792539247779  0.24340932954462197
1.2683804035186768  1.268704891204834           0.0  0.19539326389172745
1.268704891204834  1.2690294981002808           0.0  0.19532150727626962
1.2690294981002808  1.2693543434143066           0.0  0.19517815204157143
1.2693543434143066  1.269679307937622  0.10455728432411579  0.2428735790027043
1.269679307937622  1.2700045108795166           0.0  0.19496351331132047
1.2700045108795166  1.2703297138214111           0.0  0.19496351331132047
1.2703297138214111  1.270655274391174  0.10436585758613476  0.2424289184774161
1.270655274391174  1.2709808349609375           0.0  0.19474934614167685
1.2709808349609375  1.2713067531585693           0.0  0.1945356489807177
1.2713067531585693  1.2716326713562014           0.0  0.19453564898058517
1.2716326713562014  1.271958827972412           0.0  0.19439344455908053
1.271958827972412  1.2722851037979126           0.0  0.19432242028252913
1.2722851037979126  1.2726116180419922           0.0  0.19418052731408622
1.2726116180419922  1.2729382514953613  0.1040230500246495  0.2416326191099897
1.2729382514953613  1.2732651233673096           0.0  0.19396807597129181
1.2732651233673096  1.2735919952392578           0.0  0.19396807597129181
1.2735919952392578  1.2739192247390747           0.0  0.1937560890030172
1.2739192247390747  1.2742464542388916           0.0  0.1937560890030172
1.2742464542388916  1.2745740413665771           0.0  0.1935445648883851
1.2745740413665771  1.2749016284942627           0.0  0.1935445648883851
1.2749016284942627  1.2752294540405273           0.0  0.1934038052048299
1.2752294540405273  1.275557518005371           0.0  0.193263250113838
1.275557518005371  1.2758855819702148  0.10356946114372804  0.24057898850340542
1.2758855819702148  1.2762140035629272  0.10345668133123034  0.24031701501320207
1.2762140035629272  1.2765424251556396  0.2069133626624607  0.27502017064249806
1.2765424251556396  1.2768710851669312           0.0  0.19291275455686696
1.2768710851669312  1.2771999835968018  0.10330668976714014  0.2399686032480507
1.2771999835968018  1.277529001235962  0.4130770392283183  0.3283394024752556
1.277529001235962  1.2778581380844116  0.2064637139207096  0.2744225172474039
1.2778581380844116  1.2781875133514404  0.6189427949349394  0.3711672134817051
1.2781875133514404  1.2785170078277588  0.3093594324177347  0.30281047140684875
1.2785170078277588  1.2788466215133667  0.10308251611845917  0.23944787571839848
1.2788466215133667  1.2791765928268433           0.0  0.19214612150046323
1.2791765928268433  1.2795065641403198  0.10297079373827299  0.2391883585120563
1.2795065641403198  1.2798367738723755           0.0  0.19200738783873003
1.2798367738723755  1.2801671028137207  0.20571862653737974  0.2734321797618485
1.2801671028137207  1.280497670173645  0.10278512696269008  0.23875707766367535
1.280497670173645  1.2808283567428589           0.0  0.19173052066088037
1.2808283567428589  1.2811592817306519           0.0  0.1915923862800008
1.2811592817306519  1.2814903259277344  0.20527414985058667  0.2728414008354635
1.2814903259277344  1.2818214893341064  0.10260012853403154  0.2383273493021497
1.2818214893341064  1.2821528911590576           0.0  0.1913167137817562
1.2821528911590576  1.2824844121932983           0.0  0.19124791956608492
1.2824844121932983  1.2828161716461182           0.0  0.1911104794514129
1.2828161716461182  1.2831480503082275           0.0  0.19104183344586284
1.2831480503082275  1.283480167388916           0.0  0.1909046892725349
1.283480167388916  1.283812403678894  0.10226880411465362  0.2375577238469221
1.283812403678894  1.2841448783874512           0.0  0.19069934181186168
1.2841448783874512  1.2844774723052979           0.0  0.19063099079329113
1.2844774723052979  1.284810185432434           0.0  0.1905626887543111
1.284810185432434  1.2851431369781494           0.0  0.19042623140468395
1.2851431369781494  1.2854762077331543           0.0  0.1903580759890058
1.2854762077331543  1.2858095169067383           0.0  0.19022191141390637
1.2858095169067383  1.2861430644989014  0.20373349325771237  0.2707936276340537
1.2861430644989014  1.2864766120910645           0.0  0.19008594149867125
1.2864766120910645  1.2868103981018066           0.0  0.18995016582617222
1.2868103981018066  1.2871444225311282           0.0  0.18981458398034567
1.2871444225311282  1.2874785661697388  0.10168503641374564  0.23620170401777088
1.2874785661697388  1.2878128290176394  0.10164877213528897  0.2361174666051826
1.2878128290176394  1.2881473302841187           0.0  0.18954400011177308
1.2881473302841187  1.2884820699691772           0.0  0.18940899726256488
1.2884820699691772  1.2888169288635254  0.10146783804469192  0.23569717919593156
1.2888169288635254  1.289151906967163           0.0  0.18927418658835665
1.289151906967163  1.2894871234893799           0.0  0.18913956767897658
1.2894871234893799  1.2898224592208862           0.0  0.18907233000827664
1.2898224592208862  1.2901580333709717           0.0  0.18893799797985156
1.2901580333709717  1.2904937267303467           0.0  0.1888709035203417
1.2904937267303467  1.2908296585083008  0.2022875493736974  0.2688717424130881
1.2908296585083008  1.2911657094955444  0.10110789537692076  0.23486107710584314
1.2911657094955444  1.2915018796920776  0.10107204151331192  0.23477779303594745
1.2915018796920776  1.2918384075164795           0.0  0.18840257326010706
1.2918384075164795  1.2921749353408813           0.0  0.18840257326010706
1.2921749353408813  1.2925117015838623           0.0  0.18826919090735653
1.2925117015838623  1.2928487062454224  0.10082177469668893  0.23419645431955138
1.2928487062454224  1.2931857109069824           0.0  0.18813599728096292
1.2931857109069824  1.2935230731964111  0.10071489649029668  0.23394818952698648
1.2935230731964111  1.2938605546951294           0.0  0.18787017460730562
1.2938605546951294  1.2941981554031372  0.10064377015096737  0.23378297187901545
1.2941981554031372  1.294535994529724           0.0  0.18767130004009588
1.294535994529724  1.2948739528656006           0.0  0.1876051020504172
1.2948739528656006  1.2952121496200562           0.0  0.1874728460744738
1.2952121496200562  1.2955505847930906           0.0  0.18734077644016595
1.2955505847930906  1.2958890199661255           0.0  0.18734077643992011
1.2958890199661255  1.2962278127670288           0.0  0.18714302051839626
1.2962278127670288  1.2965666055679321           0.0  0.18714302051839626
1.2965666055679321  1.296905755996704           0.0  0.1869456816566897
1.296905755996704  1.297244906425476           0.0  0.1869456816566897
1.297244906425476  1.2975844144821167           0.0  0.18674875853696707
1.2975844144821167  1.2979239225387573           0.0  0.18674875853696707
1.2979239225387573  1.298263669013977           0.0  0.18661770677659026
1.298263669013977  1.2986036539077759  0.19987598672337983  0.2656663990603374
1.2986036539077759  1.2989437580108643           0.0  0.1864214736464361
1.2989437580108643  1.2992841005325317           0.0  0.1862908806701514
1.2992841005325317  1.2996245622634888           0.0  0.1862256527707571
1.2996245622634888  1.299965262413025  0.09972818651768356  0.23165618487101883
1.299965262413025  1.3003060817718506           0.0  0.18603024285179512
1.3003060817718506  1.3006471395492554           0.0  0.18590019724337023
1.3006471395492554  1.3009883165359497           0.0  0.1858352425972335
1.3009883165359497  1.3013297319412231           0.0  0.18570546938312923
1.3013297319412231  1.3016712665557861  0.09948452253666304  0.23109018372124668
1.3016712665557861  1.3020129203796387           0.0  0.18557587729004962
1.3020129203796387  1.3023549318313599           0.0  0.18538182792376515
1.3023549318313599  1.302696943283081           0.0  0.18538182792376515
1.302696943283081  1.303039312362671           0.0  0.1851881839530927
1.303039312362671  1.3033816814422607  0.09924204633270878  0.2305269416300041
1.3033816814422607  1.3037244081497192  0.09913848941479637  0.23028639177786842
1.3037244081497192  1.3040671348571777  0.09913848941479637  0.23028639177786842
1.3040671348571777  1.3044102191925049  0.19807029678077806  0.26326635514943786
1.3044102191925049  1.3047533035278318           0.0  0.18480210712773676
1.3047533035278318  1.3050967454910278  0.0989320225849897  0.22980679498817902
1.3050967454910278  1.3054401874542236           0.0  0.18460967175053183
1.3054401874542236  1.305783987045288  0.19765822265432706  0.26271864428574276
1.305783987045288  1.3061277866363525           0.0  0.18441763672443906
1.3061277866363525  1.3064719438552856  0.19745282789576696  0.26244564257709807
1.3064719438552856  1.3068162202835083  0.09869222890150264  0.22924978405864677
1.3068162202835083  1.3071606159210205  0.09865806752078214  0.22917043141618962
1.3071606159210205  1.3075052499771118           0.0  0.18397110491638957
1.3075052499771118  1.3078500032424927  0.2956671753812652  0.2894080715658818
1.3078500032424927  1.3081949949264526  0.19697522948689675  0.2618108397097727
1.3081949949264526  1.3085402250289917  0.2952587953047717  0.289008336660404
1.3085402250289917  1.3088855743408203  0.09838562549794257  0.2285375824512847
1.3088855743408203  1.309231162071228  0.39327099974824364  0.31259632660631437
1.309231162071228  1.3095768690109253  0.09828384726466882  0.22830116426254196
1.3095768690109253  1.3099226951599123           0.0  0.18333694047326463
1.3099226951599123  1.3102687597274778           0.0  0.1832106318683998
1.3102687597274778  1.310615062713623           0.0  0.18308449718173536
1.310615062713623  1.3109614849090576  0.0980809212207638  0.22782979227851746
1.3109614849090576  1.3113081455230713           0.0  0.18289562046536528
1.3113081455230713  1.3116549253463745           0.0  0.18283274813106987
1.3116549253463745  1.3120019435882568           0.0  0.18270713305162564
1.3120019435882568  1.3123492002487183           0.0  0.1825816904611336
1.3123492002487183  1.3126964569091797  0.09784523071319588  0.22728231251677714
1.3126964569091797  1.3130440711975098           0.0  0.18239384921580323
1.3130440711975098  1.3133918046951292           0.0  0.18233132132794716
1.3133918046951292  1.3137396574020386           0.0  0.18226883629641627
1.3137396574020386  1.3140878677368164  0.19515450672204013  0.25939081483056564
1.3140878677368164  1.3144360780715942           0.0  0.1820816379025273
1.3144360780715942  1.3147845268249512  0.19502097644032818  0.2592133322340343
1.3147845268249512  1.3151332139968872           0.0  0.1818326373720623
1.3151332139968872  1.3154820203781128           0.0  0.18177049361356193
1.3154820203781128  1.3158310651779175           0.0  0.1816463334403286
1.3158310651779175  1.3161803483963013  0.09727752800939918  0.22596360967964907
1.3161803483963013  1.3165297508239746           0.0  0.18146041088818907
1.3165297508239746  1.3168792724609375           0.0  0.18139852125282477
1.3168792724609375  1.3172290325164795  0.09714490697598487  0.22565554749876338
1.3172290325164795  1.3175790309906008           0.0  0.1811513843027741
1.3175790309906008  1.3179291486740112           0.0  0.18108970524808288
1.3179291486740112  1.318279504776001           0.0  0.18096647305657781
1.318279504776001  1.3186299800872803           0.0  0.18090491983444976
1.3186299800872803  1.3189806938171387           0.0  0.18078193892361735
1.3189806938171387  1.3193315267562866           0.0  0.18072051114960322
1.3193315267562866  1.3196827173233032           0.0  0.1805364780425262
1.3196827173233032  1.3200339078903198           0.0  0.1805364780425262
1.3200339078903198  1.3203853368759153           0.0  0.1804139973926792
1.3203853368759153  1.3207370042800906  0.09661801934480667  0.22443165300357143
1.3207370042800906  1.3210887908935547           0.0  0.18023058770369974
1.3210887908935547  1.3214408159255981           0.0  0.1801085216096452
1.3214408159255981  1.3217930793762207  0.2893636112360808  0.28323795024315734
1.3217930793762207  1.3221454620361326  0.09642190699178593  0.22397610837678925
1.3221454620361326  1.3224979639053345  0.19277859794884009  0.2562328610482262
1.3224979639053345  1.3228507041931152  0.09632414905966191  0.22374902884804723
1.3228507041931152  1.323203682899475           0.0  0.17962190621860258
1.323203682899475  1.3235567808151245           0.0  0.1795612641165706
1.3235567808151245  1.323910117149353           0.0  0.1794401026697983
1.323910117149353  1.3242636919021606  0.19219363254722832  0.2554553506810796
1.3242636919021606  1.3246173858642578  0.19212885545503178  0.25536925180993675
1.3246173858642578  1.324971318244934  0.09599971608876377  0.222995411371294
1.324971318244934  1.3253253698349  0.09596739295203355  0.22292032874120263
1.3253253698349  1.3256796598434448           0.0  0.17895708758858755
1.3256796598434448  1.3260340690612793  0.09587055400859053  0.22269538390897137
1.3260340690612793  1.326388716697693  0.09580610321591972  0.22254567272637218
1.326388716697693  1.3267436027526855           0.0  0.17865652143554417
1.3267436027526855  1.3270986080169678           0.0  0.1785965293194366
1.3270986080169678  1.327453851699829  0.09564535472065087  0.22217227394676906
1.327453851699829  1.32780921459198           0.0  0.17841679446940026
1.32780921459198  1.32816481590271           0.0  0.17829717207954482
1.32816481590271  1.328520655632019  0.09548514474624442  0.22180012608421165
1.328520655632019  1.3288766145706177  0.09545316713581367  0.22172584606877824
1.3288766145706177  1.3292328119277954  0.09538927612702129  0.22157743519456888
1.3292328119277954  1.3295891284942627           0.0  0.17793926541093413
1.3295891284942627  1.329945683479309  0.09529359982197913  0.22135519102687118
1.329945683479309  1.3303024768829346           0.0  0.1777014581734989
1.3303024768829346  1.3306593894958496  0.19039623050603846  0.25306632268539814
1.3306593894958496  1.3310165405273435  0.5708073906563087  0.34230140549085075
1.3310165405273435  1.3313738107681274  0.1902056436885969  0.2528130030429133
1.3313738107681274  1.3317313194274905           0.0  0.1773459367499006
1.3317313194274905  1.332089066505432  0.47488030167926254  0.3227206598501334
1.332089066505432  1.3324469327926636  0.569666536443763  0.34161725877725346
1.3324469327926636  1.3328050374984741  0.379524842966098  0.30167002357912964
1.3328050374984741  1.3331632614135742  0.37939854518141714  0.3015696342202015
1.3331632614135742  1.3335217237472534  0.09478655040490176  0.22017737823790215
1.3335217237472534  1.3338804244995117  0.09472354837738106  0.22003103235672045
1.3338804244995117  1.3342392444610596           0.0  0.17669782867550904
1.3342392444610596  1.3345983028411865  0.18925840442731715  0.2515539741434536
1.3345983028411865  1.3349575996398926  0.09456640911331772  0.2196660173727179
1.3349575996398926  1.3353170156478882  0.18907008760699145  0.2513036716816193
1.3353170156478882  1.335676670074463           0.0  0.17628785691524104
1.335676670074463  1.3360364437103271  0.28332321776097374  0.277325428418996
1.3360364437103271  1.3363964557647705  0.18875705766062226  0.2508876060000272
1.3363964557647705  1.3367567062377932  0.09431606785816145  0.2190845057448589
1.3367567062377932  1.337117075920105           0.0  0.17593796371604695
1.337117075920105  1.337477684020996  0.09422253126199656  0.21886723185499893
1.337477684020996  1.3378385305404663  0.18832055306741965  0.2503074232309489
1.3378385305404663  1.338199496269226           0.0  0.17564744528179732
1.338199496269226  1.338560700416565  0.09406704853714179  0.21850606480573326
1.338560700416565  1.338922142982483           0.0  0.17541572041994796
1.338922142982483  1.3392837047576904  0.09397400496786668  0.21828993615607378
1.3392837047576904  1.3396453857421875  0.09394303133406053  0.21821798825358332
1.3396453857421875  1.3400074243545532  0.09385023281776082  0.218002428831535
1.3400074243545532  1.3403695821762083           0.0  0.17506927725925225
1.3403695821762083  1.3407319784164429  0.09375761745637005  0.21778729485558096
1.3407319784164429  1.3410944938659668           0.0  0.17489656833715297
1.3410944938659668  1.3414572477340698  0.18733036941672007  0.24899131453173912
1.3414572477340698  1.341820240020752           0.0  0.1746668191505032
1.341820240020752  1.3421833515167236  0.18714586806798397  0.24874608342747279
1.3421833515167236  1.3425467014312742  0.0935115344710347  0.21721567465937544
1.3425467014312742  1.3429101705551147  0.3739234595832935  0.2972176945986067
1.3429101705551147  1.3432739973068237  0.6537228373108706  0.3533728813340723
1.3432739973068237  1.3436379432678223  0.2800751625295181  0.2741461326460956
1.3436379432678223  1.3440020084381104  0.4666390914661749  0.3171200721051238
1.3440020084381104  1.3443663120269775  0.09326673987812159  0.21664704723866876
1.3443663120269775  1.3447308540344236  0.37282296542539334  0.2963429531825564
1.3447308540344236  1.3450956344604492  0.09314482257103468  0.21636384848397672
1.3450956344604492  1.3454605340957642  0.09311439303088521  0.21629316444344066
1.3454605340957642  1.3458256721496584  0.09305359355774283  0.21615193482238626
1.3458256721496584  1.3461909294128418           0.0  0.17358370245222116
1.3461909294128418  1.3465564250946045           0.0  0.17347047107412988
1.3465564250946045  1.3469221591949463  0.09290194167781604  0.21579966634986042
1.3469221591949463  1.3472881317138672  0.09284141924024092  0.21565908024800384
1.3472881317138672  1.3476542234420779           0.0  0.17318803787462053
1.3476542234420779  1.3480205535888674           0.0  0.17307532193728675
1.3480205535888674  1.3483870029449463           0.0  0.1730190189699429
1.3483870029449463  1.3487536907196045  0.09266032414419363  0.21523841884309874
1.3487536907196045  1.3491206169128418  0.1852002320126963  0.24616002927877914
1.3491206169128418  1.349487781524658           0.0  0.17268196893298826
1.349487781524658  1.3498550653457642  0.09250995036266384  0.21488911923433024
1.3498550653457642  1.3502225875854492  0.18489987484108958  0.24576080769383138
1.3502225875854492  1.3505902290344238  0.18483992027726304  0.24568111871597995
1.3505902290344238  1.3509581089019775  0.2770801915757028  0.27121456350244005
1.3509581089019775  1.3513262271881101  0.276900735493243  0.2710389064018895
1.3513262271881101  1.3516945838928223  0.18448100781059407  0.24520406799987882
1.3516945838928223  1.3520630598068237  0.737685298136628  0.36497348958813086
1.3520630598068237  1.352431774139404  0.46075518439655877  0.31312146789836126
1.352431774139404  1.352800726890564  0.552548931309922  0.3313521844424343
1.352800726890564  1.3531697988510132  0.46030871619434693  0.3128180556230776
1.3531697988510132  1.3535391092300415  0.36800924088772063  0.29251670459383655
1.3535391092300415  1.3539086580276491  0.5516577233561968  0.3308177454352694
1.3539086580276491  1.354278326034546  0.5514798266385891  0.3307110644471355
1.354278326034546  1.3546483516693115  0.36729788281899434  0.29195127281949274
1.3546483516693115  1.3550183773040771           0.0  0.1713467990700007
1.3550183773040771  1.3553887605667114           0.0  0.17118135317453562
1.3553887605667114  1.3557592630386353           0.0  0.17112627551907406
1.3557592630386353  1.3561300039291382  0.09164731738506096  0.21288533001973367
1.3561300039291382  1.3565009832382202  0.09158841808082892  0.2127485142549395
1.3565009832382202  1.3568720817565918           0.0  0.17085141802546808
1.3568720817565918  1.3572434186935425           0.0  0.1707417220909413
1.3572434186935425  1.3576149940490723  0.09144150050290009  0.21240724297766175
1.3576149940490723  1.3579866886138916           0.0  0.1705774420504433
1.3579866886138916  1.3583586215972898           0.0  0.17046809753641018
1.3583586215972898  1.3587307929992678  0.0912950535128762  0.21206706481761106
1.3587307929992678  1.3591032028198242           0.0  0.17024982852547993
1.3591032028198242  1.3594757318496704  0.27362223078483805  0.2678298057499296
1.3594757318496704  1.3598484992980957  0.09114907485370631  0.21172797453193853
1.3598484992980957  1.3602215051651           0.0  0.16997777702565744
1.3602215051651  1.360594630241394  0.09106171152317559  0.21152504037104528
1.360594630241394  1.3609679937362669           0.0  0.1698149630630902
1.3609679937362669  1.3613415956497192           0.0  0.1697065935906082
1.3613415956497192  1.3617154359817503           0.0  0.16959836234489736
1.3617154359817503  1.3620893955230713  0.18171702713890364  0.2415303060630004
1.3620893955230713  1.3624635934829712  0.18160124693694782  0.24137641609432373
1.3624635934829712  1.3628380298614504  0.2722284212677847  0.2664655023775975
1.3628380298614504  1.3632125854492185           0.0  0.16927449532587932
1.3632125854492185  1.3635873794555664           0.0  0.1691668143489081
1.3635873794555664  1.3639624118804932  0.18119717550383954  0.24083934205978452
1.3639624118804932  1.364337682723999  0.09054102829337346  0.2103155579292795
1.364337682723999  1.3647130727767942  0.09051227598212391  0.21024876988306238
1.3647130727767942  1.365088701248169  0.2713644783250122  0.26561984860934157
1.365088701248169  1.3654645681381226  0.18079489823503941  0.2403046527497882
1.3654645681381226  1.3658406734466553  0.0903401448708525  0.20984893070091024
1.3658406734466553  1.3662168979644775  0.09031151998337757  0.20978243864428764
1.3662168979644775  1.366593360900879           0.0  0.1684168664703237
1.366593360900879  1.3669700622558594  0.27059160481095534  0.2648633363824462
1.3669700622558594  1.367347002029419           0.0  0.16820381540584511
1.367347002029419  1.367724061012268           0.0  0.16815063683632064
1.367724061012268  1.3681013584136963  0.09005470997394617  0.2091859009040669
1.3681013584136963  1.3684788942337036           0.0  0.167938258387522
1.3684788942337036  1.3688565492630005  0.2699082926775943  0.26419448957339964
1.3688565492630005  1.369234561920166  0.17976862634344976  0.23894057714288303
1.369234561920166  1.369612693786621           0.0  0.16767353856030334
1.369612693786621  1.3699909448623657           0.0  0.16762069470951219
1.3699909448623657  1.370369553565979           0.0  0.1674623628190435
1.370369553565979  1.3707482814788818           0.0  0.16740965197144544
1.3707482814788818  1.3711272478103638  0.08965811798286871  0.20826466699005092
1.3711272478103638  1.3715064525604248  0.08960174695615833  0.2081337240997711
1.3715064525604248  1.371885895729065  0.17909089353913893  0.2380397644109589
1.371885895729065  1.3722654581069949           0.0  0.16704160311337032
1.3722654581069949  1.3726452589035034           0.0  0.1669367433501548
1.3726452589035034  1.3730252981185913           0.0  0.16683201515473092
1.3730252981185913  1.3734055757522583           0.0  0.16672741828002577
1.3734055757522583  1.3737859725952148           0.0  0.16667516901074342
1.3737859725952148  1.3741666078567505  0.178530007558747  0.23729425935486445
1.3741666078567505  1.3745474815368652  0.0892091258427354  0.20722171404111792
1.3745474815368652  1.374928593635559           0.0  0.16636235981022277
1.374928593635559  1.3753098249435425           0.0  0.16631033905981307
1.3753098249435425  1.3756914138793945  0.35616764394569145  0.28310426455223536
1.3756914138793945  1.3760731220245361  0.08901410276937527  0.2067686996756314
1.3760731220245361  1.3764550685882568           0.0  0.16599889647730404
1.3764550685882568  1.376837134361267  0.08893078223636181  0.2065751564310052
1.376837134361267  1.377219557762146  0.17769523507951349  0.23618471637159671
1.377219557762146  1.3776021003723145           0.0  0.16574025064296735
1.3776021003723145  1.377984881401062           0.0  0.1656370178490446
1.377984881401062  1.3783677816390991           0.0  0.16558544966166944
1.3783677816390991  1.378751039505005           0.0  0.16543093757790797
1.378751039505005  1.3791344165802002  0.08862660356582858  0.20586858717716272
1.3791344165802002  1.3795180320739746           0.0  0.16527671358399074
1.3795180320739746  1.3799018859863281           0.0  0.16517405724014975
1.3799018859863281  1.3802859783172607  0.17692312667134674  0.23515846372442029
1.3802859783172607  1.3806701898574827  0.17686823274446437  0.2350855011233385
1.3806701898574827  1.3810547590255737           0.0  0.16486685192590672
1.3810547590255737  1.381439447402954           0.0  0.16481576210513857
1.381439447402954  1.381824254989624  0.17659427327604685  0.23472136620820389
1.381824254989624  1.3822094202041628  0.26464545688707086  0.25904306498546814
1.3822094202041628  1.3825948238372805  0.08816058059620774  0.20478607372761268
1.3825948238372805  1.3829803466796875  0.08813332005804074  0.2047227508848958
1.3829803466796875  1.3833661079406738           0.0  0.16435737463327632
1.3833661079406738  1.3837521076202393           0.0  0.16425585679841948
1.3837521076202393  1.3841382265090945  0.08799726985717064  0.20440672317412506
1.3841382265090945  1.384524703025818  0.08791584116827256  0.20421757444829483
1.384524703025818  1.384911298751831           0.0  0.1640026100257748
1.384911298751831  1.3852981328964233           0.0  0.16390152983460163
1.3852981328964233  1.3856852054595947           0.0  0.16380057416485438
1.3856852054595947  1.3860725164413452  0.08772642569022457  0.2037775858299082
1.3860725164413452  1.3864599466323855  0.08769943294380808  0.2037148850341515
1.3864599466323855  1.386847734451294           0.0  0.1634984519869618
1.386847734451294  1.3872356414794922  0.08759162786341107  0.20346446722844863
1.3872356414794922  1.3876237869262695  0.08753782465219276  0.20333948905447538
1.3876237869262695  1.388012170791626  0.17496817499542025  0.232560027661167
1.388012170791626  1.3884007930755615  0.17486083255677276  0.2324173527975712
1.3884007930755615  1.3887895345687866           0.0  0.16309735182866672
1.3887895345687866  1.3891785144805908  0.08735003281260791  0.2029032719464823
1.3891785144805908  1.3895677328109741  0.08729652590123724  0.20277898204023637
1.3895677328109741  1.3899571895599365           0.0  0.1627978158289814
1.3899571895599365  1.390346884727478  0.08718970849419995  0.202530858477018
1.390346884727478  1.3907368183135984           0.0  0.16259873565074445
1.3907368183135984  1.3911268711090088           0.0  0.16254904166044604
1.3911268711090088  1.3915172815322876           0.0  0.162400141775048
1.3915172815322876  1.391907811164856  0.08700340569827217  0.20209810023240898
1.391907811164856  1.3922985792160034           0.0  0.16225151443358213
1.3922985792160034  1.39268958568573           0.0  0.16215258058331775
1.39268958568573  1.393080711364746           0.0  0.16210315888853466
1.393080711364746  1.3934721946716309  0.08679146073920208  0.20160577842916316
1.3934721946716309  1.3938637971878052           0.0  0.16190577300252124
1.3938637971878052  1.3942556381225586           0.0  0.1618072602109164
1.3942556381225586  1.3946477174758911           0.0  0.16170886722811864
1.3946477174758911  1.3950400352478027           0.0  0.161610593835698
1.3950400352478027  1.3954325914382935           0.0  0.1615124398157553
1.3954325914382935  1.3958253860473633           0.0  0.16141440495092022
1.3958253860473633  1.3962182998657227  0.08647547241126809  0.20087177680866863
1.3962182998657227  1.396611452102661           0.0  0.16126757559538585
1.396611452102661  1.3970049619674683           0.0  0.16112101312117
1.3970049619674683  1.397398591041565  0.0863183395116716  0.20050677660853175
1.397398591041565  1.397792339324951  0.17258441239340017  0.22939163491386907
1.397792339324951  1.398186445236206  0.08621390110931006  0.2002641791775556
1.398186445236206  1.39858078956604  0.1723235532451872  0.22904491237003693
1.39858078956604  1.3989752531051636  0.08613573800771823  0.20008261600524987
1.3989752531051636  1.3993700742721555           0.0  0.16058588898356924
1.3993700742721555  1.3997650146484375  0.08603174073872  0.19984104327226065
1.3997650146484375  1.4001601934432981           0.0  0.16044056238720392
1.4001601934432981  1.4005556106567383           0.0  0.16034382403165015
1.4005556106567383  1.4009512662887573           0.0  0.16024720226371864
1.4009512662887573  1.4013471603393555           0.0  0.1601506968724126
1.4013471603393555  1.4017431735992432  0.08579866257301011  0.19929963165604206
1.4017431735992432  1.4021395444869995  0.08572125024587657  0.1991198124395103
1.4021395444869995  1.4025360345840454  0.17139095434007193  0.227805342790163
1.4025360345840454  1.4029327630996702           0.0  0.15981384144037858
1.4029327630996702  1.4033297300338745  0.08559253965987393  0.19882083374204249
1.4033297300338745  1.4037269353866577           0.0  0.15962198808922035
1.4037269353866577  1.40412437915802           0.0  0.15952623404717522
1.40412437915802  1.4045220613479612  0.17087719248662997  0.22712247305770544
1.4045220613479612  1.404919981956482  0.08538740475355919  0.19834433084511754
1.404919981956482  1.405318021774292           0.0  0.1592873507976287
1.405318021774292  1.405716419219971  0.08528520558569143  0.19810693487761902
1.405716419219971  1.406114935874939  0.08525969400768724  0.19804767465203132
1.406114935874939  1.4065136909484863           0.0  0.15900163357646704
1.4065136909484863  1.4069128036499023  0.2553970941465409  0.24999048475762545
1.4069128036499023  1.407312035560608           0.0  0.15881172419029027
1.407312035560608  1.4077115058898926  0.17011229905552946  0.22610581024174342
1.4077115058898926  1.4081110954284668           0.0  0.15866958959226796
1.4081110954284668  1.4085110425949097  0.08495474130180018  0.19733930741024494
1.4085110425949097  1.4089112281799316  0.16980825562558213  0.22570168904381357
1.4089112281799316  1.4093115329742432           0.0  0.15838608228507509
1.4093115329742432  1.4097121953964233           0.0  0.1582447082157936
1.4097121953964233  1.410112977027893  0.08477785754537169  0.19692842842396543
1.410112977027893  1.4105141162872314           0.0  0.1580566015789843
1.4105141162872314  1.4109153747558596  0.08467711142821803  0.19669440771271698
1.4109153747558596  1.4113168716430664  0.08462682810798612  0.19657760580811698
1.4113168716430664  1.4117186069488525  0.08457660447108001  0.19646094254046642
1.4117186069488525  1.4121205806732178  0.16905288082297723  0.22469767797155463
1.4121205806732178  1.412522792816162           0.0  0.1576349923868649
1.412522792816162  1.4129252433776855  0.08442629060057452  0.19611178209756272
1.4129252433776855  1.4133278131484985  0.08440129021840083  0.19605370931636712
1.4133278131484985  1.4137307405471802           0.0  0.15735516695659235
1.4137307405471802  1.414133906364441  0.08427651007319326  0.19576386054446238
1.414133906364441  1.4145371913909912           0.0  0.1572156264597346
1.4145371913909912  1.4149408340454102  0.08417695128988174  0.19553259786218893
1.4149408340454102  1.4153445959091187           0.0  0.15702995698650196
1.4153445959091187  1.4157485961914062           0.0  0.15693728660763712
1.4157485961914062  1.4161528348922732           0.0  0.15684472554202006
1.4161528348922732  1.4165574312210085           0.0  0.15670608848358344
1.4165574312210085  1.4169621467590332           0.0  0.15665993057837233
1.4169621467590332  1.4173671007156374  0.08390437358474634  0.19489943372417096
1.4173671007156374  1.4177722930908203           0.0  0.15647557055415526
1.4177722930908203  1.4181777238845825  0.1676113831623285  0.22278170247576656
1.4181777238845825  1.4185833930969238           0.0  0.15629164393572795
1.4185833930969238  1.418989300727844  0.08370724142957284  0.1944415202237104
1.418989300727844  1.4193953275680542           0.0  0.1561539824759223
1.4193953275680542  1.4198017120361328           0.0  0.15601656330691763
1.4198017120361328  1.4202083349227905           0.0  0.1559250848177315
1.4202083349227905  1.4206150770187378           0.0  0.15587938578935587
1.4206150770187378  1.4210221767425537           0.0  0.15574244928646622
1.4210221767425537  1.4214295148849487  0.08341327394426093  0.19375867028427618
1.4214295148849487  1.4218369722366333           0.0  0.15560575316362849
1.4218369722366333  1.4222447872161865  0.1666314861546563  0.22147926633150605
1.4222447872161865  1.4226527214050293  0.08329139598700749  0.19347556293435764
1.4226527214050293  1.4230610132217407  0.16643688003943918  0.22122060441462252
1.4230610132217407  1.4234694242477415           0.0  0.15524240055854388
1.4234694242477415  1.4238780736923218  0.1662912234932233  0.22102700411892373
1.4238780736923218  1.4242870807647705           0.0  0.1550161656407118
1.4242870807647705  1.4246962070465086           0.0  0.15497099776036447
1.4246962070465086  1.4251055717468262           0.0  0.15488074091816942
1.4251055717468262  1.4255151748657224  0.08295202475776896  0.19268724573973536
1.4255151748657224  1.4259251356124878  0.08287966183989103  0.19251915567345543
1.4259251356124878  1.4263352155685425           0.0  0.1546106000910704
1.4263352155685425  1.4267455339431763           0.0  0.1545207624384899
1.4267455339431763  1.4271560907363894           0.0  0.15443102912688575
1.4271560907363894  1.427566885948181  0.16542261002196618  0.2198724811726353
1.427566885948181  1.427977919578552           0.0  0.15425187480083588
1.427977919578552  1.4283891916275024  0.16523081569123813  0.219617556556427
1.4283891916275024  1.4288007020950317           0.0  0.15407313566433437
1.4288007020950317  1.42921257019043  0.24748754593405436  0.2422483771253484
1.42921257019043  1.4296245574951172           0.0  0.15389481027591692
1.4296245574951172  1.4300367832183838           0.0  0.15380580228839855
1.4300367832183838  1.4304492473602295           0.0  0.15371689720037057
1.4304492473602295  1.4308619499206545           0.0  0.1536280948333322
1.4308619499206545  1.4312748908996584  0.08228151185552529  0.19112972758700109
1.4312748908996584  1.4316880702972412           0.0  0.15345079755151994
1.4316880702972412  1.432101488113403           0.0  0.1533623022818823
1.432101488113403  1.4325151443481445           0.0  0.15327390902391835
1.4325151443481445  1.4329290390014648  0.08209192311853099  0.19068933650961167
1.4329290390014648  1.4333431720733643  0.16408932473663765  0.21810033682213073
1.4333431720733643  1.4337575435638428           0.0  0.1530093395607831
1.4337575435638428  1.4341721534729004  0.08195030392971236  0.19036037273184928
1.4341721534729004  1.434587001800537  0.0819032060538907  0.190250970218785
1.434587001800537  1.4350022077560425           0.0  0.15270182725043993
1.4350022077560425  1.4354175329208374           0.0  0.152657997793709
1.4354175329208374  1.4358330965042116           0.0  0.1525704143181291
1.4358330965042116  1.4362488985061646  0.08171535466390248  0.18981461478260475
1.4362488985061646  1.4366649389266968  0.08166852638038384  0.1897058384989604
1.4366649389266968  1.437081217765808           0.0  0.15230826584000062
1.437081217765808  1.4374978542327883           0.0  0.152177529131044
1.4374978542327883  1.4379146099090576           0.0  0.15213400008969266
1.4379146099090576  1.438331604003906  0.08148174873290205  0.18927197723319733
1.438331604003906  1.4387488365173338           0.0  0.15196013266093777
1.4387488365173338  1.4391664266586304           0.0  0.15182999266714226
1.4391664266586304  1.4395841360092163  0.16268445038101575  0.21623303941783167
1.4395841360092163  1.440002202987671  0.08127264244868537  0.18878624931889698
1.440002202987671  1.440420389175415           0.0  0.1516135873184955
1.440420389175415  1.4408389329910278           0.0  0.15148403996390836
1.4408389329910278  1.44125759601593           0.0  0.15144090669520624
1.44125759601593  1.4416766166687012           0.0  0.1513116541431011
1.4416766166687012  1.4420957565307617           0.0  0.1512686189741986
1.4420957565307617  1.442515254020691           0.0  0.15113966021974487
1.442515254020691  1.4429349899291992           0.0  0.15105380980212502
1.4429349899291992  1.443354845046997           0.0  0.1510109211565253
1.443354845046997  1.4437750577926636           0.0  0.15088240122362617
1.4437750577926636  1.4441955089569092  0.08081178255388137  0.1877157290505732
1.4441955089569092  1.4446161985397339  0.16153196773450815  0.2147012100085243
1.4446161985397339  1.4450371265411377  0.08072023706245811  0.18750308024960965
1.4450371265411377  1.4454582929611204           0.0  0.1505407484612405
1.4454582929611204  1.4458796977996826  0.08062889874607904  0.1872909126905298
1.4458796977996826  1.4463013410568237  0.08058330705895946  0.18718500886665868
1.4463013410568237  1.4467233419418335  0.16103003224154783  0.21403405935595546
1.4467233419418335  1.4471454620361328  0.08049227818908207  0.18697356011334984
1.4471454620361328  1.4475678205490112           0.0  0.15011585219116066
1.4475678205490112  1.4479905366897583           0.0  0.14998885062416306
1.4479905366897583  1.4484133720397951  0.16071223967712994  0.21361166341124452
1.4484133720397951  1.4488365650177002           0.0  0.14981984910241164
1.4488365650177002  1.449259877204895  0.08026560322938317  0.18644702234902052
1.449259877204895  1.4496835470199583           0.0  0.1496512280004392
1.4496835470199583  1.450107455253601  0.0801527438322245  0.1861848639935391
1.450107455253601  1.4505316019058228           0.0  0.1494829860352114
1.4505316019058228  1.4509559869766235           0.0  0.14939900682957366
1.4509559869766235  1.4513806104660034  0.08001773078819191  0.18587124546922282
1.4513806104660034  1.4518054723739624           0.0  0.14923133117656626
1.4518054723739624  1.4522305727005007  0.07992797450010956  0.18566275276529048
1.4522305727005007  1.4526559114456175  0.1597663436478908  0.21235441987692635
1.4526559114456175  1.4530816078186035  0.15963212381259645  0.2121760207560031
1.4530816078186035  1.4535074234008787           0.0  0.14889710647076138
1.4535074234008787  1.4539335966110232  0.07972675722160633  0.18519535003095997
1.4539335966110232  1.454360008239746  0.07968217977849819  0.1850918021698956
1.454360008239746  1.454786539077759  0.15931981948987772  0.21176091954155613
1.454786539077759  1.4552134275436401  0.0795931742719039  0.18488505343806652
1.4552134275436401  1.4556405544281008           0.0  0.1484399844579977
1.4556405544281008  1.4560679197311401  0.07950436738289754  0.18467876607021358
1.4560679197311401  1.4564955234527588           0.0  0.14827445339093454
1.4564955234527588  1.456923484802246  0.07939363706616702  0.18442155330400328
1.456923484802246  1.457351565361023  0.07937152800544127  0.18437019670325028
1.457351565361023  1.4577800035476687  0.15861054928625035  0.21081818868104882
1.4577800035476687  1.4582085609436033           0.0  0.1479444963320816
1.4582085609436033  1.4586374759674072           0.0  0.1478211407206801
1.4586374759674072  1.45906662940979  0.07917309918542767  0.18390927121149217
1.45906662940979  1.459496021270752           0.0  0.1476569862057974
1.459496021270752  1.4599256515502927           0.0  0.147575045591997
1.4599256515502927  1.460355520248413  0.07904136357942107  0.18360326576844974
1.460355520248413  1.4607857465744016  0.07897566003538009  0.1834506446000869
1.4607857465744016  1.4612160921096804           0.0  0.14732976850768237
1.4612160921096804  1.4616467952728271           0.0  0.14720743545905243
1.4616467952728271  1.4620776176452637           0.0  0.1471667029090432
1.4620776176452637  1.4625087976455688           0.0  0.1470446403962627
1.4625087976455688  1.4629402160644533           0.0  0.14696337781514462
1.4629402160644533  1.4633718729019165           0.0  0.14688220500236282
1.4633718729019165  1.4638038873672485           0.0  0.14676061377298075
1.4638038873672485  1.4642360210418701           0.0  0.14672012808642265
1.4642360210418701  1.4646685123443601           0.0  0.14659880493758412
1.4646685123443601  1.4651011228561401           0.0  0.14655840846321555
1.4651011228561401  1.4655340909957886           0.0  0.14643735250916362
1.4655340909957886  1.4659672975540161           0.0  0.14635675957987954
1.4659672975540161  1.4664007425308228  0.3135568284571393  0.2492345299317122
1.4664007425308228  1.466834545135498  0.07832458287099192  0.18193827325127007
1.466834545135498  1.467268466949463  0.07830306512844495  0.18188829020916808
1.467268466949463  1.4677027463912964           0.0  0.14599518647084334
1.4677027463912964  1.4681371450424194  0.15643422451566388  0.20792551320529148
1.4681371450424194  1.4685719013214111  0.15630554267482294  0.20775447494381197
1.4685719013214111  1.469006896018982  0.07810993616539863  0.1814396756265749
1.469006896018982  1.4694422483444216           0.0  0.1456353954854904
1.4694422483444216  1.4698777198791504           0.0  0.145595528144964
1.4698777198791504  1.470313549041748  0.155920764260142  0.20724304434356733
1.470313549041748  1.4707494974136353  0.31175625602137225  0.2478033226228344
1.4707494974136353  1.4711858034133911  0.2336255385799505  0.22867982048320493
1.4711858034133911  1.4716223478317259  0.23349794407511026  0.22855492708054498
1.4716223478317259  1.4720592498779297  0.38884468904146624  0.2642523056503563
1.4720592498779297  1.4724962711334229  1.0884681393741285  0.37634352186751013
1.4724962711334229  1.4729336500167847  1.4759989055010228  0.42292006713457664
1.4729336500167847  1.4733711481094358  0.9319558269243083  0.35497529521696064
1.4733711481094358  1.473809003829956  0.8535950797008837  0.34359742243305624
1.473809003829956  1.4742470979690552  0.5429012515572182  0.2934677643079153
1.4742470979690552  1.474685549736023  0.4649643671574871  0.2788295298667622
1.474685549736023  1.47512412071228  0.3873649865013372  0.2632467247103937
1.47512412071228  1.4755630493164062  0.232229622814282  0.2273134554503277
1.4755630493164062  1.4760022163391113           0.0  0.1443703757636488
1.4760022163391113  1.4764416217803953  0.23197761020158736  0.2270667777994989
1.4764416217803953  1.4768812656402588           0.0  0.14421379184192343
1.4768812656402588  1.4773212671279907  0.15444224170552134  0.20527785698187
1.4773212671279907  1.4777615070343015  0.07717930058697087  0.1792779248203915
1.4777615070343015  1.4782018661499023           0.0  0.1439795517902041
1.4782018661499023  1.4786427021026611  0.07707494782789065  0.17903552632811567
1.4786427021026611  1.4790836572647095  0.07705411112937  0.17898712526665903
1.4790836572647095  1.479524850845337           0.0  0.1437072316436861
1.479524850845337  1.479966402053833  0.07695009640052365  0.17874551197661226
1.479966402053833  1.4804081916809084           0.0  0.14351334708931865
1.4804081916809084  1.4808502197265625           0.0  0.14343593967463575
1.4808502197265625  1.481292486190796  0.07682564880526674  0.1784564356769196
1.481292486190796  1.481735110282898  0.07676357583289513  0.17831224787540312
1.481735110282898  1.482177972793579           0.0  0.14316567007087003
1.482177972793579  1.4826210737228394           0.0  0.14308863715719186
1.4826210737228394  1.4830644130706787  0.0766397303220058  0.17802457014288026
1.4830644130706787  1.483508110046387           0.0  0.1428964170642171
1.483508110046387  1.4839519262313845           0.0  0.1428580350022246
1.4839519262313845  1.4843961000442505  0.07649574800528237  0.17769011711264165
1.4843961000442505  1.4848405122756958           0.0  0.14266643356042977
1.4848405122756958  1.4852852821350095           0.0  0.14255171919419665
1.4852852821350095  1.4857301712036133  0.07637276448751269  0.17740444168302288
1.4857301712036133  1.4861754179000854  0.07631142090161704  0.1772619481556551
1.4861754179000854  1.4866209030151365  0.07627057989501784  0.17716707957230446
1.4866209030151365  1.4870667457580566  0.07620940028540044  0.1770249669414551
1.4870667457580566  1.4875127077102661  0.07618902888734018  0.17697764671514885
1.4875127077102661  1.4879590272903442           0.0  0.14205674794692366
1.4879590272903442  1.4884055852890015  0.15217467008411084  0.20226390019222695
1.4884055852890015  1.4888523817062376           0.0  0.14190513989155457
1.4888523817062376  1.4892995357513428           0.0  0.1417916460445263
1.4892995357513428  1.4897469282150269           0.0  0.14171608428278237
1.4897469282150269  1.49019455909729  0.0759049685932196  0.17631780994976612
1.49019455909729  1.4906424283981325  0.07586456137008206  0.17622394899149416
1.4906424283981325  1.4910906553268433           0.0  0.1414522511472196
1.4910906553268433  1.4915391206741335  0.1515274625557674  0.2014036603189014
1.4915391206741335  1.4919878244400022           0.0  0.14130192994522012
1.4919878244400022  1.4924367666244507  0.15136651995082243  0.20118974246407526
1.4924367666244507  1.4928860664367676  0.45373811154291266  0.2720973761873047
1.4928860664367676  1.4933356046676636  0.1511658218337521  0.20092298332539965
1.4933356046676636  1.4937853813171387  0.07554284576399141  0.17547664361552393
1.4937853813171387  1.4942353963851929  0.07550282306424889  0.175383675857317
1.4942353963851929  1.4946857690811157  0.1508857369335837  0.2005507067549185
1.4946857690811157  1.4951363801956177           0.0  0.14070382653790536
1.4951363801956177  1.4955872297286987  0.07536307696127435  0.1750590630252173
1.4955872297286987  1.4960384368896484           0.0  0.14051795622543783
1.4960384368896484  1.4964898824691772  0.07526357461514117  0.17482793143949613
1.4964898824691772  1.4969415664672854  0.07522384720702019  0.17473564960703256
1.4969415664672854  1.4973934888839722           0.0  0.14029555903812807
1.4973934888839722  1.497845768928528  0.07512471193131251  0.17450537068029698
1.497845768928528  1.4982982873916626           0.0  0.14011076509840442
1.4982982873916626  1.4987511634826658  0.07502583760665421  0.17427569791042283
1.4987511634826658  1.499204158782959  0.07500609396510524  0.17422983588448612
1.499204158782959  1.4996575117111208  0.07494692533983698  0.17409239452039113
1.4996575117111208  1.5001111030578613  0.07490753142383157  0.1740008873486717
1.5001111030578613  1.5005650520324707  0.14969703627496828  0.19897073795170225
1.5005650520324707  1.501019239425659           0.0  0.1395959223920058
1.501019239425659  1.501473665237427  0.07476997824429724  0.17368136840522685
1.501473665237427  1.5019283294677732  0.07473077007546355  0.17359029270110604
1.5019283294677732  1.5023833513259888           0.0  0.13933991729447803
1.5023833513259888  1.502838611602783           0.0  0.13926694535573228
1.502838611602783  1.5032941102981567  0.07459386471274553  0.17327227855562655
1.5032941102981567  1.503749966621399           0.0  0.1390848494543102
1.503749966621399  1.5042060613632202           0.0  0.13901214435788872
1.5042060613632202  1.5046623945236206  0.14891492009798307  0.19793118341694935
1.5046623945236206  1.5051190853118896  0.07439915350235959  0.1728199886090764
1.5051190853118896  1.5055760145187378  0.07436033317702573  0.17272981381721153
1.5055760145187378  1.506033182144165           0.0  0.13868590986004753
1.506033182144165  1.506490707397461           0.0  0.13857750503212146
1.506490707397461  1.506948471069336           0.0  0.1385053292482506
1.506948471069336  1.50740647315979  0.07418614187078075  0.17232518905813948
1.50740647315979  1.5078648328781126           0.0  0.13832521828700647
1.5078648328781126  1.5083234310150146  0.14817944219776533  0.19695361843507025
1.5083234310150146  1.5087822675704956  0.07405122293259019  0.17201178913000048
1.5087822675704956  1.509241461753845           0.0  0.13807384847184306
1.509241461753845  1.5097008943557741           0.0  0.13800219624098808
1.5097008943557741  1.5101605653762817  0.14783358769070398  0.19649392378642327
1.5101605653762817  1.5106205940246582  0.07385933067311211  0.17156604725612123
1.5106205940246582  1.5110808610916138  0.07382107150156426  0.17147717595477124
1.5110808610916138  1.511541485786438           0.0  0.13764504770012478
1.511541485786438  1.5120022296905515           0.0  0.13760943449250673
1.5120022296905515  1.5124633312225344           0.0  0.13750270535490436
1.5124633312225344  1.5129247903823853           0.0  0.13739614164648362
1.5129247903823853  1.5133864879608154           0.0  0.13732519088904782
1.5133864879608154  1.513848423957825  0.07355436311416842  0.17085764551252997
1.513848423957825  1.5143107175827026           0.0  0.13714813417058733
1.5143107175827026  1.5147732496261597  0.07345957656379887  0.17063746813437417
1.5147732496261597  1.5152360200881956           0.0  0.13700681718535226
1.5152360200881956  1.5156991481781006           0.0  0.1369010204151936
1.5156991481781006  1.5161625146865845  0.07332728507011567  0.17033017143333465
1.5161625146865845  1.5166261196136475           0.0  0.13676021196021654
1.5166261196136475  1.5170900821685793  0.14646616498838808  0.19467640547783133
1.5170900821685793  1.51755428314209  0.07319546920070355  0.1700239795483749
1.51755428314209  1.5180188417434692  0.07313912164939076  0.1698930911885266
1.5180188417434692  1.5184836387634277  0.1462032095755525  0.19432689667096234
1.5184836387634277  1.5189486742019653           0.0  0.13633951917797543
1.5189486742019653  1.5194140672683716  0.07300798080623454  0.16958846730567925
1.5194140672683716  1.519879698753357           0.0  0.13616499342377938
1.519879698753357  1.5203455686569214           0.0  0.13609530816614182
1.5203455686569214  1.5208117961883543           0.0  0.13599091391294693
1.5208117961883543  1.5212783813476562  0.14564290090311904  0.1935821589472973
1.5212783813476562  1.521745204925537           0.0  0.13581727893597606
1.521745204925537  1.5222122669219973           0.0  0.13574794903344292
1.5222122669219973  1.5226795673370361  0.07270998904787629  0.16889626948002204
1.5226795673370361  1.5231472253799438           0.0  0.13557493354914152
1.5231472253799438  1.5236152410507202           0.0  0.13547133579044376
1.5236152410507202  1.5240833759307861  0.07258038122422704  0.16859520661099356
1.5240833759307861  1.52455198764801  0.07250652685517035  0.16842365208895585
1.52455198764801  1.525020718574524  0.0724880867414559  0.16838081799619994
1.525020718574524  1.5254898071289065           0.0  0.13516149029556046
1.5254898071289065  1.5259592533111572           0.0  0.13505852318779427
1.5259592533111572  1.5264289379119873           0.0  0.13498996556174675
1.5264289379119873  1.5268988609313963           0.0  0.13492147750216477
1.5268988609313963  1.5273691415786743           0.0  0.13481887561800535
1.5273691415786743  1.5278396606445312           0.0  0.13475056101172592
1.5278396606445312  1.5283104181289673           0.0  0.13468231560224922
1.5283104181289673  1.5287815332412718           0.0  0.13458007700241215
1.5287815332412718  1.5292530059814455           0.0  0.13447799350512799
1.5292530059814455  1.5297247171401978  0.07203011298146923  0.16731700186042037
1.5297247171401978  1.5301966667175293  0.07199372494759777  0.1672324769793816
1.5301966667175293  1.5306689739227293           0.0  0.13424039987721662
1.5306689739227293  1.5311415195465088           0.0  0.13417267010924125
1.5311415195465088  1.5316144227981565  0.0718485397196051  0.16689522973574053
1.5316144227981565  1.5320875644683836           0.0  0.1340036443218146
1.5320875644683836  1.5325610637664793  0.07175809593845409  0.16668514007083882
1.5325610637664793  1.5330348014831543           0.0  0.1338350438633701
1.5330348014831543  1.5335087776184082           0.0  0.13376772241279733
1.5335087776184082  1.5339831113815308           0.0  0.133666867130757
1.5339831113815308  1.534457802772522           0.0  0.13356616381549027
1.534457802772522  1.5349326133728027  0.07155991892230469  0.16622479948816765
1.5349326133728027  1.5354079008102417  0.07148812567532972  0.1660580326966069
1.5354079008102417  1.5358834266662598           0.0  0.1333317784691106
1.5358834266662598  1.536359190940857           0.0  0.13326496224336815
1.536359190940857  1.536835312843323  0.14272566703425474  0.18970469957930117
1.536835312843323  1.5373116731643677           0.0  0.1330982142926752
1.5373116731643677  1.5377883911132812  0.0712736076688021  0.1655597340238489
1.5377883911132812  1.5382653474807741           0.0  0.13293188310748177
1.5382653474807741  1.538742661476135           0.0  0.13283228379464962
1.538742661476135  1.5392202138900757           0.0  0.13276596712756739
1.5392202138900757  1.5396980047225954  0.07111356214256666  0.16518796815395811
1.5396980047225954  1.540176272392273           0.0  0.13256741383687168
1.540176272392273  1.5406546592712402  0.14204991630577604  0.1888065213356796
1.5406546592712402  1.541133403778076  0.07097190166027684  0.16485890845659332
1.541133403778076  1.5416125059127808  0.14183784875213115  0.18852465044034117
1.5416125059127808  1.5420918464660645           0.0  0.13227069492993837
1.5420918464660645  1.5425715446472168  0.1416616088804869  0.18829040012924508
1.5425715446472168  1.543051481246948           0.0  0.13210642432030012
1.543051481246948  1.5435317754745486           0.0  0.13200805766016144
1.5435317754745486  1.5440123081207275  0.07070780378756421  0.16424544191557375
1.5440123081207275  1.5444930791854856  0.21201821750632627  0.20752991395212414
1.5444930791854856  1.5449743270874021           0.0  0.13174646131119203
1.5449743270874021  1.5454556941986084           0.0  0.13171383464909284
1.5454556941986084  1.5459374189376829  0.1410656555643014  0.18749828510775338
1.5459374189376829  1.5464195013046265  0.14096100745173507  0.18735919142426635
1.5464195013046265  1.546901822090149  0.07044566412939683  0.1636365240636114
1.546901822090149  1.54738450050354           0.0  0.13135600501686395
1.54738450050354  1.5478675365447998  0.07034135169485184  0.1633942192402201
1.5478675365447998  1.5483506917953491           0.0  0.13122636671928997
1.5483506917953491  1.5488343238830566           0.0  0.13109698405552928
1.5488343238830566  1.549318194389343  0.0702200436234714  0.16311243566436945
1.549318194389343  1.549802303314209  0.14037092197360693  0.18657487567587652
1.549802303314209  1.5502867698669434  0.07013365085323317  0.16291175599443203
1.5502867698669434  1.5507715940475464  0.07008191715454626  0.16279158504090777
1.5507715940475464  1.5512566566467285  0.07004747040244276  0.16271156951618868
1.5512566566467285  1.5517419576644897           0.0  0.13064614696960997
1.5517419576644897  1.5522277355194092  0.13988866604541822  0.18593388223805699
1.5522277355194092  1.5527136325836182  0.13985434596051993  0.18588826548579054
1.5527136325836182  1.5531998872756958  0.13975148667199785  0.1857515494288017
1.5531998872756958  1.553686499595642  0.06982438928651143  0.16219337980435372
1.553686499595642  1.554173469543457  0.06977311066524838  0.16207426593913632
1.554173469543457  1.554660677909851           0.0  0.13013468664381753
1.554660677909851  1.5551481246948242  0.06970485621607719  0.16191571933513618
1.5551481246948242  1.555635929107666  0.2089612588471698  0.2045376693471481
1.555635929107666  1.5561240911483765           0.0  0.12988045526575878
1.5561240911483765  1.556612491607666  0.06956874714853298  0.16159955488439634
1.556612491607666  1.5571012496948242           0.0  0.12972206446665419
1.5571012496948242  1.5575902462005615  0.06948394857814227  0.1614025783426065
1.5575902462005615  1.5580796003341675           0.0  0.1295640595160249
1.5580796003341675  1.558569312095642           0.0  0.1294694411668165
1.558569312095642  1.5590592622756958           0.0  0.12940643900566476
1.5590592622756958  1.5595494508743286  0.06931497010397364  0.16101006234469156
1.5595494508743286  1.5600401163101196           0.0  0.12921779988174983
1.5600401163101196  1.5605310201644897           0.0  0.12915504232959743
1.5605310201644897  1.561022162437439  0.06918037792901446  0.16069742144693488
1.561022162437439  1.5615136623382568  0.0691300405208682  0.16058049390283088
1.5615136623382568  1.5620055198669434  0.13815955262604926  0.1836356204847509
1.5620055198669434  1.562497615814209  0.06904630742915203  0.16038599233560363
1.562497615814209  1.5629900693893433           0.0  0.12874859944644934
1.5629900693893433  1.5634827613830566  0.06896277693383489  0.1601919613746363
1.5634827613830566  1.5639758110046387  0.06891275557725812  0.16007576797905507
1.5639758110046387  1.5644692182540894           0.0  0.12849974977368497
1.5644692182540894  1.5649628639221191           0.0  0.12843768759074672
1.5649628639221191  1.5654568672180176  0.13755943873916004  0.18283797541507774
1.5654568672180176  1.5659512281417847  0.13745992624429207  0.18270570776949172
1.5659512281417847  1.5664458274841309           0.0  0.12819003719288558
1.5664458274841309  1.5669407844543457  0.13729439165103063  0.1824856864451065
1.5669407844543457  1.5674359798431396           0.0  0.12803574008504626
1.5674359798431396  1.5679315328598022           0.0  0.1279433399839505
1.5679315328598022  1.5684274435043335  0.06851518198738933  0.15915225393302207
1.5684274435043335  1.5689235925674438           0.0  0.1277896358273143
1.5689235925674438  1.5694200992584229  0.06843293086855692  0.15896119480465107
1.5694200992584229  1.569916844367981           0.0  0.12763630053114522
1.569916844367981  1.5704139471054077           0.0  0.12754447585450412
1.5704139471054077  1.5709114074707031           0.0  0.12745278320471656
1.5709114074707031  1.5714092254638672  0.06825267171157558  0.15854247518232084
1.5714092254638672  1.5719072818756104           0.0  0.1273002547422887
1.5719072818756104  1.5724056959152222           0.0  0.1272089127752409
1.5724056959152222  1.572904348373413  0.06813845495279455  0.15827716384445895
1.572904348373413  1.5734033584594727  0.1361792437016434  0.1810034806784716
1.5734033584594727  1.5739027261734009           0.0  0.12696597381553645
1.5739027261734009  1.5744023323059082           0.0  0.12690538399267054
1.5744023323059082  1.5749022960662842  0.13591948358013334  0.18065821891275208
1.5749022960662842  1.5754026174545288           0.0  0.12672396099911418
1.5754026174545288  1.5759031772613525           0.0  0.1266636018845635
1.5759031772613525  1.576404094696045  0.13566071254999507  0.18031427180392248
1.576404094696045  1.576905369758606  0.06778196363080609  0.1574490788017531
1.576905369758606  1.5774070024490356  0.06773363998753318  0.15733682898321574
1.5774070024490356  1.5779088735580444           0.0  0.1263326518558865
1.5779088735580444  1.5784109830856323           0.0  0.12627266484170993
1.5784109830856323  1.5789135694503784  0.20281533946931185  0.1985218555428202
1.5789135694503784  1.5794163942337036  0.20271917287876218  0.19842772474360595
1.5794163942337036  1.5799195766448975  0.2701001251528449  0.21469243090066464
1.5799195766448975  1.5804229974746704  0.06749305163806289  0.15677797214335112
1.5804229974746704  1.580926775932312  0.06744513891801694  0.1566666768484079
1.580926775932312  1.5814309120178223  0.06739729417534632  0.15655553945646056
1.5814309120178223  1.5819354057312012           0.0  0.12567591311750526
1.5819354057312012  1.5824401378631592  0.1346354072118751  0.17895148089751586
1.5824401378631592  1.5829452276229858  0.06727003943062063  0.15625994249737354
1.5829452276229858  1.5834506750106812  0.06722244270460841  0.15614938121730468
1.5834506750106812  1.5839563608169556  0.13438149791020254  0.17861399578502643
1.5839563608169556  1.5844624042510986  0.06714326432686446  0.15596545968465766
1.5844624042510986  1.5849688053131104           0.0  0.1252025575125429
1.5849688053131104  1.5854755640029907           0.0  0.12511420002664836
1.5854755640029907  1.5859825611114502  0.06701696615742761  0.15567208473110083
1.5859825611114502  1.5864899158477783  0.06696972675459108  0.15556235346836744
1.5864899158477783  1.586997628211975           0.0  0.12487918861546894
1.586997628211975  1.587505578994751           0.0  0.12482057364780148
1.587505578994751  1.5880138874053955  0.13368815997539382  0.17769244139776788
1.5880138874053955  1.5885225534439087           0.0  0.12464505842823582
1.5885225534439087  1.5890315771102905  0.06675015387998585  0.15505231296519245
1.5890315771102905  1.5895408391952515           0.0  0.12449917235797804
1.5895408391952515  1.590050458908081           0.0  0.12441180451772683
1.590050458908081  1.5905604362487793  0.13325065781558654  0.17711093270689157
1.5905604362487793  1.5910707712173462  0.06657863981956076  0.15465390711548044
1.5910707712173462  1.5915813446044922           0.0  0.12417942197368252
1.5915813446044922  1.5920922756195068           0.0  0.12409250217295431
1.5920922756195068  1.5926035642623901  0.06645445490033565  0.15436544097956909
1.5926035642623901  1.5931150913238525  0.13284696204499633  0.17657435798650248
1.5931150913238525  1.5936270952224731           0.0  0.12383247131857561
1.5936270952224731  1.5941393375396729           0.0  0.1237748346086298
1.5941393375396729  1.5946519374847412           0.0  0.12368848007285632
1.5946519374847412  1.5951647758483887           0.0  0.12363097729272017
1.5951647758483887  1.5956780910491943           0.0  0.12351613198171904
1.5956780910491943  1.596191644668579  0.06616136422180585  0.15368462775333608
1.596191644668579  1.5967055559158325  0.06611532291058678  0.15357767950855294
1.5967055559158325  1.5972198247909546  0.06606934563457108  0.15347088000959014
1.5972198247909546  1.5977343320846558  0.1320774592527987  0.17555156860984295
1.5977343320846558  1.5982491970062256  0.13198571755848093  0.1754296295716791
1.5982491970062256  1.5987645387649536  0.1318635933692064  0.17526730745317654
1.5987645387649536  1.5992799997329712  0.06591654881302951  0.15311595197996572
1.5992799997329712  1.599795937538147  0.13171125557649704  0.1750648267375421
1.599795937538147  1.6003122329711914  0.1316200217351834  0.17494356271532724
1.6003122329711914  1.600828766822815  0.0657796346797922  0.15279791746165977
1.600828766822815  1.6013456583023071           0.0  0.12266154619771269
1.6013456583023071  1.601862907409668           0.0  0.12257673756932062
1.601862907409668  1.602380394935608  0.13131681965793118  0.17454055980651514
1.602380394935608  1.602898359298706  0.06559796480265584  0.15237592091170812
1.602898359298706  1.6034165620803833  0.06556778400449496  0.1523058146679024
1.6034165620803833  1.6039351224899292           0.0  0.12226677340535223
1.6039351224899292  1.6044540405273438  0.06547740801000221  0.15209588246298456
1.6044540405273438  1.604973316192627           0.0  0.12209836187173606
1.604973316192627  1.6054928302764893  0.0654022847791509  0.15192138053266907
1.6054928302764893  1.6060128211975098  0.06534231019430069  0.15178206702461525
1.6060128211975098  1.6065330505371094  0.13062472826193383  0.17362066226399683
1.6065330505371094  1.6070536375045776           0.0  0.12179080932294073
1.6070536375045776  1.6075745820999146           0.0  0.12170720007168928
1.6075745820999146  1.6080957651138306           0.0  0.12165152431685321
1.6080957651138306  1.6086174249649048           0.0  0.12154032548292554
1.6086174249649048  1.609139323234558           0.0  0.12148480226434039
1.609139323234558  1.60966157913208  0.06505892651621538  0.1511238019542049
1.60966157913208  1.6101841926574707           0.0  0.12131853656781072
1.6101841926574707  1.61070716381073           0.0  0.12123557426790113
1.61070716381073  1.611230492591858           0.0  0.12115272535610072
1.611230492591858  1.6117541790008545           0.0  0.12106998960010977
1.6117541790008545  1.6122781038284302           0.0  0.12101489517935886
1.6122781038284302  1.6128023862838745  0.1296148963472213  0.17227843795363396
1.6128023862838745  1.6133270263671875  0.06476327131732325  0.15043703166584227
1.6133270263671875  1.6138520240783691           0.0  0.12076758953525935
1.6138520240783691  1.6143773794174194  0.06467509804119347  0.1502322161019677
1.6143773794174194  1.6149030923843384  0.12926220275171862  0.17180965308845397
1.6149030923843384  1.615429162979126           0.0  0.12052129261574489
1.615429162979126  1.6159554719924927  0.06455790647056391  0.14995999464583734
1.6159554719924927  1.6164822578430176  0.1289989396096581  0.17145973526138994
1.6164822578430176  1.6170092821121216  0.06447029112588545  0.14975647508739465
1.6170092821121216  1.6175366640090942  0.06442657257403699  0.14965492232399905
1.6175366640090942  1.6180644035339355  0.0643829132748  0.1495535071970571
1.6180644035339355  1.6185925006866455           0.0  0.12005879555604565
1.6185925006866455  1.6191209554672241  0.06429577195297533  0.14935108873480077
1.6191209554672241  1.6196497678756714           0.0  0.11989640764501401
1.6196497678756714  1.6201788187026978  0.06422333417474979  0.14918282477723563
1.6201788187026978  1.6207083463668823           0.0  0.11973445842262093
1.6207083463668823  1.621238112449646           0.0  0.11968057252774128
1.621238112449646  1.6217682361602783           0.0  0.11959983456561328
1.6217682361602783  1.6222988367080688  0.06403575759773975  0.1487471076974549
1.6222988367080688  1.6228296756744385  0.06400699687121932  0.1486803001036092
1.6228296756744385  1.6233608722686768  0.12792780837860845  0.17003603458709207
1.6233608722686768  1.6238924264907837           0.0  0.11927796912161522
1.6238924264907837  1.6244243383407593           0.0  0.11919777326608745
1.6244243383407593  1.6249566078186035  0.12766994717470978  0.1696932967794137
1.6249566078186035  1.6254891157150269           0.0  0.1190643528796244
1.6254891157150269  1.6260221004486084           0.0  0.11895783142770792
1.6260221004486084  1.6265554428100586  0.0637065617048591  0.14798242654478583
1.6265554428100586  1.627089023590088           0.0  0.11882494734434366
1.627089023590088  1.6276230812072754  0.06362124041686153  0.14778423579494906
1.6276230812072754  1.628157377243042           0.0  0.11866587780305271
1.628157377243042  1.6286921501159668           0.0  0.11856006783621985
1.6286921501159668  1.6292271614074707           0.0  0.11850723358139087
1.6292271614074707  1.6297625303268433  0.0634654101686795  0.1474222614921781
1.6297625303268433  1.6302982568740845  0.06342304340621709  0.14732384876755045
1.6302982568740845  1.6308344602584839           0.0  0.11824376707720813
1.6308344602584839  1.6313709020614624  0.06333847934834214  0.14712741696919374
1.6313709020614624  1.6319077014923096           0.0  0.11811247264341156
1.6319077014923096  1.6324448585510254           0.0  0.11803383584404843
1.6324448585510254  1.6329823732376099  0.06321205523786641  0.14683374947025324
1.6329823732376099  1.633520245552063           0.0  0.11787687595595794
1.633520245552063  1.6340584754943848  0.06312805250665329  0.14663862156398047
1.6340584754943848  1.6345970630645752  0.06308613480910572  0.14654125196134835
1.6345970630645752  1.6351360082626343           0.0  0.11764221727787708
1.6351360082626343  1.635675311088562           0.0  0.11756420519745407
1.635675311088562  1.6362149715423584           0.0  0.11748629651276389
1.6362149715423584  1.6367548704147339  0.06293291169519531  0.146185333707523
1.6367548704147339  1.6372952461242676  0.1257547571442928  0.1671477101522352
1.6372952461242676  1.63783597946167  0.12567158600861536  0.16703716272488586
1.63783597946167  1.638377070426941  0.06279426240747733  0.14586326864097196
1.638377070426941  1.6389185190200806           0.0  0.11709829685453152
1.6389185190200806  1.6394603252410889           0.0  0.11702100424934703
1.6394603252410889  1.6400024890899658           0.0  0.11694381361329863
1.6400024890899658  1.6405450105667114           0.0  0.1168667247447335
1.6405450105667114  1.6410878896713257           0.0  0.11678973744253011
1.6410878896713257  1.641631007194519           0.0  0.1167384689010716
1.641631007194519  1.6421746015548706  0.06250507830428501  0.1451915299038096
1.6421746015548706  1.6427185535430908           0.0  0.11655938293080917
1.6427185535430908  1.6432628631591797           0.0  0.1164827998934039
1.6432628631591797  1.6438075304031372  0.06238195602266133  0.14490553214300106
1.6438075304031372  1.6443525552749634  0.06234102298065171  0.14481044977282848
1.6443525552749634  1.6448979377746582  0.062300143621320136  0.1447154921008463
1.6448979377746582  1.6454437971115112  0.062245721132897926  0.14458907542288094
1.6454437971115112  1.6459898948669434           0.0  0.11610138928471561
1.6459898948669434  1.6465363502502441           0.0  0.11602540670010518
1.6465363502502441  1.6470831632614136           0.0  0.11594952350409465
1.6470831632614136  1.6476303339004517           0.0  0.1158737395018044
1.6476303339004517  1.648177981376648           0.0  0.11577284813088423
1.648177981376648  1.6487258672714233           0.0  0.11572246830141039
1.6487258672714233  1.6492741107940674           0.0  0.11564698071608658
1.6492741107940674  1.6498228311538696           0.0  0.11554648366571413
1.6498228311538696  1.6503719091415405           0.0  0.1154712254262445
1.6503719091415405  1.6509212255477905  0.06185398373861536  0.14367911813397824
1.6509212255477905  1.6514710187911987  0.06180033761221588  0.14355450484851948
1.6514710187911987  1.6520211696624756           0.0  0.1152460377710254
1.6520211696624756  1.652571678161621  0.06172004267378511  0.14336798968414288
1.652571678161621  1.6531224250793457           0.0  0.11512131262192256
1.6531224250793457  1.6536736488342285  0.06163995611322224  0.14318195855566
1.6536736488342285  1.6542253494262695           0.0  0.11492231294582589
1.6542253494262695  1.6547772884368896           0.0  0.11487267047803071
1.6547772884368896  1.6553295850753784           0.0  0.11479828713863204
1.6553295850753784  1.6558822393417358           0.0  0.11472400006757598
1.6558822393417358  1.6564353704452515           0.0  0.11462510006751772
1.6564353704452515  1.6569887399673462  0.06140093861859966  0.14262675061640925
1.6569887399673462  1.6575425863265991           0.0  0.11447706937436121
1.6575425863265991  1.6580967903137207           0.0  0.11440319731410674
1.6580967903137207  1.658651351928711  0.18380685107536948  0.17991576590037187
1.658651351928711  1.6592062711715698           0.0  0.11425573884281034
1.6592062711715698  1.6597615480422974  0.061190029426264406  0.14213683477058217
1.6597615480422974  1.6603171825408936  0.06115064515501815  0.14204535000243976
1.6603171825408936  1.6608731746673584  0.18333393464893197  0.17945286084230916
1.6608731746673584  1.6614296436309814  0.061058945387219274  0.14183234283662632
1.6614296436309814  1.6619863510131836           0.0  0.11388875038828314
1.6619863510131836  1.662543535232544           0.0  0.1137912846198721
1.662543535232544  1.663101077079773  0.060941449020213735  0.1415594133763891
1.663101077079773  1.6636589765548706           0.0  0.11364539835753894
1.6636589765548706  1.664217233657837  0.06086336900865676  0.14137804321190942
1.664217233657837  1.6647758483886719  0.12164880796736646  0.16169026250962062
1.6647758483886719  1.665334939956665           0.0  0.1134030840753267
1.665334939956665  1.6658943891525269  0.18220103797200488  0.1783439469355487
1.6658943891525269  1.6664540767669678           0.0  0.1132823140177385
1.6664540767669678  1.667014241218567           0.0  0.11318588302048993
1.667014241218567  1.6675747632980347           0.0  0.11311366744221228
1.6675747632980347  1.668135643005371           0.0  0.11304154395606422
1.668135643005371  1.6686969995498657  0.060527321526340966  0.1405974466683737
1.6686969995498657  1.6692585945129395           0.0  0.11289757255641736
1.6692585945129395  1.6698206663131714  0.06045029842365633  0.140418531571871
1.6698206663131714  1.670383095741272           0.0  0.11273006873956808
1.670383095741272  1.6709458827972412           0.0  0.11265843344911718
1.6709458827972412  1.671509027481079  0.12067026124789991  0.16038962110924684
1.671509027481079  1.6720726490020752           0.0  0.11249163796812228
1.6720726490020752  1.67263662815094  0.06024585860653977  0.13994364328078035
1.67263662815094  1.6732008457183838  0.06022040081714338  0.1398845079994447
1.6732008457183838  1.6737655401229858  0.06016954972926739  0.13976638724115936
1.6737655401229858  1.674330711364746           0.0  0.11218318167333521
1.674330711364746  1.6748961210250854  0.1201868678336663  0.1597471157748434
1.6748961210250854  1.675462007522583           0.0  0.11204138704724716
1.675462007522583  1.6760282516479492           0.0  0.11197062406595416
1.6760282516479492  1.676594853401184           0.0  0.1118999504130617
1.676594853401184  1.6771618127822876           0.0  0.11182936591952948
1.6771618127822876  1.6777291297912598  0.0598913967361924  0.13912027240205332
1.6777291297912598  1.6782969236373901           0.0  0.11166501455244221
1.6782969236373901  1.6788650751113892           0.0  0.11159472604139366
1.6788650751113892  1.6794335842132568           0.0  0.11152452596210571
1.6794335842132568  1.6800025701522827           0.0  0.1114310631286994
1.6800025701522827  1.6805717945098877  0.05969071352199782  0.138654110232748
1.6805717945098877  1.6811414957046509           0.0  0.11129116223337145
1.6811414957046509  1.6817115545272827           0.0  0.11122134343648728
1.6817115545272827  1.6822820901870728           0.0  0.11112838786320146
1.6822820901870728  1.682852864265442           0.0  0.11108196831939894
1.682852864265442  1.6834241151809692           0.0  0.11098924547439112
1.6834241151809692  1.6839957237243652           0.0  0.11091980486199839
1.6839957237243652  1.6845676898956299  0.0594045762958607  0.13798944901237428
1.6845676898956299  1.6851401329040527           0.0  0.11075811418435698
1.6851401329040527  1.6857129335403442           0.0  0.11068896239610453
1.6857129335403442  1.6862860918045044  0.11856204536919285  0.15758747298670595
1.6862860918045044  1.6868597269058228           0.0  0.1105279435397511
1.6868597269058228  1.6874336004257202  0.05920713690642701  0.1375308218449048
1.6874336004257202  1.6880079507827759           0.0  0.11039029977444628
1.6880079507827759  1.6885826587677002  0.05912116927349919  0.13733112971611114
1.6885826587677002  1.6891578435897827           0.0  0.11023014804420356
1.6891578435897827  1.6897333860397339           0.0  0.11016165375171544
1.6897333860397339  1.6903092861175537  0.11799758106708326  0.1568372117822567
1.6903092861175537  1.6908855438232422           0.0  0.11002492021375303
1.6908855438232422  1.6914622783660889  0.058913426429834555  0.13684856890478952
1.6914622783660889  1.6920393705368042           0.0  0.10986582613370835
1.6920393705368042  1.6926168203353882           0.0  0.1097977837145504
1.6926168203353882  1.6931947469711304  0.05879190533571361  0.13656629050358327
1.6931947469711304  1.6937730312347412           0.0  0.10963934535421196
1.6937730312347412  1.6943516731262207  0.117438466035245  0.15609406059334202
1.6943516731262207  1.6949307918548584  0.05867088453428152  0.13628517422012595
1.6949307918548584  1.6955102682113647  0.23453870155732534  0.18642599276521407
1.6955102682113647  1.6960901021957397  0.058598510910267194  0.1361170592848215
1.6960901021957397  1.6966702938079834  0.05856239101449345  0.1360331572552644
1.6966702938079834  1.6972509622573853  0.11702860072573994  0.15554928559229772
1.6972509622573853  1.6978321075439453  0.1753988658877167  0.17168577291662154
1.6978321075439453  1.6984134912490845           0.0  0.10905484197524752
1.6984134912490845  1.6989953517913818           0.0  0.10896547107422294
1.6989953517913818  1.6995775699615479           0.0  0.10889853896668349
1.6995775699615479  1.700160264968872  0.058310793180756874  0.13544872675150813
1.700160264968872  1.700743317604065           0.0  0.1087426833599023
1.700743317604065  1.7013267278671265  0.05823930467256633  0.1352826678302762
1.7013267278671265  1.7019106149673462  0.058191742970097916  0.13517218790554753
1.7019106149673462  1.7024948596954346           0.0  0.10852080479764989
1.7024948596954346  1.7030794620513916           0.0  0.10845441768215378
1.7030794620513916  1.7036645412445068           0.0  0.10836602777369238
1.7036645412445068  1.7042499780654907  0.058037702518334275  0.13481437107745303
1.7042499780654907  1.7048357725143433           0.0  0.10823371272146566
1.7048357725143433  1.705422043800354           0.0  0.1081456820482477
1.705422043800354  1.706008791923523           0.0  0.10805779445617275
1.706008791923523  1.706595778465271           0.0  0.10801390420659672
1.706595778465271  1.7071832418441772  0.05783749128805593  0.13434930526813552
1.7071832418441772  1.7077711820602417           0.0  0.1078386991713873
1.7077711820602417  1.7083594799041748           0.0  0.10777314373116154
1.7083594799041748  1.7089481353759766           0.0  0.10770766794517662
1.7089481353759766  1.709537148475647  0.057685318167889015  0.13399582601930213
1.709537148475647  1.7101267576217651  0.057627003046409137  0.1338603672384496
1.7101267576217651  1.7107166051864624  0.11520741999496346  0.15312865200486706
1.7107166051864624  1.7113069295883179  0.11511436068963635  0.15300496165591318
1.7113069295883179  1.711897611618042  0.05752233240515431  0.13361723034538278
1.711897611618042  1.7124887704849243  0.05747593407290574  0.13350945278511225
1.7124887704849243  1.7130802869796753           0.0  0.1071867118728904
1.7130802869796753  1.7136722803115845           0.0  0.1071003754154817
1.7136722803115845  1.7142646312713623  0.057360265056860454  0.1332407680340857
1.7142646312713623  1.7148573398590088           0.0  0.10697113119736168
1.7148573398590088  1.7154505252838135           0.0  0.10688514154205833
1.7154505252838135  1.7160440683364868  0.17173518200494453  0.16809964711157463
1.7160440683364868  1.7166380882263184  0.05719910838200675  0.13286642110402808
1.7166380882263184  1.7172324657440186  0.05716469255265536  0.1327864774090196
1.7172324657440186  1.717827320098877  0.057118869151811545  0.13268003534296027
1.717827320098877  1.718422532081604  0.22833819913281764  0.1814974465915693
1.718422532081604  1.7190182209014893  0.11407770945268746  0.15162709027818333
1.7190182209014893  1.7196142673492432           0.0  0.10637209286265643
1.7196142673492432  1.7202106714248657           0.0  0.10630830787792968
1.7202106714248657  1.7208075523376465  0.11384987300480912  0.15132426005993255
1.7208075523376465  1.7214049100875854  0.056879496521161366  0.1321240024668473
1.7214049100875854  1.722002625465393           0.0  0.10607508263128883
1.722002625465393  1.7226006984710693           0.0  0.10601165324163488
1.7226006984710693  1.7231992483139038           0.0  0.10592719862841708
1.7231992483139038  1.723798155784607  0.11346463259058105  0.15081221539014375
1.723798155784607  1.7243975400924683           0.0  0.1057797263948453
1.7243975400924683  1.7249974012374878  0.11328424366754358  0.15057245034182876
1.7249974012374878  1.725597620010376  0.056608372803880765  0.13149421576194079
1.725597620010376  1.7261981964111328  0.11314932793471204  0.15039312626440696
1.7261981964111328  1.7267992496490479  0.11305956250199906  0.1502738139865296
1.7267992496490479  1.7274006605148315  0.05649616592022589  0.13123357311424613
1.7274006605148315  1.7280025482177734  0.2822570380942163  0.1918171321467713
1.7280025482177734  1.7286049127578735           0.0  0.10525637528463926
1.7286049127578735  1.7292076349258423  0.1691197530068471  0.16553958523902887
1.7292076349258423  1.7298107147216797           0.0  0.10513154068260173
1.7298107147216797  1.7304142713546753  0.16888593150357867  0.1653107136023168
1.7304142713546753  1.731018304824829  0.3937560883111856  0.21284666150218845
1.731018304824829  1.7316226959228516  0.11243517044084403  0.14944389943196887
1.7316226959228516  1.7322275638580322  0.05617326706100505  0.13048351918828768
1.7322275638580322  1.7328327894210815  0.16842022280926114  0.1648548636928363
1.7328327894210815  1.733438491821289           0.0  0.10467633621595791
1.733438491821289  1.7340445518493652           0.0  0.1046145681182695
1.7340445518493652  1.7346510887145996           0.0  0.10453232396094382
1.7346510887145996  1.7352579832077026           0.0  0.10447072565572231
1.7352579832077026  1.7358653545379639  0.055941738384207976  0.12994570684227122
1.7358653545379639  1.7364732027053833  0.22359141562466336  0.17772440690953237
1.7364732027053833  1.7370814085006714           0.0  0.10424548496928307
1.7370814085006714  1.7376900911331177  0.11164244303468063  0.14839024091658484
1.7376900911331177  1.7382991313934326           0.0  0.10410265498400514
1.7382991313934326  1.7389086484909058  0.055744798957077964  0.12948824102510695
1.7389086484909058  1.7395185232162476  0.05571211045104371  0.12941230968752382
1.7395185232162476  1.7401288747787476  0.05566858536475383  0.12931120632058044
1.7401288747787476  1.7407397031784058  0.22250051293328618  0.17685728938948195
1.7407397031784058  1.7413508892059326  0.1667777396533292  0.1632471509593388
1.7413508892059326  1.7419625520706177  0.44439393033333013  0.21986611894697183
1.7419625520706177  1.742574691772461  0.6660716426115822  0.25370191498453437
1.742574691772461  1.7431871891021729  0.33284136675851256  0.1995980947547589
1.7431871891021729  1.7438000440597534  0.720735468173121  0.26102263078521315
1.7438000440597534  1.7444134950637817  0.5538732162214139  0.23698680893453478
1.7444134950637817  1.7450273036956787  0.6642606107614051  0.25301210593233325
1.7450273036956787  1.7456414699554443  0.49790535978413364  0.2280682602644627
1.7456414699554443  1.7462561130523682  0.49751908720090315  0.22789132600514192
1.7462561130523682  1.7468712329864502  0.11047409188664327  0.1468373197907136
1.7468712329864502  1.7474867105484009  0.5520495004213435  0.23620649211255396
1.7474867105484009  1.7481026649475098  0.3309732808990203  0.19847784223920095
1.7481026649475098  1.7487190961837769  0.220478172165956  0.17524980677464813
1.7487190961837769  1.7493360042572021  0.11015387712755154  0.14641170437103038
1.7493360042572021  1.749953269958496  0.05504502840238309  0.1278627609813387
1.749953269958496  1.7505708932876587  0.16503946558629973  0.16154567515316157
1.7505708932876587  1.751189112663269  0.05496011513064782  0.12766551800257844
1.751189112663269  1.751807689666748  0.05492834015562528  0.12759170868401845
1.751807689666748  1.7524266242980957  0.16468980570158298  0.1612034173668201
1.7524266242980957  1.7530461549758911  0.21937514494326696  0.17437305192066682
1.7530461549758911  1.7536660432815552  0.05481214558991146  0.12732180314641764
1.7536660432815552  1.754286289215088  0.05478054143139335  0.12724839061337145
1.754286289215088  1.7549071311950684  0.05472794874568732  0.1271262243397411
1.7549071311950684  1.7555283308029175  0.2187857663155169  0.17390457701625517
1.7555283308029175  1.7561498880386353           0.0  0.10200622637385544
1.7561498880386353  1.7567720413208008  0.2184503982123316  0.17363800552437356
1.7567720413208008  1.757394552230835  0.16374367506752563  0.16027731577336846
1.757394552230835  1.7580175399780273  0.16361834504451184  0.16015463891475892
1.7580175399780273  1.7586408853530884  0.10901631557373861  0.14489970742399735
1.7586408853530884  1.7592648267745972  0.2722804328119408  0.1850371991228598
1.7592648267745972  1.7598891258239746  0.10884978310771037  0.14467835977087687
1.7598891258239746  1.7605137825012207           0.0  0.101500088609405
1.7605137825012207  1.7611390352249146  0.16302563797952696  0.15957447911697425
1.7611390352249146  1.761764645576477  0.16293244497001122  0.15948325894979612
1.761764645576477  1.7623907327651978  0.10853890215824052  0.14426515044175214
1.7623907327651978  1.763017177581787  0.054238469470511814  0.12598922480711164
1.763017177581787  1.7636442184448242  0.10837382398005307  0.14404573576427415
1.7636442184448242  1.76427161693573  0.10831204904713645  0.14396362723163256
1.76427161693573  1.764899492263794  0.21645958387510125  0.17205558208310337
1.764899492263794  1.7655277252197266  0.10816818105029966  0.14377240419735904
1.7655277252197266  1.7661564350128174  0.10808614223266577  0.14366336179751274
1.7661564350128174  1.766785740852356  0.10798376854235257  0.14352729117637472
1.766785740852356  1.7674152851104736  0.16191431001753814  0.1584866773278792
1.7674152851104736  1.768045425415039           0.0  0.10061681125866104
1.768045425415039  1.7686759233474731  0.10777960184062757  0.14325592174703766
1.7686759233474731  1.769307017326355  0.10767780773235347  0.14312062148093732
1.769307017326355  1.7699384689331055  0.21523364702098519  0.17108113098578545
1.7699384689331055  1.7705702781677246  0.10755590832737344  0.14295859813586456
1.7705702781677246  1.7712026834487915  0.37609087643219175  0.2032976501096303
1.7712026834487915  1.771835446357727  0.2147876089431346  0.17072659209338836
1.771835446357727  1.7724686861038208  0.1609694034643484  0.15756177390220819
1.7724686861038208  1.7731024026870728           0.0  0.1000489962967047
1.7731024026870728  1.773736596107483  0.10715156280734571  0.14242115979700792
1.773736596107483  1.7743711471557617  0.21418234609621611  0.17024549142057213
1.7743711471557617  1.7750062942504883  0.2139813491498045  0.1700857265074522
1.7750062942504883  1.7756417989730835  0.16039569896878988  0.15700021440039955
1.7756417989730835  1.776277780532837  0.1602754397755612  0.15688250102502907
1.776277780532837  1.776914119720459  0.3203707273145818  0.19211970978830112
1.776914119720459  1.7775510549545288  0.21338061543517847  0.1696082258715526
1.7775510549545288  1.7781883478164673  0.1066304366133706  0.14172850170596374
1.7781883478164673  1.7788262367248535  0.1065308006232628  0.14159606991591892
1.7788262367248535  1.7794644832611084           0.0  0.09933889882579047
1.7794644832611084  1.7801032066345215  0.053195811322795744  0.12356725949260391
1.7801032066345215  1.7807422876358032  0.21266417240629704  0.16903875225362908
1.7807422876358032  1.7813819646835327  0.2124660134681622  0.16888124316654968
1.7813819646835327  1.7820221185684204           0.0  0.0990429170043356
1.7820221185684204  1.7826626300811768  0.053047302636802456  0.12322229226900647
1.7826626300811768  1.7833036184310913           0.0  0.09891397885684994
1.7833036184310913  1.783945083618164           0.0  0.09884045053210969
1.783945083618164  1.784587025642395  0.05292909137744468  0.12294770220266885
1.784587025642395  1.7852294445037842  0.10577960922899966  0.1405976192466287
1.7852294445037842  1.7858723402023315  0.10570115225942504  0.14049333768219585
1.7858723402023315  1.7865155935287476           0.0  0.09856569019890331
1.7865155935287476  1.7871594429016113           0.0  0.09847444256865066
1.7871594429016113  1.7878036499023438  0.21097198894710556  0.1676936992656746
1.7878036499023438  1.788448452949524  0.05269424238630793  0.12240217717902972
1.788448452949524  1.7890936136245728  0.052665032717579385  0.12233432674822096
1.7890936136245728  1.7897392511367798  0.10525227365861876  0.1398967079246828
1.7897392511367798  1.790385365486145  0.2103491934077783  0.16719866251507481
1.790385365486145  1.7910319566726685  0.36783962010928783  0.1988373956179183
1.7910319566726685  1.79167902469635  0.42007834497795077  0.2078358615174857
1.79167902469635  1.7923264503479004  0.20992315011418863  0.16686001672467418
1.7923264503479004  1.7929744720458984  0.10486503203367903  0.13938200333334844
1.7929744720458984  1.7936229705810547           0.0  0.09776846770464745
1.7936229705810547  1.7942718267440796  0.10473016978414094  0.13920275034357563
1.7942718267440796  1.7949212789535522  0.10463405178690881  0.13907499451543356
1.7949212789535522  1.7955710887908936  0.05228823281371117  0.12145906739339052
1.7955710887908936  1.7962214946746826  0.052240314711792454  0.12134775959702562
1.7962214946746826  1.7968722581863403  0.10442321196832373  0.13879475547171316
1.7968722581863403  1.7975234985351562  0.05217337672845316  0.1211922709795665
1.7975234985351562  1.79817533493042           0.0  0.09726782449035885
1.79817533493042  1.7988275289535522  0.20838834367942943  0.1656400568144225
1.7988275289535522  1.7994801998138428           0.0  0.09714346380151273
1.7994801998138428  1.8001333475112915  0.15606305369640788  0.1527592887330772
1.8001333475112915  1.8007869720458984           0.0  0.09700172611951162
1.8007869720458984  1.8014410734176638           0.0  0.09693101226774224
1.8014410734176638  1.8020957708358765  0.207591520078395  0.16500669170284285
1.8020957708358765  1.802750825881958  0.10373909265424554  0.13788545407098857
1.802750825881958  1.8034063577651978  0.15549544848201832  0.15220369939416803
1.8034063577651978  1.8040623664855957           0.0  0.09664918486521573
1.8040623664855957  1.8047188520431519  0.10351304051844547  0.13758499548212857
1.8047188520431519  1.8053758144378662           0.0  0.09650888483274944
1.8053758144378662  1.8060332536697388  0.10336288560926188  0.13738541615957972
1.8060332536697388  1.806691288948059  0.15490388971061936  0.15162466358125543
1.806691288948059  1.807349681854248  0.10321316569528866  0.13718641501359446
1.807349681854248  1.8080085515975952           0.0  0.0962295032229568
1.8080085515975952  1.8086678981781006  0.10306387888900366  0.1369879895353611
1.8086678981781006  1.8093277215957642  0.10298939731437746  0.13688899189161377
1.8093277215957642  1.8099881410598755  0.36013756308172873  0.1946740133270016
1.8099881410598755  1.8106489181518555  0.15426113498152963  0.15099551559959046
1.8106489181518555  1.8113102912902832  0.2054961478497041  0.1633411591261185
1.8113102912902832  1.8119720220565796  0.10269254443074748  0.13649442805261794
1.8119720220565796  1.8126343488693237           0.0  0.09572722539835893
1.8126343488693237  1.8132970333099365  0.05127237939693103  0.11909936613804133
1.8132970333099365  1.8139603137969968  0.05122630428965403  0.1189923393892152
1.8139603137969968  1.8146240711212158  0.05118950378366456  0.11890685638670084
1.8146240711212158  1.8152881860733032           0.0  0.09546947842636549
1.8152881860733032  1.8159528970718384  0.1022321223341247  0.1358824551865284
1.8159528970718384  1.8166180849075317  0.10215883765861636  0.13578504840861688
1.8166180849075317  1.8172837495803833           0.0  0.09524721782114652
1.8172837495803833  1.817949891090393  0.10201258305924825  0.13559065320688657
1.817949891090393  1.8186166286468506  0.05096069319998921  0.11837535783325082
1.8186166286468506  1.8192837238311768  0.05093337331442809  0.11831189713391203
1.8192837238311768  1.8199512958526611  0.15269097700046766  0.14945859695866606
1.8199512958526611  1.8206194639205933           0.0  0.09489035937792724
1.8206194639205933  1.8212881088256836  0.05081532484712776  0.11803768521329502
1.8212881088256836  1.8219572305679321  0.15233733675443056  0.14911244307296098
1.8219572305679321  1.8226267099380493           0.0  0.09470449863128244
1.8226267099380493  1.8232969045639038  0.1013956446344858  0.1347706456990541
1.8232969045639038  1.823967456817627  0.1013415669573474  0.13469876802134792
1.823967456817627  1.8246384859085083  0.0506347765264771  0.11761829389969297
1.8246384859085083  1.8253101110458374  0.05058983973509756  0.1175139113172474
1.8253101110458374  1.8259820938110352  0.10112583184940203  0.13441202237361757
1.8259820938110352  1.8266546726226807  0.20207242613792245  0.16061977150508783
1.8266546726226807  1.8273277282714844  0.050482316164991076  0.11726414742496843
1.8273277282714844  1.8280012607574463  0.10089315294426181  0.13410275577346586
1.8280012607574463  1.8286752700805664  0.20164354939337786  0.16027887351109046
1.8286752700805664  1.8293498754501343  0.0503663468930093  0.11699476521671175
1.8293498754501343  1.8300248384475708  0.10067932075857987  0.13381853940658464
1.8300248384475708  1.830700397491455  0.1508857369335837  0.1476915727842827
1.830700397491455  1.8313764333724976  0.050259770246436186  0.11674720091013432
1.8313764333724976  1.8320529460906982  0.10044868971543246  0.13351199473481623
1.8320529460906982  1.8327300548553467  0.10036026657307733  0.133394466570437
1.8327300548553467  1.8334075212478638  0.05015364368600028  0.1165006820977251
1.8334075212478638  1.8340855836868286  0.050109556446473205  0.11639827291866592
1.8340855836868286  1.8347641229629517  0.050074342422266264  0.1163164751161932
1.8347641229629517  1.835443139076233           0.0  0.09337437926848353
1.835443139076233  1.836122751235962           0.0  0.09329248628543804
1.836122751235962  1.8368027210235596  0.09993799336168992  0.1328331995301687
1.8368027210235596  1.837483286857605  0.049925233327647506  0.11597011321796669
1.837483286857605  1.8381643295288086  0.2993416667959457  0.17950901642743766
1.8381643295288086  1.83884596824646  0.29907991297748127  0.1793520480674976
1.83884596824646  1.83952796459198  0.5978461606031245  0.2277153178544982
1.83952796459198  1.8402105569839478  0.5973241154052524  0.22751647458008803
1.8402105569839478  1.840893626213074  0.34819582887820744  0.18821885407176933
1.840893626213074  1.841577172279358  0.4970756140000562  0.21268470854159613
1.841577172279358  1.8422613143920898  0.09932850917147225  0.13202309986410213
1.8422613143920898  1.8429459333419798  0.19851865371243746  0.15779501146299835
1.8429459333419798  1.8436310291290285  0.29757072253421424  0.17844701772216573
1.8436310291290285  1.8443166017532349  0.24780312734101195  0.16840283432609318
1.8443166017532349  1.8450027704238892  0.14855272258558355  0.14540794700634643
1.8450027704238892  1.8456894159317017  0.1484495609726769  0.1453069692653698
1.8456894159317017  1.8463765382766726  0.19779539005374566  0.1572201163829654
1.8463765382766726  1.8470642566680908  0.09881198026265614  0.13133655228294797
1.8470642566680908  1.8477524518966675           0.0  0.0921289562295656
1.8477524518966675  1.8484411239624023           0.0  0.09206516605734502
1.8484411239624023  1.8491302728652954  0.1479103046536272  0.14477912869201348
1.8491302728652954  1.8498200178146362  0.04926082908184231  0.11442678471506598
1.8498200178146362  1.8505102396011353  0.04922679742099129  0.11434773339574641
1.8505102396011353  1.8512009382247925           0.0  0.09179504044067695
1.8512009382247925  1.8518922328948975  0.049150397838858356  0.11417026666000547
1.8518922328948975  1.8525840044021606  0.0982330370730793  0.13056704637602656
1.8525840044021606  1.8532763719558716  0.04907423503228987  0.1139933499244786
1.8532763719558716  1.8539690971374514  0.04904889985672832  0.11393449945984506
1.8539690971374514  1.8546624183654785  0.2940403958744473  0.1763299537225378
1.8546624183654785  1.8553563356399536  0.09792927574902581  0.1301633001408834
1.8553563356399536  1.856050729751587  0.14679304226654402  0.14368551810618543
1.856050729751587  1.8567456007003784  0.097794872900168  0.12998465776635482
1.8567456007003784  1.8574409484863281  0.04886390486328469  0.11350477907789676
1.8574409484863281  1.8581368923187256  0.09764410999230545  0.12978427031861633
1.8581368923187256  1.8588333129882812  0.04878862668051003  0.11332991721351793
1.8588333129882812  1.8595303297042844  0.048746905604178284  0.11323300433753766
1.8595303297042844  1.8602278232574463  0.14614074024993107  0.1430470249475754
1.8602278232574463  1.8609259128570557           0.0  0.0908231667201643
1.8609259128570557  1.8616243600845337  0.04864706555172207  0.1130010883019921
1.8616243600845337  1.862323522567749  0.04859729873274332  0.11288548616562177
1.862323522567749  1.863023042678833  0.04857245348799243  0.11282777374938169
1.863023042678833  1.8637231588363647  0.14559330345694177  0.14251117707620128
1.8637231588363647  1.8644238710403442  0.19395927667066323  0.1541709341326481
1.8644238710403442  1.865125060081482  0.8722231940183124  0.2582811447290467
1.865125060081482  1.8658267259597778  0.6779347942483104  0.23439948201941763
1.8658267259597778  1.8665289878845215  0.6773593955093455  0.2342005349119491
1.8665289878845215  1.8672317266464233  0.4351498581183811  0.19932276113358977
1.8672317266464233  1.8679349422454834  0.3865375922258547  0.19124140639378073
1.8679349422454834  1.8686388731002808  0.1448043134974799  0.141738889579768
1.8686388731002808  1.8693431615829468  0.24121797314449867  0.16392767437526204
1.8693431615829468  1.8700480461120605  0.14460840033868066  0.14154712378970574
1.8700480461120605  1.8707534074783325  0.048170214140195976  0.11189342172745846
1.8707534074783325  1.8714593648910522           0.0  0.08981095310930129
1.8714593648910522  1.8721659183502197  0.04808894163447606  0.11170463579574351
1.8721659183502197  1.8728729486465454           0.0  0.0896746694171779
1.8728729486465454  1.8735804557800293           0.0  0.08961423156078892
1.8735804557800293  1.874288558959961  0.047983696476016774  0.11146016437060131
1.874288558959961  1.8749971389770508           0.0  0.08947854379429378
1.8749971389770508  1.8757063150405884           0.0  0.08940333910124092
1.8757063150405884  1.8764159679412842  0.143636732941814  0.14059602603200572
1.8764159679412842  1.8771262168884277           0.0  0.08926828874006079
1.8771262168884277  1.8778369426727295  0.04780663486540416  0.11104887225115259
1.8778369426727295  1.878548264503479  0.09553315135496551  0.1269784766415422
1.878548264503479  1.8792600631713867           0.0  0.08907393473677479
1.8792600631713867  1.8799724578857422  0.047694638063510646  0.11078871759728444
1.8799724578857422  1.8806854486465452           0.0  0.08892500657305598
1.8806854486465452  1.8813989162445068           0.0  0.0888655746554915
1.8813989162445068  1.8821128606796265           0.0  0.08880622212611156
1.8821128606796265  1.8828274011611936  0.04755141092219356  0.11045601874567527
1.8828274011611936  1.883542537689209  0.09502355628186401  0.12630114521084296
1.883542537689209  1.8842581510543823  0.09496023890306168  0.12621698652675034
1.8842581510543823  1.8849743604660034           0.0  0.08852537688303631
1.8849743604660034  1.8856910467147825           0.0  0.08846647776338107
1.8856910467147825  1.8864083290100098  0.09473929103122863  0.1259233123017862
1.8864083290100098  1.887126088142395  0.04733817589562193  0.10996070027592955
1.887126088142395  1.887844443321228  0.09459779524312632  0.12573524230336577
1.887844443321228  1.8885633945465088           0.0  0.08818777388713019
1.8885633945465088  1.8892828226089478           0.0  0.08812932300137236
1.8892828226089478  1.8900028467178345  0.047189264415155564  0.10961479741082314
1.8900028467178345  1.8907233476638794           0.0  0.08799809138207845
1.8907233476638794  1.891444444656372           0.0  0.08792535366395804
1.891444444656372  1.8921661376953127           0.0  0.08785273609400704
1.8921661376953127  1.8928883075714111  0.04704905200852216  0.10928910141326764
1.8928883075714111  1.8936110734939575  0.04701025186665671  0.10919897350509183
1.8936110734939575  1.8943344354629514           0.0  0.08765004355857703
1.8943344354629514  1.895058274269104  0.09388114527913444  0.12478270258890804
1.895058274269104  1.895782709121704  0.04690195113831489  0.10894740437080332
1.895782709121704  1.8965076208114626           0.0  0.08746266474479843
1.8965076208114626  1.8972331285476685           0.0  0.08739080912149934
1.8972331285476685  1.8979592323303223           0.0  0.08731907146827815
1.8979592323303223  1.8986858129501345           0.0  0.08726176608910906
1.8986858129501345  1.8994129896163938  0.14017532314805592  0.13720789229000674
1.8994129896163938  1.9001407623291016           0.0  0.08711883117332023
1.9001407623291016  1.9008691310882568           0.0  0.08704753916747662
1.9008691310882568  1.9015979766845705  0.13985434596047733  0.13689371000462464
1.9015979766845705  1.9023274183273315           0.0  0.08691950716022948
1.9023274183273315  1.903057336807251  0.04654959285767428  0.10812891986956913
1.903057336807251  1.9037878513336182  0.046511611793005815  0.10804069457594188
1.9037878513336182  1.904518961906433  0.09294738531470394  0.12354158977989274
1.904518961906433  1.9052506685256958           0.0  0.08665045036058687
1.9052506685256958  1.9059828519821167           0.0  0.08659401893736278
1.9059828519821167  1.9067156314849854           0.0  0.08652358293692569
1.9067156314849854  1.9074490070343018  0.09266032414419363  0.12316004065671037
1.9074490070343018  1.908182978630066  0.04629253809770011  0.10753181360425074
1.908182978630066  1.9089174270629883           0.0  0.08632697034787894
1.9089174270629883  1.9096524715423584  0.09244993742054479  0.12288040384691569
1.9096524715423584  1.9103881120681763  0.09237503064901624  0.12278084105008624
1.9103881120681763  1.9111242294311523  0.046157596286241234  0.10721836054435172
1.9111242294311523  1.9118609428405764           0.0  0.08606156380471228
1.9118609428405764  1.912598371505737  0.09215103687931175  0.12248311835120247
1.912598371505737  1.9133361577987669  0.04605318420868309  0.10697582426262268
1.9133361577987669  1.9140746593475342  0.09201716128085678  0.12230517677479488
1.9140746593475342  1.9148136377334595           0.0  0.08579778420927282
1.9148136377334595  1.915553331375122  0.04593443304875739  0.10669998007435484
1.915553331375122  1.9162935018539429           0.0  0.08565960127448577
1.9162935018539429  1.9170341491699219  0.04587528682883303  0.10656259075508961
1.9170341491699219  1.9177755117416384  0.045831027024835866  0.1064597807302096
1.9177755117416384  1.9185173511505127           0.0  0.08546689126039554
1.9185173511505127  1.919259786605835  0.04576479721701021  0.10630593711646945
1.919259786605835  1.920002818107605  0.045728085523430065  0.10622066041414596
1.920002818107605  1.9207464456558228           0.0  0.08526137613229917
1.9207464456558228  1.9214906692504883  0.13696451564994697  0.1340650557373907
1.9214906692504883  1.9222354888916016           0.0  0.08512491426268923
1.9222354888916016  1.922980785369873  0.04558911661349002  0.10589785290488993
1.922980785369873  1.9237266778945923  0.09110537224469861  0.12109326676044145
1.9237266778945923  1.9244731664657593  0.04551631380829441  0.10572874103503223
1.9244731664657593  1.925220251083374  0.09095999906415816  0.12090004310197577
1.925220251083374  1.9259679317474367  0.13633122946466278  0.13344517585591223
1.9259679317474367  1.9267162084579468  0.045407544538413926  0.10547608353697122
1.9267162084579468  1.9274649620056152  0.04537862714019099  0.1054089120142289
1.9274649620056152  1.928214430809021           0.0  0.08459686087375252
1.928214430809021  1.928964376449585           0.0  0.08454307173951393
1.928964376449585  1.9297149181365967           0.0  0.0844759314347653
1.9297149181365967  1.930466055870056           0.0  0.08440889768504038
1.930466055870056  1.9312177896499634           0.0  0.08434197023677847
1.9312177896499634  1.9319701194763184           0.0  0.08427514883747143
1.9319701194763184  1.932723045349121           0.0  0.08420843323516185
1.932723045349121  1.9334765672683716  0.045091466076180926  0.10474187254570033
1.9334765672683716  1.93423068523407  0.04505582628318933  0.1046590857352477
1.93423068523407  1.9349853992462158  0.04502024278433478  0.10457642968908018
1.9349853992462158  1.93574059009552  0.044991816427393784  0.10451039879421813
1.93574059009552  1.9364964962005615           0.0  0.08387643341953668
1.9364964962005615  1.9372528791427612  0.08984181467849948  0.1194138014373652
1.9372528791427612  1.9380099773406982  0.04487846907062503  0.10424710696919724
1.9380099773406982  1.9387675523757935  0.08970044282219973  0.11922589616366361
1.9387675523757935  1.939525842666626           0.0  0.08361271251584378
1.939525842666626  1.9402846097946167  0.08955951518225912  0.1190385813228723
1.9402846097946167  1.941043972969055           0.0  0.08349457838515505
1.941043972969055  1.941804051399231  0.08940500535365631  0.11883321363234955
1.941804051399231  1.942564606666565  0.08934895205878984  0.11875871005016961
1.942564606666565  1.9433257579803467           0.0  0.08329842824013817
1.9433257579803467  1.9440876245498657  0.08919516728760432  0.11855430607417965
1.9440876245498657  1.944849967956543           0.0  0.08316817268385961
1.944849967956543  1.945612907409668  0.08906973658360612  0.11838758908126283
1.945612907409668  1.9463765621185303           0.0  0.08302536127275713
1.9463765621185303  1.9471406936645508           0.0  0.08297355137492701
1.9471406936645508  1.9479055404663086  0.08884761753975674  0.11809235818579836
1.9479055404663086  1.9486708641052246  0.044396130384351966  0.10312669413728533
1.9486708641052246  1.949436902999878  0.2217733870740271  0.15071346097246316
1.949436902999878  1.9502034187316895  0.04432708508048828  0.10296631047610759
1.9502034187316895  1.9509706497192383  0.04428576088681473  0.10287031950922496
1.9509706497192383  1.9517384767532349  0.04425138287029027  0.10279046364871476
1.9517384767532349  1.9525068998336792           0.0  0.08251015580410831
1.9525068998336792  1.9532759189605713           0.0  0.08244620435797276
1.9532759189605713  1.9540455341339111  0.04414856831901171  0.10255163822202165
1.9540455341339111  1.9548157453536987           0.0  0.08231859840787528
1.9548157453536987  1.955586552619934           0.0  0.08225494344467711
1.955586552619934  1.9563579559326172  0.04404623042304738  0.10231392000639342
1.9563579559326172  1.957129955291748  0.08802444628398383  0.11699823504016094
1.957129955291748  1.9579026699066162  0.08794296731488419  0.1168899367664428
1.9579026699066162  1.9586758613586428           0.0  0.08200130501281676
1.9586758613586428  1.959449768066406  0.043903751858857545  0.10198296000643126
1.959449768066406  1.9602242708206177           0.0  0.08186246949563332
1.9602242708206177  1.960999369621277  0.04383622840163918  0.10182611140590311
1.960999369621277  1.9617750644683838  0.043802544500940704  0.10174786789020458
1.9617750644683838  1.962551474571228  0.13128657626326098  0.12850731505735144
1.962551474571228  1.9633283615112305  0.13120599527430088  0.12842843992151756
1.9633283615112305  1.9641059637069702  0.04369510303043685  0.10149829470510068
1.9641059637069702  1.9648840427398682  0.043668324968215044  0.10143609259405113
1.9648840427398682  1.9656628370285034  0.2617693161495848  0.15697765358180793
1.9656628370285034  1.9664422273635864           0.0  0.08134910742020224
1.9664422273635864  1.9672223329544067  0.1742195336598653  0.13848055483369584
1.9672223329544067  1.9680029153823853  0.13058483066625212  0.1278204250104658
1.9680029153823853  1.968784213066101  0.0434884279932163  0.10101821427546105
1.968784213066101  1.9695661067962646  0.08691055254384498  0.11551769631347496
1.9695661067962646  1.970348596572876  0.08684435011198648  0.11542970294333976
1.970348596572876  1.971131682395935  0.04338912423010193  0.10078754397341631
1.971131682395935  1.9719154834747314  0.17339811836808494  0.13782764271204648
1.9719154834747314  1.9726998805999754  0.04331658922000309  0.10061905415829168
1.9726998805999754  1.9734848737716675  0.04328369887129218  0.10054265396525201
1.9734848737716675  1.9742704629898074  0.1297525752962636  0.12700578800732829
1.9742704629898074  1.9750567674636843  0.12963454687729214  0.1268902581820088
1.9750567674636843  1.9758435487747192  0.04318532682842728  0.10031414793356949
1.9758435487747192  1.9766310453414917  0.25887661858995425  0.1552429625870347
1.9766310453414917  1.9774192571640017  0.08621390110933433  0.11459173776767524
1.9774192571640017  1.9782079458236694  0.12924266493392678  0.12650667215368283
1.9782079458236694  1.9789973497390747  0.08608370796361813  0.1144186907460106
1.9789973497390747  1.9797873497009275  0.08601875873475771  0.1143323630783605
1.9797873497009275  1.980578064918518  0.04297047445612236  0.09981507257065972
1.980578064918518  1.9813693761825562  0.042938107422045735  0.09973988797248745
1.9813693761825562  1.982161283493042  0.04290578911147668  0.0996648165529688
1.982161283493042  1.9829537868499756           0.0  0.08000307826613751
1.9829537868499756  1.9837470054626465           0.0  0.07993093843000934
1.9837470054626465  1.9845408201217651  0.1284080899838743  0.12568976467465537
1.9845408201217651  1.9853352308273315  0.12831174537854423  0.12559545962913116
1.9853352308273315  1.9861303567886353           0.0  0.07973920004696886
1.9861303567886353  1.9869260787963867  0.08540019687416918  0.11351019777079883
1.9869260787963867  1.987722396850586  0.17067254914223928  0.1356611902442673
1.987722396850586  1.9885194301605225           0.0  0.07954837934688637
1.9885194301605225  1.989317059516907           0.0  0.07948893503409568
1.989317059516907  1.990115284919739  0.12769854707327044  0.12499524237881272
1.990115284919739  1.990914225578308  0.17011229905557676  0.13521586852162898
1.990914225578308  1.9917138814926147  0.08498007068203327  0.11295178445439506
1.9917138814926147  1.9925140142440796  0.08492942701654935  0.11288447111443417
1.9925140142440796  1.9933148622512817  0.12728036189381048  0.12458590993875111
1.9933148622512817  1.9941164255142212  0.042388928772685845  0.09846421421198272
1.9941164255142212  1.9949184656143188  0.04236372726925381  0.0984056742510957
1.9949184656143188  1.9957213401794434           0.0  0.07896963092996023
1.9957213401794434  1.996524691581726  0.0845891547907819  0.11243219618935779
1.996524691581726  1.9973287582397459  0.04225695434657054  0.09815765401950402
1.9973287582397459  1.9981335401535036  0.08443879634643232  0.11223234633678922
1.9981335401535036  1.9989389181137085  0.08437630463813446  0.11214928509773403
1.9989389181137085  1.9997448921203613  0.084313905359426  0.112066346712037
1.9997448921203613  2.000551700592041  0.21056675315273315  0.14309762118928016
2.000551700592041  2.001358985900879  0.12626542693482262  0.12359246056830034
2.001358985900879  2.002166986465454  0.042051218215924994  0.09767975455316787
2.002166986465454  2.0029754638671875  0.1681056662150042  0.13362087154699284
2.0029754638671875  2.0037848949432373  0.1259307026807981  0.12326482223395141
2.0037848949432373  2.0045948028564453  0.5873306150935464  0.20307261571479132
2.0045948028564453  2.0054054260253906  0.9640489136107958  0.24618444933791808
2.0054054260253906  2.006216526031494  1.298606388755692  0.2779316623590202
2.006216526031494  2.007028579711914  1.0878746452959527  0.25824637731341393
2.007028579711914  2.007841110229492  0.7945187770368622  0.2276545959971775
2.007841110229492  2.0086543560028076  0.6684799931223444  0.21277200788932563
2.0086543560028076  2.0094680786132812  0.5010662005289299  0.190852524677056
2.0094680786132812  2.0102827548980713  0.1251199109163914  0.12247119446422738
2.0102827548980713  2.0110979080200195  0.25009343995396865  0.14997587172418123
2.0110979080200195  2.011913776397705           0.0  0.07771193224916456
2.011913776397705  2.012730360031128  0.041609220009859796  0.09665304764399588
2.012730360031128  2.013547420501709  0.08316987367013121  0.11054574994456992
2.013547420501709  2.0143654346466064  0.08307291083285911  0.11041687119208426
2.0143654346466064  2.015183925628662  0.04151225707362942  0.09642781479192714
2.015183925628662  2.016003131866455  0.08295202475772398  0.1102561947206173
2.016003131866455  2.0168228149414062  0.08290376878055253  0.11019205499128594
2.0168228149414062  2.017643451690674           0.0  0.07726038121924494
2.017643451690674  2.0184645652770996  0.16551867425524946  0.131564568936078
2.0184645652770996  2.0192863941192627  0.08268730985423255  0.109904347275904
2.0192863941192627  2.020108938217163  0.12392311176849549  0.12129973086500437
2.020108938217163  2.020932197570801  0.04127181538771208  0.09586929863327133
2.020932197570801  2.0217559337615967           0.0  0.07696967645633607
2.0217559337615967  2.022580623626709  0.04120022507481058  0.0957030032323463
2.022580623626709  2.0234057903289795  0.08235283359362601  0.10945977609362643
2.0234057903289795  2.0242316722869873           0.0  0.07676969750480402
2.0242316722869873  2.0250582695007324           0.0  0.07670326857705252
2.0250582695007324  2.0258853435516357           0.0  0.07665904645622401
2.0258853435516357  2.0267133712768555  0.12310242890910147  0.12049642138907717
2.0267133712768555  2.0275418758392334           0.0  0.07652668551270247
2.0275418758392334  2.0283710956573486  0.04097515196485618  0.09518018636592464
2.0283710956573486  2.029201030731201  0.12281951611643477  0.12021949769728958
2.029201030731201  2.030031681060791           0.0  0.0763289988968545
2.030031681060791  2.030863046646118           0.0  0.07626333012808749
2.030863046646118  2.0316948890686035           0.0  0.07621961368777333
2.0316948890686035  2.0325276851654053           0.0  0.0761323309924538
2.0325276851654053  2.0333609580993652  0.08155169014808  0.10839493134765124
2.0333609580993652  2.0341949462890625           0.0  0.07602350833523187
2.0341949462890625  2.035029649734497  0.12211789077443858  0.11953272535968723
2.035029649734497  2.035865068435669           0.0  0.07589333109493182
2.035865068435669  2.036701202392578  0.24381792734605612  0.14621257639719865
2.036701202392578  2.0375380516052246           0.0  0.07576359890502596
2.0375380516052246  2.0383753776550293  0.1217354030755437  0.11915833470508685
2.0383753776550293  2.0392136573791504           0.0  0.0756343094870993
2.0392136573791504  2.0400524139404297           0.0  0.07559131101666887
2.0400524139404297  2.0408918857574463  0.12142423618327447  0.11885375503671258
2.0408918857574463  2.0417320728302  0.12132086708323195  0.11875257420098326
2.0417320728302  2.0425729751586914           0.0  0.07539842136564817
2.0425729751586914  2.04341459274292           0.0  0.07533434338715046
2.04341459274292  2.0442569255828857  0.12101181307707598  0.1184500626901401
2.0442569255828857  2.045099973678589  0.04030304822787607  0.09361897290177768
2.045099973678589  2.0459437370300293  0.040268883451192374  0.09353961237092001
2.0459437370300293  2.046787977218628  0.040246139094541035  0.09348678005667492
2.046787977218628  2.047633171081543           0.0  0.0750155802980652
2.047633171081543  2.048478841781616           0.0  0.07497328225448016
2.048478841781616  2.049325466156006  0.08026560322938317  0.10668552099691386
2.049325466156006  2.0501725673675537           0.0  0.07484667384087844
2.0501725673675537  2.051020383834839  0.12022911574839971  0.11768393461312288
2.051020383834839  2.0518689155578613  0.040042590203363246  0.09301396127583193
2.0518689155578613  2.0527184009552           0.0  0.07463660739731717
2.0527184009552  2.0535683631896973  0.03997519734467596  0.09285741603946307
2.0535683631896973  2.0544190406799316  0.039941585911931  0.09277934085781554
2.0544190406799316  2.0552704334259033           0.0  0.07446940133201936
2.0552704334259033  2.0561225414276123  0.0398745323261807  0.09262358371032062
2.0561225414276123  2.0569753646850586  0.11952326966768506  0.11699303088740985
2.0569753646850586  2.057828903198242  0.03980770350105302  0.09246834865382288
2.057828903198242  2.058682918548584  0.07957095395520369  0.10576222363485235
2.058682918548584  2.059537887573242           0.0  0.07415790076872311
2.059537887573242  2.0603935718536377  0.07941575844735013  0.10555594456952942
2.0603935718536377  2.0612499713897705  0.07934943125488296  0.10546778537306266
2.0612499713897705  2.0621070861816406           0.0  0.07397224816596414
2.0621070861816406  2.062964916229248           0.0  0.07391057036037829
2.062964916229248  2.0638232231140137  0.039586549592713835  0.09195463560574609
2.0638232231140137  2.0646824836730957           0.0  0.07378752279596035
2.0646824836730957  2.065542459487915           0.0  0.07372615252471337
2.065542459487915  2.0664031505584717           0.0  0.07366488425391719
2.0664031505584717  2.0672645568847656  0.03944411251972594  0.09162377198469027
2.0672645568847656  2.0681264400482178  0.039422290050835355  0.09157308110115793
2.0681264400482178  2.0689892768859863           0.0  0.07348168890761014
2.0689892768859863  2.069852828979492  0.15738440478605167  0.12509894406842978
2.069852828979492  2.0707170963287354  0.07862707781173506  0.10450766484414925
2.0707170963287354  2.071582078933716  0.039281030466860475  0.09124495264076238
2.071582078933716  2.0724477767944336  0.15699430298404826  0.12478886681791594
2.0724477767944336  2.0733141899108887  0.07843234922056677  0.10424884013760075
2.0733141899108887  2.074181318283081  0.07836765385414891  0.10416284989278006
2.074181318283081  2.0750491619110107           0.0  0.07305775608698932
2.0750491619110107  2.0759177207946777           0.0  0.07299759323542167
2.0759177207946777  2.076786994934082           0.0  0.0729375293901923
2.076786994934082  2.0776569843292236           0.0  0.07287756430710909
2.0776569843292236  2.0785279273986816           0.0  0.07279776407244487
2.0785279273986816  2.079399347305298  0.1169725678799752  0.114496325987487
2.079399347305298  2.0802714824676514  0.1558355150724656  0.12386778988951687
2.0802714824676514  2.0811445713043213           0.0  0.07261885094392165
2.0811445713043213  2.0820181369781494           0.0  0.07257921183314441
2.0820181369781494  2.082892656326294  0.03885266590342688  0.09024991498928187
2.082892656326294  2.083767890930176  0.038820914882530595  0.09017616131318058
2.083767890930176  2.084643840789795           0.0  0.07238166362456208
2.084643840789795  2.0855202674865723  0.03876811167948036  0.0900535060339189
2.0855202674865723  2.086397647857666  0.07745194485530968  0.10294572963588074
2.086397647857666  2.087275743484497  0.038694428056956234  0.08988234813485906
2.087275743484497  2.0881547927856445  0.0386524487479712  0.08978483541651366
2.0881547927856445  2.08903431892395  0.038631493232249875  0.08973615835746432
2.08903431892395  2.089914560317993  0.11580030758432  0.1133488817671357
2.089914560317993  2.0907957553863525           0.0  0.0719508203887016
2.0907957553863525  2.09167742729187  0.07707494782789065  0.10244464171445135
2.09167742729187  2.092560052871704           0.0  0.07183420641724504
2.092560052871704  2.0934433937072754  0.038464663571867695  0.08934863378695976
2.0934433937072754  2.094327449798584           0.0  0.07171796983728185
2.094327449798584  2.09521222114563  0.11520741999496346  0.1127685452665764
2.09521222114563  2.096097707748413  0.11511436068963635  0.1126774559731462
2.096097707748413  2.0969841480255127           0.0  0.07152507588936016
2.0969841480255127  2.0978710651397705           0.0  0.07148662154748417
2.0978710651397705  2.0987589359283447  0.11480524586501327  0.11237488493132787
2.0987589359283447  2.0996475219726562           0.0  0.07135235636078377
2.0996475219726562  2.100536823272705  0.03820685751575598  0.08874978235407129
2.100536823272705  2.101426839828491  0.07635230567038297  0.10148413743906806
2.101426839828491  2.1023175716400146  0.03814549746621247  0.08860725058369535
2.1023175716400146  2.1032092571258545           0.0  0.07110434014883452
2.1032092571258545  2.1041016578674316           0.0  0.07104735029565618
2.1041016578674316  2.104994773864746           0.0  0.07099045172360947
2.104994773864746  2.105888605117798           0.0  0.07093364421356123
2.105888605117798  2.106783151626587           0.0  0.07087692754707919
2.106783151626587  2.1076784133911133  0.0379524842966098  0.08815890497488306
2.1076784133911133  2.108574628829956  0.0758241971448629  0.10078219873903727
2.108574628829956  2.109471559524536           0.0  0.07068852529416297
2.109471559524536  2.1103692054748535  0.07570336177092686  0.10062158965738144
2.1103692054748535  2.111267566680908           0.0  0.07057596394815316
2.111267566680908  2.1121666431427  0.037791455458438025  0.08778485499355233
2.1121666431427  2.1130666732788086  0.03775141153212445  0.08769183792865851
2.1130666732788086  2.1139674186706543  0.037721434233395926  0.08762220438874693
2.1139674186706543  2.1148688793182373  0.037691504505096486  0.08755268134903092
2.1148688793182373  2.1157710552215576           0.0  0.0702775454959411
2.1157710552215576  2.1166741847991943  0.037621852833624556  0.0873908891712476
2.1166741847991943  2.1175777912139893           0.0  0.07016628816797918
2.1175777912139893  2.1184823513031006  0.0751247119313494  0.09985247365841884
2.1184823513031006  2.1193878650665283           0.0  0.07001849187905243
2.1193878650665283  2.1202938556671143           0.0  0.06998164004122134
2.1202938556671143  2.1212007999420166  0.03746361160193738  0.08702331445338746
2.1212007999420166  2.1221084594726562           0.0  0.06985296352945655
2.1221084594726562  2.123016834259033  0.03740461378839103  0.08688626986369709
2.123016834259033  2.1239261627197266           0.0  0.06972475934888336
2.1239261627197266  2.1248362064361572           0.0  0.06966995864727302
2.1248362064361572  2.125746965408325  0.07461339190249729  0.09917284949215736
2.125746965408325  2.1266584396362305  0.03727742049013074  0.08659081563711377
2.1266584396362305  2.127570867538452           0.0  0.06948791015329008
2.127570867538452  2.128483772277832  0.07443801438170269  0.09893974538000551
2.128483772277832  2.1293978691101074           0.0  0.06936104125108009
2.1293978691101074  2.130312442779541  0.03715108929451767  0.08629736396785345
2.130312442779541  2.131227970123291  0.03711239024316922  0.08620747088038695
2.131227970123291  2.1321442127227783  0.037083418822214366  0.08614017386955136
2.1321442127227783  2.133061170578003  0.03705449259848409  0.08607298184625219
2.133061170578003  2.133979082107544           0.0  0.06907278757315354
2.133979082107544  2.1348977088928223  0.036987173250394446  0.08591660736586709
2.1348977088928223  2.135817050933838  0.03695839692265814  0.08584976353233555
2.135817050933838  2.13673734664917  0.07384019613148694  0.09814515156995883
2.13673734664917  2.1376583576202393  0.14756570389207332  0.11729442801342294
2.1376583576202393  2.138580083847046  0.1105883951374313  0.10824730250498318
2.138580083847046  2.139502763748169           0.0  0.06871582226269796
2.139502763748169  2.1404261589050293  0.03679617313033044  0.08547293782098783
2.1404261589050293  2.141350269317627           0.0  0.06860945102080525
2.141350269317627  2.142275333404541  0.036729788281899434  0.08531873406718708
2.142275333404541  2.1432011127471924           0.0  0.06848576671559133
2.1432011127471924  2.144127607345581  0.07334615467512599  0.0974884933247661
2.144127607345581  2.145055055618286  0.10990610169699469  0.1075794528237185
2.145055055618286  2.1459832191467285           0.0  0.06830984643119474
2.1459832191467285  2.1469123363494873  0.1097086824740337  0.10738621285200538
2.1469123363494873  2.1478421688079834  0.10962429117982292  0.10730360807288845
2.1478421688079834  2.148772716522217           0.0  0.06813482760867054
2.148772716522217  2.1497042179107666  0.036475960720186794  0.08472912418241256
2.1497042179107666  2.1506364345550537  0.0364479740495575  0.08466411462421634
2.1506364345550537  2.151569366455078  0.036420030292299975  0.08459920474845026
2.151569366455078  2.152503252029419           0.0  0.06789130256743454
2.152503252029419  2.153437852859497  0.03635499452392087  0.08444813473997088
2.153437852859497  2.1543734073638916  0.036317935406159484  0.08436205101444595
2.1543734073638916  2.1553096771240234  0.03629019061211352  0.08429760330549678
2.1553096771240234  2.1562466621398926  0.03626248817653176  0.08423325398999641
2.1562466621398926  2.157184600830078  0.14490246927683764  0.11517752298318576
2.157184600830078  2.158123254776001  0.03619801334360422  0.08408348696486816
2.158123254776001  2.1590628623962402           0.0  0.06747785642137558
2.1590628623962402  2.160003185272217  0.10840130213014945  0.10610650899702459
2.160003185272217  2.1609444618225098           0.0  0.06735821483197596
2.1609444618225098  2.16188645362854  0.03606974905942035  0.08378554497106704
2.16188645362854  2.1628291606903076           0.0  0.06725600206288344
2.1628291606903076  2.1637728214263916  0.036005957183873116  0.08363736437106768
2.1637728214263916  2.164717435836792           0.0  0.06712019993857675
2.164717435836792  2.1656625270843506  0.0719029155064429  0.0955702030928459
2.1656625270843506  2.1666088104248047           0.0  0.0670018221609073
2.1666088104248047  2.167555809020996           0.0  0.0669512165550456
2.167555809020996  2.168503522872925  0.07170393888491562  0.09530573209057637
2.168503522872925  2.169451951980591           0.0  0.06685023432796408
2.169451951980591  2.1704015731811523  0.10733987838345704  0.1050675549797301
2.1704015731811523  2.171351671218872           0.0  0.06673280606189237
2.171351671218872  2.1723029613494873  0.07143437520489714  0.09494743986467194
2.1723029613494873  2.1732547283172607           0.0  0.06661578961839706
2.1732547283172607  2.1742074489593506           0.0  0.06654910714630659
2.1742074489593506  2.175161123275757  0.10688368390032735  0.10462101787106624
2.175161123275757  2.1761155128479004           0.0  0.06643273348904349
2.1761155128479004  2.1770708560943604  0.03556565473765156  0.0826145965012942
2.1770708560943604  2.1780269145965576  0.03553904701590269  0.08255279006999648
2.1780269145965576  2.1789839267730713           0.0  0.06625068065686125
2.1789839267730713  2.1799416542053223  0.10643135066002225  0.10417826026494025
2.1799416542053223  2.1809003353118896  0.07088365010383975  0.0942154402039396
2.1809003353118896  2.1818597316741943  0.1416616088804869  0.11260148494429742
2.1818597316741943  2.1828200817108154  0.035380233002425474  0.08218388485121299
2.1828200817108154  2.183781385421753  0.1060354006947692  0.103790692332407
2.183781385421753  2.1847434043884277  0.03531885465520937  0.08204131057761732
2.1847434043884277  2.18570613861084  0.03529261479290981  0.08198035863810943
2.18570613861084  2.1866698265075684  0.03525768889999253  0.08189923012881886
2.1866698265075684  2.1876344680786133  0.07044566412939683  0.09363328844785987
2.1876344680786133  2.1885998249053955  0.03519673463417382  0.08175764094361221
2.1885998249053955  2.189566135406494  0.03516199815785093  0.08167695242553316
2.189566135406494  2.190533399581909  0.03512733017840025  0.08159642301717671
2.190533399581909  2.1915013790130615  0.10530412206928802  0.10307489445425246
2.1915013790130615  2.192470073699951  0.10522636859495679  0.10299878697619123
2.192470073699951  2.1934397220611572  0.03504095857727313  0.08139579252045388
2.1934397220611572  2.1944103240966797  0.03500652874816256  0.0813158163057445
2.1944103240966797  2.1953818798065186  0.13988866604541822  0.11119223936585344
2.1953818798065186  2.1963541507720947  0.06989287814309456  0.0928985495488085
2.1963541507720947  2.197327136993408  0.06984149891387886  0.09283025852978219
2.197327136993408  2.198301076889038  0.13954622133049677  0.11092004294145724
2.198301076889038  2.1992759704589844  0.06970485621607719  0.09264863904623163
2.1992759704589844  2.200251817703247  0.03481836758704369  0.08087874130972048
2.200251817703247  2.201228380203247           0.0  0.06492437308511746
2.201228380203247  2.2022058963775635  0.03475892159360239  0.08074065565382582
2.2022058963775635  2.203184127807617  0.03473350683250544  0.08068162032188299
2.203184127807617  2.2041633129119873  0.06939935648101768  0.09224258219139057
2.2041633129119873  2.205143451690674  0.10399774643670869  0.10179617404141693
2.205143451690674  2.2061243057250977  0.034640636493381095  0.08046589406433785
2.2061243057250977  2.207106113433838  0.034606988473474945  0.08038773389526127
2.207106113433838  2.2080888748168945           0.0  0.06451485496279502
2.2080888748168945  2.2090723514556885  0.03454826146273207  0.08025131834683294
2.2090723514556885  2.210056781768799  0.0690295851459287  0.09175109834343451
2.210056781768799  2.2110421657562256  0.034481388466917444  0.08009598068731814
2.2110421657562256  2.2120282649993896  0.03445637778862906  0.08003788398952753
2.2120282649993896  2.21301531791687  0.034423086602359855  0.07996055270064877
2.21301531791687  2.214003324508667  0.10316957905437003  0.10098553848558518
2.214003324508667  2.214992046356201  0.13745992624429207  0.10926172544389987
2.214992046356201  2.215981960296631  0.03432359791275766  0.07972945283735208
2.215981960296631  2.216972589492798  0.03429881553159322  0.07967188644541177
2.216972589492798  2.217963933944702  0.03427406891144055  0.07961440312185808
2.217963933944702  2.218956232070923  0.034241128912486735  0.07953788759747378
2.218956232070923  2.219949722290039           0.0  0.06381815026557261
2.219949722290039  2.2209436893463135  0.06836727202387613  0.09087078077717463
2.2209436893463135  2.2219388484954834           0.0  0.06371112413910904
2.2219388484954834  2.2229347229003906  0.03411816579692837  0.07925225955965666
2.2229347229003906  2.2239315509796143  0.06817104928666338  0.09060997011720667
2.2239315509796143  2.2249293327331543  0.03405294588620545  0.07910076181139448
2.2249293327331543  2.2259278297424316           0.0  0.06349814521409769
2.2259278297424316  2.2269275188446045           0.0  0.06342242598536635
2.2269275188446045  2.2279279232025146  0.06792734915813622  0.09028605459009559
2.2279279232025146  2.228929281234741           0.0  0.0633167219420574
2.228929281234741  2.229931354522705  0.033907108858855534  0.07876200051884033
2.229931354522705  2.2309346199035645           0.0  0.06319634794596984
2.2309346199035645  2.231938600540161  0.03384269259885296  0.07861236955133838
2.231938600540161  2.232943534851074  0.06762115232919089  0.08987907118862185
2.232943534851074  2.2339491844177246           0.0  0.06304652255965887
2.2339491844177246  2.2349560260772705  0.033746525819031446  0.07838898607167556
2.2349560260772705  2.2359635829925537  0.03372256945900847  0.07833333842420395
2.2359635829925537  2.2369723320007324  0.06736543537403442  0.0895391834223685
2.2369723320007324  2.2379817962646484  0.03365885180296878  0.07818533022689794
2.2379817962646484  2.2389919757843018  0.03363501971531031  0.07812997124868677
2.2389919757843018  2.2400033473968506  0.06719074895510127  0.08930699789251322
2.2400033473968506  2.241015672683716  0.03356372551431225  0.07796436367891801
2.241015672683716  2.2420287132263184  0.033540027896862744  0.07790931705829275
2.2420287132263184  2.2430427074432373  0.033508483078713805  0.07783604236555042
2.2430427074432373  2.2440576553344727           0.0  0.06246892932972541
2.2440576553344727  2.2450735569000244  0.06689114223598676  0.08890877377611853
2.2450735569000244  2.2460904121398926  0.03341420364215002  0.07761704294975051
2.2460904121398926  2.247107982635498  0.10017214985972572  0.09805156314064316
2.247107982635498  2.248126745223999  0.16675822435498455  0.11332608240218209
2.248126745223999  2.2491462230682373           0.0  0.06219135457358304
2.2491462230682373  2.250166654586792           0.0  0.06213323181229932
2.250166654586792  2.251188039779663           0.0  0.06207521759025235
2.251188039779663  2.2522103786468506  0.03323497633716647  0.07720072019139131
2.2522103786468506  2.2532336711883545  0.09961200736284004  0.0975032785378064
2.2532336711883545  2.254257917404175  0.03317308625087752  0.07705695721151906
2.254257917404175  2.2552831172943115  0.03314222756599298  0.07698527632108974
2.2552831172943115  2.2563090324401855  0.06623824240472685  0.08804096794330493
2.2563090324401855  2.257336139678955           0.0  0.061729394651030896
2.257336139678955  2.258363962173462           0.0  0.06168643752183741
2.258363962173462  2.2593929767608643           0.0  0.06161497501312352
2.2593929767608643  2.260422706604004           0.0  0.06157217692906716
2.260422706604004  2.26145339012146  0.06593179668460319  0.08763365372658827
2.26145339012146  2.2624850273132324           0.0  0.06145833883906658
2.2624850273132324  2.2635178565979004  0.03289740963383421  0.07641659468621557
2.2635178565979004  2.2645514011383057  0.06574928652077039  0.08739106921800256
2.2645514011383057  2.2655858993530273  0.06568867413402618  0.08731050589076771
2.2655858993530273  2.2666213512420654           0.0  0.06123192082814669
2.2666213512420654  2.26765775680542  0.06556778400449496  0.08714982403037522
2.26765775680542  2.268695116043091  0.03275375282320611  0.07608289776618843
2.268695116043091  2.269733428955078  0.09817100702670711  0.09609278334885535
2.269733428955078  2.270772695541382  0.03269364040692127  0.07594326409283916
2.270772695541382  2.271812915802002  0.03266366686540679  0.07587363928046893
2.271812915802002  2.2728540897369385  0.06526749646611853  0.08675069499886445
2.2728540897369385  2.2738962173461914           0.0  0.06083967791275248
2.2738962173461914  2.2749392986297607  0.09772222528029928  0.09565350205354628
2.2749392986297607  2.2759833335876465  0.03254432028631418  0.07559641200746424
2.2759833335876465  2.2770283222198486  0.03251461978867666  0.07552742144209124
2.2770283222198486  2.278074264526367  0.032484973451964855  0.07545855668581854
2.278074264526367  2.279121160507202  0.03245538112816438  0.07538981739482711
2.279121160507202  2.2801690101623535           0.0  0.06050744758967943
2.2801690101623535  2.2812178134918213  0.03239635792993176  0.07525271383966489
2.2812178134918213  2.2822675704956055  0.0323669267621553  0.07518434889409173
2.2822675704956055  2.283318281173706  0.03233754902059673  0.07511610805098386
2.283318281173706  2.284370183944702  0.03230090175289433  0.07503098100196869
2.284370183944702  2.2854228019714355  0.06455790647056391  0.08580753908494702
2.2854228019714355  2.2864763736724854  0.03224973490241453  0.07491212676639192
2.2864763736724854  2.2875311374664307  0.03221328628701849  0.07482746116199952
2.2875311374664307  2.2885866165161133           0.0  0.06007007728860201
2.2885866165161133  2.2896432876586914           0.0  0.06000230869960313
2.2896432876586914  2.290700912475586  0.03212614484530428  0.0746250424212547
2.290700912475586  2.291759490966797  0.06419440474494136  0.08532438852703628
2.291759490966797  2.292819023132324  0.06413662400259668  0.08524758889739899
2.292819023132324  2.293879508972168           0.0  0.05978647305679881
2.293879508972168  2.294940948486328  0.03201068700219448  0.0743568481987165
2.294940948486328  2.2960033416748047  0.15990976047326055  0.10867198162130254
2.2960033416748047  2.2970669269561768  0.031946105925525624  0.07420683438257922
2.2970669269561768  2.298131227493286  0.03192463676831761  0.07415696419818232
2.298131227493286  2.299196720123291  0.0318889188932132  0.07407399601268423
2.299196720123291  2.3002631664276123  0.06372080417338244  0.08469489940980128
2.3002631664276123  2.30133056640625  0.06366387247432201  0.08461922829127566
2.30133056640625  2.302398920059204  0.06360704241632216  0.08454369226959185
2.302398920059204  2.3034684658050537  0.06353614736235837  0.0844494616718772
2.3034684658050537  2.3045387268066406           0.0  0.05924041705427514
2.3045387268066406  2.305610179901123  0.03171152170310854  0.07366192438377522
2.305610179901123  2.306682586669922  0.06336664230047567  0.08422416297466452
2.306682586669922  2.307755947113037  0.1266206828376453  0.1006460185286212
2.307755947113037  2.3088302612304688  0.1581353512358742  0.10746612297037818
2.3088302612304688  2.309905767440796  0.15796007374614254  0.10734700733862204
2.309905767440796  2.3109819889068604  0.09471305618106102  0.09270803533102902
2.3109819889068604  2.3120594024658203  0.2522886984443812  0.12482109496757164
2.3120594024658203  2.3131377696990967  0.06301639554887013  0.08375863034712383
2.3131377696990967  2.3142170906066895  0.06296071505799417  0.08368462227966447
2.3142170906066895  2.3152976036071777  0.03144562633137021  0.0730442824758795
2.3152976036071777  2.3163790702819824  0.03141789650215384  0.07297986952836991
2.3163790702819824  2.3174614906311035  0.031390215536072644  0.07291557008385152
2.3174614906311035  2.318544864654541           0.0  0.05852337855559883
2.318544864654541  2.319629192352295           0.0  0.058471906806649314
2.319629192352295  2.3207147121429443  0.031300588300849946  0.0727073771536758
2.3207147121429443  2.32180118560791  0.031273113568964186  0.07264355676556636
2.32180118560791  2.3228886127471924  0.062491374055588605  0.08306079479501011
2.3228886127471924  2.32397723197937           0.0  0.05824139994670195
2.32397723197937  2.3250668048858643           0.0  0.05819042279138755
2.3250668048858643  2.326157331466675  0.062313764116208925  0.08282472344994339
2.326157331466675  2.3272488117218018           0.0  0.05808873572665817
2.3272488117218018  2.328341484069824  0.12438278728672904  0.09886719952342411
2.328341484069824  2.329435110092163           0.0  0.05797476175204733
2.329435110092163  2.3305296897888184  0.031041511333864038  0.07210557355275231
2.3305296897888184  2.331625461578369  0.06201548239067441  0.082428260456928
2.331625461578369  2.3327221870422363           0.0  0.05781092003405241
2.3327221870422363  2.33381986618042  0.030953861540784056  0.07190197397495349
2.33381986618042  2.334918737411499  0.18552169043233216  0.11125352688760591
2.334918737411499  2.3360185623168945  0.09268041092592878  0.09071842000526015
2.3360185623168945  2.3371193408966064           0.0  0.05759805764709575
2.3371193408966064  2.338221311569214  0.09249994279561001  0.09054177228132086
2.338221311569214  2.3393242359161377  0.03080665337954384  0.07156002770875182
2.3393242359161377  2.340428352355957           0.0  0.0574239326617666
2.340428352355957  2.3415331840515137  0.06150693937581778  0.081752327375926
2.3415331840515137  2.342639207839966  0.030720323029482605  0.07135949303312909
2.342639207839966  2.3437464237213135           0.0  0.057263185218914964
2.3437464237213135  2.3448545932769775  0.030660838755113985  0.07122131845539713
2.3448545932769775  2.345963716506958  0.06126895035845649  0.0814360028074035
2.345963716506958  2.347074031829834  0.09180475318902928  0.08986129943832187
2.347074031829834  2.3481853008270264  0.06115064515501815  0.08127875671745141
2.3481853008270264  2.3492977619171143  0.06108511724550784  0.08119165989285063
2.3492977619171143  2.3504111766815186           0.0  0.05694437519414157
2.3504111766815186  2.3515255451202393  0.1524514104982561  0.10360341251701413
2.3515255451202393  2.3526411056518555  0.09137310014988448  0.08943878424540821
2.3526411056518555  2.353757619857788  0.06086336900865676  0.08089692185779225
2.353757619857788  2.354875326156616  0.030399227502937245  0.07061362802489034
2.354875326156616  2.3559939861297607  0.03037331170796458  0.07055342885351362
2.3559939861297607  2.357113838195801  0.09102293710907162  0.08909603395449543
2.357113838195801  2.3582346439361572  0.0606303248388725  0.08058716976388877
2.3582346439361572  2.359356641769409  0.03028295336459197  0.0703435376499545
2.359356641769409  2.3604795932769775           0.0  0.05646077115852252
2.3604795932769775  2.3616034984588623  0.06046312199141697  0.08036493106916442
2.3616034984588623  2.3627285957336426  0.03019952925063992  0.07014975379967914
2.3627285957336426  2.3638548851013184  0.15083782655987488  0.10250684803228705
2.3638548851013184  2.3649821281433105  0.09042612851127525  0.08851185945098668
2.3649821281433105  2.366110324859619  0.03011656351094037  0.06995703469583388
2.366110324859619  2.3672397136688232  0.06016954972926739  0.07997472768841907
2.3672397136688232  2.368370294570923  0.03005305325469629  0.06980950826248121
2.368370294570923  2.369501829147339  0.03002772409055411  0.06975067176162787
2.369501829147339  2.3706345558166504  0.08998836783862543  0.08808336591965166
2.3706345558166504  2.3717682361602783  0.08991266784464971  0.08800926845094953
2.3717682361602783  2.3729031085968018  0.05987881450998731  0.0795882951806809
2.3729031085968018  2.3740389347076416           0.0  0.05582078760634784
2.3740389347076416  2.375175952911377  0.059765811924415935  0.0794380970979327
2.375175952911377  2.376314163208008  0.08955482522021563  0.08765900114877774
2.376314163208008  2.377453327178955           0.0  0.05565722732453769
2.377453327178955  2.3785934448242188  0.05960333690245495  0.07922214242158951
2.3785934448242188  2.379734754562378           0.0  0.05555258662139985
2.379734754562378  2.3808772563934326  0.08921843397356208  0.08732973111107367
2.3808772563934326  2.382020950317383           0.0  0.05543677968660436
2.382020950317383  2.3831655979156494  0.11873491233807108  0.09437791614577229
2.3831655979156494  2.3843111991882324  0.059318034769519176  0.07884293133403561
2.3843111991882324  2.38545823097229  0.1184881135179961  0.09418174504590579
2.38545823097229  2.386605978012085           0.0  0.055241012080731434
2.386605978012085  2.3877551555633545  0.029566717538126515  0.06867981082586844
2.3877551555633545  2.3889052867889404  0.029542201188592413  0.06862286239234781
2.3889052867889404  2.390056610107422  0.0885348386003954  0.08666060705824498
2.390056610107422  2.3912088871002197  0.05897437555711558  0.07838615457480676
2.3912088871002197  2.392362594604492           0.0  0.054955617308667305
2.392362594604492  2.393517017364502           0.0  0.05492156797947978
2.393517017364502  2.3946728706359863  0.05879190533571361  0.07814362315594905
2.3946728706359863  2.395829677581787  0.029371718576621974  0.06822685246922629
2.395829677581787  2.3969876766204834  0.058682964189322555  0.0779988233601073
2.3969876766204834  2.398146629333496  0.058634675389331335  0.07793464000412284
2.398146629333496  2.3993070125579834  0.08784358652174018  0.0859839883879731
2.3993070125579834  2.400468349456787           0.0  0.05459458676999407
2.400468349456787  2.4016306400299072  0.058466288629238895  0.07771082770462381
2.4016306400299072  2.402794361114502  0.02919720928780369  0.06782148907614954
2.402794361114502  2.403959035873413  0.05834660328915857  0.07755174719755191
2.403959035873413  2.4051249027252197  0.05828694418559092  0.07747245093252374
2.4051249027252197  2.4062917232513428  0.029119652336283164  0.0676413339151381
2.4062917232513428  2.4074599742889404  0.05816799123827339  0.07731434388980431
2.4074599742889404  2.4086291790008545  0.058120545894685884  0.07725128161909482
2.4086291790008545  2.409799575805664  0.05806134794612743  0.07717259830108801
2.409799575805664  2.41097092628479           0.0  0.05412787139357646
2.41097092628479  2.4121437072753906  0.11588662617098583  0.09211392059683936
2.4121437072753906  2.4133174419403076  0.05789623340799099  0.07695313529555985
2.4133174419403076  2.41449236869812  0.028918745644027966  0.06717465263406776
2.41449236869812  2.415668487548828  0.08666830237204731  0.08483358432683255
2.415668487548828  2.4168457984924316  0.14430090981548177  0.09806446944198542
2.4168457984924316  2.4180240631103516  0.08651046855550575  0.0846790917612839
2.4180240631103516  2.419203519821167  0.08642303125152809  0.08459350545467254
2.419203519821167  2.420384407043457  0.05754555967444773  0.07648703514234627
2.420384407043457  2.4215660095214844           0.0  0.05365823893394695
2.4215660095214844  2.4227490425109863  0.057441184415062393  0.07634830412334564
2.4227490425109863  2.423933267593384  0.08607504240010255  0.08425288332680994
2.423933267593384  2.4251184463500977  0.05733718709868027  0.076210075449616
2.4251184463500977  2.426305055618286           0.0  0.053431832862495705
2.426305055618286  2.427492618560791  0.08583311294946988  0.08401607538330959
2.427492618560791  2.4286813735961914  0.08574703882898305  0.08393182340237967
2.4286813735961914  2.4298713207244873  0.08566113716716278  0.08384774022926568
2.4298713207244873  2.4310624599456787  0.057050271630812575  0.07582871998799862
2.4310624599456787  2.4322547912597656  0.05699323276695453  0.07575290643072208
2.4322547912597656  2.433448314666748  0.11387261568819002  0.0905130594118763
2.433448314666748  2.434642791748047  0.05689084971407976  0.07561682336527766
2.434642791748047  2.4358386993408203  0.1420569961461023  0.09653954348176316
2.4358386993408203  2.43703556060791  0.1703325639845854  0.10214492139939753
2.43703556060791  2.4382338523864746  0.028354870380773934  0.06586484046571545
2.4382338523864746  2.4394330978393555  0.02833232177609738  0.06581246285898329
2.4394330978393555  2.440633535385132  0.08491255920582115  0.08311500923222742
2.440633535385132  2.4418351650238037  0.14138053425969227  0.09607983136994526
2.4418351650238037  2.44303822517395  0.08472745453850762  0.08293382312411118
2.44303822517395  2.444242238998413           0.0  0.05265945191220616
2.444242238998413  2.4454474449157715  0.1409610074518  0.09579472801276441
2.4454474449157715  2.4466538429260254           0.0  0.052555381849138556
2.4466538429260254  2.447861433029175  0.056273081355881466  0.07479571274630624
2.447861433029175  2.449070453643799  0.02810324956295993  0.06528035657280337
2.449070453643799  2.4502804279327393  0.14040549609238404  0.09541721184325597
2.4502804279327393  2.451491594314575  0.14026730170646634  0.09532329726467008
2.451491594314575  2.4527039527893066  0.056051751635701  0.07450153098525882
2.4527039527893066  2.4539175033569336           0.0  0.05224562517812203
2.4539175033569336  2.455132484436035  0.08389614120904818  0.08212010821904731
2.455132484436035  2.456348419189453  0.05588689354265483  0.07428240883530218
2.456348419189453  2.4575655460357666  0.05583215613467965  0.07420965427229012
2.4575655460357666  2.4587841033935547  0.02788330630674424  0.06476945571917157
2.4587841033935547  2.460003614425659  0.16716900707773585  0.10024780164711156
2.460003614425659  2.4612245559692383  0.13914428679337026  0.09456011523228355
2.4612245559692383  2.462446689605713  0.36142226315626363  0.13089322521135202
2.462446689605713  2.463669776916504  0.22224027841523555  0.10995448891977704
2.463669776916504  2.4648942947387695  0.2219806519217598  0.10982603741402963
2.4648942947387695  2.4661200046539307  0.027720594929735422  0.06439149740919779
2.4661200046539307  2.4673469066619873  0.08308098243321209  0.08132220588501068
2.4673469066619873  2.4685752391815186  0.05532281775379263  0.07353266402562909
2.4685752391815186  2.469804525375366  0.027639949288939064  0.06420416760680488
2.469804525375366  2.4710350036621094  0.11045268632727752  0.08779468618791955
2.4710350036621094  2.472266912460327  0.027581106741585024  0.06406748368118559
2.472266912460327  2.4735000133514404           0.0  0.051417291600278636
2.4735000133514404  2.474734306335449  0.11011132202725116  0.08752334854468857
2.474734306335449  2.4759697914123535           0.0  0.05131806872957181
2.4759697914123535  2.4772064685821533           0.0  0.051268600762799516
2.4772064685821533  2.4784445762634277  0.027443015315572847  0.0637467144580562
2.4784445762634277  2.4796836376190186  0.02742189311790837  0.06369765021756511
2.4796836376190186  2.480924129486084  0.13695135357848337  0.09306983473083298
2.480924129486084  2.482165813446045  0.05472794874568732  0.07274199021890189
2.482165813446045  2.4834089279174805  0.0819974560033198  0.08026161708558976
2.4834089279174805  2.4846529960632324  0.08193459862041193  0.08020009035727578
2.4846529960632324  2.485898494720459  0.054560328688273284  0.07251919698699102
2.485898494720459  2.487145185470581           0.0  0.05085680477273687
2.487145185470581  2.4883930683135986  0.05445608656238816  0.07238064292320234
2.4883930683135986  2.489642381668091  0.027196866132398818  0.06317494049249731
2.489642381668091  2.4908926486968994  0.13588060500931523  0.09234217202603434
2.4908926486968994  2.4921443462371826  0.08143518773358274  0.07971125171128857
2.4921443462371826  2.4933974742889404  0.08134222519050788  0.07962025713170946
2.4933974742889404  2.4946515560150146  0.05418691199002654  0.07202286788213708
2.4946515560150146  2.4959070682525635  0.05412517224981762  0.0719408061260997
2.4959070682525635  2.497163772583008  0.027036914918188167  0.06280339369772073
2.497163772583008  2.4984219074249268           0.0  0.05039420734444593
2.4984219074249268  2.499681234359741  0.10792243735991655  0.08578348644752987
2.499681234359741  2.500941753387451  0.053910186697094686  0.07165505675431078
2.500941753387451  2.5022034645080566  0.026929625573274718  0.06255417388145992
2.5022034645080566  2.5034666061401367  0.08069738308820487  0.07898906596531993
2.5034666061401367  2.5047309398651123  0.026873765516456687  0.062424417910745975
2.5047309398651123  2.5059967041015625  0.0536867879200489  0.07135812489358469
2.5059967041015625  2.507263660430908  0.13409068360347176  0.09112577156652692
2.507263660430908  2.5085318088531494  0.08037878089891133  0.07867720840087704
2.5085318088531494  2.5098013877868652  0.02676273775282062  0.06216651421233538
2.5098013877868652  2.5110721588134766  0.05347526399015752  0.07107697655910714
2.5110721588134766  2.5123441219329834  0.0801377198877806  0.07844125051251453
2.5123441219329834  2.513617515563965  0.10673025915279521  0.08483586882903066
2.513617515563965  2.514892101287842  0.02665760915334265  0.06192231353922295
2.514892101287842  2.5161681175231934  0.05325544788257467  0.07078480662556823
2.5161681175231934  2.5174453258514404  0.026602870736189995  0.061795162998074644
2.5174453258514404  2.518723964691162  0.0531462161229796  0.07063962055939606
2.518723964691162  2.5200037956237793  0.026548356656812558  0.061668533565701546
2.5200037956237793  2.521284818649292  0.10609460527360491  0.0843306114676815
2.521284818649292  2.5225672721862793  0.026494065538904963  0.061542422045117284
2.5225672721862793  2.523851156234741           0.0  0.049383515720824715
2.523851156234741  2.5251362323760986  0.05287999203479399  0.07028576717254936
2.5251362323760986  2.5264225006103516  0.026415491850559743  0.061359905130803694
2.5264225006103516  2.5277101993560787  0.07915844021504478  0.07748270162644127
2.5277101993560787  2.528999090194702  0.0527234844741845  0.07007774418422319
2.528999090194702  2.5302894115448  0.07899754907636908  0.07732521646050722
2.5302894115448  2.531581163406372  0.02630335521110554  0.06109942565165853
2.531581163406372  2.53287410736084  0.05255820709340579  0.0698580647353939
2.53287410736084  2.534168243408203  0.026254896561121923  0.06098686222930838
2.534168243408203  2.535463809967041  0.05245181396163776  0.06971665164888499
2.535463809967041  2.5367608070373535  0.026196981348119448  0.06085233238615549
2.5367608070373535  2.5380589962005615  0.0261729253505546  0.060796453293055254
2.5380589962005615  2.539358615875244  0.026144116406855586  0.06072953369669526
2.539358615875244  2.5406594276428223           0.0  0.04874087832783012
2.5406594276428223  2.541961669921875  0.026091464396515895  0.06060722961931269
2.541961669921875  2.543265342712403  0.1042513376252533  0.08286546734010578
2.543265342712403  2.544570207595825  0.07811707209966287  0.07646337867429333
2.544570207595825  2.5458765029907227  0.07803152684820394  0.0763796443665386
2.5458765029907227  2.5471839904785156  0.051973588086714005  0.06908101478118911
2.5471839904785156  2.548492908477783  0.025958393175550053  0.060298121708685946
2.548492908477783  2.5498032569885254  0.025930054318371507  0.06023229406489918
2.5498032569885254  2.551115036010742  0.05180355453790251  0.06885501364231936
2.551115036010742  2.5524280071258545  0.051756520259222734  0.06879249774106429
2.5524280071258545  2.5537421703338623  0.1292739282780931  0.08785238572288173
2.5537421703338623  2.555058002471924  0.1032879713961006  0.08209972375717571
2.555058002471924  2.556375026702881  0.07739586089813712  0.07575743509852734
2.556375026702881  2.5576932430267334  0.05155058004477114  0.0685187710363612
2.5576932430267334  2.5590131282806396  0.12871349217284123  0.08747152277899641
2.5590131282806396  2.5603342056274414  0.12859734572619544  0.08739259160882945
2.5603342056274414  2.5616567134857178  0.051383298551927095  0.06829642780963423
2.5616567134857178  2.5629806518554688  0.05132777905052037  0.06822263372231967
2.5629806518554688  2.5643057823181152  0.02564080218311799  0.05956039729771246
2.5643057823181152  2.5656323432922363  0.02561315214481844  0.05949616969458768
2.5656323432922363  2.566960334777832  0.12792780837860843  0.08693758529704201
2.566960334777832  2.5682897567749023  0.1022321223341247  0.08126046904875409
2.5682897567749023  2.569620370864868  0.025535133225903926  0.05931494144072494
2.569620370864868  2.5709524154663086  0.05101542098935737  0.06780746108108844
2.5709524154663086  2.5722861289978027  0.10190316663122617  0.0809989945326873
2.5722861289978027  2.5736207962036133  0.025457588162516937  0.059134813894370475
2.5736207962036133  2.5749571323394775  0.025425794564454915  0.059060961316803905
2.5749571323394775  2.5762946605682373  0.07620940028543839  0.07459609117366577
2.5762946605682373  2.577633857727051           0.0  0.047343819148413936
2.577633857727051  2.5789742469787598  0.02534891115862145  0.05888237071872748
2.5789742469787598  2.5803160667419434  0.02532188673307921  0.05881959633629813
2.5803160667419434  2.5816593170166016  0.12647459933774388  0.08595000889324177
2.5816593170166016  2.5830037593841553  0.12636245658252335  0.08587379856437739
2.5830037593841553  2.5843498706817627  0.07572347424748661  0.07412045191007173
2.5843498706817627  2.5856974124908447  0.12607181398953451  0.08567628275026964
2.5856974124908447  2.5870461463928223  0.0755762304403941  0.07397632516957132
2.5870461463928223  2.5883963108062744  0.12582692789490535  0.08550986228227513
2.5883963108062744  2.589747905731201  0.07541625253154162  0.07381973390091109
2.589747905731201  2.591101169586181  0.1004309926242541  0.07982881878365071
2.591101169586181  2.5924556255340576  0.02508565015555766  0.05827084812191117
2.5924556255340576  2.593811511993408  0.02505918384627568  0.05820937017420184
2.593811511993408  2.5951688289642334  0.07509831997212532  0.07350853179066662
2.5951688289642334  2.596527338027954  0.05002161408696729  0.06648653651457373
2.596527338027954  2.5978875160217285  0.024980118936681825  0.05802571221396773
2.5978875160217285  2.5992491245269775  0.024953874721374506  0.057964750162963735
2.5992491245269775  2.600612163543701  0.07478305677825947  0.07319994253704128
2.600612163543701  2.6019766330718994  0.07470465413267682  0.07312319963031015
2.6019766330718994  2.6033425331115723  0.04975094380651765  0.06612677344388918
2.6033425331115723  2.6047098636627197  0.09939778799216725  0.07900756328088103
2.6047098636627197  2.606078624725342  0.07447042947244546  0.07289393337123584
2.606078624725342  2.6074488162994385  0.04959512042240118  0.06591965983296347
2.6074488162994385  2.6088204383850098  0.09908679195812259  0.0787603642301152
2.6088204383850098  2.6101934909820557  0.07423766897053471  0.07266610027509376
2.6101934909820557  2.611567974090576  0.12360067522443176  0.08399693843963991
2.611567974090576  2.6129438877105713  0.12347216993048848  0.08390960840487334
2.6129438877105713  2.614321231842041  0.024668786313617762  0.05730252521735951
2.614321231842041  2.6157000064849854  0.07392957558383355  0.07236452904794484
2.6157000064849854  2.6170804500579834  0.07384019613148694  0.07227704170712694
2.6170804500579834  2.618462324142456  0.19670335201348488  0.09731996690104489
2.618462324142456  2.6198453903198247  0.14740035704229343  0.08839295042661799
2.6198453903198247  2.621230125427246  0.31898252770998653  0.1155231874024803
2.621230125427246  2.6226162910461426  0.22060615872100592  0.1010498518130815
2.6226162910461426  2.6240038871765137  0.24486525521266292  0.10477097240353231
2.6240038871765137  2.6253929138183594  0.44030353820938145  0.13038188236322112
2.6253929138183594  2.6267836093902583  0.2198875718848513  0.10072069920134466
2.6267836093902583  2.628175735473633  0.14644108087041377  0.08781769231457648
2.628175735473633  2.6295690536499023  0.17070175389055248  0.09227361685759658
2.6295690536499023  2.6309640407562256  0.09742716016665172  0.07744118533854943
2.6309640407562256  2.6323606967926025           0.0  0.045396079234660484
2.6323606967926025  2.633758544921875  0.048613876354688654  0.06461543323555194
2.633758544921875  2.6351580619812016  0.02427795205003826  0.05639466578885534
2.6351580619812016  2.636559009552002  0.07275948529636572  0.0712192088979574
2.636559009552002  2.6379613876342773  0.12114211028032117  0.08232613908611426
2.6379613876342773  2.6393654346466064  0.04839924555400571  0.06433015538462236
2.6393654346466064  2.6407706737518306  0.02417909374513316  0.056165030230877246
2.6407706737518306  2.6421775817871094           0.0  0.04506528252102308
2.6421775817871094  2.6435861587524414  0.09648718925779946  0.076694037815818
2.6435861587524414  2.644995927810669  0.09640560022578712  0.07662918576287042
2.644995927810669  2.64640736579895  0.04814580355870601  0.06399329139527721
2.64640736579895  2.647820234298706  0.024048528270970267  0.05586174285870501
2.647820234298706  2.6492347717285156  0.07206046445327985  0.0705349859235235
2.6492347717285156  2.6506507396698  0.11997943974892222  0.0815360077630113
2.6506507396698  2.6520681381225586  0.04794334012910675  0.06372418588057882
2.6520681381225586  2.653487205505371  0.11971738788119105  0.08135792172455042
2.653487205505371  2.654907703399658  0.11959682656409013  0.08127599028273313
2.654907703399658  2.65632963180542  0.02389530156501841  0.05550581626101373
2.65632963180542  2.6577532291412354  0.1193364415791072  0.08109903702973105
2.6577532291412354  2.6591782569885254  0.07152998755250282  0.07001573891321147
2.6591782569885254  2.660604953765869  0.09526175035679799  0.07571998252270265
2.660604953765869  2.662033081054687  0.1427494943577437  0.08560392411104092
2.662033081054687  2.663462638854981  0.07130332481671844  0.06979387449699884
2.663462638854981  2.664893865585327  0.047480119451545566  0.06310849326339474
2.664893865585327  2.6663265228271484  0.14229813133676467  0.08533325102762118
2.6663265228271484  2.6677608489990234  0.11844379864841241  0.08049241191897009
2.6677608489990234  2.669196605682373  0.09466063004567905  0.0752421745957909
2.669196605682373  2.6706340312957764  0.023637680964300845  0.05490739561796083
2.6706340312957764  2.6720728874206543  0.09445672148054336  0.07508009534645448
2.6720728874206543  2.6735134124755864  0.07076046600482913  0.06926250769350149
2.6735134124755864  2.674955368041992  0.07069026712986791  0.06919379488829265
2.674955368041992  2.676398992538452  0.09414472570356387  0.07483210163763052
2.676398992538452  2.677844285964966  0.16456302371105058  0.0889552980725494
2.677844285964966  2.679290771484375  0.07046888669874887  0.06897710095339789
2.679290771484375  2.6807391643524165  0.0938347842197949  0.07458574080921673
2.6807391643524165  2.6821889877319336  0.14061329899726308  0.08432289186397278
2.6821889877319336  2.683640480041504  0.09363441427974363  0.07442647427987069
2.683640480041504  2.6850934028625484  0.07015666813282574  0.06867149187469526
2.6850934028625484  2.6865479946136475  0.16351107191215933  0.08838666069752989
2.6865479946136475  2.6880040168762207  0.11667887549841967  0.07929299985336892
2.6880040168762207  2.689461708068847  0.04661811532018751  0.06196275516194905
2.689461708068847  2.6909210681915283  0.13969440797293883  0.08377185189100141
2.6909210681915283  2.6923818588256836  0.06977880457015007  0.06830162746601355
2.6923818588256836  2.6938443183898926  0.0696991743725643  0.06822368299384823
2.6938443183898926  2.6953084468841557  0.06961972571261679  0.0681459162162739
2.6953084468841557  2.6967740058898926  0.04636784725355881  0.061630109819449476
2.6967740058898926  2.6982412338256836  0.06947265771876981  0.06800196156715388
2.6982412338256836  2.6997101306915283  0.09252496577423781  0.07354461538968556
2.6997101306915283  2.7011804580688477  0.16176115611097594  0.08744073567630847
2.7011804580688477  2.7026524543762203  0.06924760861701303  0.06778167662526584
2.7026524543762203  2.7041261196136475  0.11528197584025793  0.07834369035825564
2.7041261196136475  2.705601453781128  0.13818187963843226  0.08286481988121779
2.705601453781128  2.707078218460083  0.06902401285135767  0.06756281425319099
2.707078218460083  2.708556652069092  0.09192812677553286  0.07307021051698964
2.708556652069092  2.7100367546081543  0.09182447070474858  0.07298781820487318
2.7100367546081543  2.7115185260772705  0.11465131016393387  0.07791510057997168
2.7115185260772705  2.7130019664764404           0.0  0.04274031375066556
2.7130019664764404  2.714486837387085  0.04576479721701021  0.06082856214836883
2.714486837387085  2.715973377227783  0.11428354333101028  0.07766517243055719
2.715973377227783  2.7174615859985356  0.045662152686231104  0.06069213153795707
2.7174615859985356  2.718951463699341  0.1368330086738476  0.08205592981679123
2.718951463699341  2.7204430103302  0.09111993512389374  0.07242780936954168
2.7204430103302  2.7219359874725337  0.022758156904153976  0.05286437051753184
2.7219359874725337  2.7234308719635005  0.06818735815012909  0.06674387105012201
2.7234308719635005  2.7249271869659424  0.09082955929491875  0.07219700054425084
2.7249271869659424  2.726425170898437  0.09072836449709505  0.07211656460544121
2.726425170898437  2.7279248237609863  0.06797054620050601  0.06653164888460113
2.7279248237609863  2.7294261455535884  0.11315831231841508  0.07690048437425238
2.7294261455535884  2.730929136276245  0.0678195963834364  0.06638389458822039
2.730929136276245  2.732433795928955  0.02258145753981458  0.052453919851162406
2.732433795928955  2.7339401245117188  0.04511287702873371  0.05996205841406158
2.7339401245117188  2.735448122024536  0.06759442460099754  0.06616348956272965
2.735448122024536  2.7369577884674072  0.11253283207025411  0.07647541852566708
2.7369577884674072  2.738469123840332  0.06744513891801694  0.06601736417167771
2.738469123840332  2.7399818897247314  0.06738136100887461  0.06595493640413948
2.7399818897247314  2.7414965629577637  0.044864340794512764  0.05963171494727547
2.7414965629577637  2.7430129051208496  0.1344448854092168  0.08062382160770058
2.7430129051208496  2.7445309162139897  0.11191422847002365  0.07605502593126785
2.7445309162139897  2.7460505962371826  0.20122438136245732  0.0921719231944505
2.7460505962371826  2.7475719451904297  0.04466747485778712  0.059370049374712595
2.7475719451904297  2.7490949630737305  0.06692779204779421  0.06551096923673529
2.7490949630737305  2.750619649887085  0.06685453254125244  0.0654392605917537
2.750619649887085  2.7521462440490723  0.20031301058940001  0.0917544648510473
2.7521462440490723  2.753674268722534  0.08894465815807133  0.07069876352252344
2.753674268722534  2.755204200744629  0.06662532890779327  0.06521490906720664
2.755204200744629  2.7567355632781982           0.0  0.04140280743525473
2.7567355632781982  2.7582688331604004  0.08864038472011807  0.07045690801055089
2.7582688331604004  2.7598037719726562  0.06640800490856003  0.06500218569187093
2.7598037719726562  2.7613403797149654  0.06633587829347291  0.06493158595568439
2.7613403797149654  2.762878894805908  0.08833818598092588  0.07021670159859321
2.762878894805908  2.7644188404083256  0.06619209407047316  0.06479084556187403
2.7644188404083256  2.765960693359375           0.0  0.04112111213185676
2.765960693359375  2.7675042152404785  0.06603872962639935  0.06464072775475208
2.7675042152404785  2.769049406051636  0.13193480499959467  0.07911857821706964
2.769049406051636  2.7705962657928467  0.1098270488084238  0.07463661376459048
2.7705962657928467  2.7721450328826904  0.15356851135104505  0.08301216393408165
2.7721450328826904  2.773695468902588  0.13148846243312606  0.07885091579655169
2.773695468902588  2.775247573852539  0.10945589749137466  0.0743843855767318
2.775247573852539  2.776801586151123  0.08745724365374029  0.06951647367533795
2.776801586151123  2.7783570289611816  0.13106521630941428  0.07859710383583317
2.7783570289611816  2.779914379119873  0.15272214478511767  0.08255465660070337
2.779914379119873  2.781473636627197  0.021790761243701894  0.05061723060868198
2.781473636627197  2.783034563064575  0.15237223915321596  0.08236551350475653
2.783034563064575  2.784597158432007  0.06523264198982445  0.06385170452918294
2.784597158432007  2.786161422729492  0.08688405946274641  0.06906087111962395
2.786161422729492  2.7877275943756104  0.08677824846020386  0.06897676593330077
2.7877275943756104  2.7892954349517822  0.23838615630648843  0.09595752224735826
2.7892954349517822  2.790865182876587  0.08658054588928907  0.06881961959536038
2.790865182876587  2.7924365997314453  0.12973288897020463  0.07779813464193226
2.7924365997314453  2.7940099239349365  0.1511715486795558  0.08171647475614403
2.7940099239349365  2.795584678649902  0.19418685947074793  0.08894834798507517
2.795584678649902  2.79716157913208  0.12928174647752916  0.07752759380478245
2.79716157913208  2.798740148544311  0.107620886976144  0.07313734331742339
2.798740148544311  2.8003203868865962  0.1720115612960408  0.08510357998769708
2.8003203868865962  2.8019025325775146  0.10737762095669817  0.07297202382525439
2.8019025325775146  2.8034863471984863           0.0  0.04003164717095305
2.8034863471984863  2.805072069168091  0.08570836177042238  0.06812635324249779
2.805072069168091  2.806659460067749  0.25685475253908646  0.09783413438311686
2.806659460067749  2.80824875831604  0.12827324800519335  0.07692281809555591
2.80824875831604  2.809839963912964  0.10676624103518864  0.07255654032132515
2.809839963912964  2.811432838439942  0.08532350159181563  0.06782044236128221
2.811432838439942  2.8130273818969727  0.0852341976876851  0.06774945804664757
2.8130273818969727  2.814624071121216  0.2340790449263055  0.0942237817378868
2.814624071121216  2.8162221908569336  0.19134778558912846  0.08764789473985615
2.8162221908569336  2.8178224563598633  0.10616178377068669  0.07214576133857628
2.8178224563598633  2.8194243907928467  0.10605118212068002  0.07207059831887544
2.8194243907928467  2.821028232574463  0.06355503725305627  0.06220961371848745
2.821028232574463  2.822633743286133  0.06348897172576617  0.062144946760360115
2.822633743286133  2.8242411613464355  0.1479651512513184  0.0799832419038556
2.8242411613464355  2.825850486755371  0.14778978514613167  0.07988844695048807
2.825850486755371  2.8274614810943604  0.16872763478913103  0.08347884092917807
2.8274614810943604  2.8290743827819824  0.18959411778328578  0.08684461765576583
2.8290743827819824  2.8306891918182373  0.0631233922340631  0.06178710637594345
2.8306891918182373  2.8323056697845463  0.08407762745352841  0.06683014386662658
2.8323056697845463  2.8339242935180664  0.08396616793861181  0.06674154889026028
2.8339242935180664  2.8355445861816406  0.06290976097723799  0.06157799756978591
2.8355445861816406  2.8371667861938477  0.12567158600861533  0.07536265511830917
2.8371667861938477  2.8387906551361084  0.12554242713296415  0.07528520120760177
2.8387906551361084  2.840416669845581  0.12537675530830186  0.07518585123533367
2.840416669845581  2.8420443534851074  0.10437350119655033  0.07093047460151224
2.8420443534851074  2.8436739444732666  0.18765240772551983  0.08595520679462411
2.8436739444732666  2.8453054428100586  0.20825891938297506  0.0891081483835391
2.8453054428100586  2.846938848495483  0.041603146557818875  0.055297078537460825
2.846938848495483  2.848574161529541  0.04155462269535824  0.055232582746747076
2.848574161529541  2.8502111434936523  0.08302451414725884  0.06599306370752298
2.8502111434936523  2.8518502712249756  0.1451026981434747  0.07843592973320647
2.8518502712249756  2.8534910678863525  0.08283148999347272  0.06583963606740087
2.8534910678863525  2.855133771896362  0.062051485573501444  0.060737891362028756
2.855133771896362  2.856778383255005  0.041319680641847295  0.054920308068996636
2.856778383255005  2.85842514038086  0.12379752008142295  0.07423881647963478
2.85842514038086  2.8600735664367676  0.10306015225181386  0.07003794476491966
2.8600735664367676  2.861723899841309  0.12352925039040577  0.07407794068547206
2.861723899841309  2.8633761405944824  0.18507997212182872  0.08477688866398468
2.8633761405944824  2.865030288696289  0.16432583284378185  0.08130102740825255
2.865030288696289  2.8666863441467285  0.1846536433636522  0.08458160645569476
2.8666863441467285  2.868344306945801  0.10246734148243442  0.06963508054422261
2.868344306945801  2.870004415512085  0.14326885677673254  0.07744463836217068
2.870004415512085  2.8716661930084233  0.12267854680091682  0.07356779130915904
2.8716661930084233  2.8733298778533936  0.08169193381129713  0.06493384571739377
2.8733298778533936  2.8749957084655766  0.16317341180332826  0.08073086133652581
2.8749957084655766  2.876663208007812  0.224138885312025  0.09022257167557392
2.876663208007812  2.8783328533172607  0.16280060377978797  0.08054641270288536
2.8783328533172607  2.880004405975342  0.14228798313170568  0.07691442260958413
2.880004405975342  2.8816778659820557  0.1218221215561503  0.07305421077432336
2.8816778659820557  2.8833532333374023  0.24336686244560093  0.09269669371321931
2.8833532333374023  2.885030508041382  0.16206007509170697  0.08018003243190565
2.885030508041382  2.886709690093994  0.12140699576922033  0.07280526841189487
2.886709690093994  2.8883910179138184  0.12125205207070602  0.07271235187535105
2.8883910179138184  2.8900742530822754  0.10092887998142339  0.06858956800347367
2.8900742530822754  2.8917593955993652  0.18146635636727904  0.08312165229785737
2.8917593955993652  2.893446683883667  0.10068643389414286  0.06842480572340315
2.893446683883667  2.8951356410980225  0.10058694137053206  0.06835719227901244
2.8951356410980225  2.8968267440795903  0.1607348975426278  0.07952439421377527
2.8968267440795903  2.89851975440979  0.06020767998893417  0.05893311807975986
2.89851975440979  2.900214910507202  0.08017529031435713  0.06372832284329856
2.900214910507202  2.901911973953247  0.12012777061008974  0.07203814349887266
2.901911973953247  2.903610944747925  0.039997636411386414  0.05316310483581828
2.903610944747925  2.905311822891235  0.0998819586023318  0.0678780978559925
2.905311822891235  2.9070148468017574  0.11970733182173021  0.07178601503919581
2.9070148468017574  2.908720016479492  0.11955669340078245  0.07169568028870835
2.908720016479492  2.9104268550872803  0.03981326401278665  0.052918045126420045
2.9104268550872803  2.9121358394622803  0.17893473867242304  0.08196203103254128
2.9121358394622803  2.913846969604492  0.07942682376133192  0.06313339493045182
2.913846969604492  2.9155600070953374  0.13884217811219624  0.07505177688457267
2.9155600070953374  2.9172749519348145  0.13868775889568288  0.074968304868057
2.9172749519348145  2.918992042541504  0.13851444733912643  0.07487462051038522
2.918992042541504  2.920711040496826  0.09882911132716353  0.06716260056928211
2.920711040496826  2.922432184219361  0.03948236003150936  0.052478222061219465
2.922432184219361  2.9241552352905273  0.019719327318916083  0.04580554700162878
2.9241552352905273  2.9258804321289067  0.09847400396194937  0.06692127558103916
2.9258804321289067  2.927607774734497  0.1376923464094748  0.0744302300781136
2.927607774734497  2.9293370246887203  0.1178918338898164  0.07069729841791084
2.9293370246887203  2.931068181991577  0.0392539811413671  0.05217467085249193
2.931068181991577  2.9328014850616455  0.05880807917487062  0.05756314600883975
2.9328014850616455  2.934536933898926  0.07831382252164848  0.062248712105488775
2.934536933898926  2.936274290084839  0.019556961511427173  0.045428391406708644
2.936274290084839  2.938013792037964  0.1562626957607125  0.07731175002171822
2.938013792037964  2.939755439758301  0.13656140311244197  0.07381889348607726
2.939755439758301  2.9414989948272705  0.136412012817775  0.07373813987635641
2.9414989948272705  2.9432446956634517  0.23356172390134838  0.08896198671441653
2.9432446956634517  2.9449925422668457  0.15551665915562252  0.07694264468125943
2.9449925422668457  2.9467422962188716  0.17476552756564298  0.08005230119108939
2.9467422962188716  2.9484941959381104  0.09697303928533865  0.06590124525100725
2.9484941959381104  2.95024824142456  0.19370881953759128  0.08288256889883273
2.95024824142456  2.9520044326782227  0.13543049819931258  0.07320757764263618
2.9520044326782227  2.9537625312805176  0.1159573462439136  0.06953722612218276
2.9537625312805176  2.955523014068603  0.1351003588484074  0.07302911930064064
2.955523014068603  2.9572854042053223  0.17351247386412408  0.07947833312244425
2.9572854042053223  2.959049701690674  0.19258321423482408  0.08240095397142676
2.959049701690674  2.960816383361817  0.17309098607336112  0.07928526834562864
2.960816383361817  2.962584972381592  0.23053908633131126  0.08781068572700938
2.962584972381592  2.964355945587158  0.19185726781606058  0.08209034186706489
2.964355945587158  2.9661288261413574  0.22998103044718093  0.0875981262402894
2.9661288261413574  2.967903852462769  0.19141917868869596  0.08190289582114244
2.967903852462769  2.9696810245513916  0.17206925232147152  0.07881725763903979
2.9696810245513916  2.9714603424072266  0.1145744970122764  0.06870795999262704
2.9714603424072266  2.973241806030273  0.17165473859799893  0.07862738737170802
2.973241806030273  2.9750254154205322  0.20954783636827662  0.08434924024842544
2.9750254154205322  2.976811170578003  0.15221530417492102  0.07530928279819175
2.976811170578003  2.9785990715026855  0.15203262145221474  0.07521889960774186
2.9785990715026855  2.98038911819458  0.15185037670087354  0.07512873310581464
2.98038911819458  2.9821813106536865  0.2843785656520616  0.09419806751325129
2.9821813106536865  2.9839756488800044  0.056807698060246506  0.05560511181030674
2.9839756488800044  2.985772132873535  0.11347969093595321  0.06805142739546767
2.985772132873535  2.9875707626342773  0.09445359128696303  0.06418907079858484
2.9875707626342773  2.9893715381622314  0.09434104232342763  0.064112584417387
2.9893715381622314  2.9911744594573975  0.1319202657678377  0.07131010538426269
2.9911744594573975  2.9929797649383545  0.13174604460332656  0.07121592933383444
2.9929797649383545  2.9947869777679443  0.11280599883939563  0.06764742815632924
2.9947869777679443  2.996596574783325  0.16898606150249385  0.07740498530187824
2.996596574783325  2.998408317565918  0.11252394673017752  0.06747828733056661
2.998408317565918  3.0002222061157227  0.11239083480581215  0.0673984628581724
3.0002222061157227  3.002038478851318  0.13095051847422323  0.07078590403201973
3.002038478851318  3.0038566589355464  0.07475036901849977  0.05941625693887395
3.0038566589355464  3.005677223205566  0.07465247696897319  0.05933844623046789
3.005677223205566  3.007499933242798  0.1304880378987764  0.07053590803344185
3.007499933242798  3.009324789047241  0.18619228969658977  0.07966645667475281
3.009324789047241  3.0111520290374756  0.09297467284301265  0.06318402271718737
3.0111520290374756  3.012981414794922  0.13001186625001807  0.07027851126232171
3.012981414794922  3.01481294631958  0.11130818422319955  0.06674921965959069
3.01481294631958  3.0166468620300293  0.14821797039393636  0.07333158192387626
3.0166468620300293  3.01848292350769  0.1295391572181054  0.07002298622463639
3.01848292350769  3.0203211307525635  0.07393596811088736  0.058768920287385645
3.0203211307525635  3.0221617221832275  0.11076029419723041  0.0664206613244787
3.0221617221832275  3.024004459381103  0.11063131986063202  0.06634331807803069
3.024004459381103  3.0258495807647705  0.14731782249255512  0.07288622924903999
3.0258495807647705  3.02769684791565  0.12875336212392216  0.0695982210784286
3.02769684791565  3.0295464992523193  0.09184814290655068  0.06241845193408614
3.0295464992523193  3.031398296356201  0.11009005680476616  0.06601873380004836
3.031398296356201  3.033252239227295  0.05498131887876921  0.05381739602421103
3.033252239227295  3.03510856628418  0.14642854203312172  0.07244625329544327
3.03510856628418  3.0369672775268555  0.18280089601565402  0.07821537447264029
3.0369672775268555  3.038828134536743  0.14607208562077623  0.07226989470319746
3.038828134536743  3.0406911373138428  0.10942788216056037  0.06562164133925974
3.0406911373138428  3.0425567626953125  0.2003357653509863  0.08064110751420164
3.0425567626953125  3.0444245338439946  0.181914192664968  0.07783597898754316
3.0444245338439946  3.0462944507598877  0.1635348982282587  0.07490805029215804
3.0462944507598877  3.0481667518615723  0.1270318413009536  0.06866764509305927
3.0481667518615723  3.050041437149048  0.12687028484501955  0.0685803150090035
3.050041437149048  3.0519185066223145  0.1810130554220371  0.07745040764493306
3.0519185066223145  3.0537977218627925  0.18080636708170955  0.07736197150326085
3.0537977218627925  3.0556793212890625  0.12640408638319223  0.06832830928987166
3.0556793212890625  3.0575630664825435  0.23448304277173068  0.08492072806398539
3.0575630664825435  3.0594494342803955  0.1260845613923349  0.06815558858893674
3.0594494342803955  3.0613379478454585  0.17991614510011783  0.07698107049472307
3.0613379478454585  3.063228845596313  0.1437514346576924  0.07112174103624465
3.063228845596313  3.0651221275329585  0.19740931417598134  0.07946312382554185
3.0651221275329585  3.0670175552368164  0.2688897708183706  0.08906753125747725
3.0670175552368164  3.068915605545044  0.2864194518955303  0.09116509470047604
3.068915605545044  3.0708158016204834  0.19669101177810136  0.07917398573383035
3.0708158016204834  3.072718381881714  0.16072734421101856  0.07362203489238794
3.072718381881714  3.0746233463287354  0.160526183579966  0.07352989217036995
3.0746233463287354  3.0765306949615483  0.24939526243403906  0.08622970944787317
3.0765306949615483  3.0784404277801514  0.10675024609273628  0.06401591828028649
3.0784404277801514  3.080352544784546  0.15992571157156213  0.07325484269841095
3.080352544784546  3.082266807556152  0.14199683998884333  0.07025364655107574
3.082266807556152  3.084183692932129  0.23042916927096746  0.08345257119816356
3.084183692932129  3.086102962493896  0.1416264134497419  0.07007037616876853
3.086102962493896  3.088024616241455  0.17681337287064128  0.07565348131369939
3.088024616241455  3.0899486541748042  0.15893484594847884  0.0728009713062443
3.0899486541748042  3.0918748378753658  0.1940373021254447  0.07810578862465996
3.0918748378753658  3.093803644180298  0.21138923886339234  0.08051664607202005
3.093803644180298  3.0957350730895996  0.08795925103923577  0.05977562647877102
3.0957350730895996  3.0976686477661133  0.21086793371211318  0.08031808467605329
3.0976686477661133  3.099604606628418  0.21060824413857604  0.08021917077866897
3.099604606628418  3.1015431880950928  0.15774249253522668  0.07225480733504561
3.1015431880950928  3.1034839153289795  0.21009077916526264  0.0800220720789671
3.1034839153289795  3.1054272651672363  0.10490362792327552  0.06290853949515098
3.1054272651672363  3.107372999191284  0.22701268483507014  0.08221525210554961
3.107372999191284  3.109321355819702  0.24414612083612058  0.08441479143210305
3.109321355819702  3.111271858215332  0.22645770944126728  0.08201426139022008
3.111271858215332  3.113224983215332  0.15656789633837015  0.07171677715347362
3.113224983215332  3.115180492401123  0.13900178350038508  0.06877182737849991
3.115180492401123  3.117138624191284  0.22557537086801502  0.08169471233817002
3.117138624191284  3.1190989017486572  0.13866366191561158  0.06860454003386721
3.1190989017486572  3.1210620403289795  0.2596154576155632  0.08599549107324631
3.1210620403289795  3.1230273246765137  0.13831040012982634  0.06842976199908483
3.1230273246765137  3.124995231628418  0.20718911344865976  0.07891684840353672
3.124995231628418  3.1269655227661133  0.15520380043609971  0.07109194560034557
3.1269655227661133  3.1289384365081787  0.25832914537843465  0.08556941069451481
3.1289384365081787  3.130913734436035  0.13760924903683264  0.06808286399015766
3.130913734436035  3.1328916549682617  0.24049687794994906  0.08315304671927989
3.1328916549682617  3.1348719596862793  0.2402073319856462  0.08305293469577968
3.1348719596862793  3.136854887008667  0.20561968767647443  0.0783190653748698
3.136854887008667  3.1388401985168457  0.17114396365289997  0.07322770017876282
3.1388401985168457  3.1408278942108154  0.15384481309870796  0.0704694540531673
3.1408278942108154  3.1428184509277344  0.06827719656666419  0.05427097561574474
3.1428184509277344  3.1448113918304443  0.32392869866510665  0.09281575106572329
3.1448113918304443  3.1468067169189453  0.221370596360259  0.0801719049388685
3.1468067169189453  3.1488046646118164  0.2550923243444567  0.08449724027411815
3.1488046646118164  3.1508052349090576  0.2717417776832698  0.08649330460141696
3.1508052349090576  3.15280818939209  0.30534560333387173  0.09041838431712013
3.15280818939209  3.1548140048980713  0.18633393128152476  0.07500495260889432
3.1548140048980713  3.1568219661712646  0.2538201944913972  0.08407585769379126
3.1568219661712646  3.1588327884674072  0.1689727039764878  0.07229867908330069
3.1588327884674072  3.160845994949341  0.2700361507034956  0.08595041673501774
3.160845994949341  3.1628618240356445  0.25282953021957977  0.08374770827878296
3.1628618240356445  3.1648802757263184  0.2188342217031665  0.07925332771478744
3.1648802757263184  3.1669013500213623  0.218550256097559  0.07915048630805596
3.1669013500213623  3.1689248085021973  0.3022514921182817  0.08950216173537484
3.1689248085021973  3.1709511280059814  0.11737628541432976  0.06344829002421395
3.1709511280059814  3.1729798316955566  0.2009800143853846  0.07655184707048913
3.1729798316955566  3.175011157989502  0.2843540886237191  0.08719759416099317
3.175011157989502  3.1770451068878174  0.1837565776428869  0.07396749106770929
3.1770451068878174  3.179081678390503  0.18351994426029827  0.07387223908904565
3.179081678390503  3.1811208724975586  0.18328391954536044  0.07377723211722528
3.1811208724975586  3.1831626892089844  0.19968927398473113  0.07606021330252126
3.1831626892089844  3.1852071285247803  0.23267196495309356  0.08044754234205785
3.1852071285247803  3.1872541904449463  0.1493832060102409  0.06842579064072396
3.1872541904449463  3.1893038749694824  0.3315379284256597  0.09208825331309663
3.1893038749694824  3.1913561820983887  0.31455854927295845  0.09013090882416135
3.1913561820983887  3.193411111831665  0.2149495905486724  0.07784646390919948
3.193411111831665  3.1954686641693115  0.18164859372786418  0.07311896480864749
3.1954686641693115  3.1975290775299072  0.14841520560101  0.06798239278422308
3.1975290775299072  3.199591875076294  0.24707277831790883  0.0818408314259258
3.199591875076294  3.20165753364563  0.2960766867045079  0.08767368959465907
3.20165753364563  3.203725814819336  0.19713417203518588  0.07508699328216623
3.203725814819336  3.205796718597412  0.21329156354351914  0.07724599037916076
3.205796718597412  3.2078702449798584  0.21302179153029865  0.07714828934499142
3.2078702449798584  3.209946632385254  0.13090970585258452  0.06476823150286558
3.209946632385254  3.2120256423950195  0.2941752767898918  0.08711064755139063
3.2120256423950195  3.2141072750091553  0.22851472906571724  0.07901015640627031
3.2141072750091553  3.216191530227661  0.260831074873063  0.08302051234391326
3.216191530227661  3.218278646469116  0.1627959544594126  0.06965582126896938
3.218278646469116  3.2203683853149414  0.37396078793801546  0.09549653482588949
3.2203683853149414  3.222460985183716  0.24355402506625806  0.08067527327072006
3.222460985183716  3.2245562076568604  0.22703255569785816  0.07849768725343037
3.2245562076568604  3.226654052734375  0.12957070442893037  0.06410575385367158
3.226654052734375  3.228754758834839  0.145568517399152  0.06667845175817226
3.228754758834839  3.230858325958252  0.27458878330206127  0.08420304910480128
3.230858325958252  3.232964515686035  0.16132168726937945  0.06902502370257618
3.232964515686035  3.2350733280181885  0.19334527330754525  0.07364382891156497
3.2350733280181885  3.237185001373291  0.09654165871092005  0.05789403922603316
3.237185001373291  3.2392995357513428  0.3535071290723797  0.09271039781303318
3.2392995357513428  3.2414166927337646  0.1604860118623534  0.06866746164285563
3.2414166927337646  3.2435364723205566  0.24043118636897395  0.07964085856451582
3.2435364723205566  3.245659351348877  0.22407480901536134  0.07747503095048811
3.245659351348877  3.2477848529815674  0.23978392350045397  0.07942645804790914
3.2477848529815674  3.249913215637207  0.07982053239261219  0.05424469027719548
3.249913215637207  3.252044200897217  0.239166891699099  0.0792220713243578
3.252044200897217  3.254178047180176  0.2070000582054757  0.07496744943389838
3.254178047180176  3.256314754486084  0.30213345147753023  0.08657072786859862
3.256314754486084  3.2584543228149414  0.28584894290259155  0.08464506871496839
3.2584543228149414  3.260596513748169  0.15861054928633256  0.06786500382732977
3.260596513748169  3.262741804122925  0.2058958125071135  0.07456753416685823
3.262741804122925  3.264889717102051  0.2689196176128413  0.08246459121452569
3.264889717102051  3.267040491104126  0.3633484432187901  0.09278651233221609
3.267040491104126  3.2691941261291504  0.20509803176563796  0.07427860870512459
3.2691941261291504  3.271350622177124  0.28360513141048715  0.08398063533975968
3.271350622177124  3.2735097408294678  0.18884043091930627  0.07192796673175707
3.2735097408294678  3.27567195892334  0.29856874982265147  0.08554932882990196
3.27567195892334  3.277837038040161  0.25109407075655954  0.07992129929638694
3.277837038040161  3.2800049781799316  0.2037446960232055  0.07378848261667112
3.2800049781799316  3.2821757793426514  0.2347801952780392  0.07776901411280725
3.2821757793426514  3.284349203109741  0.20323064073486258  0.07360231158769091
3.284349203109741  3.2865257263183594  0.26538469000702014  0.081380600531456
3.2865257263183594  3.2887051105499268  0.15590370696178735  0.06670682194383087
3.2887051105499268  3.2908875942230225  0.18681876146004345  0.07115792732387941
3.2908875942230225  3.2930727005004883  0.3109908969640367  0.08638109260585834
3.2930727005004883  3.2952606678009033  0.24846739201703355  0.07908524778364277
3.2952606678009033  3.2974517345428467  0.24811591474867428  0.07897337528949834
3.2974517345428467  3.2996456623077393  0.18584426672519425  0.07078674926350707
3.2996456623077393  3.301842451095581  0.3093370491290857  0.08592171844287948
3.301842451095581  3.304042339324951  0.3243462825630396  0.08747603198468901
3.304042339324951  3.3062448501586914  0.37024008278961634  0.0921733814800372
3.3062448501586914  3.308450698852539  0.3234698604852103  0.08723966138377923
3.308450698852539  3.310659170150757  0.3077006985507283  0.08546720433258034
3.310659170150757  3.312870740890503  0.24581557315009886  0.07824119436292473
3.312870740890503  3.3150851726531982  0.23015435809717347  0.07623674348590763
3.3150851726531982  3.317302703857422  0.4290209868772771  0.0974782064529018
3.317302703857422  3.3195230960845947  0.2448389623687659  0.0779303467100279
3.3195230960845947  3.321746349334717  0.1528274300630239  0.06539056937142712
3.321746349334717  3.323972702026367  0.09156880179938091  0.054911919621436676
3.323972702026367  3.326202154159546  0.3810062520954171  0.09257607196175754
3.326202154159546  3.328434467315674  0.28919363367955  0.08286306345812035
3.328434467315674  3.33066987991333  0.24319382002349796  0.07740671063465121
3.33066987991333  3.3329081535339355  0.28842351854938497  0.0826424012737943
3.3329081535339355  3.3351495265960693  0.2425470967493157  0.07720086362200722
3.3351495265960693  3.3373939990997314  0.1816591185898914  0.06919265633341747
3.3373939990997314  3.3396413326263428  0.15118987750240803  0.06468990657633758
3.3396413326263428  3.3418917655944824  0.31706146299493226  0.08551131975026224
3.3418917655944824  3.3441452980041504  0.15077399337047165  0.06451196142494266
3.3441452980041504  3.3464016914367676  0.22587422633205276  0.07481898494263632
3.3464016914367676  3.348661422729492  0.30072078188176793  0.08352845681923314
3.348661422729492  3.350924015045166  0.18020431426820208  0.06863853179376102
3.350924015045166  3.353189706802368  0.19495427979995872  0.07060493238276233
3.353189706802368  3.3554582595825195  0.2246635499744138  0.07441795832865056
3.3554582595825195  3.3577301502227783  0.31406686422595925  0.08470367794340701
3.3577301502227783  3.3600051403045654  0.19415746394246566  0.07031635636484913
3.3600051403045654  3.3622829914093018  0.31324504387786956  0.08448203340200182
3.3622829914093018  3.3645641803741455  0.2383136764778759  0.07585339871556121
3.3645641803741455  3.3668482303619385  0.19338731951346635  0.07003743971120986
3.3668482303619385  3.3691353797912598  0.23769261508811812  0.07565571968211089
3.3691353797912598  3.3714258670806885  0.32635106981814677  0.08558847904692322
3.3714258670806885  3.3737194538116455  0.28146777465089673  0.08064936207467577
3.3737194538116455  3.3760159015655518  0.22193455959370298  0.07351400264712521
3.3760159015655518  3.3783156871795654  0.23638661170851305  0.07524002891462676
3.3783156871795654  3.3806185722351074  0.33934841145840206  0.08665774176922263
3.3806185722351074  3.3829245567321777  0.17681337287068213  0.06734694651807197
3.3829245567321777  3.3852336406707764  0.23543471931237137  0.0749370489324202
3.3852336406707764  3.3875460624694824  0.19101459129178344  0.06917812892394994
3.3875460624694824  3.389861583709717  0.22010643307316177  0.0729084507307568
3.389861583709717  3.3921802043914795  0.3516995254303831  0.08755760391903174
3.3921802043914795  3.3945019245147705  0.46830668649421175  0.09838481948467609
3.3945019245147705  3.396826982498169  0.42379366052905293  0.0943212150903356
3.396826982498169  3.3991551399230957  0.20431767531723272  0.07064389918926227
3.3991551399230957  3.40148663520813  0.23317161842113884  0.0742167214347571
3.40148663520813  3.4038212299346924  0.13098490674059723  0.059998349514017134
3.4038212299346924  3.406158924102783  0.31976080854083994  0.08386012424311996
3.406158924102783  3.4084999561309814  0.23222173913232683  0.07391438220903247
3.4084999561309814  3.410844087600708  0.289893365609784  0.08052102458631934
3.410844087600708  3.413191556930542  0.2894811670399549  0.08040653196553846
3.413191556930542  3.4155423641204834  0.2023490973096123  0.06996325310173895
3.4155423641204834  3.417896270751953  0.28868951389399333  0.08018664172315321
3.417896270751953  3.4202535152435303  0.1441403646543641  0.06167361782022433
3.4202535152435303  3.4226138591766357  0.1871364162564654  0.06777360327610003
3.4226138591766357  3.4249775409698486  0.22999649551546467  0.07320610438879259
3.4249775409698486  3.427344560623169  0.272735696226997  0.07814734721579178
3.427344560623169  3.4297146797180176  0.28671477423552927  0.07963813637789878
3.4297146797180176  3.4320881366729736  0.30062713703758576  0.08107899016802868
3.4320881366729736  3.434464931488037  0.27161400262229174  0.07782594675076547
3.434464931488037  3.436845064163208  0.2997839476318908  0.08085158240235656
3.436845064163208  3.4392285346984863  0.29936412415816405  0.08073835621913829
3.4392285346984863  3.441615104675293  0.2847384186488907  0.07908918219107808
3.441615104675293  3.444005250930786  0.2558811385144994  0.07577105702225699
3.444005250930786  3.4463984966278076  0.19876091845714058  0.06872262159624885
3.4463984966278076  3.4487950801849365  0.3119035741885133  0.08179949444924306
3.4487950801849365  3.451195240020752  0.31143883259590105  0.08167761182117725
3.451195240020752  3.4535984992980957  0.2968991219453538  0.08007354634154022
3.4535984992980957  3.456005096435547  0.3529611118827269  0.08576172467945263
3.456005096435547  3.4584152698516846  0.2537549128111442  0.0751414429368015
3.4584152698516846  3.4608285427093506  0.38014351120448375  0.08824717690095725
3.4608285427093506  3.463245391845703  0.19681977897531588  0.0680514625217664
3.463245391845703  3.465665578842163  0.22462666304209603  0.07149692827410992
3.465665578842163  3.4680891036987305  0.33647593554456223  0.08376760433965406
3.4680891036987305  3.4705159664154053  0.3360131530416028  0.08365239199455581
3.4705159664154053  3.4729464054107666  0.23765909702512134  0.0728785071857624
3.4729464054107666  3.4753801822662354  0.43278398653476335  0.092625736221139
3.4753801822662354  3.4778172969818115  0.2091247973005818  0.06927087394806399
3.4778172969818115  3.480257749557495  0.2923742818688126  0.07885319921089541
3.480257749557495  3.4827017784118652  0.18072876021256534  0.06545299701818265
3.4827017784118652  3.485149383544922  0.1804646913051829  0.06535736142931915
3.485149383544922  3.487600088119507  0.22182948307620554  0.07060660754066443
3.487600088119507  3.4900546073913574  0.30454149856657947  0.07986872444912979
3.4900546073913574  3.4925122261047363  0.2765067491924133  0.0768027467726709
3.4925122261047363  3.4949734210968018  0.22088397331592724  0.07030565910205268
3.4949734210968018  3.4974381923675537  0.23434869753086543  0.0718633683741209
3.4974381923675537  3.499906539916992  0.16518293657927535  0.06291699668915214
3.499906539916992  3.502378225326538  0.17870652271042803  0.06472062047201606
3.502378225326538  3.5048532485961914  0.2059217491577446  0.068209890520866
3.5048532485961914  3.5073320865631104  0.2056048550549723  0.06810492194836107
3.5073320865631104  3.5098142623901367  0.31483683664169676  0.08039834096137943
3.5098142623901367  3.5122997760772705  0.2597333325795325  0.07442176145404134
3.5122997760772705  3.51478910446167  0.177439950286276  0.06426191671615654
3.51478910446167  3.5172817707061768  0.21809519431279933  0.0694180123300325
3.5172817707061768  3.519778251647949  0.35386314983077216  0.08400221193099873
3.519778251647949  3.522278070449829  0.36698260566636  0.08519198136304143
3.522278070449829  3.5247814655303955  0.4343210012457746  0.09124489258493101
3.5247814655303955  3.5272884368896484  0.28461656197899815  0.07676094599360203
3.5272884368896484  3.529798984527588  0.2977449883896425  0.07808627903169907
3.529798984527588  3.5323128700256348  0.39196090454090715  0.08723638937414196
3.5323128700256348  3.5348305702209473  0.4048624390163915  0.08833110634308267
3.5348305702209473  3.5373518466949463  0.22909662743017367  0.07025281345169379
3.5373518466949463  3.539876937866211  0.2556623540875863  0.07325529819265233
3.539876937866211  3.542405366897583  0.3225155949844861  0.08029209788897534
3.542405366897583  3.5449373722076416  0.21470670965539707  0.06833948388987662
3.5449373722076416  3.547473192214966  0.2947776163729725  0.0773080592519548
3.547473192214966  3.5500125885009766  0.22746191297287452  0.06975152588974386
3.5500125885009766  3.552555561065674  0.280587206938793  0.07567423093218878
3.552555561065674  3.5551021099090576  0.3602483494440394  0.08362867939251843
3.5551021099090576  3.557652473449707  0.26645148833087745  0.0740097890747585
3.557652473449707  3.560206413269043  0.21286270132004453  0.06775255030904498
3.560206413269043  3.5627639293670654  0.29227693928805215  0.07665223438088853
3.5627639293670654  3.5653252601623535  0.4112314004046229  0.08801298662807287
3.5653252601623535  3.567890167236328  0.33117581923631206  0.08046838156854384
3.567890167236328  3.5704588890075684  0.38359344509739407  0.08537409407471251
3.5704588890075684  3.573031187057495  0.36985116312406663  0.08403418279900265
3.573031187057495  3.5756072998046875  0.3693034890278163  0.08390974532331695
3.5756072998046875  3.5781872272491455  0.25022825913886204  0.07169825923282329
3.5781872272491455  3.58077073097229  0.21042684168884432  0.06697723504157344
3.58077073097229  3.5833580493927  0.3020426010207064  0.07713113967461495
3.5833580493927  3.585948944091797  0.24916904317121802  0.07139476057406652
3.585948944091797  3.588543653488159  0.3928463986045294  0.08570949949305824
3.588543653488159  3.591142177581787  0.39226969043151605  0.08558367584025624
3.591142177581787  3.5937445163726807  0.22196031471132266  0.068064452794472
3.5937445163726807  3.59635066986084  0.27378493726183933  0.07383966216473566
3.59635066986084  3.5989603996276855  0.23435121629890887  0.06939565564115899
3.5989603996276855  3.601573944091797  0.3510137402309601  0.08148494112310613
3.601573944091797  3.604191541671753  0.27258795420431425  0.07351683642615224
3.604191541671753  3.6068127155303955  0.2981413776857109  0.07613490337901777
3.6068127155303955  3.6094377040863037  0.23298895673095882  0.06899226581726851
3.6094377040863037  3.6120665073394775  0.31020115044535423  0.07722634664543658
3.6120665073394775  3.614699363708496  0.2839133141123731  0.07445879907668128
3.614699363708496  3.617335796356201  0.28352819024624126  0.07435779690755935
3.617335796356201  3.619976282119751  0.2316215271880683  0.06858734506980824
3.619976282119751  3.6226205825805664  0.2569859859954374  0.0713806432001345
3.6226205825805664  3.6252686977386475  0.2694465786629302  0.07266960899637395
3.6252686977386475  3.6279206275939937  0.38436998615605594  0.08386015310465783
3.6279206275939937  3.6305763721466064  0.30705430333152917  0.07644292109816334
3.6305763721466064  3.6332361698150635  0.33213526728917314  0.07884431347521403
3.6332361698150635  3.635899782180786  0.30614732230670205  0.07621712299611383
3.635899782180786  3.6385674476623535  0.3056821775681898  0.07610132255899398
3.6385674476623535  3.6412389278411865  0.27980854330592914  0.07338228631894612
3.6412389278411865  3.6439144611358643  0.20318884838177836  0.06467343779277221
3.6439144611358643  3.6465938091278076  0.3170305626752309  0.07703139783897443
3.6465938091278076  3.6492769718170166  0.2912534482207842  0.07437596656734684
3.6492769718170166  3.6519641876220703  0.2023054969869858  0.06439227388079938
3.6519641876220703  3.6546554565429688  0.315626281302644  0.07669018859978692
3.6546554565429688  3.657350540161133  0.2899651721759294  0.07404698582350684
3.657350540161133  3.6600496768951416  0.3398827506767763  0.07890097381781551
3.6600496768951416  3.662752866744995  0.3645118872357845  0.08112722610345323
3.662752866744995  3.6654601097106934  0.31376393336364994  0.07623767934076571
3.6654601097106934  3.6681711673736572  0.22559215667996274  0.06680193884866117
3.6681711673736572  3.670886278152466  0.35039727774372625  0.07961404972062168
3.670886278152466  3.673605442047119  0.27490177358552703  0.07209544219235348
3.673605442047119  3.676328659057617  0.3244003713778686  0.07700815628869617
3.676328659057617  3.67905592918396  0.32391826574683236  0.07689371108746287
3.67905592918396  3.681787252426148  0.2239183321933868  0.06630628898812872
3.681787252426148  3.6845226287841797  0.4720160362838083  0.08974453116534457
3.6845226287841797  3.687262058258057  0.47131766616904913  0.0896117498746444
3.687262058258057  3.6900055408477783  0.49539090478419356  0.09144386750420713
3.6900055408477783  3.692753076553345  0.5193931185714478  0.09322300427152282
3.692753076553345  3.695504903793335  0.3333748588123727  0.07739022046366606
3.695504903793335  3.698260545730591  0.5671857252598556  0.09663608168446983
3.698260545730591  3.7010204792022705  0.3693285552879314  0.08057847987067664
3.7010204792022705  3.703784465789795  0.31961537495713055  0.07587226439484927
3.703784465789795  3.706552743911743  0.2822983641612872  0.0720891506113962
3.706552743911743  3.709324836730957  0.3922224574766177  0.08240056524828208
3.709324836730957  3.712101459503174  0.3548716965034625  0.07898166662896727
3.712101459503174  3.7148818969726562  0.32994448811625665  0.07659388823456434
3.7148818969726562  3.7176666259765625  0.23182534179294748  0.06642524513342302
3.7176666259765625  3.7204556465148926  0.3167465414496508  0.07519124304406631
3.7204556465148926  3.7232487201690674  0.3406166623086261  0.07739178815351597
3.7232487201690674  3.726046085357666  0.2915092376042338  0.0725728882734666
3.726046085357666  3.7288477420806885  0.31531793395268615  0.0748521114057942
3.7288477420806885  3.7316534519195557  0.19376149358772238  0.06167278372794781
3.7316534519195557  3.7344634532928467  0.3627479514689542  0.07914275267121611
3.7344634532928467  3.7372777462005615  0.31390215536072646  0.0745160251719322
3.7372777462005615  3.740096092224121  0.39784130713259486  0.0820936488797773
3.740096092224121  3.7429187297821045  0.22871188378593008  0.06553314157938853
3.7429187297821045  3.745745897293091  0.3965999402609549  0.0818374956491691
3.745745897293091  3.748577117919922  0.30002437586056807  0.07289927148752799
3.748577117919922  3.7514126300811768  0.275604667138376  0.07037981398712868
3.7514126300811768  3.7542524337768555  0.3230469834952384  0.074992689496389
3.7542524337768555  3.757096529006958  0.3464528273517751  0.07710792937890458
3.757096529006958  3.7599449157714844  0.41750274116363467  0.08325160051053024
3.7599449157714844  3.7627978324890137  0.35729127160396906  0.07795223825697416
3.7627978324890137  3.7656548023223873  0.3805700169474541  0.07995254712024741
3.7656548023223873  3.7685163021087646  0.308723632884306  0.07328671564150568
3.7685163021087646  3.771382093429565  0.28454890888610695  0.07084007471819598
3.771382093429565  3.77425217628479  0.34331581470997546  0.07640974327635906
3.77425217628479  3.7771267890930176  0.23639641458699479  0.06566166656155691
3.7771267890930176  3.780005693435669  0.3422638325034637  0.07617560990152818
3.780005693435669  3.782888889312744  0.2828312151501261  0.07041244506016568
3.782888889312744  3.7857766151428223  0.31768598253069563  0.07374817739361703
3.7857766151428223  3.788668870925903  0.3876747252176346  0.07999579782441647
3.788668870925903  3.791565418243408  0.42229128547328393  0.08284155781865984
3.791565418243408  3.794466257095337  0.38652766430627133  0.07975910441422267
3.794466257095337  3.797371625900269  0.37423030634169835  0.07862066076986945
3.797371625900269  3.800281524658203  0.35029474445012265  0.07642576673355962
3.800281524658203  3.803195953369141  0.40804198696671984  0.08136509091125271
3.803195953369141  3.806114673614502  0.3375948192680896  0.07513645560864995
3.806114673614502  3.809037923812866  0.3254485114546574  0.07394542029348664
3.809037923812866  3.8119657039642334  0.41778638658108413  0.08195782458787075
3.8119657039642334  3.8148980140686035  0.42872822227412655  0.08278050271538114
3.8148980140686035  3.8178348541259766  0.41649755051272225  0.08170499155212313
3.8178348541259766  3.8207762241363525  0.38120143402888895  0.07866004891041965
3.8207762241363525  3.823721885681153  0.3806460616441679  0.07854544908196691
3.823721885681153  3.8266723155975337  0.3685147889359197  0.07741990885996478
3.8266723155975337  3.829627275466919  0.333454556840302  0.07421498221404021
3.829627275466919  3.8325870037078857  0.37883696565284386  0.07817214623875039
3.8325870037078857  3.835551023483277  0.32097202372465866  0.07292831388499869
3.835551023483277  3.83851957321167  0.3433738138313175  0.07491578852968375
3.83851957321167  3.8414928913116455  0.26283107259054656  0.0671178837101212
3.8414928913116455  3.844470977783203  0.3080468033313413  0.07151052154282998
3.844470977783203  3.8474533557891846  0.4329234938271047  0.08231185594850357
3.8474533557891846  3.850440502166748  0.46635603159745886  0.08487024458290683
3.850440502166748  3.8534324169158936  0.4201871388755664  0.08113135731105846
3.8534324169158936  3.856428861618042  0.36285570600577927  0.07623101306029406
3.856428861618042  3.8594298362731934  0.4189185990108431  0.08088642272952035
3.8594298362731934  3.8624355792999268  0.4295581807157336  0.08167200809548911
3.8624355792999268  3.865446090698242  0.4627365739989358  0.08421155416007284
3.865446090698242  3.86846137046814  0.47327321091305846  0.08494519658615041
3.86846137046814  3.87148118019104  0.41630573233461693  0.08038192032975069
3.87148118019104  3.8745057582855225  0.37071433798000974  0.07649606049249939
3.8745057582855225  3.877535104751587  0.42621123754787127  0.08103565292458925
3.877535104751587  3.8805692195892334  0.34715220293468996  0.07429856320488659
3.8805692195892334  3.883608102798462  0.4472354575043772  0.08255488650327485
3.883608102798462  3.8866515159606934  0.42424128353178636  0.08066110505756609
3.8866515159606934  3.889699935913086  0.44583631638908117  0.08229662000396849
3.889699935913086  3.8927531242370605  0.3115980164724  0.07079843809295952
3.8927531242370605  3.895811080932617  0.31111213152546036  0.07068803978001245
3.895811080932617  3.898873805999756  0.49922318496182794  0.08613124824235817
3.898873805999756  3.9019412994384766  0.5206003568387363  0.08761745712719078
3.9019412994384766  3.9050137996673584  0.33175660402057067  0.07238119678613741
3.9050137996673584  3.9080910682678223  0.3864496202589248  0.07705949262410355
3.9080910682678223  3.911173105239868  0.35277871997220034  0.07411397633958194
3.911173105239868  3.914259910583496  0.4953287274287202  0.08545933536119046
3.914259910583496  3.9173517227172856  0.32968440438097474  0.07192909338238887
3.9173517227172856  3.9204485416412354  0.42789680212624687  0.08014572911333406
3.9204485416412354  3.9235501289367676  0.40532926479740816  0.07826254154020083
3.9235501289367676  3.926656723022461  0.44842476745084897  0.08160700647576666
3.926656723022461  3.9297680854797363  0.4258966714802316  0.0797711015672756
3.9297680854797363  3.932884454727173  0.5015325998434252  0.08545022049645033
3.932884454727173  3.9360058307647705  0.47895733696042403  0.08370371847502733
3.9360058307647705  3.9391322135925293  0.36951068940350595  0.07493365084234092
3.9391322135925293  3.94226336479187  0.3689479684876398  0.07481953578737657
3.94226336479187  3.9453997611999507  0.40083074160016946  0.07739394928898645
3.9453997611999507  3.9485409259796147  0.4975736328312378  0.08477569883178646
3.9485409259796147  3.9516870975494385  0.4103849639499861  0.07802659942861294
3.9516870975494385  3.9548385143280034  0.46361006785831727  0.08209540723186481
3.9548385143280034  3.9579946994781494  0.3767869201301288  0.07513271425437715
3.9579946994781494  3.961156129837036  0.4621416196796457  0.08183537653023697
3.961156129837036  3.964322566986084  0.375566994103  0.07488945646406932
3.964322566986084  3.967494010925293  0.3428334470816895  0.07202461074588601
3.967494010925293  3.970670461654663  0.4171696737084007  0.07813652146310492
3.970670461654663  3.9738521575927734  0.5232721879471504  0.0860021080022635
3.9738521575927734  3.977038860321045  0.2878806389654186  0.0668291130174689
3.977038860321045  3.980230569839478  0.4258208068536639  0.07860197082024313
3.980230569839478  3.9834277629852295  0.36132689561139797  0.07327404649483617
3.9834277629852295  3.9866297245025635  0.44568029027686756  0.07999269554915879
3.9866297245025635  3.9898369312286377  0.43435732380943815  0.07904692940672313
3.9898369312286377  3.993049383163452  0.3701874164080409  0.07381674864919881
3.993049383163452  3.9962670803070073  0.3907030531823321  0.07543845605337374
3.9962670803070073  3.9994897842407227  0.4638980140184017  0.08107191553415766
3.9994897842407227  4.002717971801758  0.3052315936099944  0.0679335664372934
4.002717971801758  4.005950927734375  0.49395606128961517  0.08313320084059267
4.005950927734375  4.009189605712891  0.4930833474004109  0.08298632239387783
4.009189605712891  4.012433052062988  0.4399798808011123  0.0789695605134668
4.012433052062988  4.015682220458984  0.376461463693551  0.07385104827847466
4.015682220458984  4.0189361572265625  0.31325815914515637  0.06834528744013429
4.0189361572265625  4.022195816040039  0.47948600150332144  0.08169396080376699
4.022195816040039  4.025460720062256  0.48912254937105165  0.08231971691240225
4.025460720062256  4.028730869293213  0.5091183543419889  0.08367586259042041
4.028730869293213  4.03200626373291  0.49792952173685767  0.08280277526060133
4.03200626373291  4.035286903381348  0.38320700623179377  0.07399109032677853
4.035286903381348  4.038572788238525  0.5170206738273465  0.08400451890217717
4.038572788238525  4.041864395141602  0.39225264263966775  0.0745790964841251
4.041864395141602  4.045161247253418  0.42254662423232303  0.07689754804593865
4.045161247253418  4.048463344573975  0.3395582737627728  0.07006707750237165
4.048463344573975  4.0517706871032715  0.33901975862272227  0.06995595612801667
4.0517706871032715  4.055083751678467  0.420478894637634  0.0765212503151439
4.055083751678467  4.058402061462402  0.2559842982716084  0.062198509046874184
4.058402061462402  4.061726093292236  0.4497568107506722  0.07860056536186043
4.061726093292236  4.0650553703308105  0.38781437870833946  0.07373524821396671
4.0650553703308105  4.068389892578125  0.4177731102448564  0.07602883557695121
4.068389892578125  4.071730136871338  0.25430331644141646  0.06179006773122017
4.071730136871338  4.075076103210449  0.3351063197673082  0.0691484269208955
4.075076103210449  4.078427314758301  0.3954148806785019  0.07406181527126827
4.078427314758301  4.081783771514893  0.48590394726672476  0.08080299236611317
4.081783771514893  4.085145950317383  0.5457116182685838  0.0848816466671528
4.085145950317383  4.0885138511657715  0.413632643344511  0.07527532878233326
4.0885138511657715  4.091887474060059  0.5237174617495427  0.08321990746936617
4.091887474060059  4.095266342163086  0.44245762457563304  0.07732494229996174
4.095266342163086  4.098650932312012  0.4316707436568119  0.07643963741835322
4.098650932312012  4.102040767669678  0.4209794836417451  0.07555928409236197
4.102040767669678  4.1054368019104  0.46023115785968904  0.07841335524495242
4.1054368019104  4.108838081359863  0.5294485954219682  0.08322771105766011
4.108838081359863  4.112245082855225  0.448776839329576  0.0774277127306741
4.112245082855225  4.115657806396484  0.4480243841008552  0.07729789121987796
4.115657806396484  4.119075775146484  0.34792865852971144  0.06937826948237338
4.119075775146484  4.122499942779541  0.4961411312274398  0.08061205121221318
4.122499942779541  4.125929832458496  0.40615700819439465  0.07391486823156121
4.125929832458496  4.129364967346191  0.5242305429129511  0.08240744905251106
4.129364967346191  4.132806301116943  0.41467966595665323  0.07442856458536806
4.132806301116943  4.1362528800964355  0.4337651809273569  0.07580583026252476
4.1362528800964355  4.139705657958984  0.344421022557792  0.06867883381434227
4.139705657958984  4.143164157867432  0.4322700575958825  0.07554453896836191
4.143164157867432  4.146628379821777  0.37270750063890246  0.07086297357603794
4.146628379821777  4.1500983238220215  0.4602201587939522  0.07745542142355616
4.1500983238220215  4.153573989868164  0.4594624908140473  0.07732790529554373
4.153573989868164  4.157055854797363  0.546470035462278  0.08327090290066758
4.157055854797363  4.160542964935303  0.37026117764824645  0.07039785355256606
4.160542964935303  4.164036273956299  0.5446797978358661  0.08299810714996926
4.164036273956299  4.167535781860352  0.42720462293812994  0.07465929161159952
4.167535781860352  4.1710405349731445  0.5816799123827339  0.08525710157719696
4.1710405349731445  4.174551486968994  0.3967794866144616  0.07220829107559687
4.174551486968994  4.1780686378479  0.47336410982610627  0.0777994937154424
4.1780686378479  4.181591510772705  0.42437124089644507  0.07416412305597306
4.181591510772705  4.185120105743408  0.5777496427044723  0.08468104008005374
4.185120105743408  4.188654899597168  0.30759277708624266  0.064621028742869
4.188654899597168  4.192195415496826  0.5278206612361844  0.08125167455960323
4.192195415496826  4.195742130279541  0.5460580785442913  0.08238140979483925
4.195742130279541  4.1992950439453125  0.4494728352628628  0.07564663826321544
4.1992950439453125  4.202853679656982  0.4582979880491056  0.07621228236166026
4.202853679656982  4.206418514251709  0.600470134271502  0.08563237619283189
4.206418514251709  4.209989547729492  0.5899130637664393  0.08488553760445676
4.209989547729492  4.213566303253174  0.5034737809818558  0.07914454912335551
4.213566303253174  4.217149257659912  0.4646704383919831  0.07637065020562993
4.217149257659912  4.220738410949707  0.41653443971608023  0.07279454512256264
4.220738410949707  4.2243332862854  0.453677926092383  0.07544399300504981
4.2243332862854  4.227934837341309  0.4905734200818237  0.07795324312799756
4.227934837341309  4.231542110443115  0.5368909435839312  0.08099840397277124
4.231542110443115  4.2351555824279785  0.4231341405396966  0.07300356392988473
4.2351555824279785  4.238775730133057  0.4692820684067762  0.07624804264421797
4.238775730133057  4.242401599884033  0.6091039324497  0.08535549398739738
4.242401599884033  4.246033668518066  0.5051611684930792  0.0785743062426276
4.246033668518066  4.2496724128723145  0.3548316068852872  0.06746422526928524
4.2496724128723145  4.253316879272461  0.4195355903453906  0.07238270410318808
4.253316879272461  4.256967544555664  0.47466630781232105  0.07626070358189867
4.256967544555664  4.260624885559082  0.4273489317179538  0.07281094081545648
4.260624885559082  4.264288425445557  0.3709789887642062  0.06847875721532873
4.264288425445557  4.267958164215088  0.4444228020803632  0.07390491986292497
4.267958164215088  4.271634101867676  0.4898893282066286  0.07700911440839145
4.271634101867676  4.2753167152404785  0.5259070294202304  0.07934130856584416
4.2753167152404785  4.279005527496338  0.6263435457792365  0.08558396969492905
4.279005527496338  4.282700538635254  0.5885108417964426  0.08318912130405787
4.282700538635254  4.286402225494385  0.541555013106558  0.08013006421971328
4.286402225494385  4.290110111236572  0.48566831676246136  0.07634558423023272
4.290110111236572  4.293824672698975  0.42991297760508224  0.07235469854932199
4.293824672698975  4.297545433044434  0.4748559582055639  0.07545570233830139
4.297545433044434  4.301272869110107  0.5469294302178707  0.08016370686867055
4.301272869110107  4.305006504058838  0.4641181676387139  0.07456602128007869
4.305006504058838  4.308746814727783  0.5359627188610669  0.07930261200122822
4.308746814727783  4.312493324279785  0.49879959395172063  0.07678422853570752
4.312493324279785  4.316246509552002  0.5612830560979373  0.08076582278233727
4.316246509552002  4.320006370544434  0.4518439395490482  0.07341472920163639
4.320006370544434  4.32377290725708  0.49614741228999487  0.07637595690657728
4.32377290725708  4.327545642852783  0.45030200497273065  0.07316419865456304
4.327545642852783  4.331325054168701  0.5483980753570501  0.07963564542440668
4.331325054168701  4.335111618041992  0.4486575322181394  0.07289700790264486
4.335111618041992  4.338903903961182  0.4658997915098723  0.07403254688114745
4.338903903961182  4.342703342437744  0.50973644430377  0.07690172264734117
4.342703342437744  4.3465094566345215  0.3213741435239109  0.06304448045220827
4.3465094566345215  4.350322246551514  0.5346857623828282  0.07836914664737341
4.350322246551514  4.354141712188721  0.5159595227814388  0.07708128366383457
4.354141712188721  4.357967853546143  0.5594609576039069  0.07978410324247397
4.357967853546143  4.361800670623779  0.5318919328207382  0.077959653718885
4.361800670623779  4.365640163421631  0.5221176809173137  0.07725405967928889
4.365640163421631  4.3694868087768555  0.5299798383554102  0.07767939712314338
4.3694868087768555  4.373339653015137  0.5026707906203514  0.07583575817500178
4.373339653015137  4.377199649810791  0.5281466777039029  0.07741070989405777
4.377199649810791  4.381066799163818  0.48323901475692604  0.07438886357645551
4.381066799163818  4.384940147399902  0.5263261548705027  0.07714387499598642
4.384940147399902  4.388820648193359  0.5166000942180153  0.07643766140791768
4.388820648193359  4.3927083015441895  0.5855682424728674  0.08067766135957385
4.3927083015441895  4.396602153778076  0.4362955502503362  0.07088845698688499
4.396602153778076  4.400503635406494  0.4789866059250391  0.07373425612381497
4.400503635406494  4.404411792755127  0.5390262243224578  0.07756317607610745
4.404411792755127  4.408326625823975  0.44263644976993055  0.07111473162277908
4.408326625823975  4.412248611450195  0.5544523420158826  0.07837477215624855
4.412248611450195  4.416177749633789  0.40643472033295996  0.06840328904116726
4.416177749633789  4.420113563537598  0.5179727836216494  0.07591951739670434
4.420113563537598  4.424056529998779  0.4911815199192695  0.07410242182295496
4.424056529998779  4.428006649017334  0.5074953605439655  0.07509049837489548
4.428006649017334  4.431963920593262  0.4636477431511971  0.07211718166647721
4.431963920593262  4.435927867889404  0.5485830040996793  0.07754511018707379
4.435927867889404  4.439899444580078  0.4448674561025351  0.07069046048094196
4.439899444580078  4.443877696990967  0.5209880313172695  0.07565529493393831
4.443877696990967  4.4478631019592285  0.47742572373122216  0.07274995608766149
4.4478631019592285  4.451855659484863  0.4340194975052108  0.06973031728448779
4.451855659484863  4.455855846405029  0.5436131258887392  0.07684259160628731
4.455855846405029  4.45986270904541  0.4663891954871676  0.07179503553552946
4.45986270904541  4.463877201080322  0.5924581599574704  0.0796543205193751
4.463877201080322  4.467898368835449  0.6252731419126625  0.08150357853986358
4.467898368835449  4.471927165985107  0.4385490640168085  0.06968645346736486
4.471927165985107  4.475963592529297  0.4713909272233378  0.0718303760166184
4.475963592529297  4.480006694793701  0.37817083583085515  0.06524602045767974
4.480006694793701  4.484057426452637  0.5536058965996944  0.07691823635146137
4.484057426452637  4.488115310668945  0.6531082917528817  0.0826778139500835
4.488115310668945  4.492180824279785  0.49309073032444406  0.07295914714257966
4.492180824279785  4.496253490447998  0.4171396163615788  0.06777603790597153
4.496253490447998  4.500333309173584  0.4996899668084495  0.0732397962356706
4.500333309173584  4.504420757293701  0.3990058195065883  0.06635234055822101
4.504420757293701  4.50851583480835  0.4231538486971507  0.06798462350058411
4.50851583480835  4.512618064880371  0.579786731219568  0.07795068283768673
4.512618064880371  4.516727924346924  0.4960375166507825  0.07270445487787419
4.516727924346924  4.520845413208008  0.561134182993419  0.07667372201041936
4.520845413208008  4.524970054626465  0.45307149244840117  0.06974493452081551
4.524970054626465  4.529102802276611  0.4686258207237152  0.07069954148540608
4.529102802276611  4.533242702484131  0.45140156757413846  0.06948786956980581
4.533242702484131  4.537390232086182  0.5652620670746216  0.07661059402620393
4.537390232086182  4.541545391082764  0.5315155270079779  0.07448280655039817
4.541545391082764  4.545708179473877  0.5142170359465921  0.07333191803179967
4.545708179473877  4.5498785972595215  0.4806873504169002  0.0711239067616778
4.5498785972595215  4.554056644439697  0.6017950702749922  0.07844324102107617
4.554056644439697  4.558242321014404  0.6412858683166902  0.08060951556797993
4.558242321014404  4.562435626983643  0.38893312313059764  0.06467730990050836
4.562435626983643  4.566636562347412  0.5095476417495742  0.07266602093275949
4.566636562347412  4.570845603942871  0.46820389458245437  0.0699468768717928
4.570845603942871  4.575062274932861  0.4270673788470994  0.06713369478392962
4.575062274932861  4.579286575317383  0.5308592495331756  0.07375780763129747
4.579286575317383  4.583518981933594  0.4977308398543109  0.07162097691750524
4.583518981933594  4.587759017944336  0.45676787991592893  0.06891058547615998
4.587759017944336  4.592006683349609  0.4239511485344522  0.066643832843993
4.592006683349609  4.596262454986572  0.6067719870345381  0.07792794868655606
4.596262454986572  4.600526332855225  0.5498377834282104  0.07452012377990626
4.600526332855225  4.604797840118408  0.5647645722202309  0.07533273073746635
4.604797840118408  4.609077453613281  0.5795735505830193  0.07612088769246839
4.609077453613281  4.613365173339844  0.4358394583717382  0.06709226908419196
4.613365173339844  4.6176605224609375  0.5853606134268965  0.07630102995411518
4.6176605224609375  4.621963977813721  0.5131995902878137  0.07191614141608528
4.621963977813721  4.626275539398193  0.46495151147381214  0.06879558599177552
4.626275539398193  4.6305952072143555  0.456213244009198  0.06815554499915166
4.6305952072143555  4.634922981262207  0.4161036614306853  0.06541023170717163
4.634922981262207  4.63925838470459  0.548603744905625  0.07375821870354364
4.63925838470459  4.64360237121582  0.6961322990947043  0.08192185069410417
4.64360237121582  4.64795446395874  0.4606214053627927  0.06815489082257413
4.64795446395874  4.65231466293335  0.6078249740613542  0.07694534084812013
4.65231466293335  4.656682968139648  0.4511336947363087  0.06739669055204835
4.656682968139648  4.661059379577637  0.4347705599199776  0.06625017792336835
4.661059379577637  4.665444374084473  0.5966393838136296  0.07607226867318927
4.665444374084473  4.669837474822998  0.5336643286025244  0.07232811753391097
4.669837474822998  4.674238681793213  0.5635614969103573  0.07401787291873281
4.674238681793213  4.678648471832275  0.454594676335014  0.06726315836263345
4.678648471832275  4.683066368103027  0.5075965560296172  0.07052567920190655
4.683066368103027  4.687492847442627  0.6447793060883692  0.07834050519916849
4.687492847442627  4.691927433013916  0.5286719848833396  0.07165149966020665
4.691927433013916  4.696370601654053  0.45882671775199546  0.06725045037480121
4.696370601654053  4.700822353363037  0.4197802495371325  0.0646201460588104
4.700822353363037  4.705282211303711  0.49520221344461873  0.06939411699777287
4.705282211303711  4.709750652313232  0.6691398415842357  0.07923773038022924
4.709750652313232  4.714227676391602  0.6223213036409162  0.07662674523626842
4.714227676391602  4.718713283538818  0.47721002698137016  0.06805438975418424
4.718713283538818  4.723206996917725  0.5897656581936569  0.07465918895534916
4.723206996917725  4.727709770202637  0.46784485169404466  0.06732053278828515
4.727709770202637  4.732220649719238  0.4067455201280957  0.0632664366437732
4.732220649719238  4.736740589141846  0.4961369439407537  0.06893347587357995
4.736740589141846  4.741269111633301  0.5552204281088221  0.07237229417991677
4.741269111633301  4.7458062171936035  0.47179345494626895  0.06728193845692182
4.7458062171936035  4.750351905822754  0.5531237182156176  0.07209899064582707
4.750351905822754  4.75490665435791  0.5147246083977238  0.06976119627721124
4.75490665435791  4.759469509124756  0.6329545498678248  0.07640230494747488
4.759469509124756  4.764041900634766  0.4012736073012603  0.06241531866201841
4.764041900634766  4.768622398376465  0.489577565231564  0.06802211303411038
4.768622398376465  4.77321195602417  0.47380472863175416  0.06697480529715785
4.77321195602417  4.777810573577881  0.4654826548956604  0.06638196229962787
4.777810573577881  4.7824177742004395  0.5014897195351039  0.06852386561374159
4.7824177742004395  4.787034034729004  0.5446677415297472  0.07099676457253067
4.787034034729004  4.791659355163574  0.48483320532107255  0.06736292967068705
4.791659355163574  4.796293258666992  0.6012528009759789  0.07403256956403831
4.796293258666992  4.800936698913574  0.5561141902118765  0.07142194927372283
4.800936698913574  4.805588722229004  0.43822748626620484  0.06423121121283289
4.805588722229004  4.8102498054504395  0.5758779899830084  0.0723877573049338
4.8102498054504395  4.814919948577881  0.5165571817387  0.06890245067860155
4.814919948577881  4.819599151611328  0.5228183865500573  0.06919618087835165
4.819599151611328  4.824287414550781  0.5652920629390789  0.07156104523140872
4.824287414550781  4.82898473739624  0.41953464394267836  0.06267598032152218
4.82898473739624  4.833691596984863  0.4908716107940607  0.06707300066457007
4.833691596984863  4.838407039642334  0.5476226093925829  0.07033137243679977
4.838407039642334  4.843132019042969  0.5896634090104512  0.07260556171392916
4.843132019042969  4.847866535186768  0.5382399229546144  0.06963710332944816
4.847866535186768  4.852610111236572  0.5515375727332266  0.07032173127449222
4.852610111236572  4.857362747192383  0.5218894969883212  0.06854469419483333
4.857362747192383  4.862124919891357  0.5707883389757478  0.07124936930248457
4.862124919891357  4.866896629333496  0.49132102122664717  0.06658928218646165
4.866896629333496  4.871677398681641  0.461961530256086  0.06473600401757126
4.871677398681641  4.876467704772949  0.45394888643048315  0.06416807694456941
4.876467704772949  4.881267070770264  0.4884897624853511  0.06620555855339512
4.881267070770264  4.8860764503479  0.6217042886660591  0.07362054049108945
4.8860764503479  4.890894889831543  0.557071484619882  0.07002378304361483
4.890894889831543  4.89572286605835  0.5981967494010091  0.07220678084369256
4.89572286605835  4.9005608558654785  0.5126821029452591  0.06733539986594755
4.9005608558654785  4.905407905578613  0.5187337339645335  0.0676162988516153
4.905407905578613  4.91026496887207  0.5036733582579731  0.06666229363432799
4.91026496887207  4.915131092071533  0.5097180417915335  0.06694610162076471
4.915131092071533  4.920007228851318  0.5226074902226059  0.06761459015823303
4.920007228851318  4.924893379211426  0.5563055666390936  0.06944153910646174
4.924893379211426  4.929788589477539  0.5413940739155486  0.06853576823643195
4.929788589477539  4.934693813323975  0.4225336002021949  0.061358231324375165
4.934693813323975  4.939609050750732  0.5530134983848266  0.06903060256343746
4.939609050750732  4.944533824920654  0.5450433144930198  0.06851184427340511
4.944533824920654  4.949468612670898  0.5026256272569908  0.06601458759685996
4.949468612670898  4.954412937164307  0.43980813126440677  0.06216920638298238
4.954412937164307  4.959367275238037  0.6035139033191407  0.07146648425342908
4.959367275238037  4.96433162689209  0.6228293942259654  0.07240304008240946
4.96433162689209  4.969305992126465  0.4849655902941745  0.06468851629085733
4.969305992126465  4.974290370941162  0.5248919710657359  0.06692438369067717
4.974290370941162  4.979284763336182  0.5238395812058562  0.06679020266551924
4.979284763336182  4.984288692474365  0.5975328240409635  0.07075822102088128
4.984288692474365  4.989303112030029  0.5488511725577859  0.06804108435750093
4.989303112030029  4.994327545166016  0.5545197608317891  0.06827830606655823
4.994327545166016  4.999362468719482  0.506125977366831  0.06548222359675072
4.999362468719482  5.004406929016113  0.5253758921275189  0.06650800611732777
5.004406929016113  5.009461879730225  0.5511720328162024  0.06786609857780626
5.009461879730225  5.014527320861816  0.5299074980781237  0.06660927493699782
5.014527320861816  5.0196027755737305  0.6158899485675884  0.07116661967732595
5.0196027755737305  5.024688243865967  0.5612270322005  0.06818892731025608
5.024688243865967  5.029784202575684  0.5267341023752136  0.06621037968145671
5.029784202575684  5.034890651702881  0.4923828934307109  0.0641814994702278
5.034890651702881  5.040007591247559  0.5843359850420158  0.06919548703691437
5.040007591247559  5.045134544372559  0.4837865156698845  0.06354026851189581
5.045134544372559  5.050272464752197  0.4959799716952545  0.06416954050655135
5.050272464752197  5.055420398712157  0.47521460052024805  0.06289571350123953
5.055420398712157  5.0605788230896  0.461074620880115  0.061990176044786786
5.0605788230896  5.06574821472168  0.5784069232991303  0.0684933835802166
5.06574821472168  5.070927619934082  0.5116876784033348  0.06477519763535357
5.070927619934082  5.076117992401123  0.5236989564860627  0.06537137815561905
5.076117992401123  5.0813188552856445  0.4965104964044424  0.06376702503231989
5.0813188552856445  5.086530685424806  0.5736971139510342  0.06793566069469366
5.086530685424806  5.091753005981445  0.5009766045974317  0.06387514451413144
5.091753005981445  5.096985816955566  0.4220545199879277  0.059143719362144125
5.096985816955566  5.102230072021484  0.5118391845866437  0.06433809125802217
5.102230072021484  5.107484340667725  0.49146383376742464  0.06311888030016452
5.107484340667725  5.112750053405762  0.4645854230929741  0.06148891813449831
5.112750053405762  5.118026256561279  0.5538181542658926  0.06641933206296953
5.118026256561279  5.1233134269714355  0.5269638095133984  0.06488532747324352
5.1233134269714355  5.1286115646362305  0.5066337280248319  0.06368376632667877
5.1286115646362305  5.133920669555664  0.5567858511064295  0.06635029756650997
5.133920669555664  5.139240741729736  0.4853849587060369  0.06233816814802483
5.139240741729736  5.1445722579956055  0.42061372789682533  0.0584402484398233
5.1445722579956055  5.149914264678955  0.57243783218956  0.06695156210080058
5.149914264678955  5.155267715454102  0.5585204823626856  0.06613848502655456
5.155267715454102  5.160632133483887  0.5320432265260738  0.06464310309012275
5.160632133483887  5.1660075187683105  0.5625623387521296  0.06620314555338322
5.1660075187683105  5.1713948249816895  0.6054660798035892  0.06834297898492292
5.1713948249816895  5.176792621612549  0.49727980142083983  0.06250797947488762
5.176792621612549  5.182202339172362  0.5401496586119972  0.06478007133335201
5.182202339172362  5.187623023986816  0.47010768780924456  0.06082220258251034
5.187623023986816  5.193054676055908  0.46290302921161297  0.06033883573230353
5.193054676055908  5.198498249053955  0.455647566265119  0.05984451358093061
5.198498249053955  5.203953266143799  0.6353225966103374  0.06936581115024501
5.203953266143799  5.2094197273254395  0.5718364107251754  0.0660761950318787
5.2094197273254395  5.214897632598877  0.5458312548298982  0.06463586101959681
5.214897632598877  5.220386981964111  0.5075551355007438  0.06249552736477799
5.220386981964111  5.225887775421143  0.5188528344676085  0.06304047414735446
5.225887775421143  5.231400012969971  0.5917435786869334  0.06679402911519543
5.231400012969971  5.236924648284912  0.5842654911405201  0.06633069249468662
5.236924648284912  5.242460250854492  0.5646939971189087  0.06525088292234106
5.242460250854492  5.248007774353027  0.4287351941449152  0.057642231773475924
5.248007774353027  5.253567218780517  0.6050538757545872  0.06715176726326935
5.253567218780517  5.259138107299805  0.4818289268238475  0.06056580738300223
5.259138107299805  5.264721393585205  0.4259890040722472  0.05727301430118873
5.264721393585205  5.270316123962403  0.455483183756543  0.05893009451614941
5.270316123962403  5.275922775268555  0.4848157119707174  0.060517728459263995
5.275922775268555  5.281541347503661  0.5684498167774116  0.06491189599606577
5.281541347503661  5.287172317504883  0.5189260629139754  0.062234728535578106
5.287172317504883  5.2928147315979  0.45163392166114824  0.05843207968884397
5.2928147315979  5.298469543457031  0.45665233023722507  0.05864802614280402
5.298469543457031  5.304136276245117  0.5216470604357949  0.06216292604388439
5.304136276245117  5.309815406799316  0.42478262283365475  0.05666083979397343
5.309815406799316  5.315506458282471  0.6268837765415094  0.0673660148250326
5.315506458282471  5.321209907531738  0.5063742235335855  0.06112312148168106
5.321209907531738  5.326925277709962  0.5469324722636737  0.06319852326425326
5.326925277709962  5.332653045654297  0.5457486357437918  0.06306172992387403
5.332653045654297  5.338393211364746  0.4912967693264203  0.060089161876321566
5.338393211364746  5.344145774841309  0.5020509024938011  0.060601264592372944
5.344145774841309  5.349910736083984  0.5363338977077358  0.0623480604051253
5.349910736083984  5.355688571929932  0.5469000909317732  0.06281975494569703
5.355688571929932  5.361478328704833  0.43427181730771636  0.05660679277110649
5.361478328704833  5.367280960083008  0.5211410341648275  0.06132862682415767
5.367280960083008  5.373095989227295  0.47328568516750114  0.058673230266788015
5.373095989227295  5.378923416137694  0.5072623898387965  0.0604487532203285
5.378923416137694  5.384763717651367  0.4712376657917048  0.058419337287995685
5.384763717651367  5.390616893768311  0.4643961825946987  0.057968835130248905
5.390616893768311  5.396482467651367  0.5039633904739391  0.060055622559599536
5.396482467651367  5.402360916137695  0.4334996913543452  0.056085885703933386
5.402360916137695  5.408252239227295  0.582503821607072  0.06394346339925897
5.408252239227295  5.414156436920166  0.5179309508980489  0.060576510274210064
5.414156436920166  5.420073509216309  0.48809268173786907  0.05891640390381072
5.420073509216309  5.426003932952881  0.5385578669363336  0.06149850209226678
5.426003932952881  5.431946754455566  0.5317169543304417  0.06107574185003697
5.431946754455566  5.437902927398682  0.4848884867252595  0.05852963381974119
5.437902927398682  5.4438719749450675  0.3984586394538014  0.053571634802102475
5.4438719749450675  5.449854373931885  0.5281992987262324  0.060671685850223
5.449854373931885  5.455849647521973  0.4817260866686722  0.05814790869660281
5.455849647521973  5.46185827255249  0.4976199869443593  0.05892681306191002
5.46185827255249  5.4678802490234375  0.5021589393263723  0.05909478658827215
5.4678802490234375  5.4739155769348145  0.5798646041312432  0.06297315415666552
5.4739155769348145  5.479963779449463  0.5224525703106508  0.060011587092164205
5.479963779449463  5.486025810241699  0.5100508788866929  0.059292696475888064
5.486025810241699  5.492101192474365  0.346743500082165  0.049894654353643875
5.492101192474365  5.498189926147461  0.37388502473813834  0.05151264570950002
5.498189926147461  5.5042924880981445  0.4120119085598908  0.053705241274157635
5.5042924880981445  5.510408401489258  0.4388903284019887  0.05516843346762263
5.510408401489258  5.516537666320801  0.5321733133360005  0.060069937495850254
5.516537666320801  5.522680759429931  0.4977894150446766  0.058220783219388145
5.522680759429931  5.528837680816651  0.46907853838936414  0.05662125588926396
5.528837680816651  5.535008430480957  0.46802736169431175  0.05649437107197994
5.535008430480957  5.541192531585693  0.47800552596337315  0.05696231113466898
5.541192531585693  5.547390937805176  0.4604574427585454  0.05594545040109863
5.547390937805176  5.553603172302246  0.48677964727914924  0.057284929369303725
5.553603172302246  5.559828758239746  0.5403127403049636  0.059966487019173724
5.559828758239746  5.56606912612915  0.5825910790522415  0.06196302599714906
5.56606912612915  5.572322845458984  0.44008531685990676  0.05455738033575905
5.572322845458984  5.5785908699035645  0.5203922228696045  0.05874012754443964
5.5785908699035645  5.584873199462891  0.47593999662131853  0.05635952724046513
5.584873199462891  5.591169357299804  0.4641016265489977  0.055659641720453006
5.591169357299804  5.597480297088622  0.5330051482751497  0.05915545557403341
5.597480297088622  5.603805065155029  0.537211921493327  0.05929438876346994
5.603805065155029  5.610144138336182  0.45023967943571025  0.05470399501759298
5.610144138336182  5.61649751663208  0.4920093524882476  0.05685210896468458
5.61649751663208  5.622865676879884  0.42684111878322706  0.05328097725374872
5.622865676879884  5.629248142242432  0.5376790971950973  0.05902289804243216
5.629248142242432  5.635644912719727  0.49398348131347714  0.05674148122825276
5.635644912719727  5.642056465148926  0.47694638063510647  0.055783009833055855
5.642056465148926  5.648482322692871  0.3807076897607386  0.05038751283461449
5.648482322692871  5.654922962188721  0.49589429118880435  0.05662670248919241
5.654922962188721  5.661378383636475  0.4842319849721828  0.055953427378154626
5.661378383636475  5.667848587036133  0.4831256992080044  0.055825595095103354
5.667848587036133  5.674333572387695  0.40343351276103956  0.0514382781410771
5.674333572387695  5.680833339691162  0.41297097440275166  0.051910375442427395
5.680833339691162  5.687347888946533  0.4224651537562346  0.05237300857147415
5.687347888946533  5.693877696990966  0.4318848042319447  0.05282264719346117
5.693877696990966  5.700422286987305  0.5399345780513678  0.05832718572048857
5.700422286987305  5.706982135772705  0.507601028433141  0.056650882926105484
5.706982135772705  5.71355676651001  0.5064597728571744  0.05652351293983413
5.71355676651001  5.720147132873535  0.520717366033961  0.05716095002516783
5.720147132873535  5.726752281188965  0.48868755272553177  0.05547988761503315
5.726752281188965  5.733372688293457  0.451635656546087  0.053481473018807846
5.733372688293457  5.74000883102417  0.5068853299864631  0.05625655346140204
5.74000883102417  5.746659755706787  0.45467201353260367  0.053506456827021
5.746659755706787  5.753326416015624  0.44850221411105834  0.05311041923991324
5.753326416015624  5.760008811950684  0.4372768572107384  0.05244255096879265
5.760008811950684  5.766706466674805  0.4312076098309282  0.05204995415366562
5.766706466674805  5.773419380187988  0.5162729439708951  0.05636772833916771
5.773419380187988  5.780148506164551  0.43424021236905486  0.05207836658707184
5.780148506164551  5.786893367767334  0.46345228791469856  0.05355231529483615
5.786893367767334  5.793653488159181  0.3568569540768966  0.04760038103591274
5.793653488159181  5.800429821014404  0.4262009772490332  0.05144561649725445
5.800429821014404  5.80722188949585  0.3801909564927866  0.04882806388848026
5.80722188949585  5.814029693603515  0.41923977715340144  0.05093751556797478
5.814029693603515  5.8208537101745605  0.48795104102814696  0.054457843366244964
5.8208537101745605  5.827693939208984  0.4669253531604866  0.05331870829707368
5.827693939208984  5.834549903869629  0.54019203158231  0.05687460800494477
5.834549903869629  5.841422080993652  0.46969886069622996  0.05332413289227305
5.841422080993652  5.848310470581055  0.46366081898706774  0.0529459276285146
5.848310470581055  5.855215549468994  0.49698464995203195  0.054555727525574506
5.855215549468994  5.862136363983154  0.38784672399641085  0.04875226179245748
5.862136363983154  5.869073867797852  0.4211971872260707  0.05051411844640579
5.869073867797852  5.876027584075928  0.4446462883690959  0.051689504923401554
5.876027584075928  5.882997989654541  0.5410721445221113  0.05640402680382989
5.882997989654541  5.889985084533691  0.5300539841732379  0.055807214488165974
5.889985084533691  5.896988391876221  0.436646083885044  0.05106954110541764
5.896988391876221  5.904008865356445  0.45977721798234505  0.052197745245088585
5.904008865356445  5.911046028137206  0.4152322724592001  0.04979874707120548
5.911046028137206  5.918099403381348  0.40946066033561745  0.04942493618457917
5.918099403381348  5.925169944763184  0.49015986682103185  0.05351664955211781
5.925169944763184  5.932257652282715  0.42185881697294614  0.04995538020674974
5.932257652282715  5.939362049102783  0.43043298436268485  0.050342865307421235
5.939362049102783  5.946483612060546  0.3626006015590176  0.046568928157187786
5.946483612060546  5.953622341156006  0.4140841404193585  0.049345014568527835
5.953622341156006  5.96077823638916  0.5317950555001739  0.05516604756772536
5.96077823638916  5.967951297760009  0.3599973399111828  0.046234590309619024
5.967951297760009  5.975141525268555  0.3922163611082112  0.04797090859255054
5.975141525268555  5.982348918914795  0.38656796029669616  0.04759831366346835
5.982348918914795  5.989573955535889  0.3668130651278394  0.046435335052482214
5.989573955535889  5.996816635131836  0.37999334588305206  0.047107778201559015
5.996816635131836  6.004076957702636  0.39778944487626144  0.048016133984137434
6.004076957702636  6.011354446411132  0.38751346541419524  0.04739571030449214
6.011354446411132  6.018649578094482  0.42849418998317623  0.04951287664849763
6.018649578094482  6.025962829589844  0.4274325234761303  0.049390200159448214
6.025962829589844  6.033293724060059  0.3939600681465602  0.047553899833640376
6.033293724060059  6.040642261505127  0.39301421631855277  0.047439728508363324
6.040642261505127  6.048008918762206  0.42433378293444246  0.04903213799246221
6.048008918762206  6.0553936958313  0.3818835480822641  0.0467071305396129
6.0553936958313  6.062796592712402  0.4038975494677374  0.047828455484265196
6.062796592712402  6.07021713256836  0.3800430863096478  0.04648202870242079
6.07021713256836  6.077656269073486  0.3516887233863722  0.04484075269013089
6.077656269073486  6.085113525390625  0.432847367501379  0.04914044396978318
6.085113525390625  6.092588901519775  0.3136218319458479  0.04250551424634316
6.092588901519775  6.100082874298096  0.4125907879413671  0.04796309813552843
6.100082874298096  6.107595443725585  0.36634204573902635  0.04541542641088953
6.107595443725585  6.115126132965087  0.36094872040465975  0.045055876098519174
6.115126132965087  6.122675895690917  0.4275437365220783  0.048538331538144325
6.122675895690917  6.130244255065917  0.4309825963722877  0.04864786898762973
6.130244255065917  6.137831211090088  0.3314014459021347  0.04319776744557784
6.137831211090088  6.145436763763428  0.41547262707337274  0.04772332104558061
6.145436763763428  6.153061389923097  0.39660820792695545  0.046673424629343464
6.153061389923097  6.160705089569092  0.36005732567800053  0.04463630961344748
6.160705089569092  6.168367385864258  0.36805218178800464  0.045015454021230875
6.168367385864258  6.17604923248291  0.4246155040112322  0.0479291729715493
6.17604923248291  6.1837496757507315  0.36181650380117875  0.044550653973831636
6.1837496757507315  6.191470146179199  0.3608779395889006  0.0444350880750566
6.191470146179199  6.199209213256836  0.43464714340244026  0.04823921469638522
6.199209213256836  6.206967830657959  0.4028967250048191  0.04655506728814808
6.206967830657959  6.214745998382568  0.3363594760636425  0.04288625445798482
6.214745998382568  6.222543716430664  0.40959115704073756  0.04677165477414065
6.222543716430664  6.230360984802246  0.5389604653588952  0.052892685427136564
6.230360984802246  6.2381978034973145  0.5116022594154194  0.051581852600832624
6.2381978034973145  6.246054649353027  0.428131524999794  0.04751608026475282
6.246054649353027  6.253931045532227  0.41412736224851376  0.04674530673033412
6.253931045532227  6.26182746887207  0.477620326607743  0.049789496607390425
6.26182746887207  6.269743919372559  0.38198802823471606  0.044952900844674674
6.269743919372559  6.277680397033691  0.32965007050890033  0.042030796846830594
6.277680397033691  6.285636901855469  0.40995779513490055  0.04627465998871264
6.285636901855469  6.293613433837891  0.4344865199200299  0.04743812049012452
6.293613433837891  6.301610469818115  0.35264626493062107  0.04313119853718675
6.301610469818115  6.309628009796143  0.41107479236873057  0.04613725433392591
6.309628009796143  6.3176655769348145  0.46077841896597377  0.0485134737716597
6.3176655769348145  6.325723648071289  0.39635742890627734  0.04526048112441694
6.325723648071289  6.333802700042725  0.4079449659970393  0.04578597617721952
6.333802700042725  6.341902256011963  0.43627705662051275  0.04712943741986426
6.341902256011963  6.350022315979004  0.3765941061729779  0.0440459422288607
6.350022315979004  6.358163356781006  0.4215331058370161  0.04627315002037396
6.358163356781006  6.366325378417969  0.4787296702513153  0.048949973643748444
6.366325378417969  6.374508380889893  0.5688504824639142  0.05288521691966022
6.374508380889893  6.382712364196777  0.9111463899282  0.0656756735969479
6.382712364196777  6.390937328338623  0.9170841913878166  0.06578555293712758
6.390937328338623  6.399183750152588  1.1660337898998743  0.07352556286243175
6.399183750152588  6.407451629638672  1.3520476768444047  0.07873528196146108
6.407451629638672  6.415740489959717  0.9223121777051776  0.06568903531116317
6.415740489959717  6.424051284790039  0.6664004619027046  0.05640480555780273
6.424051284790039  6.432383060455322  0.5016003021705971  0.04944350884887059
6.432383060455322  6.440736770629883  0.4189363716244731  0.04549638747422315
6.440736770629883  6.449112415313721  0.32047864230480544  0.04028410632825095
6.449112415313721  6.457509517669678  0.2953817499422259  0.038795284897212026
6.457509517669678  6.46592903137207  0.31880882098226815  0.040074210095470804
6.46592903137207  6.474370002746582  0.3139730856861949  0.03974625447492998
6.474370002746582  6.482833385467529  0.2489074840580801  0.035816541276679055
6.482833385467529  6.491318702697754  0.23625128219984318  0.034956430937770955
6.491318702697754  6.499826431274414  0.35943397791837467  0.04203891661334317
6.499826431274414  6.508356094360352  0.2748574161122013  0.03725173003353766
6.508356094360352  6.516908645629883  0.2741218476480296  0.037152037624884136
6.516908645629883  6.52548360824585  0.2020822583890969  0.03246688242356761
6.52548360824585  6.534080982208252  0.34382993157065933  0.0409730567446213
6.534080982208252  6.542701244354248  0.27196866132398817  0.03686021389755071
6.542701244354248  6.55134391784668  0.30664560346576675  0.03881865912911506
6.55134391784668  6.560009956359863  0.28229431205104616  0.0373622825442536
6.560009956359863  6.568698406219482  0.3363151241398442  0.04033422475587277
6.568698406219482  6.5774102210998535  0.319812518877097  0.03937868150100297
6.5774102210998535  6.586145401000977  0.330626239843071  0.03990903739518463
6.586145401000977  6.594903469085693  0.31812352152689943  0.03917071438031928
6.594903469085693  6.603684902191162  0.2785847538670565  0.036871314235407515
6.603684902191162  6.612489700317383  0.3125761673770743  0.03875007002997454
6.612489700317383  6.621318340301514  0.3117320513431097  0.038645424958329996
6.621318340301514  6.6301703453063965  0.2533334460037925  0.03519825564564018
6.6301703453063965  6.6390461921691895  0.4057759569297195  0.04337970563574971
6.6390461921691895  6.647945404052734  0.30925997592121723  0.03833896174802979
6.647945404052734  6.656868934631348  0.28557145425971825  0.03694703425019188
6.656868934631348  6.665816307067871  0.3189877583893803  0.038756923351304685
6.665816307067871  6.674787998199463  0.36356926758548774  0.04103847869102627
6.674787998199463  6.683783531188965  0.2870628139031674  0.03686758240273061
6.683783531188965  6.692803382873535  0.3051236482669527  0.03782618117485092
6.692803382873535  6.701848030090332  0.2779907426059407  0.03623574851469156
6.701848030090332  6.710916519165039  0.3259676972457139  0.03884447434564739
6.710916519165039  6.720010280609131  0.27648935062395696  0.03604004393197365
6.720010280609131  6.729128360748291  0.2347617782561316  0.03347911538634092
6.729128360748291  6.7382707595825195  0.2638690365591628  0.03519692285746746
6.7382707595825195  6.747438907623291  0.28907013901373185  0.0365937586058777
6.747438907623291  6.756631374359131  0.28460918007833474  0.03628802690728543
6.756631374359131  6.7658491134643555  0.24328188358669514  0.033801687331522653
6.7658491134643555  6.775092124938965  0.3124609001075741  0.037716346267147496
6.775092124938965  6.784360408782959  0.2859469857908639  0.03619839464501778
6.784360408782959  6.793653964996338  0.2851693977843521  0.036099958784772214
6.793653964996338  6.80297327041626  0.25886006129496664  0.03452878642786654
6.80297327041626  6.812317848205566  0.2399796954439151  0.03334287992068502
6.812317848205566  6.821688175201416  0.268328757098849  0.03497632068732733
6.821688175201416  6.831084728240967  0.2458841809676329  0.033597766647720045
6.831084728240967  6.8405070304870605  0.2848789145791451  0.035809227108083395
6.8405070304870605  6.849955081939697  0.19779289440187087  0.03044784917760442
6.849955081939697  6.859429359436035  0.2761435287910885  0.035208645765697745
6.859429359436035  6.868929862976074  0.2861103764982329  0.03571408608833133
6.868929862976074  6.878457069396973  0.23181312824562156  0.03248464345746595
6.878457069396973  6.888010501861572  0.20983736295214422  0.031048150164094544
6.888010501861572  6.897590160369873  0.2518248401169153  0.03359037341693497
6.897590160369873  6.907196998596191  0.2228180237163721  0.03177582987132631
6.907196998596191  6.916830539703369  0.18693049701256742  0.029384906349269397
6.916830539703369  6.926490783691406  0.17234481830679502  0.02832563629227026
6.926490783691406  6.936178207397461  0.19641288634305742  0.029929323340257667
6.936178207397461  6.945892810821533  0.24133163792348  0.03270794418298345
6.945892810821533  6.955634593963623  0.20229250012135705  0.03022129623824351
6.955634593963623  6.9654035568237305  0.16694869355251993  0.0277625939993689
6.9654035568237305  6.975200176239014  0.16994566435032174  0.027931324684599815
6.975200176239014  6.985024452209473  0.1660087310008482  0.027606283709414675
6.985024452209473  6.994876384735107  0.15174748210362207  0.026519749341151394
6.994876384735107  7.004756450653076  0.14443741067611807  0.025924273678214347
7.004756450653076  7.014664173126221  0.15089299873630452  0.02637041780428958
7.014664173126221  7.024599552154541  0.14705312624669087  0.026039957112472215
7.024599552154541  7.0345635414123535  0.17050102715085402  0.02770267705565194
7.0345635414123535  7.044556140899658  0.1904144015530423  0.02901527643542063
7.044556140899658  7.054576873779297  0.15258198986484992  0.026325053888206832
7.054576873779297  7.0646257400512695  0.15215481242335677  0.026251352731359326
7.0646257400512695  7.074703693389893  0.1584585803427296  0.026668706018415814
7.074703693389893  7.084810733795166  0.12774674429805746  0.0242885215620832
7.084810733795166  7.094946384429932  0.12738614942329818  0.024219961565201144
7.094946384429932  7.105111122131348  0.13370697427759048  0.02468087872052215
7.105111122131348  7.115304946899414  0.09666095466085051  0.02151324935824101
7.115304946899414  7.125527858734131  0.1063568849545369  0.02234412454269732
7.125527858734131  7.135780334472656  0.11267833287168443  0.022850215420111075
7.135780334472656  7.14606237411499  0.09913619060457947  0.02162909806109894
7.14606237411499  7.156374454498291  0.09555247797741896  0.021266542346271913
7.156374454498291  7.1667160987854  0.08870833226696294  0.020592906782356358
7.1667160987854  7.177087306976318  0.07862707781173506  0.01957465972672606
7.177087306976318  7.187489032745361  0.11106155840625685  0.022522347196653907
7.187489032745361  7.197920799255371  0.11399884007592319  0.022731793008623317
7.197920799255371  7.208383083343506  0.08443783423449286  0.02004437266144405
7.208383083343506  7.218875408172607  0.0841960789374208  0.01998698330143355
7.218875408172607  7.229398727416992  0.06134668521776307  0.01757775302819296
7.229398727416992  7.239952564239502  0.07726647731465403  0.01923593046836361
7.239952564239502  7.250537395477295  0.05457016026385455  0.016734018881242946
7.250537395477295  7.261152744293213  0.041610154544493023  0.015069595553710142
7.261152744293213  7.271799564361572  0.07340035619573419  0.018743889460518665
7.271799564361572  7.282477855682373  0.06682020070575077  0.01802137508088607
7.282477855682373  7.293187618255615  0.06979640978946873  0.018304731037484222
7.293187618255615  7.303928375244141  0.06326818136904321  0.01757342316831724
7.303928375244141  7.314701080322266  0.056772494989550656  0.016811367887927725
7.314701080322266  7.32550573348999  0.05031522257249475  0.016014945913555095
7.32550573348999  7.3363423347473145  0.053302315301286776  0.016345232382549982
7.3363423347473145  7.347210884094238  0.05314563320041431  0.01629718558881371
7.347210884094238  7.35811185836792  0.05610446641896366  0.01661355248344618
7.35811185836792  7.369045257568359  0.07769177598988716  0.01887737905958382
7.369045257568359  7.380011081695557  0.06816660276868582  0.017877299608727037
7.380011081695557  7.39100980758667  0.05560583572374614  0.01646589886950764
7.39100980758667  7.402040958404541  0.06160265346838843  0.017110804740483522
7.402040958404541  7.413105487823486  0.06755849697773951  0.017717818440867762
7.413105487823486  7.424202919006348  0.08266688051415341  0.019190433648250963
7.424202919006348  7.435333251953125  0.08547519918913449  0.019420889345780987
7.435333251953125  7.446497440338135  0.05782513971173336  0.01656871958224877
7.446497440338135  7.457695484161377  0.06371876914514489  0.01718492052296724
7.457695484161377  7.468926906585693  0.08470587159177963  0.019246089798302616
7.468926906585693  7.480192184448242  0.0874674238619963  0.019467100308168315
7.480192184448242  7.491491794586182  0.06915994231921141  0.017661035737623357
7.491491794586182  7.5028252601623535  0.07794726190419925  0.018503600663276
7.5028252601623535  7.514193058013916  0.06276726403542714  0.016928300065493403
7.514193058013916  7.525595664978027  0.053636273441388715  0.01588267567114386
7.525595664978027  7.537032604217529  0.041591871992344744  0.01438060612014063
7.537032604217529  7.54850435256958  0.04146566837377956  0.014336970562456273
7.54850435256958  7.560011386871338  0.04724401741547151  0.015037405082680462
7.560011386871338  7.5715532302856445  0.05887691738639529  0.016353701998196482
7.5715532302856445  7.583130836486816  0.04108653417365686  0.014205882940344852
7.583130836486816  7.594743251800538  0.052667195286159006  0.015595714011581083
7.594743251800538  7.606391906738282  0.040835934738891834  0.014119236882048917
7.606391906738282  7.618075847625732  0.04652869559932437  0.014809723685070091
7.618075847625732  7.629796028137207  0.04928387719341892  0.015112972501966351
7.629796028137207  7.641552448272705  0.028901151598817645  0.012365991875655203
7.641552448272705  7.6533446311950675  0.031694851675527415  0.012758121033131328
7.6533446311950675  7.6651740074157715  0.022978326109925687  0.011368641731667484
7.6651740074157715  7.67703914642334  0.02577270037382808  0.011805325693068679
7.67703914642334  7.688941955566406  0.06280055139297604  0.016470004771328244
7.688941955566406  7.700881004333496  0.042688586908030735  0.014140244298608315
7.700881004333496  7.712857723236084  0.03688041009951442  0.013356664259931329
7.712857723236084  7.7248711585998535  0.04242426129250114  0.014052688606356872
7.7248711585998535  7.73692274093628  0.025373985257652797  0.011622692063804948
7.73692274093628  7.749011516571045  0.036538547667622746  0.013232854852347738
7.749011516571045  7.761138439178467  0.044829058991434356  0.014268742507677136
7.761138439178467  7.773303031921387  0.02513825813970303  0.011514715974310214
7.773303031921387  7.785506248474121  0.025058694256094253  0.011478271304338384
7.785506248474121  7.797747611999512  0.02775622829031042  0.011876111315607629
7.797747611999512  7.810027599334717  0.02766892760722436  0.01183875780275226
7.810027599334717  7.822346210479736  0.03861504411768943  0.013351352395741001
7.822346210479736  7.834703445434571  0.038494348822547444  0.01330962136953688
7.834703445434571  7.847100257873535  0.03563063545155666  0.012904044011720872
7.847100257873535  7.859536170959473  0.04371520813919319  0.013914212402425033
7.859536170959473  7.872011661529541  0.04085299235574183  0.013532218657973282
7.872011661529541  7.88452672958374  0.032579039518502585  0.012409122661030102
7.88452672958374  7.897081851959229  0.04059387918736035  0.01344638954608925
7.897081851959229  7.909677028656007  0.02158121882846518  0.010677415918801702
7.909677028656007  7.922312259674072  0.026891006591776706  0.011505907226745432
7.922312259674072  7.934988021850586  0.032166026076914524  0.01225180880116601
7.934988021850586  7.947704315185547  0.03473546049458166  0.012579846115820281
7.947704315185547  7.960461139678956  0.039952036743662364  0.013233784500748715
7.960461139678956  7.973259449005127  0.04247737065090304  0.013520218310554027
7.973259449005127  7.986098766326904  0.031756275391911865  0.01209573770190136
7.986098766326904  7.998979568481445  0.03429183209823062  0.012419180994954104
7.998979568481445  8.01190185546875  0.03944047376395843  0.013064333459356271
8.01190185546875  8.024866104125977  0.028829398335138076  0.011604690788190156
8.024866104125977  8.037872314453125  0.03134878542317857  0.01194052769326133
8.037872314453125  8.050921440124512  0.018226650766213343  0.009852499760940481
8.050921440124512  8.06401252746582  0.025954611082860384  0.011105249861378268
8.06401252746582  8.077145576477051  0.025871682981223186  0.011069767253441252
8.077145576477051  8.090322494506836  0.028364105157984147  0.011417396437334948
8.090322494506836  8.103541374206543  0.04369628517195885  0.013399529295354986
8.103541374206543  8.116804122924805  0.04355175154731585  0.01335520784949417
8.116804122924805  8.130110740661621  0.040854749095899034  0.01300375042841127
8.130110740661621  8.143460273742676  0.03308777184131675  0.011983116738701786
8.143460273742676  8.156854629516602  0.02536695951117298  0.010853810241875365
8.156854629516602  8.170291900634766  0.03287172677322583  0.011904873535014024
8.170291900634766  8.183774948120117  0.04284016188771549  0.013136997847143546
8.183774948120117  8.197301864624023  0.04018939044945567  0.012791971921011171
8.197301864624023  8.210873603820801  0.03755311780631275  0.012439162277723103
8.210873603820801  8.224490165710449  0.029943601036651453  0.011405303031285757
8.224490165710449  8.238151550292969  0.0422809220780818  0.012965506147498463
8.238151550292969  8.251859664916992  0.03222225060767719  0.011669658279417532
8.251859664916992  8.265612602233887  0.039528903275437156  0.012581743965579532
8.265612602233887  8.279411315917969  0.06402137400438895  0.015197787703529747
8.279411315917969  8.293256759643555  0.03190264707499324  0.011553910187928614
8.293256759643555  8.307147979736328  0.029351554002561404  0.011179796559158177
8.307147979736328  8.321085929870605  0.03900419528806563  0.012414733474349808
8.321085929870605  8.335071563720703  0.05101846486889134  0.013759654741267054
8.335071563720703  8.349102973937988  0.038744397073002056  0.012332041713289095
8.349102973937988  8.36318302154541  0.036197400399731565  0.011990092005843776
8.36318302154541  8.377309799194336  0.036077662830057165  0.011950429917928678
8.377309799194336  8.391484260559082  0.035956295465359396  0.011910227973779013
8.391484260559082  8.405707359313965  0.03344444983694478  0.01156359252352062
8.405707359313965  8.419979095458984  0.042853464978413906  0.01268969005426205
8.419979095458984  8.434298515319824  0.026101021709481653  0.010506438000310156
8.434298515319824  8.448666572570801  0.03074224281393547  0.011133656452166971
8.448666572570801  8.46308422088623  0.03063650153689323  0.011095361033757613
8.46308422088623  8.477551460266113  0.04932009145038177  0.013301604270315185
8.477551460266113  8.492067337036133  0.04447342474445875  0.01274303368961272
8.492067337036133  8.506633758544922  0.051316857531474004  0.013458303623867213
8.506633758544922  8.521249771118164  0.03719472231078424  0.011838792230694405
8.521249771118164  8.535916328430176  0.04864983336382674  0.013120835995882785
8.535916328430176  8.550633430480957  0.03463053521913147  0.011471080765570081
8.550633430480957  8.565401077270508  0.0414144077108146  0.012263559035326546
8.565401077270508  8.580220222473145  0.027513658253511125  0.010479755240407878
8.580220222473145  8.595090866088867  0.04112756386852844  0.012178619358816875
8.595090866088867  8.610013008117676  0.02960073050647101  0.010720244654460765
8.610013008117676  8.62498664855957  0.03403722180126341  0.011274550562020095
8.62498664855957  8.640012741088867  0.03844086118104352  0.011787945897620937
8.640012741088867  8.655091285705566  0.03830714115290125  0.011746940456828503
8.655091285705566  8.670223236083984  0.044908167433594826  0.012473730285067935
8.670223236083984  8.685406684875488  0.026853510181603507  0.010228309571050689
8.685406684875488  8.700644493103027  0.03567695044029786  0.011355697191614873
8.700644493103027  8.715935707092285  0.03110830266110729  0.01075585748383351
8.715935707092285  8.731280326843262  0.033214320665111055  0.011001971309774861
8.731280326843262  8.746679306030273  0.03309707187103715  0.010963133608365486
8.746679306030273  8.762133598327637  0.035177186925953674  0.011196626333083768
8.762133598327637  8.777641296386719  0.0328650402497778  0.010886275036853668
8.777641296386719  8.793204307556152  0.030565017762619908  0.010568013903780041
8.793204307556152  8.808823585510254  0.002175350753049362  0.005053069486211471
8.808823585510254  8.824497222900391  0.019510255655672774  0.008936778801966166
8.824497222900391  8.840227127075195  0.03888093266654324  0.011513351016250247
8.840227127075195  8.856013298034668  0.017218821788650977  0.008519098171909264
8.856013298034668  8.871855735778809  0.023591791534304535  0.009496398180511496
8.871855735778809  8.887755393981934  0.021369898412573446  0.009143579945245891
8.887755393981934  8.903711318969727  0.036200717755574784  0.011101002663493842
8.903711318969727  8.91972541809082  0.027582338627605518  0.009989260844946855
8.91972541809082  8.935796737670898  0.02536997006891226  0.009663239774548898
8.935796737670898  8.951927185058594  0.025276973844230187  0.009627818179064563
8.951927185058594  8.968114852905273  0.018890718257392605  0.008652996324396959
8.968114852905273  8.98436164855957  0.02509595771315505  0.009558870432067271
8.98436164855957  9.000666618347168  0.039593495820050686  0.01134478070945752
9.000666618347168  9.017031669616699  0.02076217635981495  0.008883552730019785
9.017031669616699  9.033455848693848  0.01861868840442353  0.008528391569522353
9.033455848693848  9.04994010925293  0.02267323349539294  0.009126651233708821
9.04994010925293  9.066485404968262  0.02464319186127785  0.009386415164026631
9.066485404968262  9.083090782165527  0.028646366004375964  0.009904630076716431
9.083090782165527  9.099757194519043  0.032618809460693475  0.010382314587298148
9.099757194519043  9.116484642028809  0.020312368662167877  0.008691092636667019
9.116484642028809  9.133273124694824  0.016190817829330812  0.008010488073143265
9.133273124694824  9.150124549865723  0.02217922133377855  0.008927796636935879
9.150124549865723  9.167037963867188  0.03214244793544287  0.010230692400768111
9.167037963867188  9.184013366699219  0.030023506713575097  0.009945040358105476
9.184013366699219  9.201052665710449  0.0259227979087005  0.009388239106080909
9.201052665710449  9.218154907226562  0.01589378001826463  0.007863527130966042
9.218154907226562  9.235321044921875  0.009896637398178459  0.006725588195896168
9.235321044921875  9.252551078796387  0.023663847656019785  0.009013389975131347
9.252551078796387  9.269845962524414  0.017681337287068215  0.008099032787996358
9.269845962524414  9.287204742431641  0.007829446134148434  0.006223332263155872
9.287204742431641  9.304629325866699  0.023399635247184577  0.008912753362196815
9.304629325866699  9.322118759155273  0.02719834913944023  0.009403970712459051
9.322118759155273  9.339674949645996  0.0038707039636528278  0.005144770018198179
9.339674949645996  9.357296943664551  0.03085000076496803  0.009819316469727375
9.357296943664551  9.374985694885254  0.017287634877128644  0.007918695256109227
9.374985694885254  9.392741203308105  0.015309010477362746  0.00757420947682963
9.392741203308105  9.410564422607422  0.009531781966248182  0.006477638585592114
9.410564422607422  9.428455352783203  0.01709227354482847  0.007829208934451704
9.428455352783203  9.446413993835449  0.020811791246766874  0.008377365332412351
9.446413993835449  9.464441299438477  0.015078196956437582  0.007460013333312916
9.464441299438477  9.482538223266602  0.013142667708373586  0.007104329375471575
9.482538223266602  9.500703811645508  0.01683384353743081  0.007710833662868225
9.500703811645508  9.518939018249512  0.014906289266646076  0.007374961144271433
9.518939018249512  9.53724479675293  0.01670492585053306  0.007651782214655585
9.53724479675293  9.555621147155762  0.007395899036471524  0.005878721981107643
9.555621147155762  9.574068069458008  0.011051407113718385  0.006627300643966496
9.574068069458008  9.592586517333984  0.01100872220623415  0.00660170338635513
9.592586517333984  9.611177444458008  0.01827633868546345  0.007819932535505258
9.611177444458008  9.629839897155762  0.016385663636413823  0.007505542419659358
9.629839897155762  9.648574829101562  0.014508687048487637  0.007178245458875748
9.648574829101562  9.667383193969727  0.012645536073121244  0.006835602587412464
9.667383193969727  9.686264038085938  0.016196133533739877  0.007418727124472874
9.686264038085938  9.705220222473145  0.017924181030056073  0.007669254155412764
9.705220222473145  9.724249839782715  0.010713008309143766  0.006424369868509768
9.724249839782715  9.743354797363281  0.010670761633337729  0.006399035409386708
9.743354797363281  9.762534141540527  0.012400937916269561  0.00670338393063242
9.762534141540527  9.781789779663086  0.015880890084739835  0.007274328146714573
9.781789779663086  9.801121711730957  0.015818215761481035  0.007245619831794878
9.801121711730957  9.820529937744141  0.008753352325055882  0.005948630903942362
9.820529937744141  9.840014457702637  0.006975262029943214  0.0055443734449592864
9.840014457702637  9.859577178955078  0.005210533997968477  0.005100229994202031
9.859577178955078  9.879218101501465  0.015569364005874341  0.0071316319305809155
9.879218101501465  9.898937225341797  0.006892275404254476  0.005478410497362441
9.898937225341797  9.918734550476074  0.006865050268980674  0.005456770261282489
9.918734550476074  9.93861198425293  0.005128037417853829  0.005019479819175083
9.93861198425293  9.958569526672363  0.003404969143541114  0.004525735712955047
9.958569526672363  9.978606224060059  0.0033915178137498762  0.004507856795098061
9.978606224060059  9.998724937438965  0.013510767779083221  0.006684519910865286
9.998724937438965  10.01892375946045  0.008410739998451948  0.0057157973336228055
10.01892375946045  10.039205551147461  0.010051599558031445  0.006027736697994259
10.039205551147461  10.059568405151367  0.010011585228580682  0.00600374093088441
10.059568405151367  10.080015182495117  0.00997049290114994  0.005979098710645705
10.080015182495117  10.100544929504395  0.0033100659296179174  0.004399594521531578
10.100544929504395  10.1211576461792  0.0016483711776368304  0.003828961415988317
10.1211576461792  10.141855239868164  0.00492483453441125  0.0048205786237417066
10.141855239868164  10.162637710571289  0.008174535295852251  0.0055552765935265695
10.162637710571289  10.18350601196289  0.004884548208588217  0.004781145136233719
10.18350601196289  10.204460144042969  0.0032430270010415482  0.004310489316630724
10.204460144042969  10.225500106811523  0.003229797355946193  0.004292905052352927
10.225500106811523  10.246626853942871           0.0  0.003001063424328997
10.246626853942871  10.267841339111328  0.004804840813680708  0.004703125100969488
10.267841339111328  10.289144515991211  0.004784836775912228  0.004683544537159381
10.289144515991211  10.310535430908203  0.004765211052176877  0.004664334278692209
10.310535430908203  10.332015037536621  0.0015818449866111287  0.0036744293409035865
10.332015037536621  10.353585243225098  0.0063008037197705286  0.005008271900873782
10.353585243225098  10.375246047973633  0.006274449809966531  0.004987324169152609
10.375246047973633  10.39699649810791  0.00312429470192857  0.004152675549831643
10.39699649810791  10.418839454650879  0.0015555315505345114  0.003613306498654011
10.418839454650879  10.440773963928223  0.0030980777942123867  0.004117829185435229
10.440773963928223  10.462800025939941  0.0030852004358713587  0.004100713165267157
10.462800025939941  10.484920501708984  0.0015360161514741304  0.003567974651656455
10.484920501708984  10.507134437561033           0.0  0.0028541861520270293
10.507134437561033  10.52944278717041  0.003046160621874112  0.004048823155993619
10.52944278717041  10.55184555053711  0.0015166614717739752  0.003523016135761418
10.55184555053711  10.574344635009766  0.0015101684737810466  0.0035079337082558272
10.574344635009766  10.596939086914062           0.0  0.0028061184382559626
10.596939086914062  10.619630813598633           0.0  0.002794089183792564
10.619630813598633  10.642419815063477  0.0014909564208839324  0.003463306496701183
10.642419815063477  10.665306091308594  0.0014846193280041026  0.0034485862174002614
10.665306091308594  10.688291549682617  0.0014782132036114202  0.003433705586472968
10.688291549682617  10.711377143859863           0.0  0.0027464187234750395
10.711377143859863  10.734561920166016           0.0  0.002734669821856784
10.734561920166016  10.757846832275389  0.0029184055237094666  0.003879016680251372
10.757846832275389  10.781233787536623  0.0014528358941987946  0.0033747572501390084
10.781233787536623  10.80472183227539           0.0  0.0026993608363784687
10.80472183227539  10.828312873840332           0.0  0.00268757561705786
10.828312873840332  10.852007865905762  0.0014339489106271613  0.0033308851342337387
10.852007865905762  10.875805854797363           0.0  0.0026642044577687056
10.875805854797363  10.89970874786377           0.0  0.0026525118911251305
10.89970874786377  10.92371654510498  0.0014152655371987943  0.003287485979390302
10.92371654510498  10.947831153869629           0.0  0.0026292239990176494
10.947831153869629  10.972051620483398           0.0  0.0026177327258794457
10.972051620483398  10.996379852294922  0.0013966246426280852  0.003244185497654703
10.996379852294922  11.020816802978516           0.0  0.0025945425397736603
11.020816802978516  11.045361518859862  0.0013843064317303894  0.0032155718244231053
11.045361518859862  11.070016860961914           0.0  0.0025715606714561364
11.070016860961914  11.094781875610352           0.0  0.002560172444514798
11.094781875610352  11.119657516479492           0.0  0.002548786920685488
11.119657516479492  11.144645690917969           0.0  0.0025373085275612653
11.144645690917969  11.169746398925781           0.0  0.0025259330561990985
11.169746398925781  11.194960594177244           0.0  0.0025145640167617894
11.194960594177244  11.220288276672363           0.0  0.0025032968611776343
11.220288276672363  11.245731353759767           0.0  0.002491943402644613
11.245731353759767  11.271289825439453           0.0  0.002480692464147944
11.271289825439453  11.296964645385742           0.0  0.00246945093377759
11.296964645385742  11.32275676727295           0.0  0.002458219931194686
11.32275676727295  11.34866714477539           0.0  0.0024470005535411786
11.34866714477539  11.374695777893066           0.0  0.0024358831216487846
11.374695777893066  11.40084457397461           0.0  0.0024246893774083765
11.40084457397461  11.42711353302002           0.0  0.0024135980409932937
11.42711353302002  11.45350456237793           0.0  0.0024024340707245427
11.45350456237793  11.48001766204834           0.0  0.002391372901663979
11.48001766204834  11.506652832031248           0.0  0.0023804131203825664
11.506652832031248  11.53341293334961           0.0  0.002369300001395433
11.53341293334961  11.560297012329102           0.0  0.0023583738218928793
11.560297012329102  11.587306976318361           0.0  0.0023473821777824978
11.587306976318361  11.6144437789917           0.0  0.0023364104037661084
11.6144437789917  11.641707420349121           0.0  0.0023255407177543122
11.641707420349121  11.669099807739258           0.0  0.00231461052254849
11.669099807739258  11.69662094116211           0.0  0.0023037825919731193
11.69662094116211  11.724272727966309           0.0  0.002292897328475954
11.724272727966309  11.752055168151855           0.0  0.0022821144459412423
11.752055168151855  11.779970169067383           0.0  0.0022712773065204565
11.779970169067383  11.80801773071289           0.0  0.0022605426058878025
11.80801773071289  11.836198806762695           0.0  0.002249832759362446
11.836198806762695  11.86451530456543           0.0  0.0022390730849777807
11.86451530456543  11.892967224121092           0.0  0.0022284158355957775
11.892967224121092  11.92155647277832           0.0  0.002217711589804395
11.92155647277832  11.95028305053711           0.0  0.0022071096885718173
11.95028305053711  11.979147911071777           0.0  0.002196536096711279
11.979147911071777  12.008153915405272           0.0  0.0021858477080113213
12.008153915405272  12.037299156188965           0.0  0.0021754051909020065
12.037299156188965  12.066587448120117           0.0  0.002164779982389381
12.066587448120117  12.096017837524412           0.0  0.002154327869059115
12.096017837524412  12.125593185424805           0.0  0.00214376880043713
12.125593185424805  12.155312538146973           0.0  0.002133381190487446
12.155312538146973  12.18517780303955           0.0  0.0021229581695989355
12.18517780303955  12.21519088745117           0.0  0.0021125022414020594
12.21519088745117  12.245351791381834           0.0  0.0021021488028571513
12.245351791381834  12.275662422180176           0.0  0.00209176471821906
12.275662422180176  12.306122779846193           0.0  0.0020814827188214277
12.306122779846193  12.336734771728516           0.0  0.0020711722495767512
12.336734771728516  12.367499351501463           0.0  0.002060899533127627
12.367499351501463  12.398418426513672           0.0  0.0020506017099767575
